museum_id;exhibit_id;end_date;visitors_number;name;creation_date;title;category;curator_id;extra_info;specialty_id;curator_specialty
1;16;2021-01-25;956;Edwards;2021-01-25;Artist;young;;;;
1;54;2023-09-26;384;Edwards;2020-05-25;Garden;tool;;;;
1;55;2024-04-05;1791;Edwards;2020-04-15;Sun;star;;;;
1;59;2023-04-21;4837;Edwards;2020-01-07;Reason;than;;;;
1;76;2020-05-12;1813;Edwards;2020-05-12;Rest;would;;;;
1;110;2024-02-08;2332;Edwards;2020-02-27;Thus;heavy;;;;
1;300;2020-05-04;3906;Edwards;2020-05-04;January;sally;;;;
1;333;2020-02-26;143;Edwards;2020-01-28;Over;grow;;;;
1;342;2022-11-20;1131;Edwards;2020-09-09;Words;argon;;;;
1;420;2024-07-27;217;Edwards;2021-08-25;With;you;;;;
1;563;2020-11-30;576;Edwards;2020-05-18;Exam;sent;;;;
1;628;2023-05-06;4032;Edwards;2020-01-13;Policy;often;;;;
1;653;2022-09-26;1498;Edwards;2021-01-19;Chaos;layman;;;;
1;687;2020-04-27;3044;Edwards;2020-04-27;Many;where;;;;
1;786;2023-11-10;1695;Edwards;2020-05-06;Move;dream;;;;
1;913;2020-07-08;4517;Edwards;2020-07-08;Wise;artifact;;;;
1;946;2025-05-12;3282;Edwards;2020-08-12;Quickly;sign;;;;
2;10;2023-06-05;940;Bell-Diaz;2020-10-08;Lease;deposit;;;;
2;66;2022-01-13;4051;Bell-Diaz;2021-03-17;Sister;door;;;;
2;85;2020-12-26;3232;Bell-Diaz;2020-03-14;Cell;however;;;;
2;88;2023-06-15;636;Bell-Diaz;2020-05-31;Else;goal;;;;
2;103;2024-02-19;2165;Bell-Diaz;2020-03-24;Some;here;;;;
2;137;2020-06-23;1796;Bell-Diaz;2020-06-23;Within;seat;;;;
2;225;2023-11-18;1373;Bell-Diaz;2020-01-30;Book;quality;;;;
2;275;2024-10-09;2242;Bell-Diaz;2020-04-19;June;mar;;;;
2;292;2025-09-29;4793;Bell-Diaz;2020-03-27;Card;rich;;;;
2;310;2021-06-04;774;Bell-Diaz;2020-10-03;Serve;provide;;;;
2;467;2021-12-09;4917;Bell-Diaz;2020-01-08;Too;ago;;;;
2;495;2020-05-06;1269;Bell-Diaz;2020-05-06;Spring;standard;;;;
2;509;2022-02-28;1418;Bell-Diaz;2020-06-24;Leave;bone;;;;
2;568;2024-09-01;2548;Bell-Diaz;2020-03-06;Prepare;great;;;;
2;572;2023-11-07;546;Bell-Diaz;2020-03-13;Beyond;despite;;;;
2;762;2024-08-20;3162;Bell-Diaz;2020-02-25;Authority;road;;;;
2;765;2025-01-02;1991;Bell-Diaz;2020-11-08;Song;anyone;;;;
2;839;2023-03-08;3371;Bell-Diaz;2021-08-21;General;growth;;;;
3;3;2023-12-02;2824;Montoya-Yang;2021-07-24;Unit;film;;;;
3;21;2022-04-04;3480;Montoya-Yang;2020-03-25;Charter;carter ;;;;
3;64;2022-09-13;2505;Montoya-Yang;2020-12-06;Red;information;;;;
3;120;2024-01-04;3602;Montoya-Yang;2021-03-13;Follow;democratic;;;;
3;177;2021-04-30;1463;Montoya-Yang;2021-04-21;Second;actually;;;;
3;189;2022-08-20;973;Montoya-Yang;2020-11-11;Toward;station;;;;
3;238;2023-02-27;1087;Montoya-Yang;2021-10-17;Labour;party;;;;
3;412;2023-01-10;4144;Montoya-Yang;2020-06-24;Night;third;;;;
3;455;2021-04-29;3117;Montoya-Yang;2020-07-23;Former;public;;;;
3;531;2024-10-24;2073;Montoya-Yang;2021-04-24;Commercial;relate;;;;
3;544;2023-05-07;1389;Montoya-Yang;2020-09-24;He;two;;;;
3;704;2023-08-29;2508;Montoya-Yang;2020-02-29;Mission;thought;;;;
3;718;2024-07-14;3697;Montoya-Yang;2021-04-23;Partner;ball;;;;
3;783;2023-02-18;1744;Montoya-Yang;2020-06-06;Withered;class;;;;
3;936;2021-12-19;3525;Montoya-Yang;2020-02-02;Reaction;fire;;;;
4;20;2022-04-05;942;Dunn-Velez;2020-02-08;Road;though;;;;
4;61;2024-11-15;4095;Dunn-Velez;2020-10-01;After;degree;;;;
4;75;2022-04-25;1805;Dunn-Velez;2020-02-17;Surface;throughout;;;;
4;146;2026-01-27;916;Dunn-Velez;2021-11-06;Choose;vote;;;;
4;260;2022-06-18;3626;Dunn-Velez;2020-04-19;Expert;knowledge;;;;
4;294;2021-08-31;1112;Dunn-Velez;2020-01-01;Ring;rink;;;;
4;316;2025-11-11;2279;Dunn-Velez;2020-06-19;Apt;arctic;;;;
4;397;2023-06-18;954;Dunn-Velez;2020-09-11;Snake;november;;;;
4;397;2023-08-26;3636;Dunn-Velez;2020-09-11;Snake;november;;;;
4;487;2023-01-31;4181;Dunn-Velez;2020-07-17;Become;heavy;;;;
4;582;2022-01-17;2275;Dunn-Velez;2020-08-05;Adult;mean;;;;
4;616;2021-07-28;3457;Dunn-Velez;2020-01-02;Clear;reveal;;;;
4;659;2023-01-31;2044;Dunn-Velez;2020-01-20;Table;page;;;;
4;664;2024-06-29;3955;Dunn-Velez;2020-03-01;Yes;keep;;;;
4;677;2022-08-01;277;Dunn-Velez;2021-08-26;Bit;again;;;;
4;696;2025-04-27;208;Dunn-Velez;2020-08-31;Fight;into;;;;
4;702;2021-09-27;4947;Dunn-Velez;2020-01-23;He;desCribe;;;;
4;807;2020-06-05;3033;Dunn-Velez;2020-06-05;Annoyance;disgrace;;;;
4;894;2025-02-04;1297;Dunn-Velez;2020-09-11;Scientist;tax;;;;
4;895;2021-02-01;4966;Dunn-Velez;2020-01-15;Eye;husband;;;;
4;918;2022-11-24;1721;Dunn-Velez;2020-04-16;Social;iniciative;;;;
5;159;2025-08-23;867;Murphy;2021-11-01;Help;activity;;;;
5;386;2021-05-23;2359;Murphy;2020-08-02;Test;nothing;;;;
5;535;2021-06-09;4214;Murphy;2020-04-05;Feeling;red;;;;
5;615;2020-03-16;4753;Murphy;2020-03-16;Unit;area;;;;
5;643;2024-06-30;827;Murphy;2020-05-31;Term;example;;;;
5;663;2023-08-02;270;Murphy;2021-02-16;Skin;Mrs;;;;
5;743;2024-11-11;3376;Murphy;2020-07-21;Section;partner;;;;
5;781;2021-01-01;886;Murphy;2020-08-12;Wife;sure;;;;
5;798;2025-10-01;3373;Murphy;2021-08-11;Cruel;goofy;;;;
5;852;2023-04-20;2863;Murphy;2020-12-06;Accent;loser;;;;
5;972;2022-07-29;4566;Murphy;2020-02-14;Snoop;liner;;;;
6;36;2024-10-17;3681;Thomas;2020-10-29;General;body;;;;
6;80;2023-12-13;4333;Thomas;2020-03-29;Repetition;work;;;;
6;207;2025-05-24;3396;Thomas;2021-04-24;Success;president;;;;
6;208;2024-08-02;1597;Thomas;2020-02-23;Wheal;wheel;;;;
6;301;2022-05-10;4309;Thomas;2020-11-30;Image;TV;;;;
6;333;2021-10-11;2974;Thomas;2020-01-28;Over;grow;;;;
6;335;2024-06-22;635;Thomas;2020-03-03;Construct;tennis;;;;
6;399;2021-04-03;3136;Thomas;2020-09-09;Home;difficult;;;;
6;418;2022-04-13;3638;Thomas;2021-05-03;Method;civil;;;;
6;724;2020-10-28;1541;Thomas;2020-02-21;Reader;bionic;;;;
6;750;2025-06-06;251;Thomas;2020-05-08;Commons;calculator;;;;
6;778;2025-08-23;4819;Thomas;2020-03-09;Friend;do;;;;
6;892;2020-07-15;627;Thomas;2020-07-15;Unexpect;inject;;;;
6;909;2020-11-27;4210;Thomas;2020-07-16;At;various;;;;
6;960;2023-08-28;1913;Thomas;2021-01-02;Finally;personal;;;;
6;986;2020-10-15;3906;Thomas;2020-04-10;Appear;career;;;;
7;65;2024-10-01;4229;Long Ltd;2021-01-01;Possible;network;72;interesting;101;Renaissance
7;175;2024-05-27;2036;Long Ltd;2020-01-22;Grocery;recurr;72;interesting;101;Renaissance
7;202;2021-03-31;3932;Long Ltd;2020-10-20;Number;news;72;interesting;101;Renaissance
7;203;2020-05-29;2133;Long Ltd;2020-05-29;Key;time;72;interesting;101;Renaissance
7;221;2022-10-21;2703;Long Ltd;2020-06-05;Move;board;72;interesting;101;Renaissance
7;251;2020-01-13;2120;Long Ltd;2020-01-13;Establish;green;72;interesting;101;Renaissance
7;257;2024-05-05;1159;Long Ltd;2020-01-08;House;walk;72;interesting;101;Renaissance
7;281;2024-07-26;4765;Long Ltd;2020-02-03;Persuasive;ripple;72;interesting;101;Renaissance
7;429;2021-03-31;1782;Long Ltd;2020-01-19;Swimsuit;shelter;72;interesting;101;Renaissance
7;456;2022-12-05;4307;Long Ltd;2020-03-03;Save;put;72;interesting;101;Renaissance
7;477;2020-01-21;2668;Long Ltd;2020-01-21;Citizen;over;72;interesting;101;Renaissance
7;522;2025-06-17;1653;Long Ltd;2020-01-30;Laugh;else;72;interesting;101;Renaissance
7;586;2023-11-22;3677;Long Ltd;2020-02-08;Close;wherever;72;interesting;101;Renaissance
7;627;2024-06-20;757;Long Ltd;2020-06-10;Active;equinox;72;interesting;101;Renaissance
7;658;2024-06-05;4045;Long Ltd;2021-06-25;Decide;job;72;interesting;101;Renaissance
7;661;2023-12-26;4263;Long Ltd;2020-01-27;Power;cut;72;interesting;101;Renaissance
7;668;2023-12-18;4120;Long Ltd;2020-08-17;League;marquis;72;interesting;101;Renaissance
7;717;2023-07-02;3744;Long Ltd;2020-04-05;Think;future;72;interesting;101;Renaissance
7;733;2025-01-08;4909;Long Ltd;2021-03-29;Message;police;72;interesting;101;Renaissance
7;740;2020-10-02;630;Long Ltd;2020-05-18;Side;ok;72;interesting;101;Renaissance
7;845;2023-08-04;3799;Long Ltd;2020-12-23;They;herself;72;interesting;101;Renaissance
7;942;2020-01-10;1804;Long Ltd;2020-01-10;Invencible;atrium;72;interesting;101;Renaissance
8;58;2020-02-10;576;Nguyen Group;2020-02-10;Sing;song;43;amount;54;Urban Culture
8;58;2020-02-10;576;Nguyen Group;2020-02-10;Sing;song;55;truth;101;Renaissance
8;62;2020-05-20;2264;Nguyen Group;2020-05-20;Show;wonder;43;amount;54;Urban Culture
8;62;2020-05-20;2264;Nguyen Group;2020-05-20;Show;wonder;55;truth;101;Renaissance
8;77;2021-11-02;4868;Nguyen Group;2020-01-29;Help;together;43;amount;54;Urban Culture
8;77;2021-11-02;4868;Nguyen Group;2020-01-29;Help;together;55;truth;101;Renaissance
8;184;2025-09-18;4896;Nguyen Group;2021-03-25;Smoothie;rode;43;amount;54;Urban Culture
8;184;2025-09-18;4896;Nguyen Group;2021-03-25;Smoothie;rode;55;truth;101;Renaissance
8;262;2026-01-20;4733;Nguyen Group;2020-01-01;Kind;pick;43;amount;54;Urban Culture
8;262;2026-01-20;4733;Nguyen Group;2020-01-01;Kind;pick;55;truth;101;Renaissance
8;276;2021-01-26;595;Nguyen Group;2020-01-08;Chair;design;43;amount;54;Urban Culture
8;276;2021-01-26;595;Nguyen Group;2020-01-08;Chair;design;55;truth;101;Renaissance
8;276;2024-06-16;1346;Nguyen Group;2020-01-08;Chair;design;43;amount;54;Urban Culture
8;276;2024-06-16;1346;Nguyen Group;2020-01-08;Chair;design;55;truth;101;Renaissance
8;342;2023-05-24;1245;Nguyen Group;2020-09-09;Words;argon;43;amount;54;Urban Culture
8;342;2023-05-24;1245;Nguyen Group;2020-09-09;Words;argon;55;truth;101;Renaissance
8;412;2020-09-21;3381;Nguyen Group;2020-06-24;Night;third;43;amount;54;Urban Culture
8;412;2020-09-21;3381;Nguyen Group;2020-06-24;Night;third;55;truth;101;Renaissance
8;424;2025-11-27;1752;Nguyen Group;2020-01-29;Item;usually;43;amount;54;Urban Culture
8;424;2025-11-27;1752;Nguyen Group;2020-01-29;Item;usually;55;truth;101;Renaissance
8;514;2020-08-22;2192;Nguyen Group;2020-08-22;Woman;satisfaction;43;amount;54;Urban Culture
8;514;2020-08-22;2192;Nguyen Group;2020-08-22;Woman;satisfaction;55;truth;101;Renaissance
8;535;2021-08-06;2253;Nguyen Group;2020-04-05;Feeling;red;43;amount;54;Urban Culture
8;535;2021-08-06;2253;Nguyen Group;2020-04-05;Feeling;red;55;truth;101;Renaissance
8;669;2024-08-28;2047;Nguyen Group;2021-12-17;Messanger;memory;43;amount;54;Urban Culture
8;669;2024-08-28;2047;Nguyen Group;2021-12-17;Messanger;memory;55;truth;101;Renaissance
8;728;2022-11-30;369;Nguyen Group;2020-01-30;Fine;possible;43;amount;54;Urban Culture
8;728;2022-11-30;369;Nguyen Group;2020-01-30;Fine;possible;55;truth;101;Renaissance
8;828;2024-03-05;376;Nguyen Group;2021-01-27;Above;five;43;amount;54;Urban Culture
8;828;2024-03-05;376;Nguyen Group;2021-01-27;Above;five;55;truth;101;Renaissance
8;886;2025-02-13;1392;Nguyen Group;2020-10-15;Some;street;43;amount;54;Urban Culture
8;886;2025-02-13;1392;Nguyen Group;2020-10-15;Some;street;55;truth;101;Renaissance
8;903;2023-08-02;2467;Nguyen Group;2020-05-02;Admit;create;43;amount;54;Urban Culture
8;903;2023-08-02;2467;Nguyen Group;2020-05-02;Admit;create;55;truth;101;Renaissance
8;905;2020-01-19;3281;Nguyen Group;2020-01-19;Future;build;43;amount;54;Urban Culture
8;905;2020-01-19;3281;Nguyen Group;2020-01-19;Future;build;55;truth;101;Renaissance
8;984;2024-04-20;4980;Nguyen Group;2020-01-04;Treatment;stage;43;amount;54;Urban Culture
8;984;2024-04-20;4980;Nguyen Group;2020-01-04;Treatment;stage;55;truth;101;Renaissance
8;989;2025-07-01;2408;Nguyen Group;2020-04-07;Chair;we;43;amount;54;Urban Culture
8;989;2025-07-01;2408;Nguyen Group;2020-04-07;Chair;we;55;truth;101;Renaissance
8;993;2021-07-18;2050;Nguyen Group;2020-11-01;Sinner;syren;43;amount;54;Urban Culture
8;993;2021-07-18;2050;Nguyen Group;2020-11-01;Sinner;syren;55;truth;101;Renaissance
9;22;2020-09-11;2640;Simon-Atkinson;2020-04-10;Thing;wednesday;;;;
9;52;2023-12-02;256;Simon-Atkinson;2020-01-05;Mary;jane;;;;
9;62;2024-02-09;2852;Simon-Atkinson;2020-05-20;Show;wonder;;;;
9;118;2021-05-17;2335;Simon-Atkinson;2021-05-17;Ever;which;;;;
9;171;2025-08-05;3783;Simon-Atkinson;2020-01-06;Repress;cage;;;;
9;205;2022-07-22;4859;Simon-Atkinson;2020-06-28;Sweat;sweet;;;;
9;213;2023-03-07;1948;Simon-Atkinson;2020-11-06;Yet;product;;;;
9;268;2026-01-04;1611;Simon-Atkinson;2021-05-24;Manx;mantel;;;;
9;283;2020-11-05;995;Simon-Atkinson;2020-03-26;Nature;rise;;;;
9;295;2022-06-17;2557;Simon-Atkinson;2020-12-13;Rife;rid;;;;
9;310;2021-09-27;1278;Simon-Atkinson;2020-10-03;Serve;provide;;;;
9;559;2021-03-24;2599;Simon-Atkinson;2020-01-16;Where;interview;;;;
9;576;2020-05-20;2381;Simon-Atkinson;2020-05-20;Article;surface;;;;
9;624;2022-12-14;2574;Simon-Atkinson;2020-02-26;Why;professor;;;;
9;651;2024-04-12;2380;Simon-Atkinson;2020-09-23;Relate;offer;;;;
9;781;2020-08-12;1929;Simon-Atkinson;2020-08-12;Wife;sure;;;;
9;785;2025-03-26;4748;Simon-Atkinson;2020-05-28;Entire;close;;;;
9;896;2020-01-15;566;Simon-Atkinson;2020-01-15;Inhibit;innocuous;;;;
9;911;2022-11-01;667;Simon-Atkinson;2020-11-13;Anything;plant;;;;
9;980;2020-10-31;3141;Simon-Atkinson;2020-04-22;Meeting;who;;;;
10;116;2022-01-13;3059;Johnson;2020-01-31;Tell;treating;;;;
10;123;2023-06-27;4288;Johnson;2021-05-28;Moment;across;;;;
10;137;2022-01-10;1742;Johnson;2020-06-23;Within;seat;;;;
10;232;2026-02-09;774;Johnson;2020-09-03;Bid;entrust;;;;
10;275;2025-12-11;382;Johnson;2020-04-19;June;mar;;;;
10;301;2023-11-15;4471;Johnson;2020-11-30;Image;TV;;;;
10;316;2024-03-20;3358;Johnson;2020-06-19;Apt;arctic;;;;
10;398;2022-12-18;4826;Johnson;2020-01-06;Authority;treatment;;;;
10;440;2022-07-14;432;Johnson;2020-01-16;Short;physical;;;;
10;495;2020-06-19;4206;Johnson;2020-05-06;Spring;standard;;;;
10;567;2021-04-14;3873;Johnson;2021-04-14;Persuation;rebel;;;;
10;578;2023-07-27;3622;Johnson;2020-03-10;Stomp;techno;;;;
10;591;2025-07-29;3346;Johnson;2022-02-23;Are;imagine;;;;
10;663;2024-02-05;356;Johnson;2021-02-16;Skin;Mrs;;;;
10;701;2021-05-27;3991;Johnson;2020-11-15;Minute;hour;;;;
10;771;2020-12-04;1401;Johnson;2020-01-18;Should;wrong;;;;
10;852;2022-10-18;2932;Johnson;2020-12-06;Accent;loser;;;;
10;858;2023-11-02;3878;Johnson;2020-02-09;Good;all;;;;
10;993;2025-11-30;4504;Johnson;2020-11-01;Sinner;syren;;;;
11;98;2023-03-11;483;Conley Ltd;2020-04-20;Recent;kind;;;;
11;210;2023-06-03;4055;Conley Ltd;2022-01-08;Stage;they;;;;
11;228;2024-08-28;145;Conley Ltd;2020-01-24;Allot;archive;;;;
11;267;2025-05-27;2749;Conley Ltd;2020-11-19;Find;marquee;;;;
11;298;2025-06-05;159;Conley Ltd;2021-01-15;Flamenco;december;;;;
11;342;2023-08-21;4851;Conley Ltd;2020-09-09;Words;argon;;;;
11;371;2021-12-17;2408;Conley Ltd;2020-09-19;South;return;;;;
11;443;2020-05-30;1856;Conley Ltd;2020-05-01;How;such;;;;
11;486;2022-12-18;3644;Conley Ltd;2020-12-28;Try;sell;;;;
11;541;2026-01-31;4008;Conley Ltd;2020-01-19;Put;foot;;;;
11;636;2024-05-24;631;Conley Ltd;2020-04-17;Business;tell;;;;
11;834;2023-08-27;3039;Conley Ltd;2020-06-07;Positive;age;;;;
11;930;2020-02-01;1169;Conley Ltd;2020-02-01;Toil;scheme;;;;
11;951;2023-01-13;3054;Conley Ltd;2020-04-11;Door;speak;;;;
11;960;2022-11-10;604;Conley Ltd;2021-01-02;Finally;personal;;;;
12;79;2025-03-22;2798;Brewer;2020-06-28;Worry;yard;;;;
12;86;2024-10-19;1192;Brewer;2020-10-04;Fell;psychiatrist;;;;
12;87;2020-02-02;3455;Brewer;2020-02-02;Responsibility;dream;;;;
12;121;2023-09-03;2530;Brewer;2021-01-16;Avoid;probably;;;;
12;302;2024-03-21;4336;Brewer;2020-04-15;Army;salutary;;;;
12;351;2021-06-05;4586;Brewer;2020-02-15;Identify;section;;;;
12;380;2025-09-30;1125;Brewer;2020-09-08;Note;write;;;;
12;496;2024-04-07;540;Brewer;2020-03-11;Lady;dancer;;;;
12;504;2022-09-23;2470;Brewer;2022-06-11;Baby;energy;;;;
12;560;2025-11-02;642;Brewer;2020-09-16;Catastrophe;asked;;;;
12;583;2024-08-07;4573;Brewer;2020-12-12;Data;popular;;;;
12;605;2023-01-06;520;Brewer;2020-03-30;Automation;automatic;;;;
12;724;2023-08-20;1214;Brewer;2020-02-21;Reader;bionic;;;;
12;927;2022-02-19;3903;Brewer;2020-03-02;English;imaginable;;;;
12;977;2024-07-16;3232;Brewer;2020-06-14;Local;look;;;;
13;42;2022-09-13;3928;Knight;2020-10-01;Light;free;;;;
13;62;2024-06-11;4983;Knight;2020-05-20;Show;wonder;;;;
13;86;2024-05-31;348;Knight;2020-10-04;Fell;psychiatrist;;;;
13;143;2022-08-13;2665;Knight;2020-12-12;Duck;duckling;;;;
13;173;2020-10-25;258;Knight;2020-03-14;Entrail;dart;;;;
13;218;2025-04-27;2646;Knight;2022-05-22;Heart;simply;;;;
13;272;2023-06-18;3003;Knight;2020-04-25;Glass;outside;;;;
13;278;2021-09-09;831;Knight;2020-03-01;Permian;perky;;;;
13;294;2020-01-30;2542;Knight;2020-01-01;Ring;rink;;;;
13;328;2020-03-03;1607;Knight;2020-03-03;Painting;laugh;;;;
13;362;2023-07-17;1343;Knight;2020-02-13;Memory;late;;;;
13;402;2023-05-13;300;Knight;2020-02-05;Throughout;end;;;;
13;470;2021-09-13;2763;Knight;2020-09-07;Red;against;;;;
13;477;2020-10-24;1361;Knight;2020-01-21;Citizen;over;;;;
13;509;2025-07-24;2987;Knight;2020-06-24;Leave;bone;;;;
13;560;2023-08-19;4901;Knight;2020-09-16;Catastrophe;asked;;;;
13;599;2021-01-09;2392;Knight;2020-11-20;Population;use;;;;
13;602;2020-02-12;1543;Knight;2020-02-12;Pop;club;;;;
13;645;2025-12-02;3193;Knight;2020-04-29;Floret;arsenic;;;;
13;712;2025-10-01;3793;Knight;2023-03-12;Nation;nip;;;;
13;778;2024-05-16;3165;Knight;2020-03-09;Friend;do;;;;
13;824;2024-04-07;1661;Knight;2020-12-07;Hit;less;;;;
13;905;2025-06-23;1980;Knight;2020-01-19;Future;build;;;;
13;977;2025-06-09;1030;Knight;2020-06-14;Local;look;;;;
14;44;2023-09-29;874;Smith-Adams;2020-09-26;Sound;far;;;;
14;155;2025-10-21;2870;Smith-Adams;2021-10-08;Man;religious;;;;
14;246;2020-05-02;1360;Smith-Adams;2020-05-02;Investment;marriage;;;;
14;250;2021-11-08;2717;Smith-Adams;2020-12-18;Marble;maple;;;;
14;262;2021-02-18;2601;Smith-Adams;2020-01-01;Kind;pick;;;;
14;276;2021-03-11;1311;Smith-Adams;2020-01-08;Chair;design;;;;
14;307;2021-05-19;1234;Smith-Adams;2020-11-02;Second;fill;;;;
14;318;2025-12-19;3294;Smith-Adams;2020-07-01;Ardour;argentine;;;;
14;373;2020-01-22;3054;Smith-Adams;2020-01-22;War;foot;;;;
14;408;2020-08-17;3687;Smith-Adams;2020-02-27;Color;really;;;;
14;420;2022-08-03;517;Smith-Adams;2021-08-25;With;you;;;;
14;437;2021-10-02;4774;Smith-Adams;2020-04-29;Behind;lady;;;;
14;444;2020-11-02;2080;Smith-Adams;2020-03-12;Development;despite;;;;
14;483;2022-01-22;2938;Smith-Adams;2021-07-10;Line;than;;;;
14;589;2023-03-23;344;Smith-Adams;2020-07-13;Necessary;far;;;;
14;622;2022-06-16;2930;Smith-Adams;2020-04-24;How;buy;;;;
14;685;2021-01-16;4358;Smith-Adams;2021-01-16;Manage;situation;;;;
14;736;2022-11-09;1037;Smith-Adams;2020-07-25;Among;official;;;;
14;743;2023-10-29;2663;Smith-Adams;2020-07-21;Section;partner;;;;
14;757;2022-06-09;3136;Smith-Adams;2021-08-15;Grey;vernacular;;;;
14;809;2020-04-29;2395;Smith-Adams;2020-04-29;Distinguish;essay;;;;
14;858;2020-02-09;1046;Smith-Adams;2020-02-09;Good;all;;;;
14;910;2023-04-16;3976;Smith-Adams;2021-07-05;Rise;according;;;;
14;933;2025-04-16;4995;Smith-Adams;2020-08-21;Party;success;;;;
14;937;2020-08-05;3869;Smith-Adams;2020-08-05;Builder;turbulent;;;;
14;988;2024-11-25;3448;Smith-Adams;2020-03-22;Eyelash;blink;;;;
14;992;2023-11-05;4323;Smith-Adams;2020-02-17;Prevent;mother;;;;
15;83;2023-08-08;1601;Cook-Brown;2020-09-21;Past;offer;;;;
15;96;2023-04-19;441;Cook-Brown;2020-02-15;Like;available;;;;
15;109;2021-09-18;1510;Cook-Brown;2020-07-10;Media;purpose;;;;
15;121;2023-11-03;4949;Cook-Brown;2021-01-16;Avoid;probably;;;;
15;157;2021-08-21;3586;Cook-Brown;2020-03-03;Receive;eccentric;;;;
15;177;2023-02-05;2498;Cook-Brown;2021-04-21;Second;actually;;;;
15;212;2022-01-02;3069;Cook-Brown;2020-03-04;Outline;outrun;;;;
15;350;2024-04-21;1005;Cook-Brown;2021-01-08;Represent;example;;;;
15;379;2021-11-13;287;Cook-Brown;2020-01-31;Learn;husband;;;;
15;393;2023-04-23;884;Cook-Brown;2022-01-18;Snail;slow;;;;
15;544;2022-05-13;2967;Cook-Brown;2020-09-24;He;two;;;;
15;631;2020-11-25;1253;Cook-Brown;2020-08-14;Landylady;dandy;;;;
15;635;2023-07-06;3450;Cook-Brown;2021-06-02;Wild;freeing;;;;
15;688;2025-12-27;408;Cook-Brown;2020-06-02;Skin;player;;;;
15;839;2022-12-18;3258;Cook-Brown;2021-08-21;General;growth;;;;
15;848;2021-12-17;3070;Cook-Brown;2020-04-28;Piece;particularly;;;;
16;75;2022-03-10;3261;Villarreal;2020-02-17;Surface;throughout;;;;
16;80;2020-03-29;4244;Villarreal;2020-03-29;Repetition;work;;;;
16;113;2025-02-09;1356;Villarreal;2020-12-30;Feel;simply;;;;
16;147;2020-01-24;3132;Villarreal;2020-01-24;Echo;chamber;;;;
16;218;2023-08-02;3977;Villarreal;2022-05-22;Heart;simply;;;;
16;249;2025-07-17;3460;Villarreal;2020-05-25;Member;skin;;;;
16;280;2020-08-28;1055;Villarreal;2020-01-23;Agree;participant;;;;
16;459;2021-10-22;2259;Villarreal;2020-02-01;Station;suggest;;;;
16;556;2023-08-17;1716;Villarreal;2020-03-08;Prisioners;airway;;;;
16;573;2024-01-10;3231;Villarreal;2020-10-28;Drug;father;;;;
16;585;2022-03-29;2546;Villarreal;2020-06-21;Opportunity;ok;;;;
16;636;2022-11-28;458;Villarreal;2020-04-17;Business;tell;;;;
16;647;2020-01-05;4629;Villarreal;2020-01-05;Maintain;coach;;;;
16;668;2020-12-07;4778;Villarreal;2020-08-17;League;marquis;;;;
16;669;2025-02-27;3185;Villarreal;2021-12-17;Messanger;memory;;;;
16;669;2022-01-12;1903;Villarreal;2021-12-17;Messanger;memory;;;;
16;725;2020-09-15;555;Villarreal;2020-05-22;Opera;brandy;;;;
16;726;2024-02-06;4907;Villarreal;2020-03-18;Beyond;almost;;;;
16;727;2022-08-19;3360;Villarreal;2020-08-01;Allow;peace;;;;
16;834;2020-06-07;4201;Villarreal;2020-06-07;Positive;age;;;;
16;837;2022-08-11;174;Villarreal;2021-01-13;Space;specificity;;;;
16;937;2022-10-04;204;Villarreal;2020-08-05;Builder;turbulent;;;;
16;982;2024-02-24;1095;Villarreal;2021-01-25;Operation;time;;;;
17;27;2025-01-17;794;Griffin;2021-05-12;Agree;open;;;;
17;42;2025-11-13;3100;Griffin;2020-10-01;Light;free;;;;
17;103;2024-08-31;3100;Griffin;2020-03-24;Some;here;;;;
17;114;2021-07-23;3524;Griffin;2020-06-18;Sport;throw;;;;
17;164;2020-08-20;1197;Griffin;2020-01-31;Evening;guy;;;;
17;165;2020-10-27;2872;Griffin;2020-09-22;Flat;inform;;;;
17;181;2023-06-13;549;Griffin;2020-11-22;Day;trust;;;;
17;185;2025-12-21;1819;Griffin;2020-10-06;Smile;player;;;;
17;189;2022-03-14;2214;Griffin;2020-11-11;Toward;station;;;;
17;197;2022-12-15;2773;Griffin;2021-10-10;Ripe;swerve;;;;
17;259;2022-12-28;1277;Griffin;2020-06-20;Picture;build;;;;
17;303;2025-12-24;1264;Griffin;2020-10-05;Protocol;seventh;;;;
17;303;2022-10-24;979;Griffin;2020-10-05;Protocol;seventh;;;;
17;324;2020-06-10;577;Griffin;2020-04-11;Daughter;radio;;;;
17;346;2023-09-13;2489;Griffin;2020-07-15;Yard;member;;;;
17;360;2024-02-04;4861;Griffin;2020-03-20;Question;walk;;;;
17;361;2020-11-29;487;Griffin;2020-04-13;Staff;radio;;;;
17;384;2020-04-21;1766;Griffin;2020-01-29;Heavy;win;;;;
17;431;2020-04-07;4335;Griffin;2020-04-03;Appear;agency;;;;
17;513;2025-07-01;297;Griffin;2020-05-27;Honey;bone;;;;
17;514;2022-04-03;1766;Griffin;2020-08-22;Woman;satisfaction;;;;
17;534;2020-06-16;2029;Griffin;2020-06-16;Mother;citizen;;;;
17;643;2025-03-08;1577;Griffin;2020-05-31;Term;example;;;;
17;723;2020-02-05;995;Griffin;2020-02-05;Take;above;;;;
17;725;2025-07-28;3965;Griffin;2020-05-22;Opera;brandy;;;;
17;770;2021-05-22;186;Griffin;2020-12-06;Use;reach;;;;
17;836;2022-01-17;2708;Griffin;2020-10-23;Benefit;accept;;;;
17;846;2023-11-19;3135;Griffin;2020-01-22;Can;various;;;;
17;896;2026-02-01;385;Griffin;2020-01-15;Inhibit;innocuous;;;;
18;3;2022-04-26;157;Giles-Smith;2021-07-24;Unit;film;;;;
18;54;2025-03-27;996;Giles-Smith;2020-05-25;Garden;tool;;;;
18;127;2024-06-27;1152;Giles-Smith;2020-08-14;Wait;show;;;;
18;155;2024-02-18;1916;Giles-Smith;2021-10-08;Man;religious;;;;
18;204;2022-12-18;2745;Giles-Smith;2021-03-12;Significant;ten;;;;
18;273;2023-11-16;2367;Giles-Smith;2020-01-13;Doctor;admit;;;;
18;273;2021-12-10;1002;Giles-Smith;2020-01-13;Doctor;admit;;;;
18;279;2022-01-20;3473;Giles-Smith;2021-07-03;These;news;;;;
18;311;2021-12-22;1605;Giles-Smith;2020-01-19;Relationship;enough;;;;
18;475;2023-03-12;2881;Giles-Smith;2020-10-16;Young;without;;;;
18;475;2024-06-20;3713;Giles-Smith;2020-10-16;Young;without;;;;
18;489;2023-05-01;1641;Giles-Smith;2020-08-19;Gleam;die;;;;
18;599;2024-12-03;1410;Giles-Smith;2020-11-20;Population;use;;;;
18;626;2025-11-14;4897;Giles-Smith;2020-07-09;Sign;voice;;;;
18;683;2022-09-19;4777;Giles-Smith;2020-01-08;Away;wind;;;;
18;691;2021-05-12;3644;Giles-Smith;2020-11-06;Rate;ground;;;;
18;763;2021-04-08;4452;Giles-Smith;2020-12-06;Homely;domestic;;;;
18;800;2020-02-20;2283;Giles-Smith;2020-02-20;Focus;check;;;;
18;839;2024-03-26;3671;Giles-Smith;2021-08-21;General;growth;;;;
18;930;2020-11-29;258;Giles-Smith;2020-02-01;Toil;scheme;;;;
18;945;2021-10-08;2888;Giles-Smith;2020-04-15;Manual;trick;;;;
19;55;2021-04-13;1264;Little-Carrillo;2020-04-15;Sun;star;;;;
19;66;2025-04-05;536;Little-Carrillo;2021-03-17;Sister;door;;;;
19;74;2025-08-13;772;Little-Carrillo;2021-11-19;Federal;forward;;;;
19;93;2024-04-19;413;Little-Carrillo;2021-04-27;Painting;away;;;;
19;138;2022-01-08;1311;Little-Carrillo;2021-05-31;Kind;choose;;;;
19;158;2020-12-21;2673;Little-Carrillo;2020-04-05;Flavor;window;;;;
19;281;2025-12-02;816;Little-Carrillo;2020-02-03;Persuasive;ripple;;;;
19;289;2020-07-22;3676;Little-Carrillo;2020-07-22;Action;very;;;;
19;330;2023-01-17;236;Little-Carrillo;2020-03-07;Out;character;;;;
19;353;2021-11-29;156;Little-Carrillo;2020-05-01;Kitchen;sign;;;;
19;423;2025-05-04;225;Little-Carrillo;2020-10-08;Arabella;interstellar;;;;
19;475;2022-02-15;4569;Little-Carrillo;2020-10-16;Young;without;;;;
19;495;2024-02-27;1327;Little-Carrillo;2020-05-06;Spring;standard;;;;
19;554;2023-07-11;1354;Little-Carrillo;2021-03-01;Controversy;follow;;;;
19;611;2022-10-18;1132;Little-Carrillo;2020-02-01;Series;seven;;;;
19;636;2023-10-23;2715;Little-Carrillo;2020-04-17;Business;tell;;;;
19;638;2020-09-25;3951;Little-Carrillo;2020-03-19;My;authority;;;;
19;688;2022-02-14;3970;Little-Carrillo;2020-06-02;Skin;player;;;;
19;713;2020-02-28;770;Little-Carrillo;2020-02-28;Drug;talk;;;;
19;743;2023-10-06;3126;Little-Carrillo;2020-07-21;Section;partner;;;;
19;846;2023-02-15;4588;Little-Carrillo;2020-01-22;Can;various;;;;
19;933;2025-02-11;4229;Little-Carrillo;2020-08-21;Party;success;;;;
19;995;2022-07-08;4630;Little-Carrillo;2020-04-16;Assume;and;;;;
20;48;2023-11-20;3903;Rodriguez-Hall;2020-05-06;A;job;169;actually;54;Urban Culture
20;65;2023-11-11;304;Rodriguez-Hall;2021-01-01;Possible;network;169;actually;54;Urban Culture
20;156;2023-05-08;3463;Rodriguez-Hall;2022-05-21;Hundred;support;169;actually;54;Urban Culture
20;160;2025-05-03;1319;Rodriguez-Hall;2020-06-12;Style;shoulder;169;actually;54;Urban Culture
20;185;2023-02-28;618;Rodriguez-Hall;2020-10-06;Smile;player;169;actually;54;Urban Culture
20;279;2024-08-25;2250;Rodriguez-Hall;2021-07-03;These;news;169;actually;54;Urban Culture
20;283;2025-12-27;4811;Rodriguez-Hall;2020-03-26;Nature;rise;169;actually;54;Urban Culture
20;314;2020-01-03;4383;Rodriguez-Hall;2020-01-03;Follow;street;169;actually;54;Urban Culture
20;333;2022-04-04;2115;Rodriguez-Hall;2020-01-28;Over;grow;169;actually;54;Urban Culture
20;357;2021-06-09;4297;Rodriguez-Hall;2020-02-03;Point;laser;169;actually;54;Urban Culture
20;361;2022-11-10;765;Rodriguez-Hall;2020-04-13;Staff;radio;169;actually;54;Urban Culture
20;486;2025-09-25;2128;Rodriguez-Hall;2020-12-28;Try;sell;169;actually;54;Urban Culture
20;603;2022-04-22;2323;Rodriguez-Hall;2020-06-05;Golf;racket;169;actually;54;Urban Culture
20;605;2021-02-01;4945;Rodriguez-Hall;2020-03-30;Automation;automatic;169;actually;54;Urban Culture
20;667;2022-07-02;3340;Rodriguez-Hall;2020-12-19;Apply;third;169;actually;54;Urban Culture
20;695;2020-07-17;2114;Rodriguez-Hall;2020-01-12;Fly;flight;169;actually;54;Urban Culture
20;736;2022-03-13;3365;Rodriguez-Hall;2020-07-25;Among;official;169;actually;54;Urban Culture
20;790;2025-05-27;4190;Rodriguez-Hall;2020-07-18;Pearl;sunlight;169;actually;54;Urban Culture
20;822;2021-09-01;1996;Rodriguez-Hall;2020-03-09;Issue;in;169;actually;54;Urban Culture
20;825;2024-01-15;1098;Rodriguez-Hall;2020-01-01;Fence;drain;169;actually;54;Urban Culture
20;889;2024-05-02;2558;Rodriguez-Hall;2020-10-23;Yard;white;169;actually;54;Urban Culture
20;907;2023-07-30;3662;Rodriguez-Hall;2020-03-22;Public;change;169;actually;54;Urban Culture
20;970;2023-08-24;3018;Rodriguez-Hall;2020-04-27;Onto;peace;169;actually;54;Urban Culture
20;971;2021-10-11;2780;Rodriguez-Hall;2021-02-05;Complete;final;169;actually;54;Urban Culture
20;978;2021-07-05;1430;Rodriguez-Hall;2021-07-05;Listen;nature;169;actually;54;Urban Culture
21;81;2020-04-20;4597;Mitchell Inc;2020-04-20;Chair;dark;;;;
21;197;2022-12-25;4494;Mitchell Inc;2021-10-10;Ripe;swerve;;;;
21;361;2023-02-15;858;Mitchell Inc;2020-04-13;Staff;radio;;;;
21;388;2022-11-30;2521;Mitchell Inc;2021-01-25;Everyone;him;;;;
21;532;2024-08-03;3307;Mitchell Inc;2020-11-23;Time;town;;;;
21;532;2022-12-08;4485;Mitchell Inc;2020-11-23;Time;town;;;;
21;585;2020-06-21;3015;Mitchell Inc;2020-06-21;Opportunity;ok;;;;
21;731;2022-10-17;1082;Mitchell Inc;2020-04-29;High;central;;;;
21;776;2025-01-05;3701;Mitchell Inc;2020-08-06;Daddle;ceramic;;;;
21;810;2022-04-12;3250;Mitchell Inc;2022-04-12;Difference;remote;;;;
21;821;2024-05-01;4303;Mitchell Inc;2020-07-31;Dog;decide;;;;
21;851;2020-01-21;3550;Mitchell Inc;2020-01-12;Simple;itself;;;;
21;881;2022-01-01;663;Mitchell Inc;2020-12-13;Tendril;gossip;;;;
21;928;2024-03-19;4635;Mitchell Inc;2020-01-24;Wonder;respond;;;;
21;957;2025-08-23;2587;Mitchell Inc;2021-04-14;My;morning;;;;
21;982;2022-09-25;3268;Mitchell Inc;2021-01-25;Operation;time;;;;
22;112;2021-12-11;3559;Nguyen-Garcia;2020-04-30;Example;lose;;;;
22;227;2024-03-18;4244;Nguyen-Garcia;2020-11-21;Ok;air;;;;
22;229;2023-04-13;4534;Nguyen-Garcia;2020-04-30;Alloy;bathtub;;;;
22;242;2020-09-19;1341;Nguyen-Garcia;2020-03-31;Arsenic;lad;;;;
22;280;2024-11-07;3452;Nguyen-Garcia;2020-01-23;Agree;participant;;;;
22;300;2023-01-15;1440;Nguyen-Garcia;2020-05-04;January;sally;;;;
22;308;2020-08-08;4795;Nguyen-Garcia;2020-03-21;Customer;apply;;;;
22;342;2023-09-12;1478;Nguyen-Garcia;2020-09-09;Words;argon;;;;
22;360;2021-06-20;2528;Nguyen-Garcia;2020-03-20;Question;walk;;;;
22;434;2020-07-30;947;Nguyen-Garcia;2020-06-04;Fall;huge;;;;
22;436;2025-11-29;472;Nguyen-Garcia;2020-05-13;Whatever;every;;;;
22;457;2024-09-15;3453;Nguyen-Garcia;2021-03-01;Standard;choose;;;;
22;629;2024-02-04;696;Nguyen-Garcia;2020-05-12;Implant;glitch;;;;
22;658;2023-06-13;4092;Nguyen-Garcia;2021-06-25;Decide;job;;;;
22;685;2025-01-05;1788;Nguyen-Garcia;2021-01-16;Manage;situation;;;;
22;725;2024-10-08;4576;Nguyen-Garcia;2020-05-22;Opera;brandy;;;;
22;804;2021-03-30;4692;Nguyen-Garcia;2020-03-05;Cartoon;wear;;;;
22;815;2021-09-07;3265;Nguyen-Garcia;2020-10-18;Brush;tool;;;;
22;826;2025-04-20;4346;Nguyen-Garcia;2021-07-01;Pacience;gutter;;;;
22;834;2024-08-06;2981;Nguyen-Garcia;2020-06-07;Positive;age;;;;
23;19;2024-05-03;2103;Snow;2020-05-13;Ever;hope;;;;
23;144;2025-07-27;2478;Snow;2020-12-11;Champagne;store;;;;
23;164;2020-01-31;1927;Snow;2020-01-31;Evening;guy;;;;
23;173;2022-08-02;2589;Snow;2020-03-14;Entrail;dart;;;;
23;229;2025-06-02;1017;Snow;2020-04-30;Alloy;bathtub;;;;
23;284;2025-06-04;2814;Snow;2023-03-10;Safe;hotel;;;;
23;304;2022-03-27;119;Snow;2021-07-11;Forth;settle;;;;
23;313;2023-10-29;2069;Snow;2021-05-02;Body;bay;;;;
23;363;2020-05-30;2735;Snow;2020-04-20;Her;foreign;;;;
23;587;2023-11-27;2146;Snow;2020-12-25;Arrive;different;;;;
23;701;2021-11-30;470;Snow;2020-11-15;Minute;hour;;;;
23;764;2023-10-12;4448;Snow;2020-08-04;Laugh;send;;;;
23;854;2023-11-05;2927;Snow;2022-02-01;Knife;fator;;;;
23;910;2025-07-13;4950;Snow;2021-07-05;Rise;according;;;;
23;920;2024-03-01;2535;Snow;2020-05-05;Issue;suffer;;;;
23;926;2020-07-31;2409;Snow;2020-07-31;Health;born;;;;
23;951;2025-02-03;1668;Snow;2020-04-11;Door;speak;;;;
23;965;2025-07-14;1573;Snow;2020-02-24;Priest;wage;;;;
23;981;2022-04-11;2637;Snow;2021-05-09;Walk;federal;;;;
24;91;2023-09-14;1883;Lee;2020-07-25;Billion;tend;;;;
24;106;2022-09-18;2981;Lee;2020-01-20;Peace;add;;;;
24;115;2021-08-11;130;Lee;2020-08-31;Walker;mile;;;;
24;133;2020-11-16;3908;Lee;2020-11-16;Forward;market;;;;
24;185;2024-04-24;4024;Lee;2020-10-06;Smile;player;;;;
24;211;2023-03-20;1649;Lee;2021-07-05;Wholly;pull;;;;
24;219;2026-01-13;779;Lee;2020-01-20;Prop;back;;;;
24;269;2023-01-05;4564;Lee;2020-03-02;But;leg;;;;
24;295;2024-04-24;905;Lee;2020-12-13;Rife;rid;;;;
24;306;2020-04-22;1168;Lee;2020-04-22;Seventy;setback;;;;
24;336;2021-02-21;1401;Lee;2020-01-08;History;decide;;;;
24;363;2024-12-31;4032;Lee;2020-04-20;Her;foreign;;;;
24;419;2021-03-22;1641;Lee;2020-07-13;To;get;;;;
24;491;2023-07-24;3433;Lee;2020-02-14;Year;ask;;;;
24;508;2022-12-18;3201;Lee;2020-12-12;Daughter;board;;;;
24;518;2021-08-11;4170;Lee;2020-09-25;Administration;have;;;;
24;596;2022-10-03;351;Lee;2022-10-03;Wheat;cereal;;;;
24;636;2025-09-12;1490;Lee;2020-04-17;Business;tell;;;;
24;658;2021-06-25;3943;Lee;2021-06-25;Decide;job;;;;
24;679;2022-05-24;136;Lee;2020-04-27;Word;hard;;;;
24;680;2024-03-22;1420;Lee;2020-02-19;Cat;dog;;;;
24;772;2020-02-02;2082;Lee;2020-02-02;Fish;form;;;;
24;837;2021-11-16;2457;Lee;2021-01-13;Space;specificity;;;;
24;902;2024-07-25;4345;Lee;2020-02-27;Eat;happy;;;;
24;914;2024-10-31;4139;Lee;2020-03-27;School;hope;;;;
24;916;2025-03-15;1632;Lee;2020-01-11;Billion;process;;;;
24;955;2020-02-13;4663;Lee;2020-02-13;Recollection;sugary;;;;
24;976;2023-08-03;266;Lee;2020-01-12;Bash;git;;;;
25;13;2020-01-20;4270;Smith PLC;2020-01-02;Lateral;decaf;;;;
25;80;2022-12-28;4758;Smith PLC;2020-03-29;Repetition;work;;;;
25;88;2020-07-09;1797;Smith PLC;2020-05-31;Else;goal;;;;
25;176;2023-11-11;1818;Smith PLC;2020-05-08;Hug;muddle;;;;
25;350;2021-10-23;1247;Smith PLC;2021-01-08;Represent;example;;;;
25;562;2023-09-24;4748;Smith PLC;2020-01-22;Nest;test;;;;
25;581;2026-02-17;2259;Smith PLC;2020-05-23;Obscene;presley;;;;
25;599;2020-11-20;1378;Smith PLC;2020-11-20;Population;use;;;;
25;649;2021-07-01;592;Smith PLC;2021-01-06;Us;group;;;;
25;663;2021-02-16;869;Smith PLC;2021-02-16;Skin;Mrs;;;;
25;676;2023-12-22;3952;Smith PLC;2020-12-11;Manage;same;;;;
25;681;2025-06-27;1777;Smith PLC;2020-01-20;Fast;spend;;;;
25;724;2021-05-13;850;Smith PLC;2020-02-21;Reader;bionic;;;;
25;764;2021-01-13;903;Smith PLC;2020-08-04;Laugh;send;;;;
25;832;2020-09-08;986;Smith PLC;2020-09-08;Seek;squirt;;;;
25;915;2023-06-27;3607;Smith PLC;2020-03-02;But;forget;;;;
25;978;2024-11-19;3833;Smith PLC;2021-07-05;Listen;nature;;;;
26;56;2025-01-01;1028;Kelley;2020-02-28;Moon;light;;;;
26;110;2023-04-22;4888;Kelley;2020-02-27;Thus;heavy;;;;
26;137;2025-12-10;444;Kelley;2020-06-23;Within;seat;;;;
26;303;2022-06-05;4660;Kelley;2020-10-05;Protocol;seventh;;;;
26;349;2021-07-16;2228;Kelley;2021-07-16;Arcane;arcade;;;;
26;486;2022-04-14;1624;Kelley;2020-12-28;Try;sell;;;;
26;506;2025-03-24;1903;Kelley;2020-07-11;Joy;found;;;;
26;559;2020-11-11;4927;Kelley;2020-01-16;Where;interview;;;;
26;562;2023-01-20;524;Kelley;2020-01-22;Nest;test;;;;
26;644;2023-07-04;1397;Kelley;2020-11-30;Round;sword;;;;
26;673;2022-11-09;1950;Kelley;2021-08-18;If;need;;;;
26;764;2025-01-15;3228;Kelley;2020-08-04;Laugh;send;;;;
26;814;2023-04-30;2125;Kelley;2020-05-03;Thrill;proud;;;;
26;820;2023-06-15;919;Kelley;2020-03-16;Red;probably;;;;
26;889;2021-12-08;1377;Kelley;2020-10-23;Yard;white;;;;
26;915;2023-02-07;886;Kelley;2020-03-02;But;forget;;;;
26;920;2020-05-05;1294;Kelley;2020-05-05;Issue;suffer;;;;
27;49;2021-10-10;2165;Peters;2020-05-21;Fill;this;;;;
27;82;2021-06-09;3659;Peters;2020-03-19;Physical;simple;;;;
27;98;2021-08-11;2950;Peters;2020-04-20;Recent;kind;;;;
27;111;2020-04-28;258;Peters;2020-04-25;Empty;forgotten;;;;
27;205;2024-06-04;1335;Peters;2020-06-28;Sweat;sweet;;;;
27;292;2021-04-09;2088;Peters;2020-03-27;Card;rich;;;;
27;302;2023-12-30;4346;Peters;2020-04-15;Army;salutary;;;;
27;446;2022-12-02;2510;Peters;2020-10-01;Establish;one;;;;
27;537;2025-04-21;3233;Peters;2020-04-07;Cost;outside;;;;
27;578;2024-05-27;2907;Peters;2020-03-10;Stomp;techno;;;;
27;584;2024-11-19;1316;Peters;2020-03-25;Fish;sea;;;;
27;698;2024-10-08;1718;Peters;2020-06-07;Merry;metabolic;;;;
27;707;2020-06-18;1135;Peters;2020-06-18;Mischief;minion;;;;
27;710;2022-06-26;3268;Peters;2020-06-11;Mister;mow;;;;
27;724;2022-11-23;612;Peters;2020-02-21;Reader;bionic;;;;
27;872;2022-11-06;4473;Peters;2021-01-01;Fitting;sheet;;;;
27;922;2021-12-29;4241;Peters;2020-04-29;Price;threat;;;;
27;952;2021-02-18;4803;Peters;2021-01-08;Fire;another;;;;
28;33;2022-05-21;920;Mcconnell;2020-04-27;Around;argue;;;;
28;52;2022-11-13;2030;Mcconnell;2020-01-05;Mary;jane;;;;
28;75;2023-01-30;2396;Mcconnell;2020-02-17;Surface;throughout;;;;
28;191;2022-08-04;1042;Mcconnell;2020-06-18;Fang;concur;;;;
28;222;2021-08-13;693;Mcconnell;2020-11-26;Aware;award;;;;
28;282;2024-02-16;919;Mcconnell;2020-05-05;Riot;ripen;;;;
28;314;2024-07-12;3219;Mcconnell;2020-01-03;Follow;street;;;;
28;386;2025-11-20;4001;Mcconnell;2020-08-02;Test;nothing;;;;
28;393;2022-01-18;1971;Mcconnell;2022-01-18;Snail;slow;;;;
28;400;2021-06-05;4761;Mcconnell;2020-03-25;Wand;Avenge;;;;
28;433;2024-04-28;4159;Mcconnell;2020-10-23;Daydreams;best;;;;
28;464;2020-05-01;1051;Mcconnell;2020-05-01;Ground;happen;;;;
28;479;2021-10-06;3041;Mcconnell;2020-01-28;Foreign;ciao;;;;
28;524;2023-05-13;2783;Mcconnell;2021-02-28;Seven;rate;;;;
28;544;2025-03-06;3666;Mcconnell;2020-09-24;He;two;;;;
28;569;2022-12-10;4908;Mcconnell;2021-07-06;Degree;day;;;;
28;611;2021-09-11;3779;Mcconnell;2020-02-01;Series;seven;;;;
28;622;2023-04-25;184;Mcconnell;2020-04-24;How;buy;;;;
28;775;2022-04-02;2830;Mcconnell;2021-12-27;No;end;;;;
28;819;2022-01-09;3622;Mcconnell;2020-11-20;Former;involve;;;;
28;833;2025-12-26;3351;Mcconnell;2020-10-31;Mr;seek;;;;
28;891;2023-06-25;4247;Mcconnell;2023-06-25;Impress;delay;;;;
28;992;2020-12-03;3661;Mcconnell;2020-02-17;Prevent;mother;;;;
29;69;2022-11-01;3437;Fowler Ltd;2020-01-03;College;doctor;;;;
29;145;2025-11-25;510;Fowler Ltd;2020-12-29;Bag;character;;;;
29;159;2022-11-14;4885;Fowler Ltd;2021-11-01;Help;activity;;;;
29;198;2020-11-15;4801;Fowler Ltd;2020-11-15;Water;rise;;;;
29;303;2023-11-09;4970;Fowler Ltd;2020-10-05;Protocol;seventh;;;;
29;325;2023-02-26;657;Fowler Ltd;2020-12-04;Management;defense;;;;
29;357;2020-12-25;2912;Fowler Ltd;2020-02-03;Point;laser;;;;
29;388;2025-03-10;3482;Fowler Ltd;2021-01-25;Everyone;him;;;;
29;436;2022-09-26;4867;Fowler Ltd;2020-05-13;Whatever;every;;;;
29;489;2025-10-16;4254;Fowler Ltd;2020-08-19;Gleam;die;;;;
29;522;2020-07-15;972;Fowler Ltd;2020-01-30;Laugh;else;;;;
29;530;2024-12-31;2933;Fowler Ltd;2021-11-16;Marshall;chopped;;;;
29;544;2020-09-24;3830;Fowler Ltd;2020-09-24;He;two;;;;
29;553;2020-12-20;2642;Fowler Ltd;2020-12-20;Claim;news;;;;
29;585;2025-08-05;1850;Fowler Ltd;2020-06-21;Opportunity;ok;;;;
29;586;2024-09-24;505;Fowler Ltd;2020-02-08;Close;wherever;;;;
29;637;2022-06-24;138;Fowler Ltd;2020-08-23;Swim;lancelot;;;;
29;659;2023-12-22;2839;Fowler Ltd;2020-01-20;Table;page;;;;
29;681;2023-01-19;2167;Fowler Ltd;2020-01-20;Fast;spend;;;;
29;774;2025-12-23;3024;Fowler Ltd;2021-12-13;Start;area;;;;
29;858;2024-12-09;122;Fowler Ltd;2020-02-09;Good;all;;;;
29;871;2021-10-16;567;Fowler Ltd;2021-04-13;Applaud;off;;;;
29;908;2024-09-11;3100;Fowler Ltd;2020-08-19;All;during;;;;
30;86;2020-10-04;2260;Black-Francis;2020-10-04;Fell;psychiatrist;1;successful;101;Renaissance
30;97;2025-11-15;594;Black-Francis;2020-03-31;Edge;use;1;successful;101;Renaissance
30;144;2020-12-11;691;Black-Francis;2020-12-11;Champagne;store;1;successful;101;Renaissance
30;145;2025-07-24;3508;Black-Francis;2020-12-29;Bag;character;1;successful;101;Renaissance
30;173;2020-12-20;4726;Black-Francis;2020-03-14;Entrail;dart;1;successful;101;Renaissance
30;199;2021-11-04;3785;Black-Francis;2020-09-24;Whole;successful;1;successful;101;Renaissance
30;214;2020-03-26;4915;Black-Francis;2020-03-26;Moment;cut;1;successful;101;Renaissance
30;217;2023-01-02;4265;Black-Francis;2020-06-14;Administration;create;1;successful;101;Renaissance
30;219;2024-11-26;3726;Black-Francis;2020-01-20;Prop;back;1;successful;101;Renaissance
30;264;2022-01-14;978;Black-Francis;2020-12-14;Sport;case;1;successful;101;Renaissance
30;364;2022-06-18;1383;Black-Francis;2020-05-25;Despite;church;1;successful;101;Renaissance
30;404;2020-11-16;493;Black-Francis;2020-03-09;Blood;treat;1;successful;101;Renaissance
30;464;2025-06-22;2767;Black-Francis;2020-05-01;Ground;happen;1;successful;101;Renaissance
30;468;2023-12-28;2222;Black-Francis;2020-08-08;Catch;horizon;1;successful;101;Renaissance
30;482;2022-04-18;1238;Black-Francis;2020-01-11;Cream;miami;1;successful;101;Renaissance
30;511;2021-12-24;1761;Black-Francis;2020-07-07;Either;much;1;successful;101;Renaissance
30;574;2022-12-31;2428;Black-Francis;2020-03-03;Well;explain;1;successful;101;Renaissance
30;575;2021-12-14;3720;Black-Francis;2021-09-09;Report;notice;1;successful;101;Renaissance
30;620;2021-10-21;2846;Black-Francis;2020-02-21;Bracelet;count;1;successful;101;Renaissance
30;653;2024-12-15;1415;Black-Francis;2021-01-19;Chaos;layman;1;successful;101;Renaissance
30;656;2020-12-30;2284;Black-Francis;2020-12-30;Person;yourself;1;successful;101;Renaissance
30;783;2021-05-02;4487;Black-Francis;2020-06-06;Withered;class;1;successful;101;Renaissance
30;804;2021-03-21;2706;Black-Francis;2020-03-05;Cartoon;wear;1;successful;101;Renaissance
31;102;2025-08-04;605;Mckee Ltd;2020-06-22;We;country;;;;
31;169;2025-05-12;3886;Mckee Ltd;2021-07-04;Through;military;;;;
31;275;2022-03-30;1672;Mckee Ltd;2020-04-19;June;mar;;;;
31;426;2022-12-20;3145;Mckee Ltd;2021-01-11;Little;finger;;;;
31;558;2022-01-14;1470;Mckee Ltd;2020-02-12;Prepare;wish;;;;
31;562;2023-10-07;336;Mckee Ltd;2020-01-22;Nest;test;;;;
31;588;2023-12-09;4041;Mckee Ltd;2020-08-21;Successful;air;;;;
31;617;2022-07-09;1424;Mckee Ltd;2020-02-25;Run;sold;;;;
31;626;2022-03-05;2080;Mckee Ltd;2020-07-09;Sign;voice;;;;
31;742;2021-01-28;861;Mckee Ltd;2020-05-21;Computer;range;;;;
31;751;2022-07-08;3010;Mckee Ltd;2020-04-28;Report;turn;;;;
31;800;2023-10-01;4764;Mckee Ltd;2020-02-20;Focus;check;;;;
31;833;2022-03-25;2289;Mckee Ltd;2020-10-31;Mr;seek;;;;
31;840;2023-06-22;2289;Mckee Ltd;2020-03-14;Consider;people;;;;
31;851;2020-06-28;3871;Mckee Ltd;2020-01-12;Simple;itself;;;;
31;857;2023-02-11;4855;Mckee Ltd;2020-03-06;Operation;close;;;;
31;875;2025-05-10;1931;Mckee Ltd;2020-04-29;Thumb;match;;;;
31;885;2025-09-29;3970;Mckee Ltd;2021-06-12;Commercial;answer;;;;
31;942;2026-01-18;771;Mckee Ltd;2020-01-10;Invencible;atrium;;;;
31;956;2021-11-16;744;Mckee Ltd;2020-05-10;Giblets;ascendant;;;;
31;992;2021-10-02;3922;Mckee Ltd;2020-02-17;Prevent;mother;;;;
32;2;2021-07-07;4771;Wilson;2020-01-31;Benefit;key;;;;
32;13;2023-02-13;4168;Wilson;2020-01-02;Lateral;decaf;;;;
32;48;2022-10-22;3602;Wilson;2020-05-06;A;job;;;;
32;59;2020-01-07;3455;Wilson;2020-01-07;Reason;than;;;;
32;87;2023-06-19;3732;Wilson;2020-02-02;Responsibility;dream;;;;
32;158;2026-02-16;2494;Wilson;2020-04-05;Flavor;window;;;;
32;230;2024-07-29;3285;Wilson;2020-07-26;That;there;;;;
32;357;2021-11-01;1153;Wilson;2020-02-03;Point;laser;;;;
32;432;2020-09-22;1430;Wilson;2020-03-28;Reality;dip;;;;
32;442;2026-02-07;2968;Wilson;2020-08-29;Less;picturing;;;;
32;541;2022-03-29;533;Wilson;2020-01-19;Put;foot;;;;
32;603;2025-06-19;1026;Wilson;2020-06-05;Golf;racket;;;;
32;680;2025-08-07;1581;Wilson;2020-02-19;Cat;dog;;;;
32;724;2023-07-02;1024;Wilson;2020-02-21;Reader;bionic;;;;
32;757;2023-03-15;1164;Wilson;2021-08-15;Grey;vernacular;;;;
32;775;2024-07-04;4115;Wilson;2021-12-27;No;end;;;;
32;776;2024-12-15;2752;Wilson;2020-08-06;Daddle;ceramic;;;;
32;850;2020-02-04;1513;Wilson;2020-02-04;Four;travel;;;;
32;907;2024-10-26;475;Wilson;2020-03-22;Public;change;;;;
32;929;2025-06-08;3945;Wilson;2020-09-25;Environmental;quality;;;;
33;11;2021-06-09;1962;Joseph PLC;2021-06-09;This;face;;;;
33;53;2023-03-19;2778;Joseph PLC;2021-11-29;Become;themselves;;;;
33;55;2023-02-18;1033;Joseph PLC;2020-04-15;Sun;star;;;;
33;241;2022-06-05;2521;Joseph PLC;2021-06-10;Clearly;serious;;;;
33;252;2026-02-13;2616;Joseph PLC;2021-10-16;Clear;clearly;;;;
33;257;2025-12-21;2147;Joseph PLC;2020-01-08;House;walk;;;;
33;296;2022-07-01;4629;Joseph PLC;2022-02-08;Pass;safe;;;;
33;327;2022-02-18;3530;Joseph PLC;2020-11-12;Image;style;;;;
33;432;2021-09-30;4132;Joseph PLC;2020-03-28;Reality;dip;;;;
33;451;2024-06-06;3035;Joseph PLC;2020-03-03;Sign;face;;;;
33;454;2022-09-04;3645;Joseph PLC;2020-02-12;Stock;responsibility;;;;
33;533;2020-09-23;4301;Joseph PLC;2020-06-04;Reality;drop;;;;
33;535;2022-04-02;3377;Joseph PLC;2020-04-05;Feeling;red;;;;
33;595;2021-07-21;3294;Joseph PLC;2021-02-15;Moderate;three;;;;
33;863;2023-04-24;1465;Joseph PLC;2020-01-26;Scene;particular;;;;
33;885;2024-06-04;683;Joseph PLC;2021-06-12;Commercial;answer;;;;
33;907;2020-10-01;425;Joseph PLC;2020-03-22;Public;change;;;;
33;970;2020-04-27;3892;Joseph PLC;2020-04-27;Onto;peace;;;;
33;998;2022-05-05;3919;Joseph PLC;2020-06-28;Stop;clear;;;;
34;2;2021-11-29;3388;Thomas;2020-01-31;Benefit;key;;;;
34;13;2020-05-12;928;Thomas;2020-01-02;Lateral;decaf;;;;
34;46;2022-11-23;4562;Thomas;2021-01-26;Authority;artist;;;;
34;100;2023-10-16;383;Thomas;2020-04-15;Best;center;;;;
34;105;2021-04-18;2971;Thomas;2020-04-02;Same;nation;;;;
34;190;2021-12-10;4200;Thomas;2020-10-19;During;hit;;;;
34;314;2020-04-14;2754;Thomas;2020-01-03;Follow;street;;;;
34;524;2021-07-04;4043;Thomas;2021-02-28;Seven;rate;;;;
34;535;2022-11-15;2733;Thomas;2020-04-05;Feeling;red;;;;
34;540;2020-08-06;183;Thomas;2020-06-27;Seven;check;;;;
34;550;2025-03-07;924;Thomas;2020-04-24;See;empty;;;;
34;680;2022-04-08;1836;Thomas;2020-02-19;Cat;dog;;;;
34;700;2022-08-22;2125;Thomas;2022-02-28;Mining;misbelief;;;;
34;700;2024-05-16;4412;Thomas;2022-02-28;Mining;misbelief;;;;
34;721;2023-11-08;1239;Thomas;2021-03-30;Tight;null;;;;
34;776;2023-04-11;794;Thomas;2020-08-06;Daddle;ceramic;;;;
34;827;2020-12-03;2695;Thomas;2020-12-03;Soldier;throughout;;;;
34;835;2020-06-11;2262;Thomas;2020-02-12;Squirrel;waiting;;;;
34;863;2022-05-23;4456;Thomas;2020-01-26;Scene;particular;;;;
34;934;2022-05-26;4861;Thomas;2021-01-08;itenerant;situationary;;;;
35;39;2020-08-03;4643;Mclean;2020-02-27;Amaze;rock;;;;
35;55;2022-11-30;3065;Mclean;2020-04-15;Sun;star;;;;
35;89;2020-09-21;4539;Mclean;2020-04-08;Involve;term;;;;
35;101;2020-03-07;555;Mclean;2020-01-12;Single;well;;;;
35;245;2025-08-20;3331;Mclean;2020-01-08;Mill;run;;;;
35;250;2022-10-29;1076;Mclean;2020-12-18;Marble;maple;;;;
35;295;2023-08-23;4989;Mclean;2020-12-13;Rife;rid;;;;
35;307;2022-12-19;3692;Mclean;2020-11-02;Second;fill;;;;
35;373;2022-02-21;2419;Mclean;2020-01-22;War;foot;;;;
35;420;2025-12-22;1750;Mclean;2021-08-25;With;you;;;;
35;465;2021-08-20;1962;Mclean;2021-08-20;Thus;choice;;;;
35;621;2025-11-06;4542;Mclean;2020-09-15;Countess;title;;;;
35;729;2021-12-08;4235;Mclean;2021-12-08;Store;value;;;;
35;758;2023-09-10;1324;Mclean;2021-01-16;Tape;chesnut;;;;
35;888;2020-04-03;4677;Mclean;2020-04-03;History;appear;;;;
35;986;2026-02-08;629;Mclean;2020-04-10;Appear;career;;;;
36;84;2025-08-15;1864;Martinez PLC;2020-07-16;She;marriage;109;behavior;101;Renaissance
36;115;2022-05-04;3415;Martinez PLC;2020-08-31;Walker;mile;109;behavior;101;Renaissance
36;151;2020-09-14;3579;Martinez PLC;2020-09-14;Risk;picture;109;behavior;101;Renaissance
36;213;2023-08-27;468;Martinez PLC;2020-11-06;Yet;product;109;behavior;101;Renaissance
36;244;2022-01-12;2669;Martinez PLC;2020-06-07;Military;level;109;behavior;101;Renaissance
36;247;2022-09-09;4465;Martinez PLC;2020-04-27;Never;allow;109;behavior;101;Renaissance
36;291;2022-05-01;2138;Martinez PLC;2020-11-20;Customer;set;109;behavior;101;Renaissance
36;358;2023-03-06;753;Martinez PLC;2020-11-23;Including;similar;109;behavior;101;Renaissance
36;468;2025-08-20;3523;Martinez PLC;2020-08-08;Catch;horizon;109;behavior;101;Renaissance
36;538;2024-09-05;3844;Martinez PLC;2020-12-02;Particularly;group;109;behavior;101;Renaissance
36;555;2021-01-23;809;Martinez PLC;2020-02-10;Hellium;elvis;109;behavior;101;Renaissance
36;608;2023-01-08;823;Martinez PLC;2020-05-15;Hard;prepare;109;behavior;101;Renaissance
36;632;2025-09-04;766;Martinez PLC;2020-02-11;Although;book;109;behavior;101;Renaissance
36;672;2025-12-16;4578;Martinez PLC;2020-01-03;Once;yeah;109;behavior;101;Renaissance
36;690;2024-12-22;311;Martinez PLC;2020-02-28;South;attention;109;behavior;101;Renaissance
36;766;2025-09-07;1835;Martinez PLC;2020-04-09;Penalty;bind;109;behavior;101;Renaissance
36;789;2020-04-07;4865;Martinez PLC;2020-04-07;Dinner;upon;109;behavior;101;Renaissance
36;827;2022-10-17;3150;Martinez PLC;2020-12-03;Soldier;throughout;109;behavior;101;Renaissance
36;966;2026-01-02;1304;Martinez PLC;2021-02-14;Palm;stack;109;behavior;101;Renaissance
36;983;2021-01-25;1810;Martinez PLC;2020-06-30;Black;thus;109;behavior;101;Renaissance
37;37;2022-11-22;4257;Carr;2020-06-18;Box;land;;;;
37;84;2022-03-18;4263;Carr;2020-07-16;She;marriage;;;;
37;84;2023-09-11;4146;Carr;2020-07-16;She;marriage;;;;
37;174;2021-05-13;3031;Carr;2020-02-02;East;something;;;;
37;226;2020-09-24;2696;Carr;2020-04-30;Buy;share;;;;
37;289;2025-12-19;360;Carr;2020-07-22;Action;very;;;;
37;418;2022-01-23;3122;Carr;2021-05-03;Method;civil;;;;
37;477;2023-09-10;1385;Carr;2020-01-21;Citizen;over;;;;
37;561;2021-04-14;4407;Carr;2021-04-14;Splinter;winter;;;;
37;677;2026-02-10;3127;Carr;2021-08-26;Bit;again;;;;
37;770;2024-02-13;186;Carr;2020-12-06;Use;reach;;;;
37;778;2024-04-29;4226;Carr;2020-03-09;Friend;do;;;;
37;800;2026-01-28;2007;Carr;2020-02-20;Focus;check;;;;
37;804;2020-08-17;4226;Carr;2020-03-05;Cartoon;wear;;;;
37;944;2022-12-17;3704;Carr;2020-01-03;Sort;stage;;;;
37;974;2021-04-16;2476;Carr;2021-04-16;Six;stop;;;;
37;975;2024-05-30;4009;Carr;2020-01-07;For;rather;;;;
37;988;2023-11-20;4160;Carr;2020-03-22;Eyelash;blink;;;;
38;8;2020-03-22;4515;Miles-Cook;2020-03-22;White;build;;;;
38;75;2022-07-18;933;Miles-Cook;2020-02-17;Surface;throughout;;;;
38;128;2026-02-03;4262;Miles-Cook;2020-10-03;Hour;out;;;;
38;341;2022-01-05;777;Miles-Cook;2020-03-02;Aquarius;signal;;;;
38;345;2024-12-02;798;Miles-Cook;2020-10-10;Although;place;;;;
38;391;2023-03-26;2469;Miles-Cook;2020-02-02;Off;meet;;;;
38;416;2022-09-07;2559;Miles-Cook;2020-03-13;Some;kitchen;;;;
38;430;2024-02-09;4274;Miles-Cook;2020-04-03;Recent;be;;;;
38;453;2020-11-14;978;Miles-Cook;2020-02-26;Her;beautiful;;;;
38;494;2022-12-20;3892;Miles-Cook;2020-01-19;Everything;way;;;;
38;520;2024-10-03;2949;Miles-Cook;2020-12-05;Green;cry;;;;
38;590;2020-01-07;2410;Miles-Cook;2020-01-07;Rich;thus;;;;
38;714;2023-11-21;3765;Miles-Cook;2020-04-21;Standard;ahead;;;;
38;827;2025-12-22;3328;Miles-Cook;2020-12-03;Soldier;throughout;;;;
38;835;2024-12-21;2593;Miles-Cook;2020-02-12;Squirrel;waiting;;;;
38;844;2021-11-27;4914;Miles-Cook;2020-09-24;Statement;benefit;;;;
38;901;2020-08-21;4605;Miles-Cook;2020-04-07;Cabin;unwise;;;;
38;904;2025-05-20;4363;Miles-Cook;2020-12-22;Sometimes;mean;;;;
38;910;2023-09-29;505;Miles-Cook;2021-07-05;Rise;according;;;;
38;938;2025-03-25;2689;Miles-Cook;2021-08-25;American;but;;;;
39;27;2024-07-24;1103;Walsh-Gonzalez;2021-05-12;Agree;open;9;relate;79;Impressionism
39;172;2024-10-16;1260;Walsh-Gonzalez;2021-04-16;Turn;war;9;relate;79;Impressionism
39;252;2023-07-31;2868;Walsh-Gonzalez;2021-10-16;Clear;clearly;9;relate;79;Impressionism
39;275;2020-05-29;1666;Walsh-Gonzalez;2020-04-19;June;mar;9;relate;79;Impressionism
39;295;2024-11-27;347;Walsh-Gonzalez;2020-12-13;Rife;rid;9;relate;79;Impressionism
39;310;2021-08-29;3753;Walsh-Gonzalez;2020-10-03;Serve;provide;9;relate;79;Impressionism
39;397;2022-01-15;3954;Walsh-Gonzalez;2020-09-11;Snake;november;9;relate;79;Impressionism
39;413;2023-06-24;2241;Walsh-Gonzalez;2020-11-08;Stop;country;9;relate;79;Impressionism
39;456;2022-01-24;1793;Walsh-Gonzalez;2020-03-03;Save;put;9;relate;79;Impressionism
39;482;2023-10-14;4493;Walsh-Gonzalez;2020-01-11;Cream;miami;9;relate;79;Impressionism
39;514;2023-03-06;1233;Walsh-Gonzalez;2020-08-22;Woman;satisfaction;9;relate;79;Impressionism
39;520;2024-11-07;3604;Walsh-Gonzalez;2020-12-05;Green;cry;9;relate;79;Impressionism
39;520;2023-05-11;802;Walsh-Gonzalez;2020-12-05;Green;cry;9;relate;79;Impressionism
39;532;2023-01-03;169;Walsh-Gonzalez;2020-11-23;Time;town;9;relate;79;Impressionism
39;556;2025-08-19;256;Walsh-Gonzalez;2020-03-08;Prisioners;airway;9;relate;79;Impressionism
39;570;2021-09-23;1879;Walsh-Gonzalez;2020-06-05;Rather;professional;9;relate;79;Impressionism
39;612;2024-12-30;2171;Walsh-Gonzalez;2020-03-10;Envelope;container;9;relate;79;Impressionism
39;623;2023-05-27;3775;Walsh-Gonzalez;2022-05-28;Economy;talker;9;relate;79;Impressionism
39;656;2023-06-05;3755;Walsh-Gonzalez;2020-12-30;Person;yourself;9;relate;79;Impressionism
39;704;2020-03-25;4350;Walsh-Gonzalez;2020-02-29;Mission;thought;9;relate;79;Impressionism
39;738;2022-09-02;4149;Walsh-Gonzalez;2020-02-26;Crime;country;9;relate;79;Impressionism
39;799;2020-06-12;1526;Walsh-Gonzalez;2020-06-12;Unite;fasten;9;relate;79;Impressionism
39;947;2023-10-29;185;Walsh-Gonzalez;2020-06-13;Quite;last;9;relate;79;Impressionism
40;14;2020-09-05;2708;Flores-Bradshaw;2020-01-30;Billion;hair;93;actually;101;Renaissance
40;14;2020-09-05;2708;Flores-Bradshaw;2020-01-30;Billion;hair;85;environmental;366;Development and Cultural Studies
40;45;2021-09-27;509;Flores-Bradshaw;2021-09-27;Play;why;93;actually;101;Renaissance
40;45;2021-09-27;509;Flores-Bradshaw;2021-09-27;Play;why;85;environmental;366;Development and Cultural Studies
40;224;2021-06-06;1923;Flores-Bradshaw;2020-10-12;Tonight;brother;93;actually;101;Renaissance
40;224;2021-06-06;1923;Flores-Bradshaw;2020-10-12;Tonight;brother;85;environmental;366;Development and Cultural Studies
40;362;2023-06-02;3843;Flores-Bradshaw;2020-02-13;Memory;late;93;actually;101;Renaissance
40;362;2023-06-02;3843;Flores-Bradshaw;2020-02-13;Memory;late;85;environmental;366;Development and Cultural Studies
40;469;2025-03-23;4832;Flores-Bradshaw;2022-03-02;Individual;whatever;93;actually;101;Renaissance
40;469;2025-03-23;4832;Flores-Bradshaw;2022-03-02;Individual;whatever;85;environmental;366;Development and Cultural Studies
40;589;2022-09-07;1116;Flores-Bradshaw;2020-07-13;Necessary;far;93;actually;101;Renaissance
40;589;2022-09-07;1116;Flores-Bradshaw;2020-07-13;Necessary;far;85;environmental;366;Development and Cultural Studies
40;590;2022-03-10;1603;Flores-Bradshaw;2020-01-07;Rich;thus;93;actually;101;Renaissance
40;590;2022-03-10;1603;Flores-Bradshaw;2020-01-07;Rich;thus;85;environmental;366;Development and Cultural Studies
40;594;2022-10-01;3346;Flores-Bradshaw;2020-01-26;Imagination;moderation;93;actually;101;Renaissance
40;594;2022-10-01;3346;Flores-Bradshaw;2020-01-26;Imagination;moderation;85;environmental;366;Development and Cultural Studies
40;607;2025-07-14;2742;Flores-Bradshaw;2021-03-06;Much;alone;93;actually;101;Renaissance
40;607;2025-07-14;2742;Flores-Bradshaw;2021-03-06;Much;alone;85;environmental;366;Development and Cultural Studies
40;661;2021-01-29;4553;Flores-Bradshaw;2020-01-27;Power;cut;93;actually;101;Renaissance
40;661;2021-01-29;4553;Flores-Bradshaw;2020-01-27;Power;cut;85;environmental;366;Development and Cultural Studies
40;691;2024-08-10;2442;Flores-Bradshaw;2020-11-06;Rate;ground;93;actually;101;Renaissance
40;691;2024-08-10;2442;Flores-Bradshaw;2020-11-06;Rate;ground;85;environmental;366;Development and Cultural Studies
40;739;2025-11-24;4547;Flores-Bradshaw;2020-04-01;Pull;beautiful;93;actually;101;Renaissance
40;739;2025-11-24;4547;Flores-Bradshaw;2020-04-01;Pull;beautiful;85;environmental;366;Development and Cultural Studies
40;772;2025-07-26;742;Flores-Bradshaw;2020-02-02;Fish;form;93;actually;101;Renaissance
40;772;2025-07-26;742;Flores-Bradshaw;2020-02-02;Fish;form;85;environmental;366;Development and Cultural Studies
40;777;2021-01-07;2650;Flores-Bradshaw;2020-10-12;Grain;cuddle;93;actually;101;Renaissance
40;777;2021-01-07;2650;Flores-Bradshaw;2020-10-12;Grain;cuddle;85;environmental;366;Development and Cultural Studies
40;813;2023-08-15;249;Flores-Bradshaw;2020-09-22;Electrify;chemical;93;actually;101;Renaissance
40;813;2023-08-15;249;Flores-Bradshaw;2020-09-22;Electrify;chemical;85;environmental;366;Development and Cultural Studies
40;932;2023-02-06;3682;Flores-Bradshaw;2020-02-29;Some;debate;93;actually;101;Renaissance
40;932;2023-02-06;3682;Flores-Bradshaw;2020-02-29;Some;debate;85;environmental;366;Development and Cultural Studies
40;941;2025-01-16;2295;Flores-Bradshaw;2020-01-29;However;require;93;actually;101;Renaissance
40;941;2025-01-16;2295;Flores-Bradshaw;2020-01-29;However;require;85;environmental;366;Development and Cultural Studies
40;998;2021-05-09;4574;Flores-Bradshaw;2020-06-28;Stop;clear;93;actually;101;Renaissance
40;998;2021-05-09;4574;Flores-Bradshaw;2020-06-28;Stop;clear;85;environmental;366;Development and Cultural Studies
41;96;2020-02-15;3343;Henry Group;2020-02-15;Like;available;;;;
41;101;2022-03-14;3287;Henry Group;2020-01-12;Single;well;;;;
41;203;2025-12-17;1612;Henry Group;2020-05-29;Key;time;;;;
41;426;2022-12-01;730;Henry Group;2021-01-11;Little;finger;;;;
41;430;2025-02-06;2854;Henry Group;2020-04-03;Recent;be;;;;
41;526;2024-11-23;1841;Henry Group;2020-09-23;Accept;strong;;;;
41;616;2023-01-27;1954;Henry Group;2020-01-02;Clear;reveal;;;;
41;646;2026-02-11;224;Henry Group;2020-02-22;Lag;lawful;;;;
41;728;2026-02-05;1011;Henry Group;2020-01-30;Fine;possible;;;;
41;763;2024-12-20;1461;Henry Group;2020-12-06;Homely;domestic;;;;
41;784;2022-01-08;275;Henry Group;2020-03-21;Exactly;a;;;;
41;832;2021-09-28;3951;Henry Group;2020-09-08;Seek;squirt;;;;
42;106;2020-01-20;4554;Summers LLC;2020-01-20;Peace;add;;;;
42;136;2024-07-26;1234;Summers LLC;2020-08-22;Reason;early;;;;
42;186;2026-02-04;1687;Summers LLC;2020-07-09;Congress;song;;;;
42;218;2023-05-24;4109;Summers LLC;2022-05-22;Heart;simply;;;;
42;278;2022-03-14;4140;Summers LLC;2020-03-01;Permian;perky;;;;
42;326;2023-07-02;3210;Summers LLC;2020-01-31;Hot;film;;;;
42;400;2025-08-07;2585;Summers LLC;2020-03-25;Wand;Avenge;;;;
42;484;2022-10-15;2088;Summers LLC;2020-03-25;Maybe;possible;;;;
42;608;2021-11-02;3612;Summers LLC;2020-05-15;Hard;prepare;;;;
42;612;2024-07-19;1460;Summers LLC;2020-03-10;Envelope;container;;;;
42;778;2021-08-01;2415;Summers LLC;2020-03-09;Friend;do;;;;
42;785;2022-11-03;1304;Summers LLC;2020-05-28;Entire;close;;;;
42;849;2020-09-12;4156;Summers LLC;2020-02-01;Mistake;error;;;;
42;897;2021-02-20;1992;Summers LLC;2020-05-26;Harm;hairdress;;;;
42;916;2021-03-07;2122;Summers LLC;2020-01-11;Billion;process;;;;
42;927;2022-12-27;3557;Summers LLC;2020-03-02;English;imaginable;;;;
42;951;2023-11-16;2584;Summers LLC;2020-04-11;Door;speak;;;;
43;38;2022-05-23;3955;Miller;2020-05-06;Land;great;;;;
43;48;2021-11-25;145;Miller;2020-05-06;A;job;;;;
43;59;2020-06-01;924;Miller;2020-01-07;Reason;than;;;;
43;94;2021-11-18;1628;Miller;2020-05-07;Trouble;project;;;;
43;128;2023-12-22;4378;Miller;2020-10-03;Hour;out;;;;
43;145;2021-12-31;458;Miller;2020-12-29;Bag;character;;;;
43;152;2021-07-19;1763;Miller;2020-07-23;Dot;impetus;;;;
43;156;2026-01-08;3425;Miller;2022-05-21;Hundred;support;;;;
43;228;2020-01-24;138;Miller;2020-01-24;Allot;archive;;;;
43;266;2022-02-18;2819;Miller;2020-03-13;Seek;boy;;;;
43;272;2021-06-08;4169;Miller;2020-04-25;Glass;outside;;;;
43;275;2024-05-15;251;Miller;2020-04-19;June;mar;;;;
43;333;2021-07-11;3944;Miller;2020-01-28;Over;grow;;;;
43;381;2023-08-01;2589;Miller;2020-02-04;Miles;spider;;;;
43;601;2023-01-02;3175;Miller;2022-02-07;Everybody;world;;;;
43;639;2024-10-08;2207;Miller;2021-07-23;Policy;into;;;;
43;653;2023-07-04;1053;Miller;2021-01-19;Chaos;layman;;;;
43;725;2026-02-10;2257;Miller;2020-05-22;Opera;brandy;;;;
43;812;2024-06-13;126;Miller;2020-03-20;Elementary;appeal;;;;
43;813;2024-03-18;4203;Miller;2020-09-22;Electrify;chemical;;;;
43;875;2021-11-04;1546;Miller;2020-04-29;Thumb;match;;;;
44;4;2021-03-22;2673;Webb;2020-04-21;Read;detail;;;;
44;183;2020-11-28;1598;Webb;2020-03-12;Secretary;receipt;;;;
44;191;2022-04-15;3401;Webb;2020-06-18;Fang;concur;;;;
44;274;2021-09-02;1384;Webb;2020-01-12;Mantelpiece;march;;;;
44;307;2021-08-05;1692;Webb;2020-11-02;Second;fill;;;;
44;313;2023-06-12;4649;Webb;2021-05-02;Body;bay;;;;
44;466;2020-03-28;1345;Webb;2020-02-29;Hot;computer;;;;
44;521;2022-02-01;4711;Webb;2020-03-14;Trailer;two;;;;
44;561;2023-01-19;1838;Webb;2021-04-14;Splinter;winter;;;;
44;603;2021-01-23;1843;Webb;2020-06-05;Golf;racket;;;;
44;635;2022-07-28;4729;Webb;2021-06-02;Wild;freeing;;;;
44;659;2021-10-03;2877;Webb;2020-01-20;Table;page;;;;
44;710;2025-09-15;4937;Webb;2020-06-11;Mister;mow;;;;
44;715;2025-02-18;2132;Webb;2020-07-06;Walk;ahead;;;;
44;776;2020-08-06;443;Webb;2020-08-06;Daddle;ceramic;;;;
44;973;2020-05-01;2260;Webb;2020-05-01;Hub;loot;;;;
45;94;2025-10-12;2344;Reyes-Watson;2020-05-07;Trouble;project;;;;
45;103;2022-01-01;1266;Reyes-Watson;2020-03-24;Some;here;;;;
45;143;2020-12-12;1637;Reyes-Watson;2020-12-12;Duck;duckling;;;;
45;184;2023-09-25;4509;Reyes-Watson;2021-03-25;Smoothie;rode;;;;
45;203;2021-01-11;1466;Reyes-Watson;2020-05-29;Key;time;;;;
45;274;2022-04-17;1636;Reyes-Watson;2020-01-12;Mantelpiece;march;;;;
45;370;2025-09-11;4869;Reyes-Watson;2020-04-21;Her;PM;;;;
45;487;2020-08-05;2362;Reyes-Watson;2020-07-17;Become;heavy;;;;
45;564;2020-08-16;1227;Reyes-Watson;2020-08-16;Contain;force;;;;
45;574;2020-04-12;1105;Reyes-Watson;2020-03-03;Well;explain;;;;
45;644;2024-03-10;3937;Reyes-Watson;2020-11-30;Round;sword;;;;
45;732;2020-11-18;4507;Reyes-Watson;2020-03-30;Happy;early;;;;
45;772;2020-10-07;147;Reyes-Watson;2020-02-02;Fish;form;;;;
45;923;2022-12-25;1253;Reyes-Watson;2020-11-08;Today;new;;;;
45;1000;2022-07-23;4170;Reyes-Watson;2020-05-09;Behavior;offer;;;;
46;8;2025-07-16;4277;Rodriguez;2020-03-22;White;build;;;;
46;64;2023-10-22;3492;Rodriguez;2020-12-06;Red;information;;;;
46;79;2020-06-28;1553;Rodriguez;2020-06-28;Worry;yard;;;;
46;182;2021-07-28;2394;Rodriguez;2020-10-27;Old;top;;;;
46;196;2022-07-26;2819;Rodriguez;2020-11-18;Pack;snail;;;;
46;250;2021-05-07;2673;Rodriguez;2020-12-18;Marble;maple;;;;
46;265;2021-01-18;1634;Rodriguez;2020-02-24;Third;girl;;;;
46;305;2025-05-09;3190;Rodriguez;2023-07-25;Despite;protect;;;;
46;347;2023-07-04;3156;Rodriguez;2020-09-22;Tax;perhaps;;;;
46;364;2020-05-25;2566;Rodriguez;2020-05-25;Despite;church;;;;
46;389;2023-09-17;4702;Rodriguez;2021-01-15;Where;house;;;;
46;430;2021-11-23;2974;Rodriguez;2020-04-03;Recent;be;;;;
46;451;2025-09-16;3934;Rodriguez;2020-03-03;Sign;face;;;;
46;453;2025-03-24;1423;Rodriguez;2020-02-26;Her;beautiful;;;;
46;556;2020-03-08;1079;Rodriguez;2020-03-08;Prisioners;airway;;;;
46;566;2024-09-06;3044;Rodriguez;2020-03-17;Different;husband;;;;
46;625;2025-06-04;1028;Rodriguez;2020-02-06;Need;a;;;;
46;635;2023-11-05;2793;Rodriguez;2021-06-02;Wild;freeing;;;;
46;678;2020-07-12;2448;Rodriguez;2020-05-26;Treatment;once;;;;
46;724;2024-11-20;3561;Rodriguez;2020-02-21;Reader;bionic;;;;
46;796;2024-10-16;2798;Rodriguez;2020-03-20;Vanish;varnish;;;;
46;799;2021-01-17;1936;Rodriguez;2020-06-12;Unite;fasten;;;;
46;804;2021-06-30;1935;Rodriguez;2020-03-05;Cartoon;wear;;;;
46;835;2022-07-18;1928;Rodriguez;2020-02-12;Squirrel;waiting;;;;
46;886;2021-07-14;2470;Rodriguez;2020-10-15;Some;street;;;;
46;944;2023-02-11;4704;Rodriguez;2020-01-03;Sort;stage;;;;
46;973;2020-12-03;2815;Rodriguez;2020-05-01;Hub;loot;;;;
47;74;2023-05-18;701;Perkins-Camacho;2021-11-19;Federal;forward;;;;
47;88;2021-06-22;2719;Perkins-Camacho;2020-05-31;Else;goal;;;;
47;93;2024-01-21;1603;Perkins-Camacho;2021-04-27;Painting;away;;;;
47;193;2021-09-12;4859;Perkins-Camacho;2020-09-28;Weapon;imense;;;;
47;213;2021-07-25;2707;Perkins-Camacho;2020-11-06;Yet;product;;;;
47;219;2020-01-20;3804;Perkins-Camacho;2020-01-20;Prop;back;;;;
47;219;2021-04-04;2245;Perkins-Camacho;2020-01-20;Prop;back;;;;
47;313;2021-05-02;4654;Perkins-Camacho;2021-05-02;Body;bay;;;;
47;335;2022-06-15;3224;Perkins-Camacho;2020-03-03;Construct;tennis;;;;
47;340;2024-11-16;4079;Perkins-Camacho;2020-06-29;Morning;reflect;;;;
47;431;2023-04-05;2931;Perkins-Camacho;2020-04-03;Appear;agency;;;;
47;440;2020-01-16;504;Perkins-Camacho;2020-01-16;Short;physical;;;;
47;490;2025-07-07;4948;Perkins-Camacho;2021-03-27;Road;campaign;;;;
47;502;2025-11-14;2842;Perkins-Camacho;2020-10-13;Yours;pretty;;;;
47;585;2021-01-23;4042;Perkins-Camacho;2020-06-21;Opportunity;ok;;;;
47;631;2020-08-14;3478;Perkins-Camacho;2020-08-14;Landylady;dandy;;;;
47;634;2023-06-13;3606;Perkins-Camacho;2020-02-11;Ever;employee;;;;
47;640;2025-01-25;2352;Perkins-Camacho;2020-01-12;Important;yes;;;;
47;640;2024-11-15;1098;Perkins-Camacho;2020-01-12;Important;yes;;;;
47;767;2022-06-30;4483;Perkins-Camacho;2020-09-09;Artist;wait;;;;
47;829;2022-10-06;161;Perkins-Camacho;2020-01-09;Few;line;;;;
47;842;2022-11-01;4018;Perkins-Camacho;2020-07-20;Concern;other;;;;
47;913;2023-04-09;3486;Perkins-Camacho;2020-07-08;Wise;artifact;;;;
47;933;2020-08-21;4296;Perkins-Camacho;2020-08-21;Party;success;;;;
47;945;2023-07-07;1419;Perkins-Camacho;2020-04-15;Manual;trick;;;;
47;974;2022-07-01;3827;Perkins-Camacho;2021-04-16;Six;stop;;;;
47;978;2025-07-31;2097;Perkins-Camacho;2021-07-05;Listen;nature;;;;
47;989;2020-04-07;4797;Perkins-Camacho;2020-04-07;Chair;we;;;;
48;44;2020-09-26;2570;Mcdaniel;2020-09-26;Sound;far;;;;
48;47;2021-09-30;1336;Mcdaniel;2020-02-27;Four;Crime;;;;
48;72;2025-01-29;4516;Mcdaniel;2020-02-22;How;white;;;;
48;111;2021-08-31;731;Mcdaniel;2020-04-25;Empty;forgotten;;;;
48;126;2025-11-28;111;Mcdaniel;2020-01-08;Purpose;top;;;;
48;178;2022-09-20;2089;Mcdaniel;2020-01-30;Animal;huge;;;;
48;244;2025-07-23;3045;Mcdaniel;2020-06-07;Military;level;;;;
48;318;2020-07-06;4748;Mcdaniel;2020-07-01;Ardour;argentine;;;;
48;371;2025-06-09;1877;Mcdaniel;2020-09-19;South;return;;;;
48;411;2024-10-02;321;Mcdaniel;2020-07-28;Board;ground;;;;
48;473;2022-04-28;4968;Mcdaniel;2020-07-24;Not;as;;;;
48;499;2022-09-05;1765;Mcdaniel;2020-03-14;Bone;served;;;;
48;509;2024-08-05;2816;Mcdaniel;2020-06-24;Leave;bone;;;;
48;518;2022-11-02;1549;Mcdaniel;2020-09-25;Administration;have;;;;
48;519;2021-12-23;2969;Mcdaniel;2020-09-06;Leader;technology;;;;
48;532;2021-07-09;4547;Mcdaniel;2020-11-23;Time;town;;;;
48;663;2025-12-21;1783;Mcdaniel;2021-02-16;Skin;Mrs;;;;
48;703;2025-02-23;591;Mcdaniel;2020-09-02;Form;fish;;;;
48;806;2022-02-19;1577;Mcdaniel;2021-05-14;Prevent;national;;;;
48;823;2022-11-25;3593;Mcdaniel;2020-04-23;Shrill;fencing;;;;
48;858;2022-07-18;2977;Mcdaniel;2020-02-09;Good;all;;;;
48;915;2022-07-21;2392;Mcdaniel;2020-03-02;But;forget;;;;
48;925;2023-03-24;2797;Mcdaniel;2020-04-15;Society;ingredient;;;;
49;73;2020-12-22;4737;Christian-Aguilar;2020-05-27;Feel;oil;;;;
49;77;2025-05-07;357;Christian-Aguilar;2020-01-29;Help;together;;;;
49;94;2022-09-26;4872;Christian-Aguilar;2020-05-07;Trouble;project;;;;
49;99;2022-08-06;4209;Christian-Aguilar;2021-04-01;Stuff;by;;;;
49;119;2021-10-16;2713;Christian-Aguilar;2020-03-31;Although;bring;;;;
49;198;2021-11-13;3965;Christian-Aguilar;2020-11-15;Water;rise;;;;
49;281;2025-02-06;449;Christian-Aguilar;2020-02-03;Persuasive;ripple;;;;
49;377;2025-05-13;4326;Christian-Aguilar;2020-04-25;Performance;state;;;;
49;456;2025-02-18;1903;Christian-Aguilar;2020-03-03;Save;put;;;;
49;513;2022-10-02;4469;Christian-Aguilar;2020-05-27;Honey;bone;;;;
49;515;2023-04-14;1231;Christian-Aguilar;2020-06-01;There;dinner;;;;
49;629;2023-01-13;4411;Christian-Aguilar;2020-05-12;Implant;glitch;;;;
49;687;2022-02-13;4739;Christian-Aguilar;2020-04-27;Many;where;;;;
49;714;2025-08-30;2690;Christian-Aguilar;2020-04-21;Standard;ahead;;;;
49;734;2022-03-22;3454;Christian-Aguilar;2020-01-16;Clearly;safe;;;;
49;820;2023-06-20;3559;Christian-Aguilar;2020-03-16;Red;probably;;;;
49;828;2023-01-02;3620;Christian-Aguilar;2021-01-27;Above;five;;;;
49;856;2025-02-27;4640;Christian-Aguilar;2020-03-23;Likely;city;;;;
49;868;2024-11-21;1575;Christian-Aguilar;2020-06-06;Egg;swarm;;;;
49;883;2020-09-11;2165;Christian-Aguilar;2020-02-02;Process;Crime;;;;
50;89;2024-06-05;627;Jones;2020-04-08;Involve;term;;;;
50;149;2020-10-28;3641;Jones;2020-04-16;Perform;these;;;;
50;310;2020-11-26;1074;Jones;2020-10-03;Serve;provide;;;;
50;413;2022-07-16;3968;Jones;2020-11-08;Stop;country;;;;
50;428;2020-06-17;4147;Jones;2020-03-03;Me;across;;;;
50;489;2024-02-24;2064;Jones;2020-08-19;Gleam;die;;;;
50;586;2020-04-22;3139;Jones;2020-02-08;Close;wherever;;;;
50;604;2023-12-02;2120;Jones;2020-02-11;Noise;noticing;;;;
50;701;2022-01-24;2017;Jones;2020-11-15;Minute;hour;;;;
50;716;2025-08-14;3994;Jones;2020-06-29;Person;race;;;;
50;760;2024-12-07;472;Jones;2020-04-06;True;card;;;;
50;804;2025-06-26;2132;Jones;2020-03-05;Cartoon;wear;;;;
50;828;2021-10-18;2141;Jones;2021-01-27;Above;five;;;;
50;889;2022-12-22;1895;Jones;2020-10-23;Yard;white;;;;
50;915;2020-12-11;1015;Jones;2020-03-02;But;forget;;;;
50;955;2022-04-01;4099;Jones;2020-02-13;Recollection;sugary;;;;
50;963;2021-05-28;1171;Jones;2020-07-22;Food;thousand;;;;
51;35;2025-08-01;3473;Patton-Montgomery;2020-12-30;Record;fund;;;;
51;67;2025-10-11;1355;Patton-Montgomery;2020-10-09;If;and;;;;
51;108;2022-11-17;4013;Patton-Montgomery;2020-04-07;Continue;space;;;;
51;286;2023-01-21;3049;Patton-Montgomery;2021-05-16;Property;notice;;;;
51;287;2022-12-12;1237;Patton-Montgomery;2020-05-28;Budget;understand;;;;
51;418;2024-12-06;3759;Patton-Montgomery;2021-05-03;Method;civil;;;;
51;503;2021-09-15;2339;Patton-Montgomery;2020-09-10;Nurse;around;;;;
51;640;2021-10-07;1066;Patton-Montgomery;2020-01-12;Important;yes;;;;
51;663;2024-02-22;4287;Patton-Montgomery;2021-02-16;Skin;Mrs;;;;
51;838;2020-02-09;4808;Patton-Montgomery;2020-02-09;Wanting;fail;;;;
51;848;2025-09-17;1437;Patton-Montgomery;2020-04-28;Piece;particularly;;;;
51;848;2020-11-09;2646;Patton-Montgomery;2020-04-28;Piece;particularly;;;;
51;948;2024-11-19;3691;Patton-Montgomery;2020-04-02;Quality;successful;;;;
51;949;2025-03-02;2750;Patton-Montgomery;2021-06-25;Fight;agent;;;;
52;5;2020-08-24;2336;Torres;2020-05-14;Champion;equalize;;;;
52;44;2021-03-27;2571;Torres;2020-09-26;Sound;far;;;;
52;245;2022-11-18;2507;Torres;2020-01-08;Mill;run;;;;
52;258;2023-11-01;2581;Torres;2021-04-12;Enough;buy;;;;
52;259;2023-07-07;3900;Torres;2020-06-20;Picture;build;;;;
52;260;2024-09-07;2611;Torres;2020-04-19;Expert;knowledge;;;;
52;298;2021-01-15;2790;Torres;2021-01-15;Flamenco;december;;;;
52;360;2020-12-18;1026;Torres;2020-03-20;Question;walk;;;;
52;408;2022-09-07;1314;Torres;2020-02-27;Color;really;;;;
52;487;2023-07-19;4225;Torres;2020-07-17;Become;heavy;;;;
52;554;2022-06-14;2854;Torres;2021-03-01;Controversy;follow;;;;
52;574;2021-08-25;3191;Torres;2020-03-03;Well;explain;;;;
52;656;2022-03-17;3826;Torres;2020-12-30;Person;yourself;;;;
52;714;2021-08-19;944;Torres;2020-04-21;Standard;ahead;;;;
52;728;2023-02-09;698;Torres;2020-01-30;Fine;possible;;;;
52;827;2024-09-22;567;Torres;2020-12-03;Soldier;throughout;;;;
52;996;2020-12-05;3803;Torres;2020-05-13;Why;cover;;;;
53;20;2022-11-10;488;Mccormick and Sons;2020-02-08;Road;though;;;;
53;164;2020-04-22;4036;Mccormick and Sons;2020-01-31;Evening;guy;;;;
53;191;2025-06-18;3716;Mccormick and Sons;2020-06-18;Fang;concur;;;;
53;250;2025-11-21;3800;Mccormick and Sons;2020-12-18;Marble;maple;;;;
53;272;2021-08-05;3492;Mccormick and Sons;2020-04-25;Glass;outside;;;;
53;447;2021-03-24;4658;Mccormick and Sons;2020-09-05;Argue;rock;;;;
53;563;2021-11-11;364;Mccormick and Sons;2020-05-18;Exam;sent;;;;
53;574;2023-05-31;4479;Mccormick and Sons;2020-03-03;Well;explain;;;;
53;604;2022-12-12;1967;Mccormick and Sons;2020-02-11;Noise;noticing;;;;
53;611;2023-09-06;1230;Mccormick and Sons;2020-02-01;Series;seven;;;;
53;623;2023-08-07;1418;Mccormick and Sons;2022-05-28;Economy;talker;;;;
53;677;2023-01-25;4869;Mccormick and Sons;2021-08-26;Bit;again;;;;
53;828;2025-05-10;1724;Mccormick and Sons;2021-01-27;Above;five;;;;
53;882;2020-03-25;4921;Mccormick and Sons;2020-03-25;Voyage;impressionism;;;;
53;908;2025-01-02;4935;Mccormick and Sons;2020-08-19;All;during;;;;
54;80;2023-06-26;2017;Perkins;2020-03-29;Repetition;work;;;;
54;96;2025-07-21;3936;Perkins;2020-02-15;Like;available;;;;
54;136;2020-08-22;3372;Perkins;2020-08-22;Reason;early;;;;
54;157;2020-05-21;2448;Perkins;2020-03-03;Receive;eccentric;;;;
54;182;2021-09-06;700;Perkins;2020-10-27;Old;top;;;;
54;194;2025-03-09;4366;Perkins;2020-03-27;Pass;physical;;;;
54;200;2021-09-17;272;Perkins;2021-02-23;Produce;significant;;;;
54;226;2025-08-19;2300;Perkins;2020-04-30;Buy;share;;;;
54;261;2022-05-15;4438;Perkins;2020-02-02;Marathon;mark;;;;
54;333;2025-09-27;2522;Perkins;2020-01-28;Over;grow;;;;
54;356;2020-12-23;1669;Perkins;2020-09-26;Emma;arrow;;;;
54;364;2024-12-15;2359;Perkins;2020-05-25;Despite;church;;;;
54;433;2025-09-09;3864;Perkins;2020-10-23;Daydreams;best;;;;
54;480;2020-10-26;239;Perkins;2020-04-23;Love;now;;;;
54;513;2021-05-31;2234;Perkins;2020-05-27;Honey;bone;;;;
54;522;2025-01-22;1776;Perkins;2020-01-30;Laugh;else;;;;
54;601;2022-09-16;2222;Perkins;2022-02-07;Everybody;world;;;;
54;629;2021-01-05;1834;Perkins;2020-05-12;Implant;glitch;;;;
54;649;2021-01-06;3795;Perkins;2021-01-06;Us;group;;;;
54;666;2023-11-21;3883;Perkins;2021-06-30;Tide;wave;;;;
54;686;2021-05-23;671;Perkins;2020-10-10;Human;vote;;;;
54;720;2020-09-10;1003;Perkins;2020-09-10;Rock;woman;;;;
54;750;2024-02-20;1018;Perkins;2020-05-08;Commons;calculator;;;;
54;782;2022-02-17;2101;Perkins;2021-07-15;Success;despite;;;;
54;799;2023-09-17;4058;Perkins;2020-06-12;Unite;fasten;;;;
54;944;2021-11-17;3643;Perkins;2020-01-03;Sort;stage;;;;
55;168;2025-01-12;1310;Smith Ltd;2020-03-03;Mrs;cover;;;;
55;199;2025-01-18;4697;Smith Ltd;2020-09-24;Whole;successful;;;;
55;357;2024-05-12;2426;Smith Ltd;2020-02-03;Point;laser;;;;
55;536;2023-09-23;1045;Smith Ltd;2020-03-08;Beat;factor;;;;
55;541;2022-07-03;4082;Smith Ltd;2020-01-19;Put;foot;;;;
55;558;2021-07-25;2571;Smith Ltd;2020-02-12;Prepare;wish;;;;
55;730;2021-05-31;4713;Smith Ltd;2020-06-15;Gin;bleach;;;;
55;827;2023-06-14;396;Smith Ltd;2020-12-03;Soldier;throughout;;;;
55;832;2022-02-16;3515;Smith Ltd;2020-09-08;Seek;squirt;;;;
55;865;2024-09-08;932;Smith Ltd;2020-05-12;That;with;;;;
55;910;2023-03-01;1899;Smith Ltd;2021-07-05;Rise;according;;;;
55;996;2023-12-14;3826;Smith Ltd;2020-05-13;Why;cover;;;;
56;74;2024-06-11;3720;Leach-Pearson;2021-11-19;Federal;forward;;;;
56;106;2020-06-18;3411;Leach-Pearson;2020-01-20;Peace;add;;;;
56;112;2021-08-05;776;Leach-Pearson;2020-04-30;Example;lose;;;;
56;183;2023-06-01;247;Leach-Pearson;2020-03-12;Secretary;receipt;;;;
56;292;2021-07-09;3924;Leach-Pearson;2020-03-27;Card;rich;;;;
56;392;2023-07-05;4180;Leach-Pearson;2021-01-04;Budget;because;;;;
56;405;2024-08-31;1832;Leach-Pearson;2020-06-22;Time;sing;;;;
56;469;2023-03-10;919;Leach-Pearson;2022-03-02;Individual;whatever;;;;
56;486;2024-06-25;4543;Leach-Pearson;2020-12-28;Try;sell;;;;
56;507;2025-07-29;2960;Leach-Pearson;2020-05-07;Own;line;;;;
56;559;2024-01-11;4215;Leach-Pearson;2020-01-16;Where;interview;;;;
56;568;2025-04-26;3840;Leach-Pearson;2020-03-06;Prepare;great;;;;
56;602;2022-01-09;3958;Leach-Pearson;2020-02-12;Pop;club;;;;
56;622;2022-11-26;1637;Leach-Pearson;2020-04-24;How;buy;;;;
56;633;2025-06-26;4593;Leach-Pearson;2020-02-29;Check;reach;;;;
56;707;2024-03-06;212;Leach-Pearson;2020-06-18;Mischief;minion;;;;
56;824;2022-09-09;1758;Leach-Pearson;2020-12-07;Hit;less;;;;
56;884;2021-04-20;1939;Leach-Pearson;2020-01-29;Bar;opportunity;;;;
56;969;2023-12-09;4979;Leach-Pearson;2020-02-10;Request;Pedestrian;;;;
56;980;2023-03-22;2687;Leach-Pearson;2020-04-22;Meeting;who;;;;
56;988;2022-02-14;2980;Leach-Pearson;2020-03-22;Eyelash;blink;;;;
56;998;2020-06-28;2504;Leach-Pearson;2020-06-28;Stop;clear;;;;
57;23;2024-08-19;3752;White Group;2020-02-02;These;and;;;;
57;55;2024-10-22;1671;White Group;2020-04-15;Sun;star;;;;
57;73;2020-05-27;1864;White Group;2020-05-27;Feel;oil;;;;
57;94;2021-11-01;379;White Group;2020-05-07;Trouble;project;;;;
57;156;2022-11-12;2915;White Group;2022-05-21;Hundred;support;;;;
57;194;2020-06-22;4138;White Group;2020-03-27;Pass;physical;;;;
57;227;2021-08-18;4208;White Group;2020-11-21;Ok;air;;;;
57;292;2020-03-27;3196;White Group;2020-03-27;Card;rich;;;;
57;314;2023-08-21;1211;White Group;2020-01-03;Follow;street;;;;
57;354;2026-01-30;2016;White Group;2020-12-13;Aversion;sensibility;;;;
57;414;2023-03-03;1365;White Group;2020-04-06;The;cause;;;;
57;486;2023-07-04;4453;White Group;2020-12-28;Try;sell;;;;
57;529;2024-09-01;4087;White Group;2022-03-17;Speech;camera;;;;
57;543;2024-08-21;2231;White Group;2020-01-03;Rule;lay;;;;
57;552;2021-08-19;151;White Group;2020-08-10;Lead;message;;;;
57;716;2023-06-26;341;White Group;2020-06-29;Person;race;;;;
57;915;2023-04-14;580;White Group;2020-03-02;But;forget;;;;
57;949;2022-01-30;3442;White Group;2021-06-25;Fight;agent;;;;
57;1000;2023-09-01;696;White Group;2020-05-09;Behavior;offer;;;;
58;39;2025-09-13;817;Fernandez Ltd;2020-02-27;Amaze;rock;79;effort;79;Impressionism
58;222;2026-02-05;3776;Fernandez Ltd;2020-11-26;Aware;award;79;effort;79;Impressionism
58;248;2023-08-19;1039;Fernandez Ltd;2020-09-04;Landslip;landslide;79;effort;79;Impressionism
58;266;2020-03-13;1391;Fernandez Ltd;2020-03-13;Seek;boy;79;effort;79;Impressionism
58;476;2025-12-25;1859;Fernandez Ltd;2021-01-19;Salvator;limosine;79;effort;79;Impressionism
58;548;2023-01-28;341;Fernandez Ltd;2020-03-31;Cooperate;operate;79;effort;79;Impressionism
58;925;2022-03-12;2839;Fernandez Ltd;2020-04-15;Society;ingredient;79;effort;79;Impressionism
58;938;2025-01-30;4303;Fernandez Ltd;2021-08-25;American;but;79;effort;79;Impressionism
59;4;2021-08-23;4269;Page PLC;2020-04-21;Read;detail;;;;
59;87;2022-02-07;287;Page PLC;2020-02-02;Responsibility;dream;;;;
59;106;2022-01-23;1410;Page PLC;2020-01-20;Peace;add;;;;
59;346;2023-12-12;4121;Page PLC;2020-07-15;Yard;member;;;;
59;353;2020-05-01;3717;Page PLC;2020-05-01;Kitchen;sign;;;;
59;398;2020-01-06;715;Page PLC;2020-01-06;Authority;treatment;;;;
59;461;2024-07-12;2258;Page PLC;2020-11-03;Issue;one;;;;
59;510;2024-12-23;3377;Page PLC;2020-04-02;Bad;hearts;;;;
59;517;2021-02-04;1416;Page PLC;2020-09-16;Real;name;;;;
59;545;2020-11-09;4052;Page PLC;2020-03-03;Yes;plant;;;;
59;553;2025-06-06;4427;Page PLC;2020-12-20;Claim;news;;;;
59;554;2021-03-01;1843;Page PLC;2021-03-01;Controversy;follow;;;;
59;650;2025-08-06;3058;Page PLC;2020-05-07;Perform;entire;;;;
59;712;2026-02-16;706;Page PLC;2023-03-12;Nation;nip;;;;
59;828;2021-05-30;2272;Page PLC;2021-01-27;Above;five;;;;
59;828;2024-02-02;4422;Page PLC;2021-01-27;Above;five;;;;
59;870;2024-03-03;2759;Page PLC;2022-09-24;Cold;also;;;;
59;877;2025-04-16;3357;Page PLC;2020-01-27;Operation;safe;;;;
59;906;2024-10-13;1862;Page PLC;2020-08-26;Third;newspaper;;;;
59;943;2023-11-22;3286;Page PLC;2020-03-20;Culture;goal;;;;
59;953;2020-12-11;513;Page PLC;2020-09-03;Involve;interest;;;;
59;987;2025-08-13;3985;Page PLC;2020-03-21;Pierce;column;;;;
60;183;2020-03-12;761;Cox Ltd;2020-03-12;Secretary;receipt;;;;
60;223;2025-09-28;3595;Cox Ltd;2020-03-10;Win;antique;;;;
60;276;2020-01-08;1296;Cox Ltd;2020-01-08;Chair;design;;;;
60;282;2021-08-27;4411;Cox Ltd;2020-05-05;Riot;ripen;;;;
60;418;2022-05-29;1147;Cox Ltd;2021-05-03;Method;civil;;;;
60;444;2022-08-28;4209;Cox Ltd;2020-03-12;Development;despite;;;;
60;446;2020-10-01;4768;Cox Ltd;2020-10-01;Establish;one;;;;
60;479;2026-01-12;4870;Cox Ltd;2020-01-28;Foreign;ciao;;;;
60;483;2024-05-17;1664;Cox Ltd;2021-07-10;Line;than;;;;
60;541;2022-02-06;3406;Cox Ltd;2020-01-19;Put;foot;;;;
60;677;2023-09-30;1113;Cox Ltd;2021-08-26;Bit;again;;;;
60;861;2022-07-18;287;Cox Ltd;2020-01-12;Safe;every;;;;
60;908;2023-01-20;3527;Cox Ltd;2020-08-19;All;during;;;;
61;133;2023-10-25;3438;Myers Group;2020-11-16;Forward;market;195;particular;366;Development and Cultural Studies
61;161;2020-02-01;3516;Myers Group;2020-02-01;Have;party;195;particular;366;Development and Cultural Studies
61;192;2025-09-07;1005;Myers Group;2020-10-17;Doctrine;equality;195;particular;366;Development and Cultural Studies
61;211;2021-08-11;3225;Myers Group;2021-07-05;Wholly;pull;195;particular;366;Development and Cultural Studies
61;221;2022-03-06;230;Myers Group;2020-06-05;Move;board;195;particular;366;Development and Cultural Studies
61;222;2023-03-26;2524;Myers Group;2020-11-26;Aware;award;195;particular;366;Development and Cultural Studies
61;293;2021-07-24;3554;Myers Group;2020-10-14;Ripen;rioter;195;particular;366;Development and Cultural Studies
61;307;2025-03-29;3907;Myers Group;2020-11-02;Second;fill;195;particular;366;Development and Cultural Studies
61;320;2026-01-26;3760;Myers Group;2021-02-04;Happy;American;195;particular;366;Development and Cultural Studies
61;367;2025-06-29;3390;Myers Group;2021-01-24;Event;soon;195;particular;366;Development and Cultural Studies
61;406;2024-10-14;1272;Myers Group;2020-11-10;Fight;sometimes;195;particular;366;Development and Cultural Studies
61;412;2023-08-27;688;Myers Group;2020-06-24;Night;third;195;particular;366;Development and Cultural Studies
61;490;2023-11-18;1614;Myers Group;2021-03-27;Road;campaign;195;particular;366;Development and Cultural Studies
61;501;2021-04-20;4206;Myers Group;2021-04-20;Avoid;approach;195;particular;366;Development and Cultural Studies
61;510;2022-01-25;194;Myers Group;2020-04-02;Bad;hearts;195;particular;366;Development and Cultural Studies
61;572;2021-09-20;1992;Myers Group;2020-03-13;Beyond;despite;195;particular;366;Development and Cultural Studies
61;588;2020-09-04;2798;Myers Group;2020-08-21;Successful;air;195;particular;366;Development and Cultural Studies
61;616;2020-01-02;150;Myers Group;2020-01-02;Clear;reveal;195;particular;366;Development and Cultural Studies
61;618;2020-06-27;2285;Myers Group;2020-06-27;Gold;necklace;195;particular;366;Development and Cultural Studies
61;656;2025-06-06;1838;Myers Group;2020-12-30;Person;yourself;195;particular;366;Development and Cultural Studies
61;720;2021-12-11;946;Myers Group;2020-09-10;Rock;woman;195;particular;366;Development and Cultural Studies
61;768;2023-12-30;4042;Myers Group;2021-11-30;Generation;claim;195;particular;366;Development and Cultural Studies
61;792;2022-03-02;4645;Myers Group;2020-04-25;Municipal;proper;195;particular;366;Development and Cultural Studies
61;820;2020-03-16;841;Myers Group;2020-03-16;Red;probably;195;particular;366;Development and Cultural Studies
61;844;2021-03-13;3381;Myers Group;2020-09-24;Statement;benefit;195;particular;366;Development and Cultural Studies
61;941;2023-03-11;2906;Myers Group;2020-01-29;However;require;195;particular;366;Development and Cultural Studies
62;15;2024-03-30;834;Ortiz PLC;2021-04-01;Rib;lorde;;;;
62;83;2023-05-07;2032;Ortiz PLC;2020-09-21;Past;offer;;;;
62;115;2024-07-21;3705;Ortiz PLC;2020-08-31;Walker;mile;;;;
62;144;2022-01-19;4983;Ortiz PLC;2020-12-11;Champagne;store;;;;
62;157;2025-05-02;4649;Ortiz PLC;2020-03-03;Receive;eccentric;;;;
62;174;2022-02-15;3131;Ortiz PLC;2020-02-02;East;something;;;;
62;249;2020-06-05;2784;Ortiz PLC;2020-05-25;Member;skin;;;;
62;258;2021-04-12;2859;Ortiz PLC;2021-04-12;Enough;buy;;;;
62;282;2021-08-12;318;Ortiz PLC;2020-05-05;Riot;ripen;;;;
62;599;2021-06-30;3279;Ortiz PLC;2020-11-20;Population;use;;;;
62;745;2024-03-10;4745;Ortiz PLC;2020-01-14;But;song;;;;
62;893;2023-07-05;4082;Ortiz PLC;2020-04-08;Officer;maintain;;;;
62;900;2025-09-28;3151;Ortiz PLC;2021-04-05;Rule;middle;;;;
62;910;2025-05-11;2640;Ortiz PLC;2021-07-05;Rise;according;;;;
62;913;2023-06-12;3185;Ortiz PLC;2020-07-08;Wise;artifact;;;;
62;989;2025-12-04;3427;Ortiz PLC;2020-04-07;Chair;we;;;;
63;123;2023-10-17;3955;Montes;2021-05-28;Moment;across;;;;
63;151;2023-04-03;2902;Montes;2020-09-14;Risk;picture;;;;
63;428;2023-01-23;194;Montes;2020-03-03;Me;across;;;;
63;433;2022-03-13;4873;Montes;2020-10-23;Daydreams;best;;;;
63;452;2024-04-06;4005;Montes;2020-02-11;Clearly;message;;;;
63;522;2023-08-19;3245;Montes;2020-01-30;Laugh;else;;;;
63;678;2020-11-26;3362;Montes;2020-05-26;Treatment;once;;;;
63;746;2020-04-18;4782;Montes;2020-04-18;Shade;chambermaid;;;;
63;796;2022-12-25;4691;Montes;2020-03-20;Vanish;varnish;;;;
63;813;2024-04-08;1229;Montes;2020-09-22;Electrify;chemical;;;;
63;826;2024-07-31;1479;Montes;2021-07-01;Pacience;gutter;;;;
63;841;2024-05-11;3121;Montes;2020-08-05;Old;investment;;;;
63;923;2021-08-31;877;Montes;2020-11-08;Today;new;;;;
63;987;2022-07-05;3578;Montes;2020-03-21;Pierce;column;;;;
64;88;2023-01-01;2555;Hicks and Sons;2020-05-31;Else;goal;;;;
64;91;2024-10-22;3914;Hicks and Sons;2020-07-25;Billion;tend;;;;
64;94;2025-11-20;3487;Hicks and Sons;2020-05-07;Trouble;project;;;;
64;112;2024-01-02;4556;Hicks and Sons;2020-04-30;Example;lose;;;;
64;130;2023-04-07;4520;Hicks and Sons;2020-08-02;Morning;real;;;;
64;133;2023-02-08;612;Hicks and Sons;2020-11-16;Forward;market;;;;
64;145;2023-10-18;4979;Hicks and Sons;2020-12-29;Bag;character;;;;
64;145;2022-02-26;4155;Hicks and Sons;2020-12-29;Bag;character;;;;
64;170;2023-05-19;1664;Hicks and Sons;2020-01-19;Wind;top;;;;
64;173;2025-12-08;1234;Hicks and Sons;2020-03-14;Entrail;dart;;;;
64;204;2025-11-25;3236;Hicks and Sons;2021-03-12;Significant;ten;;;;
64;220;2025-08-05;545;Hicks and Sons;2020-02-08;Board;keep;;;;
64;224;2020-10-12;753;Hicks and Sons;2020-10-12;Tonight;brother;;;;
64;396;2023-06-18;732;Hicks and Sons;2021-07-04;Also;mother;;;;
64;451;2025-10-21;4400;Hicks and Sons;2020-03-03;Sign;face;;;;
64;474;2021-11-09;1646;Hicks and Sons;2020-09-07;On;eyes;;;;
64;483;2022-05-31;3927;Hicks and Sons;2021-07-10;Line;than;;;;
64;487;2024-04-09;3047;Hicks and Sons;2020-07-17;Become;heavy;;;;
64;506;2024-08-23;4397;Hicks and Sons;2020-07-11;Joy;found;;;;
64;510;2021-08-06;2893;Hicks and Sons;2020-04-02;Bad;hearts;;;;
64;529;2022-03-17;3137;Hicks and Sons;2022-03-17;Speech;camera;;;;
64;624;2020-07-01;2405;Hicks and Sons;2020-02-26;Why;professor;;;;
64;678;2023-11-26;1813;Hicks and Sons;2020-05-26;Treatment;once;;;;
64;702;2022-08-21;4929;Hicks and Sons;2020-01-23;He;desCribe;;;;
64;702;2020-01-23;2378;Hicks and Sons;2020-01-23;He;desCribe;;;;
64;704;2022-05-27;3188;Hicks and Sons;2020-02-29;Mission;thought;;;;
64;776;2024-07-20;843;Hicks and Sons;2020-08-06;Daddle;ceramic;;;;
64;828;2024-06-01;2997;Hicks and Sons;2021-01-27;Above;five;;;;
64;862;2023-03-19;4407;Hicks and Sons;2021-11-13;Zealous;boil;;;;
64;952;2026-01-04;749;Hicks and Sons;2021-01-08;Fire;another;;;;
64;961;2020-03-11;2219;Hicks and Sons;2020-02-05;Knot;flyer;;;;
65;259;2024-12-10;3246;Kelley;2020-06-20;Picture;build;;;;
65;267;2024-02-27;959;Kelley;2020-11-19;Find;marquee;;;;
65;369;2022-07-04;4909;Kelley;2020-04-27;This;already;;;;
65;379;2023-09-11;3110;Kelley;2020-01-31;Learn;husband;;;;
65;425;2020-06-25;3519;Kelley;2020-06-25;Boots;held;;;;
65;509;2020-06-24;3793;Kelley;2020-06-24;Leave;bone;;;;
65;553;2022-01-22;3082;Kelley;2020-12-20;Claim;news;;;;
65;555;2023-03-13;3909;Kelley;2020-02-10;Hellium;elvis;;;;
65;637;2020-08-23;1476;Kelley;2020-08-23;Swim;lancelot;;;;
65;647;2021-07-11;4012;Kelley;2020-01-05;Maintain;coach;;;;
65;683;2020-03-25;1592;Kelley;2020-01-08;Away;wind;;;;
65;879;2020-12-31;1568;Kelley;2020-04-26;Interesting;board;;;;
65;905;2026-02-13;2873;Kelley;2020-01-19;Future;build;;;;
65;919;2024-08-02;3587;Kelley;2020-06-04;Low;word;;;;
65;959;2020-05-20;3607;Kelley;2020-05-20;Their;read;;;;
65;989;2021-03-09;4822;Kelley;2020-04-07;Chair;we;;;;
66;48;2022-06-02;2807;Crosby Ltd;2020-05-06;A;job;;;;
66;50;2022-04-07;925;Crosby Ltd;2020-01-01;Book;difference;;;;
66;56;2020-02-28;578;Crosby Ltd;2020-02-28;Moon;light;;;;
66;77;2022-02-02;4431;Crosby Ltd;2020-01-29;Help;together;;;;
66;92;2024-11-14;4130;Crosby Ltd;2020-07-07;Read;fly;;;;
66;103;2020-03-24;3227;Crosby Ltd;2020-03-24;Some;here;;;;
66;127;2023-01-24;330;Crosby Ltd;2020-08-14;Wait;show;;;;
66;182;2020-10-27;1273;Crosby Ltd;2020-10-27;Old;top;;;;
66;411;2022-09-24;506;Crosby Ltd;2020-07-28;Board;ground;;;;
66;616;2025-01-24;2718;Crosby Ltd;2020-01-02;Clear;reveal;;;;
66;671;2020-03-20;1428;Crosby Ltd;2020-01-20;Bloom;flow;;;;
66;735;2023-03-22;260;Crosby Ltd;2021-01-08;Learn;lose;;;;
66;761;2022-02-04;4180;Crosby Ltd;2020-01-26;Company;age;;;;
66;803;2026-01-13;1180;Crosby Ltd;2020-06-28;Also;source;;;;
66;868;2022-10-30;1700;Crosby Ltd;2020-06-06;Egg;swarm;;;;
66;876;2024-07-27;2227;Crosby Ltd;2020-08-12;In;ever;;;;
66;903;2026-02-09;3651;Crosby Ltd;2020-05-02;Admit;create;;;;
66;953;2021-01-07;2176;Crosby Ltd;2020-09-03;Involve;interest;;;;
66;1000;2023-01-04;1911;Crosby Ltd;2020-05-09;Behavior;offer;;;;
67;46;2021-12-14;2866;Fowler;2021-01-26;Authority;artist;;;;
67;141;2023-03-01;3062;Fowler;2021-09-16;King;plot;;;;
67;153;2022-06-11;1610;Fowler;2020-03-14;What;out;;;;
67;176;2025-09-15;3129;Fowler;2020-05-08;Hug;muddle;;;;
67;191;2024-06-16;4342;Fowler;2020-06-18;Fang;concur;;;;
67;204;2021-09-10;3359;Fowler;2021-03-12;Significant;ten;;;;
67;405;2025-08-21;3567;Fowler;2020-06-22;Time;sing;;;;
67;538;2024-01-05;4964;Fowler;2020-12-02;Particularly;group;;;;
67;541;2023-08-12;775;Fowler;2020-01-19;Put;foot;;;;
67;562;2022-07-10;1648;Fowler;2020-01-22;Nest;test;;;;
67;583;2021-07-28;2875;Fowler;2020-12-12;Data;popular;;;;
67;650;2021-07-14;3664;Fowler;2020-05-07;Perform;entire;;;;
67;744;2023-02-23;3000;Fowler;2020-01-29;Radio;like;;;;
67;837;2022-01-12;714;Fowler;2021-01-13;Space;specificity;;;;
68;186;2020-07-09;4140;Jackson Ltd;2020-07-09;Congress;song;;;;
68;230;2023-05-24;521;Jackson Ltd;2020-07-26;That;there;;;;
68;323;2025-01-30;3366;Jackson Ltd;2020-01-04;Long;serve;;;;
68;371;2022-03-13;4888;Jackson Ltd;2020-09-19;South;return;;;;
68;425;2024-02-01;826;Jackson Ltd;2020-06-25;Boots;held;;;;
68;443;2025-05-20;4195;Jackson Ltd;2020-05-01;How;such;;;;
68;573;2022-01-27;4925;Jackson Ltd;2020-10-28;Drug;father;;;;
68;640;2021-02-14;2484;Jackson Ltd;2020-01-12;Important;yes;;;;
68;669;2024-01-10;1974;Jackson Ltd;2021-12-17;Messanger;memory;;;;
68;723;2022-07-01;1756;Jackson Ltd;2020-02-05;Take;above;;;;
68;725;2025-08-23;3504;Jackson Ltd;2020-05-22;Opera;brandy;;;;
68;734;2024-06-13;2353;Jackson Ltd;2020-01-16;Clearly;safe;;;;
68;747;2024-02-19;1309;Jackson Ltd;2021-08-27;White;indeed;;;;
68;755;2021-08-22;134;Jackson Ltd;2020-01-22;Hand;without;;;;
68;786;2021-10-13;2659;Jackson Ltd;2020-05-06;Move;dream;;;;
68;904;2025-01-21;243;Jackson Ltd;2020-12-22;Sometimes;mean;;;;
68;970;2022-07-04;4376;Jackson Ltd;2020-04-27;Onto;peace;;;;
68;985;2022-09-21;251;Jackson Ltd;2021-08-25;Detail;speech;;;;
69;31;2024-07-29;1749;Miller LLC;2020-08-31;Health;respond;183;make;366;Development and Cultural Studies
69;58;2024-02-29;2784;Miller LLC;2020-02-10;Sing;song;183;make;366;Development and Cultural Studies
69;78;2024-05-22;3521;Miller LLC;2020-01-18;Sky;standard;183;make;366;Development and Cultural Studies
69;102;2025-07-04;3804;Miller LLC;2020-06-22;We;country;183;make;366;Development and Cultural Studies
69;111;2021-04-04;2137;Miller LLC;2020-04-25;Empty;forgotten;183;make;366;Development and Cultural Studies
69;180;2023-11-11;3700;Miller LLC;2020-02-18;As;beyond;183;make;366;Development and Cultural Studies
69;220;2020-03-11;1774;Miller LLC;2020-02-08;Board;keep;183;make;366;Development and Cultural Studies
69;238;2025-08-02;1768;Miller LLC;2021-10-17;Labour;party;183;make;366;Development and Cultural Studies
69;285;2021-02-16;4781;Miller LLC;2020-02-11;Kitchen;two;183;make;366;Development and Cultural Studies
69;331;2020-02-23;1320;Miller LLC;2020-02-23;Hope;technology;183;make;366;Development and Cultural Studies
69;358;2022-12-30;397;Miller LLC;2020-11-23;Including;similar;183;make;366;Development and Cultural Studies
69;564;2023-11-23;4122;Miller LLC;2020-08-16;Contain;force;183;make;366;Development and Cultural Studies
69;742;2020-05-21;3435;Miller LLC;2020-05-21;Computer;range;183;make;366;Development and Cultural Studies
69;806;2022-12-29;4545;Miller LLC;2021-05-14;Prevent;national;183;make;366;Development and Cultural Studies
69;812;2026-01-17;1770;Miller LLC;2020-03-20;Elementary;appeal;183;make;366;Development and Cultural Studies
69;844;2020-09-24;3094;Miller LLC;2020-09-24;Statement;benefit;183;make;366;Development and Cultural Studies
69;864;2020-07-28;4402;Miller LLC;2020-07-03;Amount;show;183;make;366;Development and Cultural Studies
69;904;2023-12-09;2441;Miller LLC;2020-12-22;Sometimes;mean;183;make;366;Development and Cultural Studies
69;948;2022-09-27;1791;Miller LLC;2020-04-02;Quality;successful;183;make;366;Development and Cultural Studies
69;954;2024-09-24;4764;Miller LLC;2020-04-25;Our;face;183;make;366;Development and Cultural Studies
69;981;2024-10-09;500;Miller LLC;2021-05-09;Walk;federal;183;make;366;Development and Cultural Studies
70;1;2025-12-28;274;Allen;2020-01-02;Voyeur;sneak;;;;
70;61;2025-06-08;1891;Allen;2020-10-01;After;degree;;;;
70;100;2024-12-05;2408;Allen;2020-04-15;Best;center;;;;
70;181;2021-11-18;4420;Allen;2020-11-22;Day;trust;;;;
70;190;2025-12-22;2236;Allen;2020-10-19;During;hit;;;;
70;212;2024-02-26;365;Allen;2020-03-04;Outline;outrun;;;;
70;225;2021-08-19;810;Allen;2020-01-30;Book;quality;;;;
70;262;2024-10-08;994;Allen;2020-01-01;Kind;pick;;;;
70;286;2024-06-23;1279;Allen;2021-05-16;Property;notice;;;;
70;518;2020-09-25;2389;Allen;2020-09-25;Administration;have;;;;
70;559;2023-05-19;2826;Allen;2020-01-16;Where;interview;;;;
70;578;2020-11-16;454;Allen;2020-03-10;Stomp;techno;;;;
70;607;2022-12-30;1863;Allen;2021-03-06;Much;alone;;;;
70;614;2022-05-07;1866;Allen;2022-04-10;Majority;myself;;;;
70;717;2020-07-15;3068;Allen;2020-04-05;Think;future;;;;
70;754;2023-10-23;3682;Allen;2020-08-30;That;country;;;;
70;761;2022-06-04;4086;Allen;2020-01-26;Company;age;;;;
70;900;2022-09-02;3639;Allen;2021-04-05;Rule;middle;;;;
70;903;2022-06-27;3018;Allen;2020-05-02;Admit;create;;;;
70;906;2024-12-23;3476;Allen;2020-08-26;Third;newspaper;;;;
70;961;2020-02-05;103;Allen;2020-02-05;Knot;flyer;;;;
70;965;2021-03-12;2953;Allen;2020-02-24;Priest;wage;;;;
71;14;2024-12-26;949;Rush;2020-01-30;Billion;hair;;;;
71;81;2021-04-23;1606;Rush;2020-04-20;Chair;dark;;;;
71;112;2023-06-28;331;Rush;2020-04-30;Example;lose;;;;
71;128;2025-09-28;3066;Rush;2020-10-03;Hour;out;;;;
71;200;2022-08-19;812;Rush;2021-02-23;Produce;significant;;;;
71;239;2020-04-05;1580;Rush;2020-02-14;Ladder;lace;;;;
71;292;2025-03-21;1006;Rush;2020-03-27;Card;rich;;;;
71;308;2020-03-21;3477;Rush;2020-03-21;Customer;apply;;;;
71;362;2024-07-30;2022;Rush;2020-02-13;Memory;late;;;;
71;381;2022-02-21;2216;Rush;2020-02-04;Miles;spider;;;;
71;424;2020-10-01;4795;Rush;2020-01-29;Item;usually;;;;
71;478;2025-09-30;3852;Rush;2020-03-16;Common;cold;;;;
71;625;2022-09-23;3288;Rush;2020-02-06;Need;a;;;;
71;648;2022-06-09;3118;Rush;2020-03-13;Fish;high;;;;
71;789;2026-02-07;3494;Rush;2020-04-07;Dinner;upon;;;;
71;797;2022-03-10;4224;Rush;2020-01-07;Quickly;top;;;;
71;831;2020-03-12;3836;Rush;2020-03-04;Available;arrive;;;;
71;836;2021-02-01;765;Rush;2020-10-23;Benefit;accept;;;;
71;901;2023-01-01;1145;Rush;2020-04-07;Cabin;unwise;;;;
71;945;2020-09-15;3837;Rush;2020-04-15;Manual;trick;;;;
71;951;2020-09-02;1338;Rush;2020-04-11;Door;speak;;;;
71;973;2020-05-06;3486;Rush;2020-05-01;Hub;loot;;;;
71;988;2020-04-04;3606;Rush;2020-03-22;Eyelash;blink;;;;
71;993;2023-02-16;3092;Rush;2020-11-01;Sinner;syren;;;;
72;24;2025-08-30;3818;Austin-Mcfarland;2021-11-19;Cut;similar;165;might;366;Development and Cultural Studies
72;24;2025-08-30;3818;Austin-Mcfarland;2021-11-19;Cut;similar;21;perform;366;Development and Cultural Studies
72;67;2021-10-30;757;Austin-Mcfarland;2020-10-09;If;and;165;might;366;Development and Cultural Studies
72;67;2021-10-30;757;Austin-Mcfarland;2020-10-09;If;and;21;perform;366;Development and Cultural Studies
72;71;2026-01-23;3590;Austin-Mcfarland;2020-04-04;Bank;standard;165;might;366;Development and Cultural Studies
72;71;2026-01-23;3590;Austin-Mcfarland;2020-04-04;Bank;standard;21;perform;366;Development and Cultural Studies
72;186;2025-11-03;1671;Austin-Mcfarland;2020-07-09;Congress;song;165;might;366;Development and Cultural Studies
72;186;2025-11-03;1671;Austin-Mcfarland;2020-07-09;Congress;song;21;perform;366;Development and Cultural Studies
72;231;2023-06-04;1741;Austin-Mcfarland;2020-12-17;Biceps;bicker;165;might;366;Development and Cultural Studies
72;231;2023-06-04;1741;Austin-Mcfarland;2020-12-17;Biceps;bicker;21;perform;366;Development and Cultural Studies
72;255;2021-09-21;4523;Austin-Mcfarland;2020-02-19;Music;ability;165;might;366;Development and Cultural Studies
72;255;2021-09-21;4523;Austin-Mcfarland;2020-02-19;Music;ability;21;perform;366;Development and Cultural Studies
72;297;2021-08-03;1419;Austin-Mcfarland;2020-11-20;Salvage;samba;165;might;366;Development and Cultural Studies
72;297;2021-08-03;1419;Austin-Mcfarland;2020-11-20;Salvage;samba;21;perform;366;Development and Cultural Studies
72;333;2022-02-07;1724;Austin-Mcfarland;2020-01-28;Over;grow;165;might;366;Development and Cultural Studies
72;333;2022-02-07;1724;Austin-Mcfarland;2020-01-28;Over;grow;21;perform;366;Development and Cultural Studies
72;442;2022-07-20;817;Austin-Mcfarland;2020-08-29;Less;picturing;165;might;366;Development and Cultural Studies
72;442;2022-07-20;817;Austin-Mcfarland;2020-08-29;Less;picturing;21;perform;366;Development and Cultural Studies
72;581;2025-03-30;4380;Austin-Mcfarland;2020-05-23;Obscene;presley;165;might;366;Development and Cultural Studies
72;581;2025-03-30;4380;Austin-Mcfarland;2020-05-23;Obscene;presley;21;perform;366;Development and Cultural Studies
72;640;2025-11-15;2722;Austin-Mcfarland;2020-01-12;Important;yes;165;might;366;Development and Cultural Studies
72;640;2025-11-15;2722;Austin-Mcfarland;2020-01-12;Important;yes;21;perform;366;Development and Cultural Studies
72;660;2024-12-07;3732;Austin-Mcfarland;2021-01-10;Leaf;leaflet;165;might;366;Development and Cultural Studies
72;660;2024-12-07;3732;Austin-Mcfarland;2021-01-10;Leaf;leaflet;21;perform;366;Development and Cultural Studies
72;686;2025-04-28;1523;Austin-Mcfarland;2020-10-10;Human;vote;165;might;366;Development and Cultural Studies
72;686;2025-04-28;1523;Austin-Mcfarland;2020-10-10;Human;vote;21;perform;366;Development and Cultural Studies
72;707;2023-04-27;3097;Austin-Mcfarland;2020-06-18;Mischief;minion;165;might;366;Development and Cultural Studies
72;707;2023-04-27;3097;Austin-Mcfarland;2020-06-18;Mischief;minion;21;perform;366;Development and Cultural Studies
72;763;2024-08-20;4493;Austin-Mcfarland;2020-12-06;Homely;domestic;165;might;366;Development and Cultural Studies
72;763;2024-08-20;4493;Austin-Mcfarland;2020-12-06;Homely;domestic;21;perform;366;Development and Cultural Studies
72;766;2020-11-21;2647;Austin-Mcfarland;2020-04-09;Penalty;bind;165;might;366;Development and Cultural Studies
72;766;2020-11-21;2647;Austin-Mcfarland;2020-04-09;Penalty;bind;21;perform;366;Development and Cultural Studies
72;771;2020-04-18;1239;Austin-Mcfarland;2020-01-18;Should;wrong;165;might;366;Development and Cultural Studies
72;771;2020-04-18;1239;Austin-Mcfarland;2020-01-18;Should;wrong;21;perform;366;Development and Cultural Studies
72;778;2025-05-25;4263;Austin-Mcfarland;2020-03-09;Friend;do;165;might;366;Development and Cultural Studies
72;778;2025-05-25;4263;Austin-Mcfarland;2020-03-09;Friend;do;21;perform;366;Development and Cultural Studies
72;914;2023-04-07;4150;Austin-Mcfarland;2020-03-27;School;hope;165;might;366;Development and Cultural Studies
72;914;2023-04-07;4150;Austin-Mcfarland;2020-03-27;School;hope;21;perform;366;Development and Cultural Studies
72;921;2025-11-11;1693;Austin-Mcfarland;2020-02-13;Local;often;165;might;366;Development and Cultural Studies
72;921;2025-11-11;1693;Austin-Mcfarland;2020-02-13;Local;often;21;perform;366;Development and Cultural Studies
72;992;2020-02-17;1190;Austin-Mcfarland;2020-02-17;Prevent;mother;165;might;366;Development and Cultural Studies
72;992;2020-02-17;1190;Austin-Mcfarland;2020-02-17;Prevent;mother;21;perform;366;Development and Cultural Studies
73;32;2023-10-26;843;Graham-Luna;2022-01-20;Event;continue;;;;
73;58;2021-02-22;190;Graham-Luna;2020-02-10;Sing;song;;;;
73;98;2022-09-22;1923;Graham-Luna;2020-04-20;Recent;kind;;;;
73;190;2024-03-28;2937;Graham-Luna;2020-10-19;During;hit;;;;
73;264;2024-02-01;503;Graham-Luna;2020-12-14;Sport;case;;;;
73;269;2024-07-28;3749;Graham-Luna;2020-03-02;But;leg;;;;
73;272;2025-07-23;436;Graham-Luna;2020-04-25;Glass;outside;;;;
73;276;2025-02-09;3961;Graham-Luna;2020-01-08;Chair;design;;;;
73;303;2022-10-15;3188;Graham-Luna;2020-10-05;Protocol;seventh;;;;
73;321;2020-06-27;2710;Graham-Luna;2020-06-04;Ardent;architect;;;;
73;408;2021-02-22;284;Graham-Luna;2020-02-27;Color;really;;;;
73;417;2025-03-06;2305;Graham-Luna;2020-04-09;Approach;interview;;;;
73;512;2025-10-26;2020;Graham-Luna;2020-05-17;Met;through;;;;
73;723;2026-01-16;2574;Graham-Luna;2020-02-05;Take;above;;;;
73;769;2021-05-09;4705;Graham-Luna;2020-01-23;Horse;chives;;;;
73;869;2021-05-30;3945;Graham-Luna;2020-03-02;Require;herself;;;;
73;889;2023-04-08;4770;Graham-Luna;2020-10-23;Yard;white;;;;
74;47;2021-04-24;2129;Smith-White;2020-02-27;Four;Crime;;;;
74;76;2021-11-16;4385;Smith-White;2020-05-12;Rest;would;;;;
74;119;2020-05-15;2278;Smith-White;2020-03-31;Although;bring;;;;
74;124;2023-12-12;741;Smith-White;2020-08-18;Friend;prevent;;;;
74;159;2022-09-21;4223;Smith-White;2021-11-01;Help;activity;;;;
74;244;2023-07-13;1048;Smith-White;2020-06-07;Military;level;;;;
74;255;2022-10-29;2008;Smith-White;2020-02-19;Music;ability;;;;
74;353;2023-12-04;3810;Smith-White;2020-05-01;Kitchen;sign;;;;
74;378;2020-12-04;1782;Smith-White;2020-02-23;Support;rather;;;;
74;416;2021-01-10;4311;Smith-White;2020-03-13;Some;kitchen;;;;
74;417;2025-11-20;845;Smith-White;2020-04-09;Approach;interview;;;;
74;425;2020-09-17;1929;Smith-White;2020-06-25;Boots;held;;;;
74;443;2021-12-23;1174;Smith-White;2020-05-01;How;such;;;;
74;493;2023-10-10;1106;Smith-White;2020-03-22;Born;taught;;;;
74;523;2021-11-24;4091;Smith-White;2020-03-19;Base;remember;;;;
74;593;2021-05-20;449;Smith-White;2020-01-27;Yet;nothing;;;;
74;600;2024-06-11;475;Smith-White;2020-07-08;Major;four;;;;
74;604;2024-06-17;539;Smith-White;2020-02-11;Noise;noticing;;;;
74;662;2020-12-20;2484;Smith-White;2020-12-20;Learnt;leash;;;;
74;667;2020-12-19;4956;Smith-White;2020-12-19;Apply;third;;;;
74;670;2021-12-05;3696;Smith-White;2020-03-01;Yellow;dress;;;;
74;713;2025-03-26;185;Smith-White;2020-02-28;Drug;talk;;;;
74;725;2020-05-22;4094;Smith-White;2020-05-22;Opera;brandy;;;;
74;771;2023-06-20;2052;Smith-White;2020-01-18;Should;wrong;;;;
74;860;2022-10-17;682;Smith-White;2020-04-07;Push;yard;;;;
74;899;2024-02-22;642;Smith-White;2020-03-13;Fine;hundred;;;;
74;916;2020-08-18;2586;Smith-White;2020-01-11;Billion;process;;;;
75;125;2025-02-24;3549;Khan;2021-04-10;Boy;yellow;;;;
75;163;2024-12-03;3764;Khan;2020-03-04;Treat;majority;;;;
75;217;2022-06-22;2975;Khan;2020-06-14;Administration;create;;;;
75;238;2022-07-10;614;Khan;2021-10-17;Labour;party;;;;
75;312;2024-12-21;1927;Khan;2020-02-13;Sevenfold;sickle;;;;
75;459;2024-07-31;889;Khan;2020-02-01;Station;suggest;;;;
75;495;2024-10-02;4692;Khan;2020-05-06;Spring;standard;;;;
75;521;2022-12-17;957;Khan;2020-03-14;Trailer;two;;;;
75;619;2022-04-14;3945;Khan;2020-04-14;Silver;earring;;;;
75;634;2025-09-16;3307;Khan;2020-02-11;Ever;employee;;;;
75;646;2021-11-07;3643;Khan;2020-02-22;Lag;lawful;;;;
75;723;2021-03-04;2421;Khan;2020-02-05;Take;above;;;;
75;746;2021-01-29;4604;Khan;2020-04-18;Shade;chambermaid;;;;
75;899;2021-05-10;2420;Khan;2020-03-13;Fine;hundred;;;;
75;961;2022-05-15;4305;Khan;2020-02-05;Knot;flyer;;;;
76;83;2023-07-03;283;Evans PLC;2020-09-21;Past;offer;197;above;79;Impressionism
76;162;2025-01-18;2239;Evans PLC;2020-12-16;Near;faraway;197;above;79;Impressionism
76;233;2025-11-15;2657;Evans PLC;2020-02-14;Herself;water;197;above;79;Impressionism
76;279;2022-07-01;335;Evans PLC;2021-07-03;These;news;197;above;79;Impressionism
76;315;2021-06-19;3131;Evans PLC;2020-01-09;Majority;call;197;above;79;Impressionism
76;329;2020-07-24;2418;Evans PLC;2020-06-17;Hit;house;197;above;79;Impressionism
76;376;2020-04-12;3724;Evans PLC;2020-04-12;Artist;seek;197;above;79;Impressionism
76;536;2025-06-29;4726;Evans PLC;2020-03-08;Beat;factor;197;above;79;Impressionism
76;545;2020-03-03;2175;Evans PLC;2020-03-03;Yes;plant;197;above;79;Impressionism
76;550;2023-12-10;4971;Evans PLC;2020-04-24;See;empty;197;above;79;Impressionism
76;601;2023-12-23;494;Evans PLC;2022-02-07;Everybody;world;197;above;79;Impressionism
76;616;2022-06-03;1731;Evans PLC;2020-01-02;Clear;reveal;197;above;79;Impressionism
76;640;2025-11-06;4922;Evans PLC;2020-01-12;Important;yes;197;above;79;Impressionism
76;671;2020-06-20;2930;Evans PLC;2020-01-20;Bloom;flow;197;above;79;Impressionism
76;740;2021-04-29;4762;Evans PLC;2020-05-18;Side;ok;197;above;79;Impressionism
76;805;2026-02-17;2626;Evans PLC;2022-06-12;Begin;company;197;above;79;Impressionism
76;813;2022-01-30;1687;Evans PLC;2020-09-22;Electrify;chemical;197;above;79;Impressionism
76;919;2022-07-27;567;Evans PLC;2020-06-04;Low;word;197;above;79;Impressionism
76;949;2023-08-01;644;Evans PLC;2021-06-25;Fight;agent;197;above;79;Impressionism
77;111;2025-04-04;4370;Spencer-Rivera;2020-04-25;Empty;forgotten;;;;
77;182;2025-10-28;2793;Spencer-Rivera;2020-10-27;Old;top;;;;
77;230;2022-07-22;2356;Spencer-Rivera;2020-07-26;That;there;;;;
77;241;2022-11-21;3963;Spencer-Rivera;2021-06-10;Clearly;serious;;;;
77;421;2020-08-20;4889;Spencer-Rivera;2020-03-27;Top;finally;;;;
77;463;2026-01-16;2966;Spencer-Rivera;2020-03-25;Money;rate;;;;
77;508;2025-02-21;1064;Spencer-Rivera;2020-12-12;Daughter;board;;;;
77;535;2020-07-22;2245;Spencer-Rivera;2020-04-05;Feeling;red;;;;
77;544;2026-02-05;1824;Spencer-Rivera;2020-09-24;He;two;;;;
77;608;2021-04-02;3682;Spencer-Rivera;2020-05-15;Hard;prepare;;;;
77;676;2022-07-17;1990;Spencer-Rivera;2020-12-11;Manage;same;;;;
77;686;2025-01-14;2383;Spencer-Rivera;2020-10-10;Human;vote;;;;
77;775;2023-02-22;3835;Spencer-Rivera;2021-12-27;No;end;;;;
77;894;2020-09-11;3566;Spencer-Rivera;2020-09-11;Scientist;tax;;;;
77;899;2022-02-27;2370;Spencer-Rivera;2020-03-13;Fine;hundred;;;;
77;927;2021-04-16;442;Spencer-Rivera;2020-03-02;English;imaginable;;;;
77;979;2025-11-21;2808;Spencer-Rivera;2021-01-08;Row;person;;;;
77;980;2022-10-18;2878;Spencer-Rivera;2020-04-22;Meeting;who;;;;
78;23;2024-04-07;713;Rodriguez-Chapman;2020-02-02;These;and;;;;
78;140;2021-03-11;3167;Rodriguez-Chapman;2021-03-11;Strategy;cover;;;;
78;163;2020-03-04;2382;Rodriguez-Chapman;2020-03-04;Treat;majority;;;;
78;171;2020-01-06;3424;Rodriguez-Chapman;2020-01-06;Repress;cage;;;;
78;251;2024-09-21;2182;Rodriguez-Chapman;2020-01-13;Establish;green;;;;
78;299;2023-10-04;3326;Rodriguez-Chapman;2021-03-01;Answer;hard;;;;
78;344;2024-04-12;4963;Rodriguez-Chapman;2020-11-09;Drawer;monkey;;;;
78;379;2021-05-14;1766;Rodriguez-Chapman;2020-01-31;Learn;husband;;;;
78;408;2020-02-27;503;Rodriguez-Chapman;2020-02-27;Color;really;;;;
78;435;2025-05-21;884;Rodriguez-Chapman;2021-01-21;Sunset;sail;;;;
78;507;2022-12-25;4169;Rodriguez-Chapman;2020-05-07;Own;line;;;;
78;578;2020-06-30;1275;Rodriguez-Chapman;2020-03-10;Stomp;techno;;;;
78;615;2024-11-23;1154;Rodriguez-Chapman;2020-03-16;Unit;area;;;;
78;702;2021-07-15;4812;Rodriguez-Chapman;2020-01-23;He;desCribe;;;;
78;758;2021-01-16;2156;Rodriguez-Chapman;2021-01-16;Tape;chesnut;;;;
78;782;2025-11-25;726;Rodriguez-Chapman;2021-07-15;Success;despite;;;;
78;821;2020-09-30;1829;Rodriguez-Chapman;2020-07-31;Dog;decide;;;;
78;903;2025-11-08;2168;Rodriguez-Chapman;2020-05-02;Admit;create;;;;
79;17;2026-02-02;4579;Nichols;2020-01-19;Elder;deletion;;;;
79;36;2023-09-16;4082;Nichols;2020-10-29;General;body;;;;
79;38;2022-01-03;4233;Nichols;2020-05-06;Land;great;;;;
79;43;2025-08-07;3391;Nichols;2020-10-01;Range;specific;;;;
79;80;2022-06-25;2632;Nichols;2020-03-29;Repetition;work;;;;
79;151;2025-07-12;2108;Nichols;2020-09-14;Risk;picture;;;;
79;254;2024-12-14;3862;Nichols;2021-12-13;Human;because;;;;
79;278;2026-02-02;3847;Nichols;2020-03-01;Permian;perky;;;;
79;282;2021-02-05;4314;Nichols;2020-05-05;Riot;ripen;;;;
79;425;2023-06-11;268;Nichols;2020-06-25;Boots;held;;;;
79;445;2023-02-07;624;Nichols;2020-06-26;Measure;skin;;;;
79;548;2021-05-29;4988;Nichols;2020-03-31;Cooperate;operate;;;;
79;548;2023-04-07;3967;Nichols;2020-03-31;Cooperate;operate;;;;
79;670;2020-03-01;4899;Nichols;2020-03-01;Yellow;dress;;;;
79;787;2022-04-05;3433;Nichols;2021-02-06;Struggle;charge;;;;
79;851;2021-11-07;1681;Nichols;2020-01-12;Simple;itself;;;;
79;853;2023-06-29;3307;Nichols;2020-03-17;Office;eye;;;;
79;860;2020-10-01;3503;Nichols;2020-04-07;Push;yard;;;;
79;878;2022-02-16;2615;Nichols;2020-07-08;Box;newspaper;;;;
79;969;2023-04-17;1405;Nichols;2020-02-10;Request;Pedestrian;;;;
80;49;2022-10-13;4871;Medina;2020-05-21;Fill;this;;;;
80;108;2022-06-02;3146;Medina;2020-04-07;Continue;space;;;;
80;113;2024-12-15;772;Medina;2020-12-30;Feel;simply;;;;
80;130;2022-12-13;3262;Medina;2020-08-02;Morning;real;;;;
80;138;2021-05-31;943;Medina;2021-05-31;Kind;choose;;;;
80;140;2023-11-12;2816;Medina;2021-03-11;Strategy;cover;;;;
80;208;2023-03-21;4926;Medina;2020-02-23;Wheal;wheel;;;;
80;306;2025-06-11;705;Medina;2020-04-22;Seventy;setback;;;;
80;312;2025-01-24;144;Medina;2020-02-13;Sevenfold;sickle;;;;
80;351;2022-11-14;2305;Medina;2020-02-15;Identify;section;;;;
80;397;2024-12-04;955;Medina;2020-09-11;Snake;november;;;;
80;426;2021-01-11;1815;Medina;2021-01-11;Little;finger;;;;
80;498;2021-07-08;283;Medina;2020-04-26;Wine;up;;;;
80;521;2021-04-04;3480;Medina;2020-03-14;Trailer;two;;;;
80;552;2020-08-10;1841;Medina;2020-08-10;Lead;message;;;;
80;892;2022-04-21;918;Medina;2020-07-15;Unexpect;inject;;;;
80;895;2024-06-21;2469;Medina;2020-01-15;Eye;husband;;;;
80;912;2024-01-08;3460;Medina;2020-09-10;Cut;young;;;;
80;930;2023-01-25;1717;Medina;2020-02-01;Toil;scheme;;;;
80;945;2024-01-02;4939;Medina;2020-04-15;Manual;trick;;;;
80;963;2025-02-09;1797;Medina;2020-07-22;Food;thousand;;;;
81;25;2024-05-08;3709;Green LLC;2022-09-04;Upon;sport;;;;
81;55;2024-02-06;1588;Green LLC;2020-04-15;Sun;star;;;;
81;75;2020-12-06;1490;Green LLC;2020-02-17;Surface;throughout;;;;
81;160;2021-11-03;1617;Green LLC;2020-06-12;Style;shoulder;;;;
81;222;2020-11-26;3343;Green LLC;2020-11-26;Aware;award;;;;
81;225;2024-12-22;1237;Green LLC;2020-01-30;Book;quality;;;;
81;252;2023-03-04;1806;Green LLC;2021-10-16;Clear;clearly;;;;
81;252;2025-04-13;2593;Green LLC;2021-10-16;Clear;clearly;;;;
81;322;2025-02-06;3953;Green LLC;2023-01-22;Medicin;italian;;;;
81;346;2020-09-30;263;Green LLC;2020-07-15;Yard;member;;;;
81;428;2024-09-04;409;Green LLC;2020-03-03;Me;across;;;;
81;435;2025-10-17;2822;Green LLC;2021-01-21;Sunset;sail;;;;
81;443;2020-05-01;4518;Green LLC;2020-05-01;How;such;;;;
81;444;2020-12-29;3128;Green LLC;2020-03-12;Development;despite;;;;
81;466;2024-02-15;4069;Green LLC;2020-02-29;Hot;computer;;;;
81;511;2021-04-29;3893;Green LLC;2020-07-07;Either;much;;;;
81;537;2022-10-05;1375;Green LLC;2020-04-07;Cost;outside;;;;
81;561;2023-10-21;3370;Green LLC;2021-04-14;Splinter;winter;;;;
81;643;2025-02-09;1487;Green LLC;2020-05-31;Term;example;;;;
81;679;2020-11-10;801;Green LLC;2020-04-27;Word;hard;;;;
81;686;2024-07-22;1404;Green LLC;2020-10-10;Human;vote;;;;
81;743;2023-04-17;483;Green LLC;2020-07-21;Section;partner;;;;
81;759;2024-12-23;4335;Green LLC;2020-12-04;Once;deep;;;;
81;765;2020-12-27;752;Green LLC;2020-11-08;Song;anyone;;;;
81;789;2025-01-02;2116;Green LLC;2020-04-07;Dinner;upon;;;;
81;818;2025-10-16;2928;Green LLC;2020-01-31;Though;difficult;;;;
81;913;2025-06-27;1989;Green LLC;2020-07-08;Wise;artifact;;;;
81;921;2024-05-23;1334;Green LLC;2020-02-13;Local;often;;;;
81;935;2025-08-19;830;Green LLC;2020-11-13;Part;quality;;;;
81;947;2024-04-20;4178;Green LLC;2020-06-13;Quite;last;;;;
81;959;2025-02-20;537;Green LLC;2020-05-20;Their;read;;;;
82;87;2026-01-13;3840;Li-Harris;2020-02-02;Responsibility;dream;;;;
82;114;2023-06-10;3832;Li-Harris;2020-06-18;Sport;throw;;;;
82;186;2023-06-08;175;Li-Harris;2020-07-09;Congress;song;;;;
82;188;2023-11-04;3146;Li-Harris;2020-12-31;Post;communication;;;;
82;249;2021-03-04;3242;Li-Harris;2020-05-25;Member;skin;;;;
82;280;2023-03-16;2517;Li-Harris;2020-01-23;Agree;participant;;;;
82;318;2020-07-01;4077;Li-Harris;2020-07-01;Ardour;argentine;;;;
82;376;2022-01-06;2578;Li-Harris;2020-04-12;Artist;seek;;;;
82;398;2020-12-16;4488;Li-Harris;2020-01-06;Authority;treatment;;;;
82;442;2020-08-29;2023;Li-Harris;2020-08-29;Less;picturing;;;;
82;453;2020-03-21;2515;Li-Harris;2020-02-26;Her;beautiful;;;;
82;462;2021-07-18;1654;Li-Harris;2020-02-09;Group;carry;;;;
82;668;2023-11-04;1918;Li-Harris;2020-08-17;League;marquis;;;;
82;691;2020-12-24;2575;Li-Harris;2020-11-06;Rate;ground;;;;
82;709;2023-04-22;1920;Li-Harris;2020-03-23;Improve;fact;;;;
82;710;2024-05-14;1497;Li-Harris;2020-06-11;Mister;mow;;;;
82;711;2021-06-02;4631;Li-Harris;2021-04-21;Naught;necessary;;;;
82;773;2023-04-04;4129;Li-Harris;2020-04-22;Topic;wax;;;;
82;801;2023-09-07;3451;Li-Harris;2020-04-08;Best;apply;;;;
82;808;2023-01-04;4458;Li-Harris;2020-03-21;Ahead;whose;;;;
82;838;2020-10-24;870;Li-Harris;2020-02-09;Wanting;fail;;;;
82;841;2023-09-08;480;Li-Harris;2020-08-05;Old;investment;;;;
82;889;2020-10-23;4088;Li-Harris;2020-10-23;Yard;white;;;;
83;39;2025-10-19;1262;Hardin-Murray;2020-02-27;Amaze;rock;;;;
83;71;2022-01-04;3680;Hardin-Murray;2020-04-04;Bank;standard;;;;
83;157;2020-04-04;1831;Hardin-Murray;2020-03-03;Receive;eccentric;;;;
83;166;2021-12-23;1047;Hardin-Murray;2020-10-25;Director;feel;;;;
83;166;2022-05-30;2898;Hardin-Murray;2020-10-25;Director;feel;;;;
83;189;2024-05-21;2216;Hardin-Murray;2020-11-11;Toward;station;;;;
83;225;2021-01-13;1888;Hardin-Murray;2020-01-30;Book;quality;;;;
83;303;2024-06-29;768;Hardin-Murray;2020-10-05;Protocol;seventh;;;;
83;342;2024-02-13;2815;Hardin-Murray;2020-09-09;Words;argon;;;;
83;420;2021-08-25;1357;Hardin-Murray;2021-08-25;With;you;;;;
83;486;2025-07-08;1964;Hardin-Murray;2020-12-28;Try;sell;;;;
83;597;2024-11-18;2298;Hardin-Murray;2021-06-13;Radio;to;;;;
83;638;2024-01-21;4412;Hardin-Murray;2020-03-19;My;authority;;;;
83;660;2021-01-10;3791;Hardin-Murray;2021-01-10;Leaf;leaflet;;;;
83;779;2023-08-31;2914;Hardin-Murray;2020-02-13;Whole;street;;;;
83;783;2024-07-31;2747;Hardin-Murray;2020-06-06;Withered;class;;;;
83;789;2021-09-27;4443;Hardin-Murray;2020-04-07;Dinner;upon;;;;
83;798;2021-08-22;2843;Hardin-Murray;2021-08-11;Cruel;goofy;;;;
83;820;2021-02-04;2503;Hardin-Murray;2020-03-16;Red;probably;;;;
83;840;2020-03-14;2929;Hardin-Murray;2020-03-14;Consider;people;;;;
83;850;2025-06-20;4829;Hardin-Murray;2020-02-04;Four;travel;;;;
84;287;2021-05-05;335;Alvarado;2020-05-28;Budget;understand;;;;
84;331;2025-10-15;4307;Alvarado;2020-02-23;Hope;technology;;;;
84;343;2020-09-27;2026;Alvarado;2020-01-12;Nickle;table;;;;
84;363;2023-06-20;3757;Alvarado;2020-04-20;Her;foreign;;;;
84;386;2024-02-22;1459;Alvarado;2020-08-02;Test;nothing;;;;
84;387;2024-05-11;4725;Alvarado;2020-09-24;Teacher;contain;;;;
84;461;2025-08-29;700;Alvarado;2020-11-03;Issue;one;;;;
84;472;2021-08-03;3726;Alvarado;2020-06-30;Senior;reality;;;;
84;487;2023-07-18;2300;Alvarado;2020-07-17;Become;heavy;;;;
84;507;2021-11-18;2135;Alvarado;2020-05-07;Own;line;;;;
84;523;2025-08-08;857;Alvarado;2020-03-19;Base;remember;;;;
84;563;2024-10-24;396;Alvarado;2020-05-18;Exam;sent;;;;
84;687;2024-04-09;465;Alvarado;2020-04-27;Many;where;;;;
84;788;2022-04-14;453;Alvarado;2021-08-07;Throughout;popular;;;;
84;802;2025-11-25;4733;Alvarado;2020-02-18;Hard;cost;;;;
84;887;2025-07-27;1279;Alvarado;2021-01-03;Away;bill;;;;
84;905;2023-08-12;1279;Alvarado;2020-01-19;Future;build;;;;
84;953;2020-09-03;2893;Alvarado;2020-09-03;Involve;interest;;;;
85;7;2023-03-01;4756;Hill Group;2020-01-27;Hair;relate;122;apply;366;Development and Cultural Studies
85;25;2023-01-01;919;Hill Group;2022-09-04;Upon;sport;122;apply;366;Development and Cultural Studies
85;46;2022-06-26;718;Hill Group;2021-01-26;Authority;artist;122;apply;366;Development and Cultural Studies
85;120;2021-10-30;4695;Hill Group;2021-03-13;Follow;democratic;122;apply;366;Development and Cultural Studies
85;157;2021-07-20;2794;Hill Group;2020-03-03;Receive;eccentric;122;apply;366;Development and Cultural Studies
85;200;2021-04-20;3427;Hill Group;2021-02-23;Produce;significant;122;apply;366;Development and Cultural Studies
85;249;2021-12-01;812;Hill Group;2020-05-25;Member;skin;122;apply;366;Development and Cultural Studies
85;277;2020-11-10;183;Hill Group;2020-11-10;July;map;122;apply;366;Development and Cultural Studies
85;293;2024-02-22;4922;Hill Group;2020-10-14;Ripen;rioter;122;apply;366;Development and Cultural Studies
85;298;2024-09-27;3701;Hill Group;2021-01-15;Flamenco;december;122;apply;366;Development and Cultural Studies
85;301;2024-09-02;4632;Hill Group;2020-11-30;Image;TV;122;apply;366;Development and Cultural Studies
85;427;2023-01-08;1707;Hill Group;2021-02-05;Endless;got;122;apply;366;Development and Cultural Studies
85;488;2025-08-29;1562;Hill Group;2020-07-24;Street;its;122;apply;366;Development and Cultural Studies
85;539;2025-12-03;4106;Hill Group;2020-03-04;After;policy;122;apply;366;Development and Cultural Studies
85;601;2023-01-16;4700;Hill Group;2022-02-07;Everybody;world;122;apply;366;Development and Cultural Studies
85;615;2020-12-26;2548;Hill Group;2020-03-16;Unit;area;122;apply;366;Development and Cultural Studies
85;618;2024-05-06;2324;Hill Group;2020-06-27;Gold;necklace;122;apply;366;Development and Cultural Studies
85;647;2021-06-29;422;Hill Group;2020-01-05;Maintain;coach;122;apply;366;Development and Cultural Studies
85;656;2024-07-15;2241;Hill Group;2020-12-30;Person;yourself;122;apply;366;Development and Cultural Studies
85;673;2023-02-13;1963;Hill Group;2021-08-18;If;need;122;apply;366;Development and Cultural Studies
85;754;2023-12-13;3592;Hill Group;2020-08-30;That;country;122;apply;366;Development and Cultural Studies
85;828;2024-04-03;3944;Hill Group;2021-01-27;Above;five;122;apply;366;Development and Cultural Studies
85;857;2020-12-13;1343;Hill Group;2020-03-06;Operation;close;122;apply;366;Development and Cultural Studies
85;922;2023-08-25;235;Hill Group;2020-04-29;Price;threat;122;apply;366;Development and Cultural Studies
85;959;2021-02-09;2715;Hill Group;2020-05-20;Their;read;122;apply;366;Development and Cultural Studies
86;109;2023-05-31;818;Meadows PLC;2020-07-10;Media;purpose;126;service;101;Renaissance
86;136;2022-04-17;222;Meadows PLC;2020-08-22;Reason;early;126;service;101;Renaissance
86;153;2022-06-23;1771;Meadows PLC;2020-03-14;What;out;126;service;101;Renaissance
86;169;2022-02-20;1666;Meadows PLC;2021-07-04;Through;military;126;service;101;Renaissance
86;176;2024-04-13;1808;Meadows PLC;2020-05-08;Hug;muddle;126;service;101;Renaissance
86;214;2025-01-25;1133;Meadows PLC;2020-03-26;Moment;cut;126;service;101;Renaissance
86;265;2023-08-01;2626;Meadows PLC;2020-02-24;Third;girl;126;service;101;Renaissance
86;292;2023-04-24;668;Meadows PLC;2020-03-27;Card;rich;126;service;101;Renaissance
86;326;2021-01-18;1424;Meadows PLC;2020-01-31;Hot;film;126;service;101;Renaissance
86;522;2025-02-20;1769;Meadows PLC;2020-01-30;Laugh;else;126;service;101;Renaissance
86;538;2025-06-10;1333;Meadows PLC;2020-12-02;Particularly;group;126;service;101;Renaissance
86;575;2024-12-09;403;Meadows PLC;2021-09-09;Report;notice;126;service;101;Renaissance
86;577;2023-06-27;606;Meadows PLC;2021-06-10;Strong;seek;126;service;101;Renaissance
86;688;2024-06-28;1077;Meadows PLC;2020-06-02;Skin;player;126;service;101;Renaissance
86;822;2025-08-24;4691;Meadows PLC;2020-03-09;Issue;in;126;service;101;Renaissance
86;839;2021-09-24;2413;Meadows PLC;2021-08-21;General;growth;126;service;101;Renaissance
86;880;2024-09-17;1031;Meadows PLC;2020-08-21;Rock;season;126;service;101;Renaissance
86;938;2025-09-29;4955;Meadows PLC;2021-08-25;American;but;126;service;101;Renaissance
86;978;2022-11-18;3726;Meadows PLC;2021-07-05;Listen;nature;126;service;101;Renaissance
87;15;2025-03-14;221;Fields;2021-04-01;Rib;lorde;;;;
87;177;2021-04-21;563;Fields;2021-04-21;Second;actually;;;;
87;222;2022-06-03;841;Fields;2020-11-26;Aware;award;;;;
87;323;2025-02-20;219;Fields;2020-01-04;Long;serve;;;;
87;335;2020-03-03;756;Fields;2020-03-03;Construct;tennis;;;;
87;359;2023-12-12;2307;Fields;2020-09-18;Like;view;;;;
87;364;2022-05-29;3615;Fields;2020-05-25;Despite;church;;;;
87;391;2021-05-21;3850;Fields;2020-02-02;Off;meet;;;;
87;484;2022-04-25;4221;Fields;2020-03-25;Maybe;possible;;;;
87;528;2021-03-23;4354;Fields;2021-03-23;Created;monster;;;;
87;585;2021-10-21;330;Fields;2020-06-21;Opportunity;ok;;;;
87;686;2023-07-22;2338;Fields;2020-10-10;Human;vote;;;;
87;693;2024-05-31;4281;Fields;2021-03-05;Nothing;traditional;;;;
87;774;2024-10-12;926;Fields;2021-12-13;Start;area;;;;
87;991;2021-06-22;576;Fields;2020-08-23;Most;today;;;;
87;991;2025-11-10;3649;Fields;2020-08-23;Most;today;;;;
88;39;2023-02-22;1326;Martinez-Schmidt;2020-02-27;Amaze;rock;39;hold;54;Urban Culture
88;39;2023-02-22;1326;Martinez-Schmidt;2020-02-27;Amaze;rock;32;western;79;Impressionism
88;49;2020-05-21;1387;Martinez-Schmidt;2020-05-21;Fill;this;39;hold;54;Urban Culture
88;49;2020-05-21;1387;Martinez-Schmidt;2020-05-21;Fill;this;32;western;79;Impressionism
88;63;2023-10-05;3676;Martinez-Schmidt;2020-02-18;Blue;sky;39;hold;54;Urban Culture
88;63;2023-10-05;3676;Martinez-Schmidt;2020-02-18;Blue;sky;32;western;79;Impressionism
88;119;2025-03-22;3523;Martinez-Schmidt;2020-03-31;Although;bring;39;hold;54;Urban Culture
88;119;2025-03-22;3523;Martinez-Schmidt;2020-03-31;Although;bring;32;western;79;Impressionism
88;124;2020-08-18;321;Martinez-Schmidt;2020-08-18;Friend;prevent;39;hold;54;Urban Culture
88;124;2020-08-18;321;Martinez-Schmidt;2020-08-18;Friend;prevent;32;western;79;Impressionism
88;140;2023-02-08;1057;Martinez-Schmidt;2021-03-11;Strategy;cover;39;hold;54;Urban Culture
88;140;2023-02-08;1057;Martinez-Schmidt;2021-03-11;Strategy;cover;32;western;79;Impressionism
88;146;2021-11-11;2083;Martinez-Schmidt;2021-11-06;Choose;vote;39;hold;54;Urban Culture
88;146;2021-11-11;2083;Martinez-Schmidt;2021-11-06;Choose;vote;32;western;79;Impressionism
88;235;2023-08-13;2109;Martinez-Schmidt;2021-04-01;Down;him;39;hold;54;Urban Culture
88;235;2023-08-13;2109;Martinez-Schmidt;2021-04-01;Down;him;32;western;79;Impressionism
88;258;2024-09-14;146;Martinez-Schmidt;2021-04-12;Enough;buy;39;hold;54;Urban Culture
88;258;2024-09-14;146;Martinez-Schmidt;2021-04-12;Enough;buy;32;western;79;Impressionism
88;269;2023-06-28;3027;Martinez-Schmidt;2020-03-02;But;leg;39;hold;54;Urban Culture
88;269;2023-06-28;3027;Martinez-Schmidt;2020-03-02;But;leg;32;western;79;Impressionism
88;280;2020-12-06;2501;Martinez-Schmidt;2020-01-23;Agree;participant;39;hold;54;Urban Culture
88;280;2020-12-06;2501;Martinez-Schmidt;2020-01-23;Agree;participant;32;western;79;Impressionism
88;309;2023-04-06;877;Martinez-Schmidt;2020-12-25;Wear;radio;39;hold;54;Urban Culture
88;309;2023-04-06;877;Martinez-Schmidt;2020-12-25;Wear;radio;32;western;79;Impressionism
88;323;2020-02-26;4704;Martinez-Schmidt;2020-01-04;Long;serve;39;hold;54;Urban Culture
88;323;2020-02-26;4704;Martinez-Schmidt;2020-01-04;Long;serve;32;western;79;Impressionism
88;405;2023-12-05;4432;Martinez-Schmidt;2020-06-22;Time;sing;39;hold;54;Urban Culture
88;405;2023-12-05;4432;Martinez-Schmidt;2020-06-22;Time;sing;32;western;79;Impressionism
88;423;2025-04-02;506;Martinez-Schmidt;2020-10-08;Arabella;interstellar;39;hold;54;Urban Culture
88;423;2025-04-02;506;Martinez-Schmidt;2020-10-08;Arabella;interstellar;32;western;79;Impressionism
88;484;2020-12-21;252;Martinez-Schmidt;2020-03-25;Maybe;possible;39;hold;54;Urban Culture
88;484;2020-12-21;252;Martinez-Schmidt;2020-03-25;Maybe;possible;32;western;79;Impressionism
88;492;2020-04-01;4307;Martinez-Schmidt;2020-04-01;Staff;treatment;39;hold;54;Urban Culture
88;492;2020-04-01;4307;Martinez-Schmidt;2020-04-01;Staff;treatment;32;western;79;Impressionism
88;532;2024-01-15;687;Martinez-Schmidt;2020-11-23;Time;town;39;hold;54;Urban Culture
88;532;2024-01-15;687;Martinez-Schmidt;2020-11-23;Time;town;32;western;79;Impressionism
88;702;2020-11-02;4968;Martinez-Schmidt;2020-01-23;He;desCribe;39;hold;54;Urban Culture
88;702;2020-11-02;4968;Martinez-Schmidt;2020-01-23;He;desCribe;32;western;79;Impressionism
88;705;2024-12-03;3998;Martinez-Schmidt;2020-01-16;North;door;39;hold;54;Urban Culture
88;705;2024-12-03;3998;Martinez-Schmidt;2020-01-16;North;door;32;western;79;Impressionism
88;739;2023-11-10;1207;Martinez-Schmidt;2020-04-01;Pull;beautiful;39;hold;54;Urban Culture
88;739;2023-11-10;1207;Martinez-Schmidt;2020-04-01;Pull;beautiful;32;western;79;Impressionism
88;772;2024-05-17;4066;Martinez-Schmidt;2020-02-02;Fish;form;39;hold;54;Urban Culture
88;772;2024-05-17;4066;Martinez-Schmidt;2020-02-02;Fish;form;32;western;79;Impressionism
88;848;2021-01-22;854;Martinez-Schmidt;2020-04-28;Piece;particularly;39;hold;54;Urban Culture
88;848;2021-01-22;854;Martinez-Schmidt;2020-04-28;Piece;particularly;32;western;79;Impressionism
88;901;2020-07-26;4465;Martinez-Schmidt;2020-04-07;Cabin;unwise;39;hold;54;Urban Culture
88;901;2020-07-26;4465;Martinez-Schmidt;2020-04-07;Cabin;unwise;32;western;79;Impressionism
88;940;2023-12-29;3816;Martinez-Schmidt;2020-08-08;Natural;wind;39;hold;54;Urban Culture
88;940;2023-12-29;3816;Martinez-Schmidt;2020-08-08;Natural;wind;32;western;79;Impressionism
89;50;2020-08-20;1274;Craig Ltd;2020-01-01;Book;difference;;;;
89;127;2024-05-11;2401;Craig Ltd;2020-08-14;Wait;show;;;;
89;129;2023-01-27;3334;Craig Ltd;2020-01-12;Montain;dew;;;;
89;148;2021-08-10;637;Craig Ltd;2020-01-12;Pm;successful;;;;
89;167;2024-07-14;1998;Craig Ltd;2020-04-15;Happy;land;;;;
89;202;2024-11-06;4909;Craig Ltd;2020-10-20;Number;news;;;;
89;342;2021-08-26;2647;Craig Ltd;2020-09-09;Words;argon;;;;
89;431;2025-05-03;4691;Craig Ltd;2020-04-03;Appear;agency;;;;
89;556;2021-04-02;3391;Craig Ltd;2020-03-08;Prisioners;airway;;;;
89;603;2022-04-01;1071;Craig Ltd;2020-06-05;Golf;racket;;;;
89;672;2025-08-02;3992;Craig Ltd;2020-01-03;Once;yeah;;;;
89;699;2022-03-03;1615;Craig Ltd;2020-02-04;Championship;mender;;;;
89;759;2021-09-24;3111;Craig Ltd;2020-12-04;Once;deep;;;;
89;773;2022-12-17;4761;Craig Ltd;2020-04-22;Topic;wax;;;;
89;941;2020-01-29;1625;Craig Ltd;2020-01-29;However;require;;;;
89;944;2022-12-09;3907;Craig Ltd;2020-01-03;Sort;stage;;;;
89;982;2021-06-01;2946;Craig Ltd;2021-01-25;Operation;time;;;;
90;273;2021-08-12;3556;Ford;2020-01-13;Doctor;admit;;;;
90;419;2025-05-02;2778;Ford;2020-07-13;To;get;;;;
90;434;2020-11-10;2462;Ford;2020-06-04;Fall;huge;;;;
90;502;2021-09-04;2004;Ford;2020-10-13;Yours;pretty;;;;
90;507;2025-03-22;4959;Ford;2020-05-07;Own;line;;;;
90;568;2021-10-10;1951;Ford;2020-03-06;Prepare;great;;;;
90;584;2024-11-14;3143;Ford;2020-03-25;Fish;sea;;;;
90;635;2024-07-03;3088;Ford;2021-06-02;Wild;freeing;;;;
90;645;2024-07-22;833;Ford;2020-04-29;Floret;arsenic;;;;
90;647;2023-05-29;4003;Ford;2020-01-05;Maintain;coach;;;;
90;730;2024-05-14;3335;Ford;2020-06-15;Gin;bleach;;;;
90;786;2022-02-09;1909;Ford;2020-05-06;Move;dream;;;;
90;804;2025-04-03;134;Ford;2020-03-05;Cartoon;wear;;;;
90;868;2022-02-17;3665;Ford;2020-06-06;Egg;swarm;;;;
90;881;2024-06-17;4788;Ford;2020-12-13;Tendril;gossip;;;;
90;886;2024-04-21;4061;Ford;2020-10-15;Some;street;;;;
90;913;2024-09-01;3570;Ford;2020-07-08;Wise;artifact;;;;
90;917;2024-04-08;2760;Ford;2020-05-25;Artificial;insensitive;;;;
90;950;2020-03-17;1022;Ford;2020-03-17;Manuvre;gunpoint;;;;
90;955;2024-04-12;3604;Ford;2020-02-13;Recollection;sugary;;;;
91;28;2026-02-03;4647;Grant-Ortiz;2020-01-04;What;field;;;;
91;38;2024-05-04;4508;Grant-Ortiz;2020-05-06;Land;great;;;;
91;114;2024-10-01;3802;Grant-Ortiz;2020-06-18;Sport;throw;;;;
91;147;2023-09-13;2426;Grant-Ortiz;2020-01-24;Echo;chamber;;;;
91;259;2024-03-20;793;Grant-Ortiz;2020-06-20;Picture;build;;;;
91;324;2021-03-18;4703;Grant-Ortiz;2020-04-11;Daughter;radio;;;;
91;343;2020-01-12;4933;Grant-Ortiz;2020-01-12;Nickle;table;;;;
91;399;2025-01-30;383;Grant-Ortiz;2020-09-09;Home;difficult;;;;
91;473;2021-05-14;3997;Grant-Ortiz;2020-07-24;Not;as;;;;
91;483;2025-03-08;3410;Grant-Ortiz;2021-07-10;Line;than;;;;
91;484;2025-12-01;4405;Grant-Ortiz;2020-03-25;Maybe;possible;;;;
91;542;2025-08-14;3806;Grant-Ortiz;2020-04-25;Yeah;base;;;;
91;578;2022-08-22;1026;Grant-Ortiz;2020-03-10;Stomp;techno;;;;
91;582;2025-02-18;479;Grant-Ortiz;2020-08-05;Adult;mean;;;;
91;756;2022-08-16;4940;Grant-Ortiz;2020-04-15;Audience;election;;;;
91;770;2023-08-06;575;Grant-Ortiz;2020-12-06;Use;reach;;;;
91;778;2020-03-09;3523;Grant-Ortiz;2020-03-09;Friend;do;;;;
91;785;2025-06-08;3675;Grant-Ortiz;2020-05-28;Entire;close;;;;
91;861;2025-03-06;4708;Grant-Ortiz;2020-01-12;Safe;every;;;;
91;966;2024-03-27;2250;Grant-Ortiz;2021-02-14;Palm;stack;;;;
92;24;2024-10-29;4229;Whitehead-Arellano;2021-11-19;Cut;similar;;;;
92;35;2023-07-07;1549;Whitehead-Arellano;2020-12-30;Record;fund;;;;
92;93;2024-11-14;1583;Whitehead-Arellano;2021-04-27;Painting;away;;;;
92;245;2023-10-08;4008;Whitehead-Arellano;2020-01-08;Mill;run;;;;
92;261;2020-10-31;4055;Whitehead-Arellano;2020-02-02;Marathon;mark;;;;
92;283;2021-03-26;2864;Whitehead-Arellano;2020-03-26;Nature;rise;;;;
92;325;2021-06-06;1567;Whitehead-Arellano;2020-12-04;Management;defense;;;;
92;377;2023-04-05;2562;Whitehead-Arellano;2020-04-25;Performance;state;;;;
92;409;2022-10-26;2553;Whitehead-Arellano;2021-04-09;Public;he;;;;
92;434;2021-09-04;4830;Whitehead-Arellano;2020-06-04;Fall;huge;;;;
92;464;2021-12-25;1782;Whitehead-Arellano;2020-05-01;Ground;happen;;;;
92;479;2020-01-28;2900;Whitehead-Arellano;2020-01-28;Foreign;ciao;;;;
92;552;2025-04-27;398;Whitehead-Arellano;2020-08-10;Lead;message;;;;
92;553;2025-01-07;4629;Whitehead-Arellano;2020-12-20;Claim;news;;;;
92;589;2020-07-13;1321;Whitehead-Arellano;2020-07-13;Necessary;far;;;;
92;621;2020-09-15;2254;Whitehead-Arellano;2020-09-15;Countess;title;;;;
92;645;2021-07-21;2071;Whitehead-Arellano;2020-04-29;Floret;arsenic;;;;
92;650;2020-08-13;2030;Whitehead-Arellano;2020-05-07;Perform;entire;;;;
92;753;2025-11-20;3899;Whitehead-Arellano;2020-02-17;Mr;clearly;;;;
92;907;2024-05-10;2223;Whitehead-Arellano;2020-03-22;Public;change;;;;
92;925;2020-04-15;440;Whitehead-Arellano;2020-04-15;Society;ingredient;;;;
93;6;2024-07-05;1291;Harper Group;2020-04-23;Million;attack;;;;
93;202;2022-11-10;1162;Harper Group;2020-10-20;Number;news;;;;
93;300;2025-11-10;2476;Harper Group;2020-05-04;January;sally;;;;
93;323;2025-09-23;1128;Harper Group;2020-01-04;Long;serve;;;;
93;334;2023-11-26;1736;Harper Group;2022-01-29;Build;term;;;;
93;386;2025-03-29;1329;Harper Group;2020-08-02;Test;nothing;;;;
93;436;2021-05-08;1053;Harper Group;2020-05-13;Whatever;every;;;;
93;444;2021-03-16;2095;Harper Group;2020-03-12;Development;despite;;;;
93;445;2021-01-20;4805;Harper Group;2020-06-26;Measure;skin;;;;
93;511;2023-02-28;3164;Harper Group;2020-07-07;Either;much;;;;
93;581;2024-10-31;4451;Harper Group;2020-05-23;Obscene;presley;;;;
93;614;2024-12-19;3759;Harper Group;2022-04-10;Majority;myself;;;;
93;696;2021-10-13;1123;Harper Group;2020-08-31;Fight;into;;;;
93;806;2025-11-15;4575;Harper Group;2021-05-14;Prevent;national;;;;
93;843;2024-05-20;1642;Harper Group;2020-05-26;Service;sense;;;;
93;866;2023-07-19;182;Harper Group;2020-08-31;Factor;physical;;;;
93;900;2021-09-19;4206;Harper Group;2021-04-05;Rule;middle;;;;
93;977;2023-08-17;2358;Harper Group;2020-06-14;Local;look;;;;
93;982;2021-06-27;2205;Harper Group;2021-01-25;Operation;time;;;;
94;34;2024-01-12;4944;Brown PLC;2021-07-02;Movie;picture;161;recent;366;Development and Cultural Studies
94;48;2023-08-13;2380;Brown PLC;2020-05-06;A;job;161;recent;366;Development and Cultural Studies
94;84;2025-09-07;111;Brown PLC;2020-07-16;She;marriage;161;recent;366;Development and Cultural Studies
94;109;2022-02-28;3911;Brown PLC;2020-07-10;Media;purpose;161;recent;366;Development and Cultural Studies
94;338;2024-07-20;556;Brown PLC;2022-06-03;Present;positive;161;recent;366;Development and Cultural Studies
94;366;2022-08-12;1029;Brown PLC;2022-06-03;Eye;Mrs;161;recent;366;Development and Cultural Studies
94;421;2020-06-04;2607;Brown PLC;2020-03-27;Top;finally;161;recent;366;Development and Cultural Studies
94;430;2023-09-27;2460;Brown PLC;2020-04-03;Recent;be;161;recent;366;Development and Cultural Studies
94;436;2021-02-02;4030;Brown PLC;2020-05-13;Whatever;every;161;recent;366;Development and Cultural Studies
94;483;2021-07-10;1481;Brown PLC;2021-07-10;Line;than;161;recent;366;Development and Cultural Studies
94;659;2022-10-30;3229;Brown PLC;2020-01-20;Table;page;161;recent;366;Development and Cultural Studies
94;672;2025-05-20;435;Brown PLC;2020-01-03;Once;yeah;161;recent;366;Development and Cultural Studies
94;887;2023-12-13;765;Brown PLC;2021-01-03;Away;bill;161;recent;366;Development and Cultural Studies
94;918;2023-01-10;3693;Brown PLC;2020-04-16;Social;iniciative;161;recent;366;Development and Cultural Studies
94;958;2022-01-26;1658;Brown PLC;2020-11-29;Mutual;musician;161;recent;366;Development and Cultural Studies
94;972;2022-12-30;3102;Brown PLC;2020-02-14;Snoop;liner;161;recent;366;Development and Cultural Studies
95;77;2023-02-11;4268;Johnson Group;2020-01-29;Help;together;26;TV;366;Development and Cultural Studies
95;77;2023-02-11;4268;Johnson Group;2020-01-29;Help;together;115;suddenly;366;Development and Cultural Studies
95;79;2024-07-11;4855;Johnson Group;2020-06-28;Worry;yard;26;TV;366;Development and Cultural Studies
95;79;2024-07-11;4855;Johnson Group;2020-06-28;Worry;yard;115;suddenly;366;Development and Cultural Studies
95;174;2020-02-02;4181;Johnson Group;2020-02-02;East;something;26;TV;366;Development and Cultural Studies
95;174;2020-02-02;4181;Johnson Group;2020-02-02;East;something;115;suddenly;366;Development and Cultural Studies
95;303;2020-10-05;3901;Johnson Group;2020-10-05;Protocol;seventh;26;TV;366;Development and Cultural Studies
95;303;2020-10-05;3901;Johnson Group;2020-10-05;Protocol;seventh;115;suddenly;366;Development and Cultural Studies
95;334;2023-10-31;1774;Johnson Group;2022-01-29;Build;term;26;TV;366;Development and Cultural Studies
95;334;2023-10-31;1774;Johnson Group;2022-01-29;Build;term;115;suddenly;366;Development and Cultural Studies
95;381;2021-05-11;1447;Johnson Group;2020-02-04;Miles;spider;26;TV;366;Development and Cultural Studies
95;381;2021-05-11;1447;Johnson Group;2020-02-04;Miles;spider;115;suddenly;366;Development and Cultural Studies
95;409;2022-09-14;3928;Johnson Group;2021-04-09;Public;he;26;TV;366;Development and Cultural Studies
95;409;2022-09-14;3928;Johnson Group;2021-04-09;Public;he;115;suddenly;366;Development and Cultural Studies
95;430;2025-01-08;187;Johnson Group;2020-04-03;Recent;be;26;TV;366;Development and Cultural Studies
95;430;2025-01-08;187;Johnson Group;2020-04-03;Recent;be;115;suddenly;366;Development and Cultural Studies
95;621;2022-10-29;3600;Johnson Group;2020-09-15;Countess;title;26;TV;366;Development and Cultural Studies
95;621;2022-10-29;3600;Johnson Group;2020-09-15;Countess;title;115;suddenly;366;Development and Cultural Studies
95;647;2025-08-25;2345;Johnson Group;2020-01-05;Maintain;coach;26;TV;366;Development and Cultural Studies
95;647;2025-08-25;2345;Johnson Group;2020-01-05;Maintain;coach;115;suddenly;366;Development and Cultural Studies
95;724;2020-02-21;4067;Johnson Group;2020-02-21;Reader;bionic;26;TV;366;Development and Cultural Studies
95;724;2020-02-21;4067;Johnson Group;2020-02-21;Reader;bionic;115;suddenly;366;Development and Cultural Studies
95;757;2026-02-01;509;Johnson Group;2021-08-15;Grey;vernacular;26;TV;366;Development and Cultural Studies
95;757;2026-02-01;509;Johnson Group;2021-08-15;Grey;vernacular;115;suddenly;366;Development and Cultural Studies
95;758;2021-06-03;2098;Johnson Group;2021-01-16;Tape;chesnut;26;TV;366;Development and Cultural Studies
95;758;2021-06-03;2098;Johnson Group;2021-01-16;Tape;chesnut;115;suddenly;366;Development and Cultural Studies
95;766;2023-04-06;947;Johnson Group;2020-04-09;Penalty;bind;26;TV;366;Development and Cultural Studies
95;766;2023-04-06;947;Johnson Group;2020-04-09;Penalty;bind;115;suddenly;366;Development and Cultural Studies
95;769;2023-04-02;3855;Johnson Group;2020-01-23;Horse;chives;26;TV;366;Development and Cultural Studies
95;769;2023-04-02;3855;Johnson Group;2020-01-23;Horse;chives;115;suddenly;366;Development and Cultural Studies
95;779;2022-06-10;3214;Johnson Group;2020-02-13;Whole;street;26;TV;366;Development and Cultural Studies
95;779;2022-06-10;3214;Johnson Group;2020-02-13;Whole;street;115;suddenly;366;Development and Cultural Studies
95;814;2025-05-18;979;Johnson Group;2020-05-03;Thrill;proud;26;TV;366;Development and Cultural Studies
95;814;2025-05-18;979;Johnson Group;2020-05-03;Thrill;proud;115;suddenly;366;Development and Cultural Studies
95;820;2024-07-17;2019;Johnson Group;2020-03-16;Red;probably;26;TV;366;Development and Cultural Studies
95;820;2024-07-17;2019;Johnson Group;2020-03-16;Red;probably;115;suddenly;366;Development and Cultural Studies
95;869;2025-08-21;3491;Johnson Group;2020-03-02;Require;herself;26;TV;366;Development and Cultural Studies
95;869;2025-08-21;3491;Johnson Group;2020-03-02;Require;herself;115;suddenly;366;Development and Cultural Studies
95;936;2024-07-07;2803;Johnson Group;2020-02-02;Reaction;fire;26;TV;366;Development and Cultural Studies
95;936;2024-07-07;2803;Johnson Group;2020-02-02;Reaction;fire;115;suddenly;366;Development and Cultural Studies
95;976;2021-03-05;4264;Johnson Group;2020-01-12;Bash;git;26;TV;366;Development and Cultural Studies
95;976;2021-03-05;4264;Johnson Group;2020-01-12;Bash;git;115;suddenly;366;Development and Cultural Studies
95;984;2020-01-04;3109;Johnson Group;2020-01-04;Treatment;stage;26;TV;366;Development and Cultural Studies
95;984;2020-01-04;3109;Johnson Group;2020-01-04;Treatment;stage;115;suddenly;366;Development and Cultural Studies
96;98;2023-03-14;777;Shaffer;2020-04-20;Recent;kind;;;;
96;246;2023-10-03;4092;Shaffer;2020-05-02;Investment;marriage;;;;
96;298;2022-06-29;2061;Shaffer;2021-01-15;Flamenco;december;;;;
96;380;2023-11-13;133;Shaffer;2020-09-08;Note;write;;;;
96;487;2020-07-17;2360;Shaffer;2020-07-17;Become;heavy;;;;
96;509;2022-05-17;4866;Shaffer;2020-06-24;Leave;bone;;;;
96;573;2021-05-19;173;Shaffer;2020-10-28;Drug;father;;;;
96;582;2026-01-13;621;Shaffer;2020-08-05;Adult;mean;;;;
96;623;2025-09-21;3357;Shaffer;2022-05-28;Economy;talker;;;;
96;669;2024-09-28;4438;Shaffer;2021-12-17;Messanger;memory;;;;
96;737;2025-06-06;3562;Shaffer;2020-02-12;Sound;and;;;;
96;818;2021-02-20;690;Shaffer;2020-01-31;Though;difficult;;;;
96;848;2024-04-28;352;Shaffer;2020-04-28;Piece;particularly;;;;
96;905;2020-05-20;1015;Shaffer;2020-01-19;Future;build;;;;
96;984;2020-06-27;4778;Shaffer;2020-01-04;Treatment;stage;;;;
97;4;2020-04-21;4213;Price;2020-04-21;Read;detail;;;;
97;25;2024-05-21;3633;Price;2022-09-04;Upon;sport;;;;
97;72;2022-07-04;4312;Price;2020-02-22;How;white;;;;
97;200;2021-02-23;2254;Price;2021-02-23;Produce;significant;;;;
97;273;2021-11-13;2442;Price;2020-01-13;Doctor;admit;;;;
97;380;2020-09-08;2465;Price;2020-09-08;Note;write;;;;
97;438;2020-03-09;3720;Price;2020-01-13;West;language;;;;
97;499;2020-04-22;4925;Price;2020-03-14;Bone;served;;;;
97;652;2021-10-04;2396;Price;2020-02-18;School;public;;;;
97;673;2021-08-18;4355;Price;2021-08-18;If;need;;;;
97;708;2022-08-13;3041;Price;2020-04-07;Wife;far;;;;
97;815;2026-01-09;3951;Price;2020-10-18;Brush;tool;;;;
97;862;2021-11-13;2393;Price;2021-11-13;Zealous;boil;;;;
97;877;2025-07-27;3665;Price;2020-01-27;Operation;safe;;;;
97;884;2022-06-06;3993;Price;2020-01-29;Bar;opportunity;;;;
98;13;2022-02-21;290;Wright;2020-01-02;Lateral;decaf;;;;
98;19;2020-05-13;1133;Wright;2020-05-13;Ever;hope;;;;
98;70;2020-10-15;1902;Wright;2020-01-15;If;set;;;;
98;80;2024-09-04;3847;Wright;2020-03-29;Repetition;work;;;;
98;177;2024-03-28;4810;Wright;2021-04-21;Second;actually;;;;
98;265;2020-04-19;939;Wright;2020-02-24;Third;girl;;;;
98;275;2024-03-05;4253;Wright;2020-04-19;June;mar;;;;
98;304;2021-07-11;3319;Wright;2021-07-11;Forth;settle;;;;
98;368;2025-11-10;2472;Wright;2020-01-07;Any;important;;;;
98;432;2020-03-28;3439;Wright;2020-03-28;Reality;dip;;;;
98;450;2025-08-17;1389;Wright;2020-02-07;After;billion;;;;
98;461;2024-12-11;2754;Wright;2020-11-03;Issue;one;;;;
98;473;2021-08-13;3108;Wright;2020-07-24;Not;as;;;;
98;496;2024-07-20;3166;Wright;2020-03-11;Lady;dancer;;;;
98;544;2025-06-06;2686;Wright;2020-09-24;He;two;;;;
98;563;2026-02-15;3552;Wright;2020-05-18;Exam;sent;;;;
98;614;2024-04-04;4946;Wright;2022-04-10;Majority;myself;;;;
98;637;2020-10-29;3651;Wright;2020-08-23;Swim;lancelot;;;;
98;810;2023-05-02;1827;Wright;2022-04-12;Difference;remote;;;;
98;973;2025-09-30;151;Wright;2020-05-01;Hub;loot;;;;
99;1;2023-12-22;3857;Solis-Haynes;2020-01-02;Voyeur;sneak;;;;
99;46;2021-02-01;530;Solis-Haynes;2021-01-26;Authority;artist;;;;
99;262;2024-01-01;4816;Solis-Haynes;2020-01-01;Kind;pick;;;;
99;438;2020-11-03;176;Solis-Haynes;2020-01-13;West;language;;;;
99;443;2023-04-12;2072;Solis-Haynes;2020-05-01;How;such;;;;
99;445;2024-11-25;4969;Solis-Haynes;2020-06-26;Measure;skin;;;;
99;452;2025-04-06;4619;Solis-Haynes;2020-02-11;Clearly;message;;;;
99;484;2020-10-04;3072;Solis-Haynes;2020-03-25;Maybe;possible;;;;
99;488;2024-05-04;4863;Solis-Haynes;2020-07-24;Street;its;;;;
99;503;2025-01-31;4324;Solis-Haynes;2020-09-10;Nurse;around;;;;
99;630;2020-07-09;4069;Solis-Haynes;2020-07-09;Glass;landlord;;;;
99;672;2024-03-17;1985;Solis-Haynes;2020-01-03;Once;yeah;;;;
99;712;2023-12-29;1738;Solis-Haynes;2023-03-12;Nation;nip;;;;
99;934;2023-09-27;1781;Solis-Haynes;2021-01-08;itenerant;situationary;;;;
99;957;2023-08-17;4842;Solis-Haynes;2021-04-14;My;morning;;;;
99;959;2025-12-08;4428;Solis-Haynes;2020-05-20;Their;read;;;;
100;6;2023-05-05;4894;Murray and Sons;2020-04-23;Million;attack;;;;
100;20;2020-02-08;2508;Murray and Sons;2020-02-08;Road;though;;;;
100;89;2021-11-08;1174;Murray and Sons;2020-04-08;Involve;term;;;;
100;114;2024-04-19;4308;Murray and Sons;2020-06-18;Sport;throw;;;;
100;141;2022-04-19;2584;Murray and Sons;2021-09-16;King;plot;;;;
100;174;2021-09-25;2604;Murray and Sons;2020-02-02;East;something;;;;
100;271;2021-03-10;2504;Murray and Sons;2021-03-10;Create;garden;;;;
100;271;2022-11-18;4256;Murray and Sons;2021-03-10;Create;garden;;;;
100;288;2022-02-16;923;Murray and Sons;2020-01-31;Sea;understand;;;;
100;374;2022-04-09;3559;Murray and Sons;2020-12-31;Imagine;like;;;;
100;416;2022-06-15;1643;Murray and Sons;2020-03-13;Some;kitchen;;;;
100;459;2023-09-12;1201;Murray and Sons;2020-02-01;Station;suggest;;;;
100;508;2024-05-21;597;Murray and Sons;2020-12-12;Daughter;board;;;;
100;551;2021-10-23;3461;Murray and Sons;2020-03-03;Data;Republican;;;;
100;619;2021-10-04;4296;Murray and Sons;2020-04-14;Silver;earring;;;;
100;688;2023-05-26;2915;Murray and Sons;2020-06-02;Skin;player;;;;
100;703;2023-02-23;3560;Murray and Sons;2020-09-02;Form;fish;;;;
100;737;2025-04-30;2664;Murray and Sons;2020-02-12;Sound;and;;;;
100;740;2021-01-29;3909;Murray and Sons;2020-05-18;Side;ok;;;;
100;764;2022-09-28;813;Murray and Sons;2020-08-04;Laugh;send;;;;
100;779;2025-07-22;3224;Murray and Sons;2020-02-13;Whole;street;;;;
100;828;2021-03-21;1138;Murray and Sons;2021-01-27;Above;five;;;;
100;914;2020-04-30;4212;Murray and Sons;2020-03-27;School;hope;;;;
100;925;2022-08-13;1007;Murray and Sons;2020-04-15;Society;ingredient;;;;
100;978;2025-04-27;1233;Murray and Sons;2021-07-05;Listen;nature;;;;
100;989;2025-04-11;1302;Murray and Sons;2020-04-07;Chair;we;;;;
100;989;2024-03-05;1524;Murray and Sons;2020-04-07;Chair;we;;;;
101;3;2024-04-19;4276;Martin;2021-07-24;Unit;film;;;;
101;69;2020-01-03;226;Martin;2020-01-03;College;doctor;;;;
101;118;2023-09-27;3006;Martin;2021-05-17;Ever;which;;;;
101;119;2023-07-21;1593;Martin;2020-03-31;Although;bring;;;;
101;251;2024-12-15;1889;Martin;2020-01-13;Establish;green;;;;
101;362;2026-02-01;3673;Martin;2020-02-13;Memory;late;;;;
101;375;2024-11-21;1447;Martin;2020-01-13;Rose;footer;;;;
101;543;2024-06-21;2475;Martin;2020-01-03;Rule;lay;;;;
101;577;2024-02-15;551;Martin;2021-06-10;Strong;seek;;;;
101;594;2025-05-08;2973;Martin;2020-01-26;Imagination;moderation;;;;
101;620;2020-10-17;3530;Martin;2020-02-21;Bracelet;count;;;;
101;627;2024-09-08;1408;Martin;2020-06-10;Active;equinox;;;;
101;631;2023-11-20;3778;Martin;2020-08-14;Landylady;dandy;;;;
101;689;2021-03-05;1599;Martin;2020-07-29;Growth;sport;;;;
101;787;2023-12-09;3711;Martin;2021-02-06;Struggle;charge;;;;
101;808;2021-03-26;3895;Martin;2020-03-21;Ahead;whose;;;;
101;817;2021-05-31;283;Martin;2020-02-13;Me;quite;;;;
101;836;2024-07-29;3612;Martin;2020-10-23;Benefit;accept;;;;
101;849;2023-04-13;2926;Martin;2020-02-01;Mistake;error;;;;
101;852;2020-12-06;4591;Martin;2020-12-06;Accent;loser;;;;
101;873;2023-04-11;134;Martin;2021-01-18;Into;ask;;;;
101;875;2020-04-29;797;Martin;2020-04-29;Thumb;match;;;;
101;889;2025-09-13;547;Martin;2020-10-23;Yard;white;;;;
102;16;2023-07-25;1147;Bradford Inc;2021-01-25;Artist;young;;;;
102;182;2024-12-20;4182;Bradford Inc;2020-10-27;Old;top;;;;
102;191;2023-03-15;2807;Bradford Inc;2020-06-18;Fang;concur;;;;
102;256;2022-10-28;608;Bradford Inc;2022-05-06;Season;writer;;;;
102;313;2023-10-25;3127;Bradford Inc;2021-05-02;Body;bay;;;;
102;380;2023-06-29;4577;Bradford Inc;2020-09-08;Note;write;;;;
102;389;2022-02-05;939;Bradford Inc;2021-01-15;Where;house;;;;
102;405;2022-04-10;2600;Bradford Inc;2020-06-22;Time;sing;;;;
102;440;2024-03-09;3891;Bradford Inc;2020-01-16;Short;physical;;;;
102;445;2022-01-27;2380;Bradford Inc;2020-06-26;Measure;skin;;;;
102;507;2021-09-27;4383;Bradford Inc;2020-05-07;Own;line;;;;
102;523;2020-04-11;2928;Bradford Inc;2020-03-19;Base;remember;;;;
102;627;2022-04-01;282;Bradford Inc;2020-06-10;Active;equinox;;;;
102;698;2025-12-27;764;Bradford Inc;2020-06-07;Merry;metabolic;;;;
102;769;2023-01-01;3112;Bradford Inc;2020-01-23;Horse;chives;;;;
102;809;2022-11-30;4428;Bradford Inc;2020-04-29;Distinguish;essay;;;;
102;814;2025-01-30;3667;Bradford Inc;2020-05-03;Thrill;proud;;;;
102;881;2021-08-10;1094;Bradford Inc;2020-12-13;Tendril;gossip;;;;
102;899;2021-09-08;301;Bradford Inc;2020-03-13;Fine;hundred;;;;
102;966;2023-03-10;3973;Bradford Inc;2021-02-14;Palm;stack;;;;
102;987;2025-08-09;4673;Bradford Inc;2020-03-21;Pierce;column;;;;
102;990;2022-06-15;328;Bradford Inc;2020-11-28;Pilar;fib;;;;
103;53;2025-12-12;2760;Gilbert;2021-11-29;Become;themselves;;;;
103;124;2020-10-10;2958;Gilbert;2020-08-18;Friend;prevent;;;;
103;150;2020-06-15;849;Gilbert;2020-06-15;Take;do;;;;
103;216;2023-06-25;893;Gilbert;2020-07-03;Top;likely;;;;
103;294;2020-09-22;604;Gilbert;2020-01-01;Ring;rink;;;;
103;298;2021-09-21;3171;Gilbert;2021-01-15;Flamenco;december;;;;
103;310;2020-10-03;1125;Gilbert;2020-10-03;Serve;provide;;;;
103;351;2023-11-20;1948;Gilbert;2020-02-15;Identify;section;;;;
103;354;2021-09-21;1298;Gilbert;2020-12-13;Aversion;sensibility;;;;
103;358;2024-07-22;3908;Gilbert;2020-11-23;Including;similar;;;;
103;448;2024-10-26;688;Gilbert;2022-07-23;Morning;I;;;;
103;489;2020-12-23;2450;Gilbert;2020-08-19;Gleam;die;;;;
103;537;2023-02-13;2231;Gilbert;2020-04-07;Cost;outside;;;;
103;635;2021-07-19;999;Gilbert;2021-06-02;Wild;freeing;;;;
103;646;2025-12-08;1955;Gilbert;2020-02-22;Lag;lawful;;;;
103;751;2024-12-06;4973;Gilbert;2020-04-28;Report;turn;;;;
103;794;2025-05-26;3277;Gilbert;2020-04-20;Chop;spacious;;;;
103;815;2023-11-25;3290;Gilbert;2020-10-18;Brush;tool;;;;
103;893;2023-11-07;1438;Gilbert;2020-04-08;Officer;maintain;;;;
103;918;2024-01-22;1564;Gilbert;2020-04-16;Social;iniciative;;;;
103;927;2020-04-22;508;Gilbert;2020-03-02;English;imaginable;;;;
104;67;2021-09-22;4645;Smith-Carr;2020-10-09;If;and;;;;
104;148;2025-02-25;3365;Smith-Carr;2020-01-12;Pm;successful;;;;
104;171;2024-07-09;687;Smith-Carr;2020-01-06;Repress;cage;;;;
104;191;2024-11-06;2703;Smith-Carr;2020-06-18;Fang;concur;;;;
104;266;2025-11-10;2570;Smith-Carr;2020-03-13;Seek;boy;;;;
104;291;2023-06-10;4961;Smith-Carr;2020-11-20;Customer;set;;;;
104;340;2020-06-29;156;Smith-Carr;2020-06-29;Morning;reflect;;;;
104;418;2022-06-20;3395;Smith-Carr;2021-05-03;Method;civil;;;;
104;426;2025-07-10;1153;Smith-Carr;2021-01-11;Little;finger;;;;
104;434;2022-02-23;4436;Smith-Carr;2020-06-04;Fall;huge;;;;
104;505;2021-11-25;1906;Smith-Carr;2020-01-31;Raise;them;;;;
104;608;2023-05-02;4548;Smith-Carr;2020-05-15;Hard;prepare;;;;
104;705;2022-12-23;2913;Smith-Carr;2020-01-16;North;door;;;;
104;713;2025-08-06;2411;Smith-Carr;2020-02-28;Drug;talk;;;;
104;742;2023-03-23;2970;Smith-Carr;2020-05-21;Computer;range;;;;
104;806;2021-05-14;4226;Smith-Carr;2021-05-14;Prevent;national;;;;
104;929;2026-02-11;2976;Smith-Carr;2020-09-25;Environmental;quality;;;;
104;937;2020-08-25;3841;Smith-Carr;2020-08-05;Builder;turbulent;;;;
104;962;2024-02-09;3671;Smith-Carr;2020-02-25;Plant;statement;;;;
104;965;2020-11-14;4525;Smith-Carr;2020-02-24;Priest;wage;;;;
105;45;2023-07-28;3033;Perry Group;2021-09-27;Play;why;;;;
105;111;2021-01-29;4873;Perry Group;2020-04-25;Empty;forgotten;;;;
105;153;2021-08-29;633;Perry Group;2020-03-14;What;out;;;;
105;198;2023-05-14;2254;Perry Group;2020-11-15;Water;rise;;;;
105;211;2024-02-27;4981;Perry Group;2021-07-05;Wholly;pull;;;;
105;396;2023-12-23;1068;Perry Group;2021-07-04;Also;mother;;;;
105;415;2020-05-18;3951;Perry Group;2020-05-18;I;want;;;;
105;428;2020-03-03;2681;Perry Group;2020-03-03;Me;across;;;;
105;459;2023-10-02;3690;Perry Group;2020-02-01;Station;suggest;;;;
105;497;2023-08-25;3058;Perry Group;2020-07-16;All;nature;;;;
105;506;2021-09-20;4832;Perry Group;2020-07-11;Joy;found;;;;
105;533;2024-01-24;1296;Perry Group;2020-06-04;Reality;drop;;;;
105;638;2025-02-04;4328;Perry Group;2020-03-19;My;authority;;;;
105;729;2022-02-15;590;Perry Group;2021-12-08;Store;value;;;;
105;731;2023-08-22;1193;Perry Group;2020-04-29;High;central;;;;
105;755;2023-04-08;3772;Perry Group;2020-01-22;Hand;without;;;;
105;761;2023-05-27;4872;Perry Group;2020-01-26;Company;age;;;;
105;815;2021-06-08;4063;Perry Group;2020-10-18;Brush;tool;;;;
105;934;2024-09-13;4032;Perry Group;2021-01-08;itenerant;situationary;;;;
105;976;2020-09-11;3782;Perry Group;2020-01-12;Bash;git;;;;
105;995;2025-11-19;3098;Perry Group;2020-04-16;Assume;and;;;;
106;1;2023-06-20;2268;Dalton;2020-01-02;Voyeur;sneak;;;;
106;21;2022-03-26;3171;Dalton;2020-03-25;Charter;carter ;;;;
106;178;2023-03-10;1478;Dalton;2020-01-30;Animal;huge;;;;
106;275;2021-10-14;2226;Dalton;2020-04-19;June;mar;;;;
106;332;2022-03-02;840;Dalton;2021-02-25;Avoid;television;;;;
106;369;2020-06-03;365;Dalton;2020-04-27;This;already;;;;
106;392;2023-07-02;975;Dalton;2021-01-04;Budget;because;;;;
106;458;2020-04-29;2191;Dalton;2020-04-29;Decide;morning;;;;
106;460;2025-07-17;1013;Dalton;2020-04-02;For;reach;;;;
106;466;2023-10-27;1034;Dalton;2020-02-29;Hot;computer;;;;
106;478;2023-01-26;457;Dalton;2020-03-16;Common;cold;;;;
106;503;2020-09-10;4355;Dalton;2020-09-10;Nurse;around;;;;
106;519;2023-04-07;1213;Dalton;2020-09-06;Leader;technology;;;;
106;582;2022-09-19;2537;Dalton;2020-08-05;Adult;mean;;;;
106;654;2022-05-14;4694;Dalton;2021-10-26;Early;me;;;;
106;702;2023-03-14;3589;Dalton;2020-01-23;He;desCribe;;;;
106;784;2025-10-28;4978;Dalton;2020-03-21;Exactly;a;;;;
106;798;2025-10-27;1138;Dalton;2021-08-11;Cruel;goofy;;;;
106;798;2025-03-01;1394;Dalton;2021-08-11;Cruel;goofy;;;;
106;813;2021-09-05;886;Dalton;2020-09-22;Electrify;chemical;;;;
106;824;2021-04-29;1099;Dalton;2020-12-07;Hit;less;;;;
106;927;2020-07-08;4755;Dalton;2020-03-02;English;imaginable;;;;
106;963;2024-11-14;459;Dalton;2020-07-22;Food;thousand;;;;
107;16;2021-08-02;1159;Perez;2021-01-25;Artist;young;;;;
107;74;2025-07-02;108;Perez;2021-11-19;Federal;forward;;;;
107;84;2023-05-26;1844;Perez;2020-07-16;She;marriage;;;;
107;143;2024-08-05;2836;Perez;2020-12-12;Duck;duckling;;;;
107;221;2022-02-01;713;Perez;2020-06-05;Move;board;;;;
107;244;2022-06-13;3397;Perez;2020-06-07;Military;level;;;;
107;250;2022-11-10;4865;Perez;2020-12-18;Marble;maple;;;;
107;259;2020-06-20;201;Perez;2020-06-20;Picture;build;;;;
107;266;2020-10-23;2925;Perez;2020-03-13;Seek;boy;;;;
107;365;2021-01-16;3837;Perez;2021-01-16;Order;share;;;;
107;460;2021-06-09;1515;Perez;2020-04-02;For;reach;;;;
107;486;2023-03-10;3267;Perez;2020-12-28;Try;sell;;;;
107;548;2024-07-09;3530;Perez;2020-03-31;Cooperate;operate;;;;
107;595;2025-09-09;3936;Perez;2021-02-15;Moderate;three;;;;
107;656;2024-11-02;1878;Perez;2020-12-30;Person;yourself;;;;
107;673;2022-06-04;3907;Perez;2021-08-18;If;need;;;;
107;687;2025-05-12;483;Perez;2020-04-27;Many;where;;;;
107;806;2024-09-06;4609;Perez;2021-05-14;Prevent;national;;;;
107;833;2020-10-31;3051;Perez;2020-10-31;Mr;seek;;;;
107;868;2020-10-14;1377;Perez;2020-06-06;Egg;swarm;;;;
107;892;2021-11-12;1608;Perez;2020-07-15;Unexpect;inject;;;;
107;906;2025-09-26;3808;Perez;2020-08-26;Third;newspaper;;;;
107;979;2022-10-08;1772;Perez;2021-01-08;Row;person;;;;
108;106;2020-05-03;1066;Bell Ltd;2020-01-20;Peace;add;;;;
108;116;2021-02-14;4184;Bell Ltd;2020-01-31;Tell;treating;;;;
108;164;2025-03-07;2760;Bell Ltd;2020-01-31;Evening;guy;;;;
108;255;2022-11-01;3865;Bell Ltd;2020-02-19;Music;ability;;;;
108;296;2023-10-28;2465;Bell Ltd;2022-02-08;Pass;safe;;;;
108;408;2024-11-19;2369;Bell Ltd;2020-02-27;Color;really;;;;
108;413;2023-12-05;3596;Bell Ltd;2020-11-08;Stop;country;;;;
108;458;2022-08-05;4196;Bell Ltd;2020-04-29;Decide;morning;;;;
108;473;2020-07-24;1691;Bell Ltd;2020-07-24;Not;as;;;;
108;512;2023-02-21;1419;Bell Ltd;2020-05-17;Met;through;;;;
108;518;2024-03-14;299;Bell Ltd;2020-09-25;Administration;have;;;;
108;523;2023-07-24;4325;Bell Ltd;2020-03-19;Base;remember;;;;
108;622;2023-11-04;4710;Bell Ltd;2020-04-24;How;buy;;;;
108;640;2023-09-19;2722;Bell Ltd;2020-01-12;Important;yes;;;;
108;701;2025-09-18;609;Bell Ltd;2020-11-15;Minute;hour;;;;
108;715;2023-01-22;3525;Bell Ltd;2020-07-06;Walk;ahead;;;;
108;824;2023-12-25;3335;Bell Ltd;2020-12-07;Hit;less;;;;
108;860;2023-12-25;2576;Bell Ltd;2020-04-07;Push;yard;;;;
109;86;2022-11-13;1830;Smith;2020-10-04;Fell;psychiatrist;;;;
109;112;2021-05-09;1321;Smith;2020-04-30;Example;lose;;;;
109;161;2024-11-28;4924;Smith;2020-02-01;Have;party;;;;
109;278;2024-12-05;563;Smith;2020-03-01;Permian;perky;;;;
109;323;2024-03-06;2133;Smith;2020-01-04;Long;serve;;;;
109;424;2020-01-29;2091;Smith;2020-01-29;Item;usually;;;;
109;514;2020-11-13;3897;Smith;2020-08-22;Woman;satisfaction;;;;
109;536;2022-02-11;3347;Smith;2020-03-08;Beat;factor;;;;
109;579;2021-06-27;4765;Smith;2021-06-27;Discuss;prince;;;;
109;624;2025-06-13;4508;Smith;2020-02-26;Why;professor;;;;
109;656;2021-06-21;2927;Smith;2020-12-30;Person;yourself;;;;
109;675;2022-01-15;4456;Smith;2020-04-26;Stand;likely;;;;
109;729;2026-01-08;4252;Smith;2021-12-08;Store;value;;;;
109;757;2021-08-15;253;Smith;2021-08-15;Grey;vernacular;;;;
109;871;2023-06-07;3940;Smith;2021-04-13;Applaud;off;;;;
109;976;2020-07-09;3529;Smith;2020-01-12;Bash;git;;;;
110;201;2022-07-02;4868;Preston-Clark;2020-03-18;Let;a;;;;
110;249;2024-12-26;668;Preston-Clark;2020-05-25;Member;skin;;;;
110;371;2023-04-12;4506;Preston-Clark;2020-09-19;South;return;;;;
110;478;2020-03-16;1733;Preston-Clark;2020-03-16;Common;cold;;;;
110;591;2023-01-05;1105;Preston-Clark;2022-02-23;Are;imagine;;;;
110;645;2022-07-29;692;Preston-Clark;2020-04-29;Floret;arsenic;;;;
110;707;2025-10-18;1880;Preston-Clark;2020-06-18;Mischief;minion;;;;
110;835;2020-11-26;790;Preston-Clark;2020-02-12;Squirrel;waiting;;;;
110;850;2025-01-15;2732;Preston-Clark;2020-02-04;Four;travel;;;;
110;876;2021-02-28;1963;Preston-Clark;2020-08-12;In;ever;;;;
110;893;2024-09-09;2011;Preston-Clark;2020-04-08;Officer;maintain;;;;
110;919;2022-06-30;4717;Preston-Clark;2020-06-04;Low;word;;;;
110;925;2026-01-03;4915;Preston-Clark;2020-04-15;Society;ingredient;;;;
111;117;2021-07-26;1883;Jones-Cox;2020-09-22;Wall;morning;;;;
111;123;2024-01-17;473;Jones-Cox;2021-05-28;Moment;across;;;;
111;130;2023-04-04;862;Jones-Cox;2020-08-02;Morning;real;;;;
111;145;2023-07-16;3883;Jones-Cox;2020-12-29;Bag;character;;;;
111;168;2023-03-28;3862;Jones-Cox;2020-03-03;Mrs;cover;;;;
111;189;2024-09-20;1041;Jones-Cox;2020-11-11;Toward;station;;;;
111;253;2025-05-27;2797;Jones-Cox;2021-09-02;Various;whether;;;;
111;283;2021-01-24;3695;Jones-Cox;2020-03-26;Nature;rise;;;;
111;309;2023-05-03;803;Jones-Cox;2020-12-25;Wear;radio;;;;
111;352;2024-09-08;1336;Jones-Cox;2020-08-07;Suddenly;boy;;;;
111;412;2021-11-29;759;Jones-Cox;2020-06-24;Night;third;;;;
111;423;2025-11-29;2212;Jones-Cox;2020-10-08;Arabella;interstellar;;;;
111;449;2020-06-23;1110;Jones-Cox;2020-01-03;Get;to;;;;
111;454;2025-06-24;2806;Jones-Cox;2020-02-12;Stock;responsibility;;;;
111;560;2026-01-10;468;Jones-Cox;2020-09-16;Catastrophe;asked;;;;
111;603;2020-06-07;425;Jones-Cox;2020-06-05;Golf;racket;;;;
111;604;2025-03-11;4107;Jones-Cox;2020-02-11;Noise;noticing;;;;
111;677;2021-08-26;2554;Jones-Cox;2021-08-26;Bit;again;;;;
111;741;2021-12-24;3701;Jones-Cox;2020-01-27;Late;I;;;;
111;752;2025-12-16;1346;Jones-Cox;2020-08-05;South;season;;;;
111;766;2026-02-09;2824;Jones-Cox;2020-04-09;Penalty;bind;;;;
111;793;2022-08-05;4387;Jones-Cox;2022-08-05;Laugh;far;;;;
111;830;2025-10-30;1587;Jones-Cox;2021-09-08;Girl;voice;;;;
111;904;2023-01-30;343;Jones-Cox;2020-12-22;Sometimes;mean;;;;
111;926;2023-11-03;2101;Jones-Cox;2020-07-31;Health;born;;;;
112;109;2020-10-31;3592;Brown;2020-07-10;Media;purpose;;;;
112;187;2025-07-12;1608;Brown;2020-06-04;Ride;systole;;;;
112;199;2024-07-02;4198;Brown;2020-09-24;Whole;successful;;;;
112;223;2021-03-08;1919;Brown;2020-03-10;Win;antique;;;;
112;292;2020-06-10;1191;Brown;2020-03-27;Card;rich;;;;
112;335;2020-06-07;241;Brown;2020-03-03;Construct;tennis;;;;
112;368;2022-03-05;4198;Brown;2020-01-07;Any;important;;;;
112;369;2020-04-27;3606;Brown;2020-04-27;This;already;;;;
112;371;2021-07-10;544;Brown;2020-09-19;South;return;;;;
112;375;2020-01-13;2167;Brown;2020-01-13;Rose;footer;;;;
112;395;2025-12-04;1722;Brown;2020-08-22;Subject;raise;;;;
112;436;2021-12-08;1186;Brown;2020-05-13;Whatever;every;;;;
112;586;2025-12-08;2944;Brown;2020-02-08;Close;wherever;;;;
112;600;2023-08-27;3883;Brown;2020-07-08;Major;four;;;;
112;605;2020-03-30;3678;Brown;2020-03-30;Automation;automatic;;;;
112;612;2021-06-26;565;Brown;2020-03-10;Envelope;container;;;;
112;859;2024-06-11;1702;Brown;2020-02-12;Teach;should;;;;
113;9;2023-05-04;4497;Mccoy and Sons;2020-01-03;Star;land;;;;
113;219;2024-12-20;1423;Mccoy and Sons;2020-01-20;Prop;back;;;;
113;281;2025-10-27;2734;Mccoy and Sons;2020-02-03;Persuasive;ripple;;;;
113;304;2022-09-30;1635;Mccoy and Sons;2021-07-11;Forth;settle;;;;
113;330;2024-09-04;4827;Mccoy and Sons;2020-03-07;Out;character;;;;
113;358;2021-05-22;961;Mccoy and Sons;2020-11-23;Including;similar;;;;
113;417;2024-04-13;368;Mccoy and Sons;2020-04-09;Approach;interview;;;;
113;501;2026-02-17;681;Mccoy and Sons;2021-04-20;Avoid;approach;;;;
113;598;2021-06-01;901;Mccoy and Sons;2020-05-29;Value;key;;;;
113;643;2024-09-04;4340;Mccoy and Sons;2020-05-31;Term;example;;;;
113;815;2021-06-07;1188;Mccoy and Sons;2020-10-18;Brush;tool;;;;
113;843;2021-12-23;2994;Mccoy and Sons;2020-05-26;Service;sense;;;;
113;939;2023-02-15;666;Mccoy and Sons;2021-02-09;Happen;agree;;;;
114;16;2021-01-31;4834;Miller PLC;2021-01-25;Artist;young;;;;
114;89;2020-06-27;1234;Miller PLC;2020-04-08;Involve;term;;;;
114;109;2021-07-12;2942;Miller PLC;2020-07-10;Media;purpose;;;;
114;139;2025-07-01;2023;Miller PLC;2020-06-11;Myself;bag;;;;
114;170;2021-07-03;1755;Miller PLC;2020-01-19;Wind;top;;;;
114;374;2023-07-12;3899;Miller PLC;2020-12-31;Imagine;like;;;;
114;482;2020-01-11;1737;Miller PLC;2020-01-11;Cream;miami;;;;
114;488;2023-02-14;3175;Miller PLC;2020-07-24;Street;its;;;;
114;599;2025-05-01;2047;Miller PLC;2020-11-20;Population;use;;;;
114;654;2024-01-18;4225;Miller PLC;2021-10-26;Early;me;;;;
114;677;2023-11-24;3791;Miller PLC;2021-08-26;Bit;again;;;;
114;688;2024-02-16;1525;Miller PLC;2020-06-02;Skin;player;;;;
114;966;2021-04-08;1601;Miller PLC;2021-02-14;Palm;stack;;;;
114;985;2021-12-20;2941;Miller PLC;2021-08-25;Detail;speech;;;;
115;28;2024-12-02;2637;Jacobs LLC;2020-01-04;What;field;;;;
115;66;2023-12-27;2421;Jacobs LLC;2021-03-17;Sister;door;;;;
115;72;2025-12-08;4232;Jacobs LLC;2020-02-22;How;white;;;;
115;102;2024-03-14;2742;Jacobs LLC;2020-06-22;We;country;;;;
115;120;2024-10-16;354;Jacobs LLC;2021-03-13;Follow;democratic;;;;
115;422;2022-04-25;4124;Jacobs LLC;2020-01-28;Soldier;six;;;;
115;467;2020-01-08;4412;Jacobs LLC;2020-01-08;Too;ago;;;;
115;472;2025-05-29;2219;Jacobs LLC;2020-06-30;Senior;reality;;;;
115;514;2020-10-07;436;Jacobs LLC;2020-08-22;Woman;satisfaction;;;;
115;546;2022-12-18;3647;Jacobs LLC;2022-12-18;Liquor;heart;;;;
115;732;2024-01-11;1263;Jacobs LLC;2020-03-30;Happy;early;;;;
115;770;2020-12-06;3803;Jacobs LLC;2020-12-06;Use;reach;;;;
115;907;2020-03-22;444;Jacobs LLC;2020-03-22;Public;change;;;;
116;63;2023-01-04;3380;Smith-Gomez;2020-02-18;Blue;sky;;;;
116;105;2021-08-09;4255;Smith-Gomez;2020-04-02;Same;nation;;;;
116;271;2025-05-26;3456;Smith-Gomez;2021-03-10;Create;garden;;;;
116;431;2021-10-20;2878;Smith-Gomez;2020-04-03;Appear;agency;;;;
116;434;2022-05-16;2244;Smith-Gomez;2020-06-04;Fall;huge;;;;
116;448;2025-07-07;4941;Smith-Gomez;2022-07-23;Morning;I;;;;
116;472;2025-05-07;4581;Smith-Gomez;2020-06-30;Senior;reality;;;;
116;522;2024-09-15;3015;Smith-Gomez;2020-01-30;Laugh;else;;;;
116;683;2021-02-23;902;Smith-Gomez;2020-01-08;Away;wind;;;;
116;711;2025-03-13;3673;Smith-Gomez;2021-04-21;Naught;necessary;;;;
116;776;2021-04-05;4477;Smith-Gomez;2020-08-06;Daddle;ceramic;;;;
116;778;2023-05-19;188;Smith-Gomez;2020-03-09;Friend;do;;;;
116;782;2022-06-26;4124;Smith-Gomez;2021-07-15;Success;despite;;;;
116;850;2024-07-25;1464;Smith-Gomez;2020-02-04;Four;travel;;;;
116;927;2024-07-13;153;Smith-Gomez;2020-03-02;English;imaginable;;;;
116;930;2020-11-05;3729;Smith-Gomez;2020-02-01;Toil;scheme;;;;
117;10;2020-10-08;4614;Grant PLC;2020-10-08;Lease;deposit;;;;
117;37;2023-01-13;324;Grant PLC;2020-06-18;Box;land;;;;
117;96;2021-08-25;1835;Grant PLC;2020-02-15;Like;available;;;;
117;168;2023-02-20;2389;Grant PLC;2020-03-03;Mrs;cover;;;;
117;223;2021-10-04;1186;Grant PLC;2020-03-10;Win;antique;;;;
117;427;2026-02-04;1874;Grant PLC;2021-02-05;Endless;got;;;;
117;440;2021-08-05;874;Grant PLC;2020-01-16;Short;physical;;;;
117;495;2025-06-13;3643;Grant PLC;2020-05-06;Spring;standard;;;;
117;517;2021-10-05;3138;Grant PLC;2020-09-16;Real;name;;;;
117;548;2020-03-31;182;Grant PLC;2020-03-31;Cooperate;operate;;;;
117;621;2024-07-04;1087;Grant PLC;2020-09-15;Countess;title;;;;
117;625;2023-10-26;4323;Grant PLC;2020-02-06;Need;a;;;;
117;659;2021-09-20;2327;Grant PLC;2020-01-20;Table;page;;;;
117;715;2025-07-01;1386;Grant PLC;2020-07-06;Walk;ahead;;;;
117;723;2024-08-18;144;Grant PLC;2020-02-05;Take;above;;;;
117;763;2025-07-05;1075;Grant PLC;2020-12-06;Homely;domestic;;;;
117;801;2021-09-25;1272;Grant PLC;2020-04-08;Best;apply;;;;
117;809;2025-09-15;4242;Grant PLC;2020-04-29;Distinguish;essay;;;;
117;885;2022-10-08;3416;Grant PLC;2021-06-12;Commercial;answer;;;;
117;896;2025-09-27;4884;Grant PLC;2020-01-15;Inhibit;innocuous;;;;
117;936;2023-12-17;979;Grant PLC;2020-02-02;Reaction;fire;;;;
117;950;2020-04-16;609;Grant PLC;2020-03-17;Manuvre;gunpoint;;;;
117;982;2021-11-30;130;Grant PLC;2021-01-25;Operation;time;;;;
118;18;2023-11-24;1835;Bradshaw;2020-01-30;Chase;equally;;;;
118;72;2021-12-13;3915;Bradshaw;2020-02-22;How;white;;;;
118;115;2021-08-16;271;Bradshaw;2020-08-31;Walker;mile;;;;
118;188;2021-01-09;3907;Bradshaw;2020-12-31;Post;communication;;;;
118;242;2022-03-30;1027;Bradshaw;2020-03-31;Arsenic;lad;;;;
118;282;2020-05-05;1495;Bradshaw;2020-05-05;Riot;ripen;;;;
118;348;2020-02-19;1641;Bradshaw;2020-02-19;Almost;fine;;;;
118;372;2023-10-16;584;Bradshaw;2020-01-18;Field;flower;;;;
118;395;2023-10-14;4125;Bradshaw;2020-08-22;Subject;raise;;;;
118;431;2021-11-11;877;Bradshaw;2020-04-03;Appear;agency;;;;
118;439;2020-04-07;766;Bradshaw;2020-01-06;Financial;east;;;;
118;496;2021-07-16;443;Bradshaw;2020-03-11;Lady;dancer;;;;
118;573;2024-05-22;1254;Bradshaw;2020-10-28;Drug;father;;;;
118;608;2022-02-01;1477;Bradshaw;2020-05-15;Hard;prepare;;;;
118;682;2021-12-17;4017;Bradshaw;2020-06-21;Final;figure;;;;
118;688;2021-04-05;4579;Bradshaw;2020-06-02;Skin;player;;;;
118;760;2025-05-30;1536;Bradshaw;2020-04-06;True;card;;;;
118;763;2023-06-19;1883;Bradshaw;2020-12-06;Homely;domestic;;;;
118;783;2025-01-16;4797;Bradshaw;2020-06-06;Withered;class;;;;
118;863;2024-03-25;1068;Bradshaw;2020-01-26;Scene;particular;;;;
118;872;2024-12-09;455;Bradshaw;2021-01-01;Fitting;sheet;;;;
118;954;2023-08-13;2225;Bradshaw;2020-04-25;Our;face;;;;
118;979;2021-01-08;1100;Bradshaw;2021-01-08;Row;person;;;;
118;983;2022-04-26;2942;Bradshaw;2020-06-30;Black;thus;;;;
118;996;2023-04-25;4513;Bradshaw;2020-05-13;Why;cover;;;;
119;59;2021-09-05;1336;Dixon;2020-01-07;Reason;than;;;;
119;66;2023-02-23;313;Dixon;2021-03-17;Sister;door;;;;
119;75;2024-08-21;820;Dixon;2020-02-17;Surface;throughout;;;;
119;83;2023-04-17;980;Dixon;2020-09-21;Past;offer;;;;
119;132;2024-03-16;4191;Dixon;2020-08-30;Diet;village;;;;
119;203;2023-10-06;4868;Dixon;2020-05-29;Key;time;;;;
119;251;2021-05-09;1912;Dixon;2020-01-13;Establish;green;;;;
119;306;2022-01-14;122;Dixon;2020-04-22;Seventy;setback;;;;
119;344;2020-11-09;3495;Dixon;2020-11-09;Drawer;monkey;;;;
119;356;2024-04-25;2510;Dixon;2020-09-26;Emma;arrow;;;;
119;448;2023-11-06;2223;Dixon;2022-07-23;Morning;I;;;;
119;556;2021-10-20;1482;Dixon;2020-03-08;Prisioners;airway;;;;
119;565;2021-07-19;113;Dixon;2020-03-09;Week;change;;;;
119;620;2023-07-12;4671;Dixon;2020-02-21;Bracelet;count;;;;
119;736;2023-07-18;4226;Dixon;2020-07-25;Among;official;;;;
119;738;2022-11-25;1865;Dixon;2020-02-26;Crime;country;;;;
119;789;2021-05-23;4599;Dixon;2020-04-07;Dinner;upon;;;;
119;801;2022-03-18;3404;Dixon;2020-04-08;Best;apply;;;;
119;801;2020-04-08;4099;Dixon;2020-04-08;Best;apply;;;;
119;855;2022-04-02;4129;Dixon;2021-08-27;Five;Crime;;;;
119;890;2022-02-09;893;Dixon;2020-02-10;Must;technology;;;;
119;915;2021-05-20;4520;Dixon;2020-03-02;But;forget;;;;
119;918;2025-07-19;1839;Dixon;2020-04-16;Social;iniciative;;;;
119;972;2020-02-14;2545;Dixon;2020-02-14;Snoop;liner;;;;
119;991;2025-02-06;3238;Dixon;2020-08-23;Most;today;;;;
120;52;2022-08-25;2849;Hernandez;2020-01-05;Mary;jane;;;;
120;90;2026-01-29;1140;Hernandez;2020-05-26;Work;repetition;;;;
120;115;2024-08-03;2421;Hernandez;2020-08-31;Walker;mile;;;;
120;149;2022-02-22;525;Hernandez;2020-04-16;Perform;these;;;;
120;179;2021-09-11;346;Hernandez;2021-08-18;Organization;tree;;;;
120;238;2021-10-17;2916;Hernandez;2021-10-17;Labour;party;;;;
120;299;2022-01-11;1597;Hernandez;2021-03-01;Answer;hard;;;;
120;323;2020-01-04;1502;Hernandez;2020-01-04;Long;serve;;;;
120;351;2024-09-23;4173;Hernandez;2020-02-15;Identify;section;;;;
120;373;2024-01-18;2685;Hernandez;2020-01-22;War;foot;;;;
120;470;2022-01-31;3771;Hernandez;2020-09-07;Red;against;;;;
120;482;2022-08-25;2008;Hernandez;2020-01-11;Cream;miami;;;;
120;491;2020-06-25;4472;Hernandez;2020-02-14;Year;ask;;;;
120;508;2022-07-09;1539;Hernandez;2020-12-12;Daughter;board;;;;
120;530;2021-11-16;3451;Hernandez;2021-11-16;Marshall;chopped;;;;
120;559;2021-08-15;1801;Hernandez;2020-01-16;Where;interview;;;;
120;591;2022-02-23;1195;Hernandez;2022-02-23;Are;imagine;;;;
120;648;2022-08-23;891;Hernandez;2020-03-13;Fish;high;;;;
120;664;2022-12-08;4758;Hernandez;2020-03-01;Yes;keep;;;;
120;752;2024-12-05;890;Hernandez;2020-08-05;South;season;;;;
120;767;2023-08-30;1469;Hernandez;2020-09-09;Artist;wait;;;;
120;803;2022-03-25;1647;Hernandez;2020-06-28;Also;source;;;;
120;825;2020-01-01;2638;Hernandez;2020-01-01;Fence;drain;;;;
120;863;2021-09-08;1110;Hernandez;2020-01-26;Scene;particular;;;;
121;6;2020-05-28;1888;CArter and Sons;2020-04-23;Million;attack;;;;
121;138;2022-03-31;4763;CArter and Sons;2021-05-31;Kind;choose;;;;
121;148;2022-05-12;4607;CArter and Sons;2020-01-12;Pm;successful;;;;
121;212;2023-09-25;2865;CArter and Sons;2020-03-04;Outline;outrun;;;;
121;215;2020-07-30;4520;CArter and Sons;2020-01-05;Outmatch;progression;;;;
121;254;2025-07-13;3262;CArter and Sons;2021-12-13;Human;because;;;;
121;272;2022-01-10;2467;CArter and Sons;2020-04-25;Glass;outside;;;;
121;291;2023-01-11;2968;CArter and Sons;2020-11-20;Customer;set;;;;
121;336;2021-08-14;2718;CArter and Sons;2020-01-08;History;decide;;;;
121;359;2023-12-26;278;CArter and Sons;2020-09-18;Like;view;;;;
121;415;2020-06-25;989;CArter and Sons;2020-05-18;I;want;;;;
121;439;2020-09-14;2295;CArter and Sons;2020-01-06;Financial;east;;;;
121;636;2020-04-17;3404;CArter and Sons;2020-04-17;Business;tell;;;;
121;807;2020-09-01;3404;CArter and Sons;2020-06-05;Annoyance;disgrace;;;;
121;821;2023-09-18;3397;CArter and Sons;2020-07-31;Dog;decide;;;;
121;841;2023-09-01;2389;CArter and Sons;2020-08-05;Old;investment;;;;
121;907;2021-04-09;1793;CArter and Sons;2020-03-22;Public;change;;;;
121;948;2021-07-19;2944;CArter and Sons;2020-04-02;Quality;successful;;;;
121;965;2021-01-17;4581;CArter and Sons;2020-02-24;Priest;wage;;;;
121;997;2021-12-06;4910;CArter and Sons;2021-12-06;Pass;her;;;;
122;74;2024-05-24;2423;Carrillo Inc;2021-11-19;Federal;forward;;;;
122;96;2024-08-09;3387;Carrillo Inc;2020-02-15;Like;available;;;;
122;171;2020-07-11;464;Carrillo Inc;2020-01-06;Repress;cage;;;;
122;244;2025-10-26;2992;Carrillo Inc;2020-06-07;Military;level;;;;
122;258;2021-04-27;2671;Carrillo Inc;2021-04-12;Enough;buy;;;;
122;351;2022-10-24;831;Carrillo Inc;2020-02-15;Identify;section;;;;
122;353;2021-03-08;3528;Carrillo Inc;2020-05-01;Kitchen;sign;;;;
122;374;2023-08-23;1153;Carrillo Inc;2020-12-31;Imagine;like;;;;
122;424;2026-02-03;1657;Carrillo Inc;2020-01-29;Item;usually;;;;
122;431;2025-04-09;1891;Carrillo Inc;2020-04-03;Appear;agency;;;;
122;531;2023-04-24;1785;Carrillo Inc;2021-04-24;Commercial;relate;;;;
122;558;2022-07-26;2458;Carrillo Inc;2020-02-12;Prepare;wish;;;;
122;632;2023-10-29;682;Carrillo Inc;2020-02-11;Although;book;;;;
122;701;2024-03-21;2580;Carrillo Inc;2020-11-15;Minute;hour;;;;
122;825;2023-06-20;2929;Carrillo Inc;2020-01-01;Fence;drain;;;;
122;843;2020-05-26;4405;Carrillo Inc;2020-05-26;Service;sense;;;;
122;850;2021-10-29;655;Carrillo Inc;2020-02-04;Four;travel;;;;
122;948;2023-04-26;4754;Carrillo Inc;2020-04-02;Quality;successful;;;;
123;21;2022-11-16;4662;Howard LLC;2020-03-25;Charter;carter ;17;benefit;79;Impressionism
123;98;2021-05-12;4260;Howard LLC;2020-04-20;Recent;kind;17;benefit;79;Impressionism
123;101;2020-01-12;4610;Howard LLC;2020-01-12;Single;well;17;benefit;79;Impressionism
123;119;2025-04-08;2471;Howard LLC;2020-03-31;Although;bring;17;benefit;79;Impressionism
123;133;2022-10-18;531;Howard LLC;2020-11-16;Forward;market;17;benefit;79;Impressionism
123;213;2025-07-07;3041;Howard LLC;2020-11-06;Yet;product;17;benefit;79;Impressionism
123;235;2023-06-11;2296;Howard LLC;2021-04-01;Down;him;17;benefit;79;Impressionism
123;400;2021-12-23;354;Howard LLC;2020-03-25;Wand;Avenge;17;benefit;79;Impressionism
123;426;2024-03-04;1817;Howard LLC;2021-01-11;Little;finger;17;benefit;79;Impressionism
123;475;2024-04-01;1963;Howard LLC;2020-10-16;Young;without;17;benefit;79;Impressionism
123;567;2024-03-02;594;Howard LLC;2021-04-14;Persuation;rebel;17;benefit;79;Impressionism
123;607;2021-03-06;3732;Howard LLC;2021-03-06;Much;alone;17;benefit;79;Impressionism
123;668;2025-04-26;1258;Howard LLC;2020-08-17;League;marquis;17;benefit;79;Impressionism
123;676;2020-12-11;3915;Howard LLC;2020-12-11;Manage;same;17;benefit;79;Impressionism
123;710;2020-08-25;4012;Howard LLC;2020-06-11;Mister;mow;17;benefit;79;Impressionism
123;773;2020-04-22;4146;Howard LLC;2020-04-22;Topic;wax;17;benefit;79;Impressionism
123;823;2023-03-25;691;Howard LLC;2020-04-23;Shrill;fencing;17;benefit;79;Impressionism
123;833;2024-11-21;2359;Howard LLC;2020-10-31;Mr;seek;17;benefit;79;Impressionism
123;840;2022-09-29;2314;Howard LLC;2020-03-14;Consider;people;17;benefit;79;Impressionism
124;27;2025-04-01;1704;Tran-Lopez;2021-05-12;Agree;open;;;;
124;42;2024-07-22;900;Tran-Lopez;2020-10-01;Light;free;;;;
124;104;2021-02-02;601;Tran-Lopez;2020-07-07;Concern;stay;;;;
124;168;2025-10-16;1251;Tran-Lopez;2020-03-03;Mrs;cover;;;;
124;203;2021-10-12;3810;Tran-Lopez;2020-05-29;Key;time;;;;
124;249;2024-11-27;2799;Tran-Lopez;2020-05-25;Member;skin;;;;
124;286;2021-07-21;564;Tran-Lopez;2021-05-16;Property;notice;;;;
124;286;2024-07-08;3089;Tran-Lopez;2021-05-16;Property;notice;;;;
124;343;2024-01-13;2632;Tran-Lopez;2020-01-12;Nickle;table;;;;
124;374;2025-01-21;3719;Tran-Lopez;2020-12-31;Imagine;like;;;;
124;426;2024-11-21;2055;Tran-Lopez;2021-01-11;Little;finger;;;;
124;442;2023-05-17;2611;Tran-Lopez;2020-08-29;Less;picturing;;;;
124;461;2023-04-16;1579;Tran-Lopez;2020-11-03;Issue;one;;;;
124;519;2022-05-16;3100;Tran-Lopez;2020-09-06;Leader;technology;;;;
124;656;2023-12-20;930;Tran-Lopez;2020-12-30;Person;yourself;;;;
124;669;2025-12-26;4317;Tran-Lopez;2021-12-17;Messanger;memory;;;;
124;711;2024-11-17;419;Tran-Lopez;2021-04-21;Naught;necessary;;;;
124;823;2021-04-24;4870;Tran-Lopez;2020-04-23;Shrill;fencing;;;;
124;844;2026-02-03;432;Tran-Lopez;2020-09-24;Statement;benefit;;;;
124;859;2021-10-18;778;Tran-Lopez;2020-02-12;Teach;should;;;;
124;873;2024-07-10;3427;Tran-Lopez;2021-01-18;Into;ask;;;;
124;895;2025-05-11;3811;Tran-Lopez;2020-01-15;Eye;husband;;;;
124;956;2022-09-20;872;Tran-Lopez;2020-05-10;Giblets;ascendant;;;;
125;38;2024-11-30;2322;Adams;2020-05-06;Land;great;;;;
125;101;2024-11-10;1611;Adams;2020-01-12;Single;well;;;;
125;238;2024-11-15;4124;Adams;2021-10-17;Labour;party;;;;
125;325;2021-02-15;2129;Adams;2020-12-04;Management;defense;;;;
125;375;2022-07-29;4019;Adams;2020-01-13;Rose;footer;;;;
125;409;2024-12-25;2895;Adams;2021-04-09;Public;he;;;;
125;478;2023-03-02;1347;Adams;2020-03-16;Common;cold;;;;
125;622;2023-10-17;4251;Adams;2020-04-24;How;buy;;;;
125;664;2025-10-15;860;Adams;2020-03-01;Yes;keep;;;;
125;829;2024-11-23;4221;Adams;2020-01-09;Few;line;;;;
125;927;2024-11-09;4847;Adams;2020-03-02;English;imaginable;;;;
125;964;2022-12-21;3592;Adams;2021-06-04;Teeth;paganism;;;;
125;983;2021-12-13;370;Adams;2020-06-30;Black;thus;;;;
126;23;2026-01-31;455;Gonzales PLC;2020-02-02;These;and;;;;
126;125;2021-04-10;348;Gonzales PLC;2021-04-10;Boy;yellow;;;;
126;185;2025-08-01;684;Gonzales PLC;2020-10-06;Smile;player;;;;
126;233;2020-02-14;386;Gonzales PLC;2020-02-14;Herself;water;;;;
126;271;2025-12-25;876;Gonzales PLC;2021-03-10;Create;garden;;;;
126;280;2023-12-27;1547;Gonzales PLC;2020-01-23;Agree;participant;;;;
126;281;2025-09-13;2419;Gonzales PLC;2020-02-03;Persuasive;ripple;;;;
126;284;2023-03-10;281;Gonzales PLC;2023-03-10;Safe;hotel;;;;
126;489;2021-01-27;1595;Gonzales PLC;2020-08-19;Gleam;die;;;;
126;518;2026-01-10;2732;Gonzales PLC;2020-09-25;Administration;have;;;;
126;525;2025-02-05;1958;Gonzales PLC;2020-04-15;Guess;shady;;;;
126;726;2025-12-21;1100;Gonzales PLC;2020-03-18;Beyond;almost;;;;
126;733;2023-06-27;2858;Gonzales PLC;2021-03-29;Message;police;;;;
126;944;2023-04-01;1992;Gonzales PLC;2020-01-03;Sort;stage;;;;
126;970;2020-09-06;1435;Gonzales PLC;2020-04-27;Onto;peace;;;;
127;50;2022-11-20;471;Singleton-Pitts;2020-01-01;Book;difference;168;wall;366;Development and Cultural Studies
127;81;2021-08-28;4813;Singleton-Pitts;2020-04-20;Chair;dark;168;wall;366;Development and Cultural Studies
127;97;2024-04-02;956;Singleton-Pitts;2020-03-31;Edge;use;168;wall;366;Development and Cultural Studies
127;142;2025-04-05;125;Singleton-Pitts;2020-03-16;Analysis;evidence;168;wall;366;Development and Cultural Studies
127;240;2024-03-09;4117;Singleton-Pitts;2020-04-14;Unit;president;168;wall;366;Development and Cultural Studies
127;295;2023-12-23;1702;Singleton-Pitts;2020-12-13;Rife;rid;168;wall;366;Development and Cultural Studies
127;403;2025-06-07;3082;Singleton-Pitts;2020-01-30;Goal;interest;168;wall;366;Development and Cultural Studies
127;468;2024-11-14;3746;Singleton-Pitts;2020-08-08;Catch;horizon;168;wall;366;Development and Cultural Studies
127;552;2023-05-24;3868;Singleton-Pitts;2020-08-10;Lead;message;168;wall;366;Development and Cultural Studies
127;619;2023-12-24;1899;Singleton-Pitts;2020-04-14;Silver;earring;168;wall;366;Development and Cultural Studies
127;642;2021-12-06;4721;Singleton-Pitts;2020-01-09;Realize;financial;168;wall;366;Development and Cultural Studies
127;687;2024-03-01;3952;Singleton-Pitts;2020-04-27;Many;where;168;wall;366;Development and Cultural Studies
127;713;2021-09-15;3553;Singleton-Pitts;2020-02-28;Drug;talk;168;wall;366;Development and Cultural Studies
127;729;2022-08-10;2320;Singleton-Pitts;2021-12-08;Store;value;168;wall;366;Development and Cultural Studies
127;815;2024-06-01;3972;Singleton-Pitts;2020-10-18;Brush;tool;168;wall;366;Development and Cultural Studies
128;296;2023-04-01;1638;Andrews;2022-02-08;Pass;safe;;;;
128;352;2024-04-07;3643;Andrews;2020-08-07;Suddenly;boy;;;;
128;362;2020-02-13;4614;Andrews;2020-02-13;Memory;late;;;;
128;407;2023-08-23;456;Andrews;2021-03-14;Politics;tough;;;;
128;413;2022-10-30;740;Andrews;2020-11-08;Stop;country;;;;
128;413;2023-08-01;132;Andrews;2020-11-08;Stop;country;;;;
128;482;2024-08-03;1977;Andrews;2020-01-11;Cream;miami;;;;
128;510;2022-09-18;223;Andrews;2020-04-02;Bad;hearts;;;;
128;574;2025-11-08;2168;Andrews;2020-03-03;Well;explain;;;;
128;579;2022-04-19;741;Andrews;2021-06-27;Discuss;prince;;;;
128;610;2021-03-28;1241;Andrews;2020-07-16;Alone;band;;;;
128;627;2021-07-19;4483;Andrews;2020-06-10;Active;equinox;;;;
128;735;2021-09-16;1811;Andrews;2021-01-08;Learn;lose;;;;
128;739;2021-08-01;2283;Andrews;2020-04-01;Pull;beautiful;;;;
128;776;2022-09-13;4344;Andrews;2020-08-06;Daddle;ceramic;;;;
128;804;2022-05-22;4257;Andrews;2020-03-05;Cartoon;wear;;;;
128;945;2025-10-19;1668;Andrews;2020-04-15;Manual;trick;;;;
128;980;2025-08-11;105;Andrews;2020-04-22;Meeting;who;;;;
129;7;2022-02-24;704;Griffith-Baldwin;2020-01-27;Hair;relate;;;;
129;76;2025-03-28;1309;Griffith-Baldwin;2020-05-12;Rest;would;;;;
129;154;2022-09-09;643;Griffith-Baldwin;2020-12-28;Monolith;odyssey;;;;
129;164;2025-08-07;131;Griffith-Baldwin;2020-01-31;Evening;guy;;;;
129;170;2024-04-18;1734;Griffith-Baldwin;2020-01-19;Wind;top;;;;
129;283;2020-03-26;1114;Griffith-Baldwin;2020-03-26;Nature;rise;;;;
129;333;2023-05-10;2122;Griffith-Baldwin;2020-01-28;Over;grow;;;;
129;489;2021-08-05;3450;Griffith-Baldwin;2020-08-19;Gleam;die;;;;
129;520;2020-12-05;2972;Griffith-Baldwin;2020-12-05;Green;cry;;;;
129;523;2020-03-19;1423;Griffith-Baldwin;2020-03-19;Base;remember;;;;
129;537;2025-08-25;2453;Griffith-Baldwin;2020-04-07;Cost;outside;;;;
129;611;2020-04-22;136;Griffith-Baldwin;2020-02-01;Series;seven;;;;
129;622;2025-06-12;576;Griffith-Baldwin;2020-04-24;How;buy;;;;
129;774;2023-08-01;3124;Griffith-Baldwin;2021-12-13;Start;area;;;;
129;877;2020-08-05;952;Griffith-Baldwin;2020-01-27;Operation;safe;;;;
129;953;2022-10-15;4938;Griffith-Baldwin;2020-09-03;Involve;interest;;;;
130;22;2023-02-21;1317;Delgado-Potter;2020-04-10;Thing;wednesday;;;;
130;29;2020-02-10;2617;Delgado-Potter;2020-02-10;Film;action;;;;
130;88;2021-10-07;1051;Delgado-Potter;2020-05-31;Else;goal;;;;
130;290;2021-01-24;1870;Delgado-Potter;2020-05-30;During;agree;;;;
130;311;2020-12-18;4381;Delgado-Potter;2020-01-19;Relationship;enough;;;;
130;314;2025-05-15;3000;Delgado-Potter;2020-01-03;Follow;street;;;;
130;334;2025-01-25;682;Delgado-Potter;2022-01-29;Build;term;;;;
130;370;2023-06-02;3677;Delgado-Potter;2020-04-21;Her;PM;;;;
130;395;2021-05-29;2721;Delgado-Potter;2020-08-22;Subject;raise;;;;
130;403;2022-01-30;2027;Delgado-Potter;2020-01-30;Goal;interest;;;;
130;424;2025-08-21;1959;Delgado-Potter;2020-01-29;Item;usually;;;;
130;470;2026-02-06;1082;Delgado-Potter;2020-09-07;Red;against;;;;
130;624;2021-05-16;1001;Delgado-Potter;2020-02-26;Why;professor;;;;
130;625;2021-06-21;3605;Delgado-Potter;2020-02-06;Need;a;;;;
130;645;2020-11-18;4851;Delgado-Potter;2020-04-29;Floret;arsenic;;;;
130;648;2023-04-30;3875;Delgado-Potter;2020-03-13;Fish;high;;;;
130;788;2024-03-09;4631;Delgado-Potter;2021-08-07;Throughout;popular;;;;
130;884;2024-12-06;2089;Delgado-Potter;2020-01-29;Bar;opportunity;;;;
130;886;2021-11-09;608;Delgado-Potter;2020-10-15;Some;street;;;;
130;935;2025-04-12;2106;Delgado-Potter;2020-11-13;Part;quality;;;;
130;960;2025-05-31;4685;Delgado-Potter;2021-01-02;Finally;personal;;;;
130;979;2023-08-26;3970;Delgado-Potter;2021-01-08;Row;person;;;;
131;58;2024-12-27;4423;Chan-Smith;2020-02-10;Sing;song;;;;
131;105;2020-04-02;3922;Chan-Smith;2020-04-02;Same;nation;;;;
131;131;2024-07-17;3833;Chan-Smith;2021-07-02;List;perhaps;;;;
131;196;2021-03-01;4741;Chan-Smith;2020-11-18;Pack;snail;;;;
131;339;2025-02-28;482;Chan-Smith;2020-03-27;Slam;pad;;;;
131;394;2023-02-14;4513;Chan-Smith;2021-12-21;My;contain;;;;
131;431;2025-10-04;2228;Chan-Smith;2020-04-03;Appear;agency;;;;
131;476;2024-07-04;116;Chan-Smith;2021-01-19;Salvator;limosine;;;;
131;526;2021-11-02;3653;Chan-Smith;2020-09-23;Accept;strong;;;;
131;580;2022-04-03;3419;Chan-Smith;2020-03-22;Feel;bad;;;;
131;720;2025-06-21;634;Chan-Smith;2020-09-10;Rock;woman;;;;
131;803;2020-06-28;2384;Chan-Smith;2020-06-28;Also;source;;;;
131;857;2022-11-25;4186;Chan-Smith;2020-03-06;Operation;close;;;;
131;966;2022-06-16;4322;Chan-Smith;2021-02-14;Palm;stack;;;;
131;985;2022-12-09;3507;Chan-Smith;2021-08-25;Detail;speech;;;;
132;10;2023-05-08;4504;Baker;2020-10-08;Lease;deposit;;;;
132;195;2026-02-04;1324;Baker;2020-07-02;Enterprise;groom;;;;
132;239;2020-03-09;760;Baker;2020-02-14;Ladder;lace;;;;
132;287;2023-09-25;2622;Baker;2020-05-28;Budget;understand;;;;
132;301;2020-11-30;4877;Baker;2020-11-30;Image;TV;;;;
132;310;2021-11-13;2834;Baker;2020-10-03;Serve;provide;;;;
132;363;2020-08-15;4779;Baker;2020-04-20;Her;foreign;;;;
132;464;2026-01-03;2681;Baker;2020-05-01;Ground;happen;;;;
133;136;2022-12-05;2186;Campbell LLC;2020-08-22;Reason;early;;;;
133;215;2025-01-31;3191;Campbell LLC;2020-01-05;Outmatch;progression;;;;
133;227;2023-06-16;1757;Campbell LLC;2020-11-21;Ok;air;;;;
133;469;2024-03-05;4683;Campbell LLC;2022-03-02;Individual;whatever;;;;
133;486;2021-02-26;452;Campbell LLC;2020-12-28;Try;sell;;;;
133;503;2021-10-27;291;Campbell LLC;2020-09-10;Nurse;around;;;;
133;599;2022-03-02;3987;Campbell LLC;2020-11-20;Population;use;;;;
133;647;2022-07-21;2212;Campbell LLC;2020-01-05;Maintain;coach;;;;
133;767;2024-08-21;134;Campbell LLC;2020-09-09;Artist;wait;;;;
133;789;2024-12-05;2614;Campbell LLC;2020-04-07;Dinner;upon;;;;
133;798;2026-01-25;4970;Campbell LLC;2021-08-11;Cruel;goofy;;;;
133;829;2021-09-15;3669;Campbell LLC;2020-01-09;Few;line;;;;
133;894;2024-02-16;2123;Campbell LLC;2020-09-11;Scientist;tax;;;;
133;906;2022-07-05;4255;Campbell LLC;2020-08-26;Third;newspaper;;;;
133;984;2020-04-09;4146;Campbell LLC;2020-01-04;Treatment;stage;;;;
133;999;2021-05-22;3760;Campbell LLC;2021-01-17;Public;late;;;;
134;10;2023-05-26;490;Hall-Ballard;2020-10-08;Lease;deposit;;;;
134;50;2026-01-23;3773;Hall-Ballard;2020-01-01;Book;difference;;;;
134;83;2021-02-14;970;Hall-Ballard;2020-09-21;Past;offer;;;;
134;83;2022-07-07;1022;Hall-Ballard;2020-09-21;Past;offer;;;;
134;111;2026-02-04;2254;Hall-Ballard;2020-04-25;Empty;forgotten;;;;
134;113;2020-12-30;1796;Hall-Ballard;2020-12-30;Feel;simply;;;;
134;209;2021-12-27;4468;Hall-Ballard;2020-01-06;Draw;adult;;;;
134;368;2020-01-07;1313;Hall-Ballard;2020-01-07;Any;important;;;;
134;399;2023-04-29;1420;Hall-Ballard;2020-09-09;Home;difficult;;;;
134;403;2023-02-07;996;Hall-Ballard;2020-01-30;Goal;interest;;;;
134;456;2024-12-05;933;Hall-Ballard;2020-03-03;Save;put;;;;
134;496;2020-03-11;4093;Hall-Ballard;2020-03-11;Lady;dancer;;;;
134;633;2020-02-29;1884;Hall-Ballard;2020-02-29;Check;reach;;;;
134;671;2025-11-29;3534;Hall-Ballard;2020-01-20;Bloom;flow;;;;
134;789;2020-12-28;4825;Hall-Ballard;2020-04-07;Dinner;upon;;;;
134;815;2025-09-07;2414;Hall-Ballard;2020-10-18;Brush;tool;;;;
134;834;2024-07-03;3071;Hall-Ballard;2020-06-07;Positive;age;;;;
134;902;2024-04-28;4050;Hall-Ballard;2020-02-27;Eat;happy;;;;
134;968;2020-10-10;1253;Hall-Ballard;2020-10-10;Deep;tonight;;;;
134;981;2023-10-09;4108;Hall-Ballard;2021-05-09;Walk;federal;;;;
135;54;2020-12-11;149;Garcia;2020-05-25;Garden;tool;;;;
135;130;2020-08-02;4881;Garcia;2020-08-02;Morning;real;;;;
135;225;2024-01-28;467;Garcia;2020-01-30;Book;quality;;;;
135;370;2020-07-09;2292;Garcia;2020-04-21;Her;PM;;;;
135;419;2022-03-15;1356;Garcia;2020-07-13;To;get;;;;
135;433;2023-05-13;3534;Garcia;2020-10-23;Daydreams;best;;;;
135;552;2022-03-07;635;Garcia;2020-08-10;Lead;message;;;;
135;579;2025-03-19;3318;Garcia;2021-06-27;Discuss;prince;;;;
135;582;2021-02-03;1861;Garcia;2020-08-05;Adult;mean;;;;
135;618;2025-05-19;1500;Garcia;2020-06-27;Gold;necklace;;;;
135;628;2025-06-25;3938;Garcia;2020-01-13;Policy;often;;;;
135;838;2020-06-03;2710;Garcia;2020-02-09;Wanting;fail;;;;
135;893;2024-01-03;3297;Garcia;2020-04-08;Officer;maintain;;;;
136;38;2024-09-25;1112;Harris;2020-05-06;Land;great;;;;
136;84;2020-07-16;1187;Harris;2020-07-16;She;marriage;;;;
136;119;2025-08-17;4321;Harris;2020-03-31;Although;bring;;;;
136;182;2023-08-30;2772;Harris;2020-10-27;Old;top;;;;
136;196;2024-08-20;4461;Harris;2020-11-18;Pack;snail;;;;
136;300;2022-10-01;3093;Harris;2020-05-04;January;sally;;;;
136;354;2023-01-05;4009;Harris;2020-12-13;Aversion;sensibility;;;;
136;364;2022-05-26;1163;Harris;2020-05-25;Despite;church;;;;
136;384;2021-07-11;3441;Harris;2020-01-29;Heavy;win;;;;
136;400;2020-04-09;2028;Harris;2020-03-25;Wand;Avenge;;;;
136;421;2025-04-08;2483;Harris;2020-03-27;Top;finally;;;;
136;513;2020-05-27;2495;Harris;2020-05-27;Honey;bone;;;;
136;571;2022-09-30;2815;Harris;2020-09-07;Task;kick;;;;
136;665;2024-05-29;2311;Harris;2020-05-30;Say;reduce;;;;
136;729;2025-10-25;2961;Harris;2021-12-08;Store;value;;;;
136;733;2024-02-07;1833;Harris;2021-03-29;Message;police;;;;
136;763;2023-04-16;3941;Harris;2020-12-06;Homely;domestic;;;;
136;773;2024-10-04;2145;Harris;2020-04-22;Topic;wax;;;;
136;958;2020-11-29;3340;Harris;2020-11-29;Mutual;musician;;;;
137;5;2023-02-22;668;Phillips;2020-05-14;Champion;equalize;;;;
137;5;2020-06-21;1217;Phillips;2020-05-14;Champion;equalize;;;;
137;20;2020-04-24;4267;Phillips;2020-02-08;Road;though;;;;
137;38;2025-03-28;3435;Phillips;2020-05-06;Land;great;;;;
137;63;2021-06-06;2387;Phillips;2020-02-18;Blue;sky;;;;
137;110;2024-08-04;2570;Phillips;2020-02-27;Thus;heavy;;;;
137;119;2020-11-03;4650;Phillips;2020-03-31;Although;bring;;;;
137;129;2020-01-12;592;Phillips;2020-01-12;Montain;dew;;;;
137;141;2023-11-26;3959;Phillips;2021-09-16;King;plot;;;;
137;160;2026-01-12;2327;Phillips;2020-06-12;Style;shoulder;;;;
137;176;2021-07-17;3012;Phillips;2020-05-08;Hug;muddle;;;;
137;203;2024-03-02;4463;Phillips;2020-05-29;Key;time;;;;
137;270;2024-04-10;1724;Phillips;2020-03-13;Product;state;;;;
137;271;2024-08-31;2804;Phillips;2021-03-10;Create;garden;;;;
137;321;2024-12-14;1479;Phillips;2020-06-04;Ardent;architect;;;;
137;375;2026-01-12;789;Phillips;2020-01-13;Rose;footer;;;;
137;417;2021-07-18;853;Phillips;2020-04-09;Approach;interview;;;;
137;432;2023-04-02;2860;Phillips;2020-03-28;Reality;dip;;;;
137;462;2024-11-05;4184;Phillips;2020-02-09;Group;carry;;;;
137;483;2025-04-09;817;Phillips;2021-07-10;Line;than;;;;
137;624;2020-08-17;205;Phillips;2020-02-26;Why;professor;;;;
137;706;2025-02-23;2914;Phillips;2020-01-02;Paper;record;;;;
137;762;2025-08-22;3361;Phillips;2020-02-25;Authority;road;;;;
137;773;2022-09-13;4583;Phillips;2020-04-22;Topic;wax;;;;
137;789;2021-01-20;421;Phillips;2020-04-07;Dinner;upon;;;;
137;823;2022-07-11;1904;Phillips;2020-04-23;Shrill;fencing;;;;
137;958;2021-02-22;3947;Phillips;2020-11-29;Mutual;musician;;;;
138;46;2022-10-17;4687;Davis;2021-01-26;Authority;artist;;;;
138;60;2020-02-15;4006;Davis;2020-02-15;Musical;oxford;;;;
138;62;2024-10-21;1040;Davis;2020-05-20;Show;wonder;;;;
138;147;2022-11-25;3387;Davis;2020-01-24;Echo;chamber;;;;
138;198;2025-09-28;1136;Davis;2020-11-15;Water;rise;;;;
138;245;2021-02-05;1979;Davis;2020-01-08;Mill;run;;;;
138;450;2020-02-07;606;Davis;2020-02-07;After;billion;;;;
138;454;2023-07-07;925;Davis;2020-02-12;Stock;responsibility;;;;
138;471;2024-12-13;3035;Davis;2020-03-22;Ask;conference;;;;
138;489;2021-08-09;2580;Davis;2020-08-19;Gleam;die;;;;
138;536;2025-01-26;3064;Davis;2020-03-08;Beat;factor;;;;
138;571;2020-09-07;101;Davis;2020-09-07;Task;kick;;;;
138;651;2023-03-21;2458;Davis;2020-09-23;Relate;offer;;;;
138;790;2025-06-28;1720;Davis;2020-07-18;Pearl;sunlight;;;;
138;804;2023-01-06;2786;Davis;2020-03-05;Cartoon;wear;;;;
138;827;2021-03-20;286;Davis;2020-12-03;Soldier;throughout;;;;
138;855;2023-06-22;4453;Davis;2021-08-27;Five;Crime;;;;
138;883;2021-03-17;1696;Davis;2020-02-02;Process;Crime;;;;
138;918;2021-01-05;4861;Davis;2020-04-16;Social;iniciative;;;;
138;994;2023-11-09;1037;Davis;2021-07-16;Security;challenge;;;;
138;999;2025-01-07;897;Davis;2021-01-17;Public;late;;;;
139;30;2023-06-27;3582;Smith;2020-03-15;Conference;product;;;;
139;67;2022-04-13;1364;Smith;2020-10-09;If;and;;;;
139;97;2022-05-06;2631;Smith;2020-03-31;Edge;use;;;;
139;137;2024-09-17;960;Smith;2020-06-23;Within;seat;;;;
139;150;2025-05-06;2622;Smith;2020-06-15;Take;do;;;;
139;165;2022-05-18;3456;Smith;2020-09-22;Flat;inform;;;;
139;169;2022-01-30;3329;Smith;2021-07-04;Through;military;;;;
139;210;2024-03-09;865;Smith;2022-01-08;Stage;they;;;;
139;294;2020-01-01;2760;Smith;2020-01-01;Ring;rink;;;;
139;347;2021-11-13;3119;Smith;2020-09-22;Tax;perhaps;;;;
139;390;2024-08-26;3050;Smith;2020-02-25;Mind;information;;;;
139;472;2025-01-26;838;Smith;2020-06-30;Senior;reality;;;;
139;528;2023-09-28;2874;Smith;2021-03-23;Created;monster;;;;
139;595;2022-08-13;3458;Smith;2021-02-15;Moderate;three;;;;
139;620;2021-12-09;2983;Smith;2020-02-21;Bracelet;count;;;;
139;708;2023-03-10;2835;Smith;2020-04-07;Wife;far;;;;
139;938;2024-05-24;3853;Smith;2021-08-25;American;but;;;;
139;955;2024-02-24;865;Smith;2020-02-13;Recollection;sugary;;;;
140;9;2022-05-07;4772;Harrington Inc;2020-01-03;Star;land;;;;
140;9;2021-10-14;489;Harrington Inc;2020-01-03;Star;land;;;;
140;14;2025-10-16;1324;Harrington Inc;2020-01-30;Billion;hair;;;;
140;49;2022-05-21;2141;Harrington Inc;2020-05-21;Fill;this;;;;
140;98;2024-10-31;4524;Harrington Inc;2020-04-20;Recent;kind;;;;
140;131;2025-05-13;1818;Harrington Inc;2021-07-02;List;perhaps;;;;
140;194;2024-11-09;3980;Harrington Inc;2020-03-27;Pass;physical;;;;
140;275;2023-09-13;4574;Harrington Inc;2020-04-19;June;mar;;;;
140;556;2022-11-24;2304;Harrington Inc;2020-03-08;Prisioners;airway;;;;
140;687;2024-04-06;2451;Harrington Inc;2020-04-27;Many;where;;;;
140;692;2022-12-17;946;Harrington Inc;2020-12-12;Street;walk;;;;
140;706;2020-01-02;3983;Harrington Inc;2020-01-02;Paper;record;;;;
140;775;2024-01-10;2795;Harrington Inc;2021-12-27;No;end;;;;
140;905;2020-12-17;4521;Harrington Inc;2020-01-19;Future;build;;;;
141;26;2025-08-13;3132;Thomas-Williams;2021-10-15;Give;consider;92;affect;101;Renaissance
141;43;2020-10-01;944;Thomas-Williams;2020-10-01;Range;specific;92;affect;101;Renaissance
141;94;2024-05-28;1213;Thomas-Williams;2020-05-07;Trouble;project;92;affect;101;Renaissance
141;233;2021-04-26;4385;Thomas-Williams;2020-02-14;Herself;water;92;affect;101;Renaissance
141;304;2023-01-24;840;Thomas-Williams;2021-07-11;Forth;settle;92;affect;101;Renaissance
141;428;2021-03-01;3353;Thomas-Williams;2020-03-03;Me;across;92;affect;101;Renaissance
141;436;2025-07-21;1708;Thomas-Williams;2020-05-13;Whatever;every;92;affect;101;Renaissance
141;605;2023-10-17;2574;Thomas-Williams;2020-03-30;Automation;automatic;92;affect;101;Renaissance
141;624;2020-02-26;2181;Thomas-Williams;2020-02-26;Why;professor;92;affect;101;Renaissance
141;636;2025-11-21;1155;Thomas-Williams;2020-04-17;Business;tell;92;affect;101;Renaissance
141;643;2022-04-21;2878;Thomas-Williams;2020-05-31;Term;example;92;affect;101;Renaissance
141;668;2020-09-01;327;Thomas-Williams;2020-08-17;League;marquis;92;affect;101;Renaissance
141;832;2025-05-01;4844;Thomas-Williams;2020-09-08;Seek;squirt;92;affect;101;Renaissance
141;855;2023-07-17;164;Thomas-Williams;2021-08-27;Five;Crime;92;affect;101;Renaissance
141;910;2025-10-26;1240;Thomas-Williams;2021-07-05;Rise;according;92;affect;101;Renaissance
141;914;2020-03-27;2449;Thomas-Williams;2020-03-27;School;hope;92;affect;101;Renaissance
141;976;2022-11-21;3799;Thomas-Williams;2020-01-12;Bash;git;92;affect;101;Renaissance
142;48;2022-11-12;4375;Harris and Sons;2020-05-06;A;job;;;;
142;181;2020-11-22;1104;Harris and Sons;2020-11-22;Day;trust;;;;
142;280;2020-01-23;4813;Harris and Sons;2020-01-23;Agree;participant;;;;
142;306;2025-07-07;1110;Harris and Sons;2020-04-22;Seventy;setback;;;;
142;379;2025-05-12;277;Harris and Sons;2020-01-31;Learn;husband;;;;
142;416;2020-11-30;1100;Harris and Sons;2020-03-13;Some;kitchen;;;;
142;481;2022-01-02;389;Harris and Sons;2021-03-28;Soft;ice;;;;
142;556;2020-04-25;2257;Harris and Sons;2020-03-08;Prisioners;airway;;;;
142;557;2022-04-23;4744;Harris and Sons;2020-09-14;Animal;yes;;;;
142;558;2023-02-12;1329;Harris and Sons;2020-02-12;Prepare;wish;;;;
142;682;2020-06-21;334;Harris and Sons;2020-06-21;Final;figure;;;;
142;706;2021-11-30;878;Harris and Sons;2020-01-02;Paper;record;;;;
142;715;2020-07-06;1409;Harris and Sons;2020-07-06;Walk;ahead;;;;
142;744;2025-07-20;2897;Harris and Sons;2020-01-29;Radio;like;;;;
142;750;2023-05-21;4420;Harris and Sons;2020-05-08;Commons;calculator;;;;
142;762;2020-02-25;688;Harris and Sons;2020-02-25;Authority;road;;;;
142;971;2022-10-12;2583;Harris and Sons;2021-02-05;Complete;final;;;;
143;30;2024-08-07;2328;Bates Ltd;2020-03-15;Conference;product;;;;
143;94;2025-06-11;3699;Bates Ltd;2020-05-07;Trouble;project;;;;
143;116;2023-05-22;2216;Bates Ltd;2020-01-31;Tell;treating;;;;
143;136;2020-10-05;1333;Bates Ltd;2020-08-22;Reason;early;;;;
143;215;2020-01-05;261;Bates Ltd;2020-01-05;Outmatch;progression;;;;
143;253;2021-09-02;4869;Bates Ltd;2021-09-02;Various;whether;;;;
143;348;2021-11-10;586;Bates Ltd;2020-02-19;Almost;fine;;;;
143;365;2025-01-07;2309;Bates Ltd;2021-01-16;Order;share;;;;
143;373;2021-07-10;1957;Bates Ltd;2020-01-22;War;foot;;;;
143;417;2024-03-31;3884;Bates Ltd;2020-04-09;Approach;interview;;;;
143;527;2025-08-10;4358;Bates Ltd;2020-11-20;Important;available;;;;
143;543;2021-10-01;4049;Bates Ltd;2020-01-03;Rule;lay;;;;
143;593;2024-01-11;3428;Bates Ltd;2020-01-27;Yet;nothing;;;;
143;633;2022-03-08;567;Bates Ltd;2020-02-29;Check;reach;;;;
143;808;2020-03-21;293;Bates Ltd;2020-03-21;Ahead;whose;;;;
143;855;2025-10-25;2619;Bates Ltd;2021-08-27;Five;Crime;;;;
143;968;2025-01-12;1608;Bates Ltd;2020-10-10;Deep;tonight;;;;
143;981;2024-05-31;2682;Bates Ltd;2021-05-09;Walk;federal;;;;
143;984;2021-09-09;586;Bates Ltd;2020-01-04;Treatment;stage;;;;
143;988;2025-01-18;4320;Bates Ltd;2020-03-22;Eyelash;blink;;;;
144;35;2021-07-07;4079;Bender-Griffin;2020-12-30;Record;fund;;;;
144;56;2025-10-14;1630;Bender-Griffin;2020-02-28;Moon;light;;;;
144;122;2024-10-15;4113;Bender-Griffin;2020-04-08;Want;wind;;;;
144;183;2025-07-19;1462;Bender-Griffin;2020-03-12;Secretary;receipt;;;;
144;206;2023-12-20;3617;Bender-Griffin;2020-01-25;He;main;;;;
144;226;2020-04-30;2995;Bender-Griffin;2020-04-30;Buy;share;;;;
144;244;2020-06-07;439;Bender-Griffin;2020-06-07;Military;level;;;;
144;278;2025-12-12;3302;Bender-Griffin;2020-03-01;Permian;perky;;;;
144;320;2021-02-15;2265;Bender-Griffin;2021-02-04;Happy;American;;;;
144;343;2021-02-06;4360;Bender-Griffin;2020-01-12;Nickle;table;;;;
144;487;2025-11-27;1512;Bender-Griffin;2020-07-17;Become;heavy;;;;
144;625;2020-03-15;4485;Bender-Griffin;2020-02-06;Need;a;;;;
144;654;2025-01-18;2772;Bender-Griffin;2021-10-26;Early;me;;;;
144;802;2024-04-24;1229;Bender-Griffin;2020-02-18;Hard;cost;;;;
145;40;2023-02-23;539;Murray;2022-01-04;Speech;generation;;;;
145;46;2021-07-23;379;Murray;2021-01-26;Authority;artist;;;;
145;59;2021-05-03;1253;Murray;2020-01-07;Reason;than;;;;
145;83;2026-02-01;392;Murray;2020-09-21;Past;offer;;;;
145;147;2024-02-29;1286;Murray;2020-01-24;Echo;chamber;;;;
145;219;2023-01-01;1363;Murray;2020-01-20;Prop;back;;;;
145;285;2025-11-13;3357;Murray;2020-02-11;Kitchen;two;;;;
145;352;2020-08-13;155;Murray;2020-08-07;Suddenly;boy;;;;
145;395;2021-02-02;2510;Murray;2020-08-22;Subject;raise;;;;
145;404;2026-01-03;3269;Murray;2020-03-09;Blood;treat;;;;
145;460;2020-04-02;2972;Murray;2020-04-02;For;reach;;;;
145;479;2024-11-23;1175;Murray;2020-01-28;Foreign;ciao;;;;
145;542;2020-12-27;1910;Murray;2020-04-25;Yeah;base;;;;
145;584;2022-03-19;4119;Murray;2020-03-25;Fish;sea;;;;
145;630;2025-09-30;1118;Murray;2020-07-09;Glass;landlord;;;;
145;709;2020-06-06;2945;Murray;2020-03-23;Improve;fact;;;;
145;721;2023-07-28;3945;Murray;2021-03-30;Tight;null;;;;
145;781;2024-05-11;4598;Murray;2020-08-12;Wife;sure;;;;
145;823;2021-11-19;3310;Murray;2020-04-23;Shrill;fencing;;;;
145;849;2023-01-23;3827;Murray;2020-02-01;Mistake;error;;;;
146;35;2024-12-06;2597;Clark;2020-12-30;Record;fund;;;;
146;95;2026-02-05;3321;Clark;2021-05-14;Leg;area;;;;
146;134;2023-06-04;3276;Clark;2020-02-17;Some;both;;;;
146;372;2021-09-07;3274;Clark;2020-01-18;Field;flower;;;;
146;391;2023-07-20;1220;Clark;2020-02-02;Off;meet;;;;
146;464;2024-04-27;2389;Clark;2020-05-01;Ground;happen;;;;
146;511;2025-11-06;4348;Clark;2020-07-07;Either;much;;;;
146;512;2022-09-25;675;Clark;2020-05-17;Met;through;;;;
146;530;2024-02-16;3029;Clark;2021-11-16;Marshall;chopped;;;;
146;607;2024-10-27;3943;Clark;2021-03-06;Much;alone;;;;
146;610;2022-06-18;3131;Clark;2020-07-16;Alone;band;;;;
146;638;2025-04-15;1370;Clark;2020-03-19;My;authority;;;;
146;874;2020-08-12;1551;Clark;2020-08-12;Authority;or;;;;
146;894;2025-11-20;2458;Clark;2020-09-11;Scientist;tax;;;;
146;904;2022-06-30;3192;Clark;2020-12-22;Sometimes;mean;;;;
146;945;2021-04-16;3778;Clark;2020-04-15;Manual;trick;;;;
146;956;2024-05-28;4299;Clark;2020-05-10;Giblets;ascendant;;;;
147;87;2024-03-17;570;Turner and Sons;2020-02-02;Responsibility;dream;;;;
147;211;2022-07-07;3464;Turner and Sons;2021-07-05;Wholly;pull;;;;
147;238;2025-05-17;3002;Turner and Sons;2021-10-17;Labour;party;;;;
147;270;2024-03-04;2177;Turner and Sons;2020-03-13;Product;state;;;;
147;301;2024-03-06;1303;Turner and Sons;2020-11-30;Image;TV;;;;
147;407;2025-08-05;4790;Turner and Sons;2021-03-14;Politics;tough;;;;
147;447;2024-06-19;3021;Turner and Sons;2020-09-05;Argue;rock;;;;
147;548;2022-06-28;425;Turner and Sons;2020-03-31;Cooperate;operate;;;;
147;587;2022-11-23;3702;Turner and Sons;2020-12-25;Arrive;different;;;;
147;643;2025-04-12;3274;Turner and Sons;2020-05-31;Term;example;;;;
147;749;2024-08-23;3608;Turner and Sons;2020-04-04;Cup;human;;;;
147;773;2022-06-24;1814;Turner and Sons;2020-04-22;Topic;wax;;;;
147;904;2020-12-22;3705;Turner and Sons;2020-12-22;Sometimes;mean;;;;
147;906;2025-10-28;2717;Turner and Sons;2020-08-26;Third;newspaper;;;;
148;96;2023-11-22;3797;Martin;2020-02-15;Like;available;;;;
148;102;2022-11-22;2494;Martin;2020-06-22;We;country;;;;
148;187;2024-12-27;244;Martin;2020-06-04;Ride;systole;;;;
148;244;2024-03-11;3489;Martin;2020-06-07;Military;level;;;;
148;263;2025-11-22;1588;Martin;2020-03-22;Always;may;;;;
148;274;2023-09-25;2033;Martin;2020-01-12;Mantelpiece;march;;;;
148;323;2021-05-02;3374;Martin;2020-01-04;Long;serve;;;;
148;387;2022-09-07;761;Martin;2020-09-24;Teacher;contain;;;;
148;397;2021-02-15;2412;Martin;2020-09-11;Snake;november;;;;
148;568;2022-05-17;2303;Martin;2020-03-06;Prepare;great;;;;
148;569;2025-01-13;3577;Martin;2021-07-06;Degree;day;;;;
148;621;2025-06-15;3934;Martin;2020-09-15;Countess;title;;;;
148;659;2020-08-30;1729;Martin;2020-01-20;Table;page;;;;
148;695;2021-07-10;4318;Martin;2020-01-12;Fly;flight;;;;
148;696;2020-08-31;1784;Martin;2020-08-31;Fight;into;;;;
148;784;2024-01-12;1380;Martin;2020-03-21;Exactly;a;;;;
148;796;2023-05-19;1566;Martin;2020-03-20;Vanish;varnish;;;;
148;875;2021-02-13;4532;Martin;2020-04-29;Thumb;match;;;;
148;930;2024-04-08;4377;Martin;2020-02-01;Toil;scheme;;;;
148;967;2024-09-18;3918;Martin;2022-02-27;Last;enough;;;;
149;189;2022-11-25;3530;Fernandez;2020-11-11;Toward;station;;;;
149;271;2024-10-11;2255;Fernandez;2021-03-10;Create;garden;;;;
149;279;2022-06-11;1957;Fernandez;2021-07-03;These;news;;;;
149;404;2024-07-27;1534;Fernandez;2020-03-09;Blood;treat;;;;
149;408;2022-10-22;866;Fernandez;2020-02-27;Color;really;;;;
149;424;2021-02-13;3304;Fernandez;2020-01-29;Item;usually;;;;
149;489;2020-08-19;144;Fernandez;2020-08-19;Gleam;die;;;;
149;582;2023-02-16;1391;Fernandez;2020-08-05;Adult;mean;;;;
149;594;2024-09-19;380;Fernandez;2020-01-26;Imagination;moderation;;;;
149;642;2025-05-10;604;Fernandez;2020-01-09;Realize;financial;;;;
149;653;2025-10-10;3022;Fernandez;2021-01-19;Chaos;layman;;;;
149;692;2024-06-30;4215;Fernandez;2020-12-12;Street;walk;;;;
149;720;2024-08-10;314;Fernandez;2020-09-10;Rock;woman;;;;
149;769;2024-04-25;3289;Fernandez;2020-01-23;Horse;chives;;;;
149;779;2022-11-23;3017;Fernandez;2020-02-13;Whole;street;;;;
149;795;2025-02-23;4492;Fernandez;2021-03-09;Room;thought;;;;
149;863;2022-07-02;2492;Fernandez;2020-01-26;Scene;particular;;;;
149;898;2022-11-17;4072;Fernandez;2020-02-29;Dresser;cabinet;;;;
149;954;2022-12-03;3324;Fernandez;2020-04-25;Our;face;;;;
149;966;2021-02-14;3360;Fernandez;2021-02-14;Palm;stack;;;;
150;10;2025-02-15;2627;Francis;2020-10-08;Lease;deposit;;;;
150;75;2022-01-22;2020;Francis;2020-02-17;Surface;throughout;;;;
150;78;2021-01-19;4968;Francis;2020-01-18;Sky;standard;;;;
150;118;2026-01-17;957;Francis;2021-05-17;Ever;which;;;;
150;257;2025-07-05;911;Francis;2020-01-08;House;walk;;;;
150;323;2024-02-19;2227;Francis;2020-01-04;Long;serve;;;;
150;325;2025-11-14;4079;Francis;2020-12-04;Management;defense;;;;
150;355;2024-07-06;2706;Francis;2020-03-10;Dark;future;;;;
150;382;2021-01-06;4279;Francis;2020-05-10;Frog;animal;;;;
150;419;2022-04-18;1553;Francis;2020-07-13;To;get;;;;
150;472;2022-05-08;3988;Francis;2020-06-30;Senior;reality;;;;
150;698;2022-08-20;2456;Francis;2020-06-07;Merry;metabolic;;;;
150;856;2021-01-08;1192;Francis;2020-03-23;Likely;city;;;;
150;863;2021-10-19;512;Francis;2020-01-26;Scene;particular;;;;
150;870;2023-06-19;4394;Francis;2022-09-24;Cold;also;;;;
150;930;2023-08-24;4884;Francis;2020-02-01;Toil;scheme;;;;
150;940;2021-06-20;3969;Francis;2020-08-08;Natural;wind;;;;
150;993;2023-06-13;3742;Francis;2020-11-01;Sinner;syren;;;;
151;17;2020-09-14;4069;Wall LLC;2020-01-19;Elder;deletion;;;;
151;44;2023-06-01;170;Wall LLC;2020-09-26;Sound;far;;;;
151;136;2024-06-04;4736;Wall LLC;2020-08-22;Reason;early;;;;
151;138;2023-12-11;2528;Wall LLC;2021-05-31;Kind;choose;;;;
151;170;2020-02-06;3297;Wall LLC;2020-01-19;Wind;top;;;;
151;216;2020-10-07;891;Wall LLC;2020-07-03;Top;likely;;;;
151;254;2023-02-12;3705;Wall LLC;2021-12-13;Human;because;;;;
151;310;2021-05-23;3328;Wall LLC;2020-10-03;Serve;provide;;;;
151;362;2021-01-12;1879;Wall LLC;2020-02-13;Memory;late;;;;
151;384;2023-04-01;3975;Wall LLC;2020-01-29;Heavy;win;;;;
151;650;2025-10-11;4895;Wall LLC;2020-05-07;Perform;entire;;;;
151;664;2023-03-26;2420;Wall LLC;2020-03-01;Yes;keep;;;;
151;832;2022-10-12;4827;Wall LLC;2020-09-08;Seek;squirt;;;;
151;893;2021-07-03;4073;Wall LLC;2020-04-08;Officer;maintain;;;;
151;916;2025-02-12;4612;Wall LLC;2020-01-11;Billion;process;;;;
152;21;2023-04-14;2581;Moran and Sons;2020-03-25;Charter;carter ;;;;
152;28;2020-01-04;1509;Moran and Sons;2020-01-04;What;field;;;;
152;33;2020-04-27;1448;Moran and Sons;2020-04-27;Around;argue;;;;
152;36;2021-01-05;1846;Moran and Sons;2020-10-29;General;body;;;;
152;102;2020-06-22;4400;Moran and Sons;2020-06-22;We;country;;;;
152;103;2025-01-03;2447;Moran and Sons;2020-03-24;Some;here;;;;
152;118;2023-02-10;2205;Moran and Sons;2021-05-17;Ever;which;;;;
152;219;2020-10-01;3269;Moran and Sons;2020-01-20;Prop;back;;;;
152;289;2021-10-11;4665;Moran and Sons;2020-07-22;Action;very;;;;
152;328;2025-10-10;2623;Moran and Sons;2020-03-03;Painting;laugh;;;;
152;401;2020-01-02;3621;Moran and Sons;2020-01-02;Face;magazine;;;;
152;436;2021-12-02;527;Moran and Sons;2020-05-13;Whatever;every;;;;
152;511;2022-11-14;4835;Moran and Sons;2020-07-07;Either;much;;;;
152;519;2021-09-09;105;Moran and Sons;2020-09-06;Leader;technology;;;;
152;590;2021-10-14;393;Moran and Sons;2020-01-07;Rich;thus;;;;
152;613;2023-07-31;3310;Moran and Sons;2021-07-31;Hear;body;;;;
152;638;2020-03-19;551;Moran and Sons;2020-03-19;My;authority;;;;
152;640;2023-04-28;2822;Moran and Sons;2020-01-12;Important;yes;;;;
152;668;2023-12-14;3611;Moran and Sons;2020-08-17;League;marquis;;;;
152;695;2022-04-13;4241;Moran and Sons;2020-01-12;Fly;flight;;;;
152;749;2021-07-05;4062;Moran and Sons;2020-04-04;Cup;human;;;;
152;767;2024-08-19;4453;Moran and Sons;2020-09-09;Artist;wait;;;;
152;772;2023-06-16;3793;Moran and Sons;2020-02-02;Fish;form;;;;
152;851;2020-01-12;913;Moran and Sons;2020-01-12;Simple;itself;;;;
152;860;2022-08-11;4877;Moran and Sons;2020-04-07;Push;yard;;;;
152;889;2023-09-27;225;Moran and Sons;2020-10-23;Yard;white;;;;
152;893;2020-04-08;2224;Moran and Sons;2020-04-08;Officer;maintain;;;;
152;937;2025-12-11;2270;Moran and Sons;2020-08-05;Builder;turbulent;;;;
153;54;2020-05-25;3403;Rodriguez Group;2020-05-25;Garden;tool;;;;
153;90;2023-03-23;3768;Rodriguez Group;2020-05-26;Work;repetition;;;;
153;93;2024-12-19;2829;Rodriguez Group;2021-04-27;Painting;away;;;;
153;108;2024-11-19;3377;Rodriguez Group;2020-04-07;Continue;space;;;;
153;142;2020-03-16;4751;Rodriguez Group;2020-03-16;Analysis;evidence;;;;
153;202;2020-10-20;2944;Rodriguez Group;2020-10-20;Number;news;;;;
153;243;2025-07-20;2912;Rodriguez Group;2020-01-31;First;population;;;;
153;288;2022-07-09;4539;Rodriguez Group;2020-01-31;Sea;understand;;;;
153;307;2022-08-14;2507;Rodriguez Group;2020-11-02;Second;fill;;;;
153;337;2021-05-04;759;Rodriguez Group;2020-12-22;Example;chance;;;;
153;377;2020-04-25;173;Rodriguez Group;2020-04-25;Performance;state;;;;
153;487;2024-03-20;421;Rodriguez Group;2020-07-17;Become;heavy;;;;
153;502;2024-07-05;1193;Rodriguez Group;2020-10-13;Yours;pretty;;;;
153;696;2024-11-02;4867;Rodriguez Group;2020-08-31;Fight;into;;;;
153;717;2021-12-16;4865;Rodriguez Group;2020-04-05;Think;future;;;;
153;801;2021-04-13;3501;Rodriguez Group;2020-04-08;Best;apply;;;;
153;962;2023-03-13;2507;Rodriguez Group;2020-02-25;Plant;statement;;;;
153;973;2021-11-03;1513;Rodriguez Group;2020-05-01;Hub;loot;;;;
154;24;2025-03-12;4049;Palmer;2021-11-19;Cut;similar;;;;
154;64;2024-04-18;1152;Palmer;2020-12-06;Red;information;;;;
154;162;2020-12-16;4723;Palmer;2020-12-16;Near;faraway;;;;
154;203;2025-08-04;4286;Palmer;2020-05-29;Key;time;;;;
154;216;2025-01-14;1868;Palmer;2020-07-03;Top;likely;;;;
154;307;2022-05-29;2876;Palmer;2020-11-02;Second;fill;;;;
154;397;2021-08-05;524;Palmer;2020-09-11;Snake;november;;;;
154;419;2020-07-13;3650;Palmer;2020-07-13;To;get;;;;
154;457;2022-06-02;1810;Palmer;2021-03-01;Standard;choose;;;;
154;602;2025-12-31;1904;Palmer;2020-02-12;Pop;club;;;;
154;615;2023-03-05;313;Palmer;2020-03-16;Unit;area;;;;
154;710;2025-05-22;4220;Palmer;2020-06-11;Mister;mow;;;;
154;787;2024-08-10;2244;Palmer;2021-02-06;Struggle;charge;;;;
155;127;2021-10-20;2301;Parker Ltd;2020-08-14;Wait;show;82;room;54;Urban Culture
155;176;2025-07-03;1676;Parker Ltd;2020-05-08;Hug;muddle;82;room;54;Urban Culture
155;189;2020-11-11;998;Parker Ltd;2020-11-11;Toward;station;82;room;54;Urban Culture
155;221;2025-10-02;3433;Parker Ltd;2020-06-05;Move;board;82;room;54;Urban Culture
155;263;2020-03-22;792;Parker Ltd;2020-03-22;Always;may;82;room;54;Urban Culture
155;309;2023-06-27;2462;Parker Ltd;2020-12-25;Wear;radio;82;room;54;Urban Culture
155;363;2025-12-11;2476;Parker Ltd;2020-04-20;Her;foreign;82;room;54;Urban Culture
155;382;2023-05-03;2342;Parker Ltd;2020-05-10;Frog;animal;82;room;54;Urban Culture
155;389;2022-05-12;3989;Parker Ltd;2021-01-15;Where;house;82;room;54;Urban Culture
155;437;2021-03-08;4941;Parker Ltd;2020-04-29;Behind;lady;82;room;54;Urban Culture
155;443;2020-07-25;3142;Parker Ltd;2020-05-01;How;such;82;room;54;Urban Culture
155;453;2022-11-18;4050;Parker Ltd;2020-02-26;Her;beautiful;82;room;54;Urban Culture
155;485;2024-01-02;231;Parker Ltd;2020-01-31;Answer;woman;82;room;54;Urban Culture
155;534;2025-01-20;181;Parker Ltd;2020-06-16;Mother;citizen;82;room;54;Urban Culture
155;539;2020-03-04;2668;Parker Ltd;2020-03-04;After;policy;82;room;54;Urban Culture
155;635;2023-08-31;3278;Parker Ltd;2021-06-02;Wild;freeing;82;room;54;Urban Culture
155;684;2026-01-15;3011;Parker Ltd;2022-05-04;Often;material;82;room;54;Urban Culture
155;729;2023-04-13;4246;Parker Ltd;2021-12-08;Store;value;82;room;54;Urban Culture
155;737;2021-06-15;2185;Parker Ltd;2020-02-12;Sound;and;82;room;54;Urban Culture
155;747;2022-03-17;3060;Parker Ltd;2021-08-27;White;indeed;82;room;54;Urban Culture
155;791;2024-11-21;2107;Parker Ltd;2020-08-08;Shun;commander;82;room;54;Urban Culture
155;821;2024-01-05;1683;Parker Ltd;2020-07-31;Dog;decide;82;room;54;Urban Culture
155;851;2025-05-27;3113;Parker Ltd;2020-01-12;Simple;itself;82;room;54;Urban Culture
155;924;2021-11-22;4104;Parker Ltd;2021-04-01;Somebody;offer;82;room;54;Urban Culture
155;932;2021-10-22;4947;Parker Ltd;2020-02-29;Some;debate;82;room;54;Urban Culture
155;991;2024-10-17;1982;Parker Ltd;2020-08-23;Most;today;82;room;54;Urban Culture
156;6;2022-08-21;1344;Horton Ltd;2020-04-23;Million;attack;;;;
156;28;2024-02-01;741;Horton Ltd;2020-01-04;What;field;;;;
156;48;2025-03-19;2343;Horton Ltd;2020-05-06;A;job;;;;
156;68;2025-11-15;4320;Horton Ltd;2020-10-30;Century;soldier;;;;
156;103;2021-09-17;2582;Horton Ltd;2020-03-24;Some;here;;;;
156;173;2022-10-08;4625;Horton Ltd;2020-03-14;Entrail;dart;;;;
156;177;2023-12-18;285;Horton Ltd;2021-04-21;Second;actually;;;;
156;192;2024-06-27;4166;Horton Ltd;2020-10-17;Doctrine;equality;;;;
156;269;2023-11-19;2452;Horton Ltd;2020-03-02;But;leg;;;;
156;339;2023-04-03;166;Horton Ltd;2020-03-27;Slam;pad;;;;
156;362;2022-09-12;2716;Horton Ltd;2020-02-13;Memory;late;;;;
156;449;2024-08-20;3656;Horton Ltd;2020-01-03;Get;to;;;;
156;449;2022-06-29;4564;Horton Ltd;2020-01-03;Get;to;;;;
156;456;2024-11-06;785;Horton Ltd;2020-03-03;Save;put;;;;
156;488;2024-07-11;3180;Horton Ltd;2020-07-24;Street;its;;;;
156;581;2021-12-12;1195;Horton Ltd;2020-05-23;Obscene;presley;;;;
156;602;2021-07-10;2091;Horton Ltd;2020-02-12;Pop;club;;;;
156;734;2021-01-21;4954;Horton Ltd;2020-01-16;Clearly;safe;;;;
156;740;2025-05-06;1026;Horton Ltd;2020-05-18;Side;ok;;;;
156;772;2020-08-21;3175;Horton Ltd;2020-02-02;Fish;form;;;;
156;798;2025-07-11;326;Horton Ltd;2021-08-11;Cruel;goofy;;;;
156;801;2023-08-27;2979;Horton Ltd;2020-04-08;Best;apply;;;;
157;21;2022-07-23;3117;Evans;2020-03-25;Charter;carter ;;;;
157;192;2024-04-02;4658;Evans;2020-10-17;Doctrine;equality;;;;
157;205;2024-08-17;2147;Evans;2020-06-28;Sweat;sweet;;;;
157;234;2024-07-14;424;Evans;2020-05-19;Administration;arm;;;;
157;403;2022-06-07;1203;Evans;2020-01-30;Goal;interest;;;;
157;496;2025-05-20;420;Evans;2020-03-11;Lady;dancer;;;;
157;518;2022-12-23;626;Evans;2020-09-25;Administration;have;;;;
157;559;2024-08-11;4922;Evans;2020-01-16;Where;interview;;;;
157;662;2025-12-03;4324;Evans;2020-12-20;Learnt;leash;;;;
157;695;2021-06-26;763;Evans;2020-01-12;Fly;flight;;;;
157;724;2022-03-15;1779;Evans;2020-02-21;Reader;bionic;;;;
157;761;2025-04-30;1747;Evans;2020-01-26;Company;age;;;;
157;772;2025-06-06;2462;Evans;2020-02-02;Fish;form;;;;
157;801;2020-09-27;1461;Evans;2020-04-08;Best;apply;;;;
157;861;2023-11-14;818;Evans;2020-01-12;Safe;every;;;;
157;906;2025-04-14;4517;Evans;2020-08-26;Third;newspaper;;;;
157;920;2023-05-30;1595;Evans;2020-05-05;Issue;suffer;;;;
157;947;2021-01-29;2731;Evans;2020-06-13;Quite;last;;;;
157;986;2023-05-11;428;Evans;2020-04-10;Appear;career;;;;
158;45;2025-09-21;2889;Mcmahon and Sons;2021-09-27;Play;why;;;;
158;192;2025-06-19;1486;Mcmahon and Sons;2020-10-17;Doctrine;equality;;;;
158;341;2020-07-12;107;Mcmahon and Sons;2020-03-02;Aquarius;signal;;;;
158;389;2022-07-23;3105;Mcmahon and Sons;2021-01-15;Where;house;;;;
158;488;2024-10-13;4045;Mcmahon and Sons;2020-07-24;Street;its;;;;
158;537;2025-08-04;883;Mcmahon and Sons;2020-04-07;Cost;outside;;;;
158;718;2021-04-23;2764;Mcmahon and Sons;2021-04-23;Partner;ball;;;;
158;779;2025-12-24;432;Mcmahon and Sons;2020-02-13;Whole;street;;;;
158;844;2021-10-19;1637;Mcmahon and Sons;2020-09-24;Statement;benefit;;;;
158;936;2025-02-11;3426;Mcmahon and Sons;2020-02-02;Reaction;fire;;;;
158;962;2025-06-23;4177;Mcmahon and Sons;2020-02-25;Plant;statement;;;;
159;35;2020-12-30;2578;Tyler Inc;2020-12-30;Record;fund;46;state;101;Renaissance
159;50;2025-01-16;1459;Tyler Inc;2020-01-01;Book;difference;46;state;101;Renaissance
159;89;2023-01-26;4952;Tyler Inc;2020-04-08;Involve;term;46;state;101;Renaissance
159;115;2021-08-04;520;Tyler Inc;2020-08-31;Walker;mile;46;state;101;Renaissance
159;134;2023-06-12;4398;Tyler Inc;2020-02-17;Some;both;46;state;101;Renaissance
159;233;2022-07-08;3969;Tyler Inc;2020-02-14;Herself;water;46;state;101;Renaissance
159;253;2022-01-20;2561;Tyler Inc;2021-09-02;Various;whether;46;state;101;Renaissance
159;277;2021-01-05;3467;Tyler Inc;2020-11-10;July;map;46;state;101;Renaissance
159;294;2023-01-29;952;Tyler Inc;2020-01-01;Ring;rink;46;state;101;Renaissance
159;298;2021-03-27;3145;Tyler Inc;2021-01-15;Flamenco;december;46;state;101;Renaissance
159;345;2020-10-10;3525;Tyler Inc;2020-10-10;Although;place;46;state;101;Renaissance
159;383;2020-02-17;1073;Tyler Inc;2020-02-17;Anything;station;46;state;101;Renaissance
159;448;2024-08-08;4024;Tyler Inc;2022-07-23;Morning;I;46;state;101;Renaissance
159;466;2022-12-28;1801;Tyler Inc;2020-02-29;Hot;computer;46;state;101;Renaissance
159;482;2020-08-04;1082;Tyler Inc;2020-01-11;Cream;miami;46;state;101;Renaissance
159;572;2020-03-13;4636;Tyler Inc;2020-03-13;Beyond;despite;46;state;101;Renaissance
159;702;2022-10-19;3567;Tyler Inc;2020-01-23;He;desCribe;46;state;101;Renaissance
159;762;2020-05-01;2601;Tyler Inc;2020-02-25;Authority;road;46;state;101;Renaissance
159;857;2025-02-22;2298;Tyler Inc;2020-03-06;Operation;close;46;state;101;Renaissance
159;864;2023-10-10;2442;Tyler Inc;2020-07-03;Amount;show;46;state;101;Renaissance
159;902;2022-11-01;4967;Tyler Inc;2020-02-27;Eat;happy;46;state;101;Renaissance
159;905;2022-10-18;4801;Tyler Inc;2020-01-19;Future;build;46;state;101;Renaissance
159;908;2023-03-04;2674;Tyler Inc;2020-08-19;All;during;46;state;101;Renaissance
159;910;2021-07-05;1892;Tyler Inc;2021-07-05;Rise;according;46;state;101;Renaissance
159;956;2020-05-10;1908;Tyler Inc;2020-05-10;Giblets;ascendant;46;state;101;Renaissance
160;102;2025-04-19;4383;Lopez-Riley;2020-06-22;We;country;;;;
160;146;2024-01-28;951;Lopez-Riley;2021-11-06;Choose;vote;;;;
160;225;2025-06-11;3904;Lopez-Riley;2020-01-30;Book;quality;;;;
160;325;2022-10-20;1992;Lopez-Riley;2020-12-04;Management;defense;;;;
160;493;2020-09-05;4745;Lopez-Riley;2020-03-22;Born;taught;;;;
160;572;2023-10-03;444;Lopez-Riley;2020-03-13;Beyond;despite;;;;
160;663;2021-05-20;1489;Lopez-Riley;2021-02-16;Skin;Mrs;;;;
160;671;2020-12-09;900;Lopez-Riley;2020-01-20;Bloom;flow;;;;
160;688;2024-12-23;4730;Lopez-Riley;2020-06-02;Skin;player;;;;
160;761;2020-01-26;3994;Lopez-Riley;2020-01-26;Company;age;;;;
160;782;2025-01-03;991;Lopez-Riley;2021-07-15;Success;despite;;;;
160;795;2026-01-17;874;Lopez-Riley;2021-03-09;Room;thought;;;;
160;804;2022-10-26;714;Lopez-Riley;2020-03-05;Cartoon;wear;;;;
160;826;2022-01-25;3044;Lopez-Riley;2021-07-01;Pacience;gutter;;;;
160;834;2025-11-13;2773;Lopez-Riley;2020-06-07;Positive;age;;;;
160;841;2020-10-10;792;Lopez-Riley;2020-08-05;Old;investment;;;;
160;881;2025-10-15;2630;Lopez-Riley;2020-12-13;Tendril;gossip;;;;
160;978;2025-01-27;2835;Lopez-Riley;2021-07-05;Listen;nature;;;;
160;992;2022-11-02;2948;Lopez-Riley;2020-02-17;Prevent;mother;;;;
161;67;2025-05-03;1992;Noble-Wilcox;2020-10-09;If;and;;;;
161;100;2021-10-08;870;Noble-Wilcox;2020-04-15;Best;center;;;;
161;105;2025-02-09;1464;Noble-Wilcox;2020-04-02;Same;nation;;;;
161;156;2023-09-09;3668;Noble-Wilcox;2022-05-21;Hundred;support;;;;
161;211;2021-07-05;2948;Noble-Wilcox;2021-07-05;Wholly;pull;;;;
161;259;2025-11-28;649;Noble-Wilcox;2020-06-20;Picture;build;;;;
161;266;2020-05-29;738;Noble-Wilcox;2020-03-13;Seek;boy;;;;
161;268;2024-09-06;756;Noble-Wilcox;2021-05-24;Manx;mantel;;;;
161;279;2021-09-07;194;Noble-Wilcox;2021-07-03;These;news;;;;
161;415;2022-10-05;351;Noble-Wilcox;2020-05-18;I;want;;;;
161;584;2020-11-02;4193;Noble-Wilcox;2020-03-25;Fish;sea;;;;
161;607;2025-11-06;1907;Noble-Wilcox;2021-03-06;Much;alone;;;;
161;613;2022-04-15;2596;Noble-Wilcox;2021-07-31;Hear;body;;;;
161;618;2024-03-22;2946;Noble-Wilcox;2020-06-27;Gold;necklace;;;;
161;630;2020-09-12;4170;Noble-Wilcox;2020-07-09;Glass;landlord;;;;
161;688;2020-06-02;611;Noble-Wilcox;2020-06-02;Skin;player;;;;
161;691;2020-11-06;3415;Noble-Wilcox;2020-11-06;Rate;ground;;;;
161;709;2022-03-02;4029;Noble-Wilcox;2020-03-23;Improve;fact;;;;
161;763;2020-12-06;4913;Noble-Wilcox;2020-12-06;Homely;domestic;;;;
161;862;2025-09-26;636;Noble-Wilcox;2021-11-13;Zealous;boil;;;;
161;880;2021-05-15;1216;Noble-Wilcox;2020-08-21;Rock;season;;;;
161;958;2024-10-28;932;Noble-Wilcox;2020-11-29;Mutual;musician;;;;
162;89;2021-05-18;4357;Smith and Sons;2020-04-08;Involve;term;;;;
162;111;2022-12-20;511;Smith and Sons;2020-04-25;Empty;forgotten;;;;
162;117;2020-10-03;431;Smith and Sons;2020-09-22;Wall;morning;;;;
162;131;2023-09-14;1782;Smith and Sons;2021-07-02;List;perhaps;;;;
162;240;2020-05-22;4494;Smith and Sons;2020-04-14;Unit;president;;;;
162;384;2022-07-06;1658;Smith and Sons;2020-01-29;Heavy;win;;;;
162;457;2024-11-18;4724;Smith and Sons;2021-03-01;Standard;choose;;;;
162;512;2025-09-16;4551;Smith and Sons;2020-05-17;Met;through;;;;
162;576;2024-03-14;351;Smith and Sons;2020-05-20;Article;surface;;;;
162;612;2020-03-10;3492;Smith and Sons;2020-03-10;Envelope;container;;;;
162;702;2024-07-29;2310;Smith and Sons;2020-01-23;He;desCribe;;;;
162;752;2020-12-07;4870;Smith and Sons;2020-08-05;South;season;;;;
162;919;2022-03-01;3026;Smith and Sons;2020-06-04;Low;word;;;;
162;936;2023-08-19;3532;Smith and Sons;2020-02-02;Reaction;fire;;;;
162;943;2022-06-06;4702;Smith and Sons;2020-03-20;Culture;goal;;;;
163;22;2020-04-10;1691;Harrell;2020-04-10;Thing;wednesday;;;;
163;71;2023-06-03;3030;Harrell;2020-04-04;Bank;standard;;;;
163;143;2021-04-15;4608;Harrell;2020-12-12;Duck;duckling;;;;
163;155;2021-10-08;1960;Harrell;2021-10-08;Man;religious;;;;
163;239;2020-02-14;4380;Harrell;2020-02-14;Ladder;lace;;;;
163;280;2024-04-24;173;Harrell;2020-01-23;Agree;participant;;;;
163;351;2020-07-30;4081;Harrell;2020-02-15;Identify;section;;;;
163;379;2023-09-25;2954;Harrell;2020-01-31;Learn;husband;;;;
163;457;2023-06-28;1396;Harrell;2021-03-01;Standard;choose;;;;
163;468;2020-08-08;1166;Harrell;2020-08-08;Catch;horizon;;;;
163;551;2026-01-25;1460;Harrell;2020-03-03;Data;Republican;;;;
163;585;2024-05-26;595;Harrell;2020-06-21;Opportunity;ok;;;;
163;588;2021-08-23;2055;Harrell;2020-08-21;Successful;air;;;;
163;617;2025-05-12;1319;Harrell;2020-02-25;Run;sold;;;;
163;639;2023-04-06;4950;Harrell;2021-07-23;Policy;into;;;;
163;709;2023-03-01;742;Harrell;2020-03-23;Improve;fact;;;;
163;769;2024-06-09;2011;Harrell;2020-01-23;Horse;chives;;;;
163;796;2025-12-20;3209;Harrell;2020-03-20;Vanish;varnish;;;;
163;817;2025-09-18;474;Harrell;2020-02-13;Me;quite;;;;
163;928;2020-01-24;3411;Harrell;2020-01-24;Wonder;respond;;;;
163;932;2024-09-17;1154;Harrell;2020-02-29;Some;debate;;;;
163;940;2025-08-08;2305;Harrell;2020-08-08;Natural;wind;;;;
163;955;2024-04-08;2037;Harrell;2020-02-13;Recollection;sugary;;;;
163;996;2024-06-09;4219;Harrell;2020-05-13;Why;cover;;;;
164;243;2025-09-27;1353;Lewis-Henry;2020-01-31;First;population;;;;
164;255;2021-05-23;3752;Lewis-Henry;2020-02-19;Music;ability;;;;
164;373;2021-12-12;2443;Lewis-Henry;2020-01-22;War;foot;;;;
164;439;2021-10-23;2054;Lewis-Henry;2020-01-06;Financial;east;;;;
164;484;2023-08-09;3383;Lewis-Henry;2020-03-25;Maybe;possible;;;;
164;613;2022-07-08;1956;Lewis-Henry;2021-07-31;Hear;body;;;;
164;672;2020-02-02;450;Lewis-Henry;2020-01-03;Once;yeah;;;;
164;672;2024-01-15;2043;Lewis-Henry;2020-01-03;Once;yeah;;;;
164;673;2022-05-11;2765;Lewis-Henry;2021-08-18;If;need;;;;
164;876;2024-11-10;2685;Lewis-Henry;2020-08-12;In;ever;;;;
164;929;2022-08-05;2719;Lewis-Henry;2020-09-25;Environmental;quality;;;;
164;938;2023-01-04;1941;Lewis-Henry;2021-08-25;American;but;;;;
165;42;2020-10-01;4382;Taylor Ltd;2020-10-01;Light;free;;;;
165;66;2025-10-26;2012;Taylor Ltd;2021-03-17;Sister;door;;;;
165;81;2024-10-17;2658;Taylor Ltd;2020-04-20;Chair;dark;;;;
165;127;2022-08-09;2902;Taylor Ltd;2020-08-14;Wait;show;;;;
165;161;2020-05-07;1418;Taylor Ltd;2020-02-01;Have;party;;;;
165;325;2020-12-04;1017;Taylor Ltd;2020-12-04;Management;defense;;;;
165;384;2020-01-29;4070;Taylor Ltd;2020-01-29;Heavy;win;;;;
165;407;2025-08-22;941;Taylor Ltd;2021-03-14;Politics;tough;;;;
165;425;2025-10-05;637;Taylor Ltd;2020-06-25;Boots;held;;;;
165;480;2020-04-23;1099;Taylor Ltd;2020-04-23;Love;now;;;;
165;503;2022-08-23;3865;Taylor Ltd;2020-09-10;Nurse;around;;;;
165;542;2022-03-09;3211;Taylor Ltd;2020-04-25;Yeah;base;;;;
165;608;2025-04-13;1067;Taylor Ltd;2020-05-15;Hard;prepare;;;;
165;625;2021-07-19;2764;Taylor Ltd;2020-02-06;Need;a;;;;
165;632;2020-03-06;4502;Taylor Ltd;2020-02-11;Although;book;;;;
165;639;2021-10-14;4980;Taylor Ltd;2021-07-23;Policy;into;;;;
165;683;2025-03-27;3049;Taylor Ltd;2020-01-08;Away;wind;;;;
165;731;2021-09-23;4236;Taylor Ltd;2020-04-29;High;central;;;;
165;779;2021-09-16;3833;Taylor Ltd;2020-02-13;Whole;street;;;;
165;819;2021-06-20;661;Taylor Ltd;2020-11-20;Former;involve;;;;
166;22;2025-06-01;2134;Porter;2020-04-10;Thing;wednesday;;;;
166;126;2023-03-04;4185;Porter;2020-01-08;Purpose;top;;;;
166;163;2021-10-21;2519;Porter;2020-03-04;Treat;majority;;;;
166;180;2021-12-31;1568;Porter;2020-02-18;As;beyond;;;;
166;317;2023-06-19;2778;Porter;2021-11-10;Surface;bit;;;;
166;403;2020-12-22;4241;Porter;2020-01-30;Goal;interest;;;;
166;408;2025-02-09;1393;Porter;2020-02-27;Color;really;;;;
166;426;2022-08-02;4291;Porter;2021-01-11;Little;finger;;;;
166;489;2023-09-30;141;Porter;2020-08-19;Gleam;die;;;;
166;496;2020-11-04;4464;Porter;2020-03-11;Lady;dancer;;;;
166;508;2025-01-30;3141;Porter;2020-12-12;Daughter;board;;;;
166;508;2024-03-18;1045;Porter;2020-12-12;Daughter;board;;;;
166;576;2024-01-10;3045;Porter;2020-05-20;Article;surface;;;;
166;592;2024-09-05;804;Porter;2021-03-03;Teacher;themselves;;;;
166;622;2025-04-13;1267;Porter;2020-04-24;How;buy;;;;
166;653;2021-01-19;1628;Porter;2021-01-19;Chaos;layman;;;;
166;662;2021-06-05;454;Porter;2020-12-20;Learnt;leash;;;;
166;757;2025-11-08;1741;Porter;2021-08-15;Grey;vernacular;;;;
166;800;2020-03-06;3853;Porter;2020-02-20;Focus;check;;;;
166;812;2025-12-29;237;Porter;2020-03-20;Elementary;appeal;;;;
166;891;2025-06-09;2082;Porter;2023-06-25;Impress;delay;;;;
167;28;2024-12-06;2954;Carlson;2020-01-04;What;field;;;;
167;145;2021-10-11;3129;Carlson;2020-12-29;Bag;character;;;;
167;193;2021-10-13;3688;Carlson;2020-09-28;Weapon;imense;;;;
167;198;2023-02-13;3808;Carlson;2020-11-15;Water;rise;;;;
167;204;2024-07-22;135;Carlson;2021-03-12;Significant;ten;;;;
167;273;2023-02-25;2464;Carlson;2020-01-13;Doctor;admit;;;;
167;303;2021-11-04;3035;Carlson;2020-10-05;Protocol;seventh;;;;
167;303;2021-05-28;595;Carlson;2020-10-05;Protocol;seventh;;;;
167;343;2022-07-09;4518;Carlson;2020-01-12;Nickle;table;;;;
167;433;2023-11-26;3295;Carlson;2020-10-23;Daydreams;best;;;;
167;475;2021-07-27;146;Carlson;2020-10-16;Young;without;;;;
167;496;2020-09-02;2209;Carlson;2020-03-11;Lady;dancer;;;;
167;540;2024-02-28;1210;Carlson;2020-06-27;Seven;check;;;;
167;554;2021-08-24;1912;Carlson;2021-03-01;Controversy;follow;;;;
167;557;2023-10-10;4964;Carlson;2020-09-14;Animal;yes;;;;
167;679;2020-04-27;2204;Carlson;2020-04-27;Word;hard;;;;
167;742;2023-04-26;1018;Carlson;2020-05-21;Computer;range;;;;
167;742;2024-02-09;2481;Carlson;2020-05-21;Computer;range;;;;
167;749;2024-07-08;493;Carlson;2020-04-04;Cup;human;;;;
168;10;2025-09-13;3273;Jacobs;2020-10-08;Lease;deposit;;;;
168;29;2020-07-04;2919;Jacobs;2020-02-10;Film;action;;;;
168;101;2023-04-14;3045;Jacobs;2020-01-12;Single;well;;;;
168;210;2024-09-07;164;Jacobs;2022-01-08;Stage;they;;;;
168;293;2020-10-14;2331;Jacobs;2020-10-14;Ripen;rioter;;;;
168;450;2025-02-15;4041;Jacobs;2020-02-07;After;billion;;;;
168;485;2021-02-11;4298;Jacobs;2020-01-31;Answer;woman;;;;
168;491;2023-01-22;344;Jacobs;2020-02-14;Year;ask;;;;
168;502;2024-11-04;4204;Jacobs;2020-10-13;Yours;pretty;;;;
168;539;2023-12-23;2370;Jacobs;2020-03-04;After;policy;;;;
168;681;2023-09-04;904;Jacobs;2020-01-20;Fast;spend;;;;
168;710;2023-05-20;1352;Jacobs;2020-06-11;Mister;mow;;;;
168;727;2024-05-31;4470;Jacobs;2020-08-01;Allow;peace;;;;
168;748;2025-03-03;1651;Jacobs;2020-03-09;People;provide;;;;
168;782;2024-06-19;1344;Jacobs;2021-07-15;Success;despite;;;;
168;851;2021-01-21;1335;Jacobs;2020-01-12;Simple;itself;;;;
168;865;2021-02-09;4264;Jacobs;2020-05-12;That;with;;;;
168;896;2021-10-04;3573;Jacobs;2020-01-15;Inhibit;innocuous;;;;
168;948;2023-07-26;614;Jacobs;2020-04-02;Quality;successful;;;;
168;965;2020-02-24;415;Jacobs;2020-02-24;Priest;wage;;;;
168;982;2024-12-15;912;Jacobs;2021-01-25;Operation;time;;;;
169;7;2020-01-27;4015;Smith and Sons;2020-01-27;Hair;relate;;;;
169;12;2024-11-03;1505;Smith and Sons;2020-08-26;Early;arrive;;;;
169;79;2021-01-10;3736;Smith and Sons;2020-06-28;Worry;yard;;;;
169;83;2024-02-24;4467;Smith and Sons;2020-09-21;Past;offer;;;;
169;226;2021-10-19;1906;Smith and Sons;2020-04-30;Buy;share;;;;
169;275;2020-12-09;1182;Smith and Sons;2020-04-19;June;mar;;;;
169;308;2025-10-11;2652;Smith and Sons;2020-03-21;Customer;apply;;;;
169;315;2022-12-22;3304;Smith and Sons;2020-01-09;Majority;call;;;;
169;400;2021-05-12;4466;Smith and Sons;2020-03-25;Wand;Avenge;;;;
169;403;2026-02-17;3389;Smith and Sons;2020-01-30;Goal;interest;;;;
169;413;2021-06-10;1791;Smith and Sons;2020-11-08;Stop;country;;;;
169;518;2022-10-30;4233;Smith and Sons;2020-09-25;Administration;have;;;;
169;526;2021-12-11;845;Smith and Sons;2020-09-23;Accept;strong;;;;
169;610;2022-03-02;3738;Smith and Sons;2020-07-16;Alone;band;;;;
169;621;2024-05-30;589;Smith and Sons;2020-09-15;Countess;title;;;;
169;636;2024-06-18;1247;Smith and Sons;2020-04-17;Business;tell;;;;
169;708;2025-02-26;4998;Smith and Sons;2020-04-07;Wife;far;;;;
169;717;2024-07-27;2888;Smith and Sons;2020-04-05;Think;future;;;;
169;761;2020-07-12;2641;Smith and Sons;2020-01-26;Company;age;;;;
169;802;2022-06-28;1541;Smith and Sons;2020-02-18;Hard;cost;;;;
169;912;2024-11-03;2488;Smith and Sons;2020-09-10;Cut;young;;;;
169;920;2025-01-30;4229;Smith and Sons;2020-05-05;Issue;suffer;;;;
169;961;2023-08-23;757;Smith and Sons;2020-02-05;Knot;flyer;;;;
169;962;2024-02-11;3040;Smith and Sons;2020-02-25;Plant;statement;;;;
169;976;2020-01-12;4228;Smith and Sons;2020-01-12;Bash;git;;;;
170;53;2025-12-02;2862;Brown;2021-11-29;Become;themselves;;;;
170;59;2021-04-27;2498;Brown;2020-01-07;Reason;than;;;;
170;79;2023-11-27;434;Brown;2020-06-28;Worry;yard;;;;
170;82;2021-01-06;3896;Brown;2020-03-19;Physical;simple;;;;
170;198;2023-06-02;330;Brown;2020-11-15;Water;rise;;;;
170;240;2025-07-27;3726;Brown;2020-04-14;Unit;president;;;;
170;346;2022-07-24;2367;Brown;2020-07-15;Yard;member;;;;
170;382;2020-11-22;4294;Brown;2020-05-10;Frog;animal;;;;
170;382;2021-09-23;1024;Brown;2020-05-10;Frog;animal;;;;
170;429;2021-03-27;475;Brown;2020-01-19;Swimsuit;shelter;;;;
170;527;2022-02-05;136;Brown;2020-11-20;Important;available;;;;
170;563;2023-05-10;2549;Brown;2020-05-18;Exam;sent;;;;
170;637;2021-04-02;2253;Brown;2020-08-23;Swim;lancelot;;;;
170;656;2021-10-19;4685;Brown;2020-12-30;Person;yourself;;;;
170;679;2025-01-07;4335;Brown;2020-04-27;Word;hard;;;;
170;698;2021-01-14;3158;Brown;2020-06-07;Merry;metabolic;;;;
170;768;2021-11-30;1445;Brown;2021-11-30;Generation;claim;;;;
170;783;2022-12-28;2067;Brown;2020-06-06;Withered;class;;;;
170;816;2021-11-15;3683;Brown;2020-05-30;They;go;;;;
170;818;2020-03-05;504;Brown;2020-01-31;Though;difficult;;;;
170;852;2025-01-19;222;Brown;2020-12-06;Accent;loser;;;;
170;930;2022-07-26;1123;Brown;2020-02-01;Toil;scheme;;;;
170;996;2023-07-31;2111;Brown;2020-05-13;Why;cover;;;;
171;18;2025-11-25;847;Thompson-Keith;2020-01-30;Chase;equally;;;;
171;28;2021-07-30;2911;Thompson-Keith;2020-01-04;What;field;;;;
171;42;2026-02-07;2075;Thompson-Keith;2020-10-01;Light;free;;;;
171;94;2021-05-29;1032;Thompson-Keith;2020-05-07;Trouble;project;;;;
171;114;2022-06-14;2653;Thompson-Keith;2020-06-18;Sport;throw;;;;
171;305;2026-02-16;3585;Thompson-Keith;2023-07-25;Despite;protect;;;;
171;320;2025-12-10;1798;Thompson-Keith;2021-02-04;Happy;American;;;;
171;324;2020-12-19;2505;Thompson-Keith;2020-04-11;Daughter;radio;;;;
171;360;2022-11-24;677;Thompson-Keith;2020-03-20;Question;walk;;;;
171;380;2024-08-27;2057;Thompson-Keith;2020-09-08;Note;write;;;;
171;381;2022-03-10;4916;Thompson-Keith;2020-02-04;Miles;spider;;;;
171;388;2026-01-07;2785;Thompson-Keith;2021-01-25;Everyone;him;;;;
171;469;2024-12-16;2533;Thompson-Keith;2022-03-02;Individual;whatever;;;;
171;761;2023-08-31;516;Thompson-Keith;2020-01-26;Company;age;;;;
171;786;2023-12-29;4526;Thompson-Keith;2020-05-06;Move;dream;;;;
171;789;2024-08-19;900;Thompson-Keith;2020-04-07;Dinner;upon;;;;
171;814;2020-05-03;3362;Thompson-Keith;2020-05-03;Thrill;proud;;;;
171;906;2024-02-24;1863;Thompson-Keith;2020-08-26;Third;newspaper;;;;
171;916;2022-11-20;3008;Thompson-Keith;2020-01-11;Billion;process;;;;
171;921;2022-04-06;1627;Thompson-Keith;2020-02-13;Local;often;;;;
171;996;2024-01-08;1296;Thompson-Keith;2020-05-13;Why;cover;;;;
172;186;2022-02-19;3625;Robinson-Griffin;2020-07-09;Congress;song;150;many;79;Impressionism
172;261;2024-02-12;4399;Robinson-Griffin;2020-02-02;Marathon;mark;150;many;79;Impressionism
172;388;2023-10-15;4261;Robinson-Griffin;2021-01-25;Everyone;him;150;many;79;Impressionism
172;393;2022-11-20;3752;Robinson-Griffin;2022-01-18;Snail;slow;150;many;79;Impressionism
172;434;2020-06-04;4175;Robinson-Griffin;2020-06-04;Fall;huge;150;many;79;Impressionism
172;471;2020-03-22;3240;Robinson-Griffin;2020-03-22;Ask;conference;150;many;79;Impressionism
172;526;2025-02-27;2175;Robinson-Griffin;2020-09-23;Accept;strong;150;many;79;Impressionism
172;591;2023-02-28;4206;Robinson-Griffin;2022-02-23;Are;imagine;150;many;79;Impressionism
172;645;2024-01-06;261;Robinson-Griffin;2020-04-29;Floret;arsenic;150;many;79;Impressionism
172;703;2022-02-04;326;Robinson-Griffin;2020-09-02;Form;fish;150;many;79;Impressionism
172;705;2025-06-12;2582;Robinson-Griffin;2020-01-16;North;door;150;many;79;Impressionism
172;766;2020-04-09;2599;Robinson-Griffin;2020-04-09;Penalty;bind;150;many;79;Impressionism
172;781;2025-09-26;4515;Robinson-Griffin;2020-08-12;Wife;sure;150;many;79;Impressionism
172;887;2021-09-21;1903;Robinson-Griffin;2021-01-03;Away;bill;150;many;79;Impressionism
172;950;2024-06-17;4090;Robinson-Griffin;2020-03-17;Manuvre;gunpoint;150;many;79;Impressionism
173;62;2021-02-09;4358;Flores and Sons;2020-05-20;Show;wonder;;;;
173;85;2025-04-03;3879;Flores and Sons;2020-03-14;Cell;however;;;;
173;114;2025-06-18;3364;Flores and Sons;2020-06-18;Sport;throw;;;;
173;171;2025-03-22;3259;Flores and Sons;2020-01-06;Repress;cage;;;;
173;197;2024-08-21;1809;Flores and Sons;2021-10-10;Ripe;swerve;;;;
173;295;2025-08-06;2467;Flores and Sons;2020-12-13;Rife;rid;;;;
173;495;2024-03-08;296;Flores and Sons;2020-05-06;Spring;standard;;;;
173;506;2025-05-30;1662;Flores and Sons;2020-07-11;Joy;found;;;;
173;688;2021-05-10;679;Flores and Sons;2020-06-02;Skin;player;;;;
173;743;2020-07-21;663;Flores and Sons;2020-07-21;Section;partner;;;;
173;763;2023-01-21;408;Flores and Sons;2020-12-06;Homely;domestic;;;;
173;771;2020-01-18;1710;Flores and Sons;2020-01-18;Should;wrong;;;;
173;872;2021-09-02;3221;Flores and Sons;2021-01-01;Fitting;sheet;;;;
173;921;2024-10-24;948;Flores and Sons;2020-02-13;Local;often;;;;
174;28;2022-01-22;2717;Wright-Brown;2020-01-04;What;field;176;life;366;Development and Cultural Studies
174;87;2024-11-29;3116;Wright-Brown;2020-02-02;Responsibility;dream;176;life;366;Development and Cultural Studies
174;137;2024-05-02;1188;Wright-Brown;2020-06-23;Within;seat;176;life;366;Development and Cultural Studies
174;161;2020-07-02;1954;Wright-Brown;2020-02-01;Have;party;176;life;366;Development and Cultural Studies
174;194;2025-11-27;751;Wright-Brown;2020-03-27;Pass;physical;176;life;366;Development and Cultural Studies
174;250;2020-12-18;1374;Wright-Brown;2020-12-18;Marble;maple;176;life;366;Development and Cultural Studies
174;313;2024-12-02;1188;Wright-Brown;2021-05-02;Body;bay;176;life;366;Development and Cultural Studies
174;403;2020-01-30;1737;Wright-Brown;2020-01-30;Goal;interest;176;life;366;Development and Cultural Studies
174;410;2022-06-16;4649;Wright-Brown;2020-04-10;Evening;throughout;176;life;366;Development and Cultural Studies
174;413;2021-07-07;461;Wright-Brown;2020-11-08;Stop;country;176;life;366;Development and Cultural Studies
174;428;2024-06-29;4716;Wright-Brown;2020-03-03;Me;across;176;life;366;Development and Cultural Studies
174;483;2025-09-23;2520;Wright-Brown;2021-07-10;Line;than;176;life;366;Development and Cultural Studies
174;513;2020-09-08;256;Wright-Brown;2020-05-27;Honey;bone;176;life;366;Development and Cultural Studies
174;533;2024-02-21;4961;Wright-Brown;2020-06-04;Reality;drop;176;life;366;Development and Cultural Studies
174;536;2025-06-12;3401;Wright-Brown;2020-03-08;Beat;factor;176;life;366;Development and Cultural Studies
174;565;2022-05-27;4630;Wright-Brown;2020-03-09;Week;change;176;life;366;Development and Cultural Studies
174;573;2025-02-11;2675;Wright-Brown;2020-10-28;Drug;father;176;life;366;Development and Cultural Studies
174;590;2022-06-14;2998;Wright-Brown;2020-01-07;Rich;thus;176;life;366;Development and Cultural Studies
174;660;2024-09-20;2267;Wright-Brown;2021-01-10;Leaf;leaflet;176;life;366;Development and Cultural Studies
174;713;2024-03-18;1317;Wright-Brown;2020-02-28;Drug;talk;176;life;366;Development and Cultural Studies
174;735;2022-04-27;1037;Wright-Brown;2021-01-08;Learn;lose;176;life;366;Development and Cultural Studies
174;756;2021-07-24;4544;Wright-Brown;2020-04-15;Audience;election;176;life;366;Development and Cultural Studies
174;919;2025-12-05;710;Wright-Brown;2020-06-04;Low;word;176;life;366;Development and Cultural Studies
174;940;2020-08-08;1851;Wright-Brown;2020-08-08;Natural;wind;176;life;366;Development and Cultural Studies
174;980;2023-08-17;2262;Wright-Brown;2020-04-22;Meeting;who;176;life;366;Development and Cultural Studies
175;153;2024-11-05;3033;Stevenson-West;2020-03-14;What;out;51;guess;101;Renaissance
175;220;2023-05-12;4123;Stevenson-West;2020-02-08;Board;keep;51;guess;101;Renaissance
175;227;2024-06-21;1339;Stevenson-West;2020-11-21;Ok;air;51;guess;101;Renaissance
175;313;2022-09-28;1680;Stevenson-West;2021-05-02;Body;bay;51;guess;101;Renaissance
175;416;2020-03-13;3778;Stevenson-West;2020-03-13;Some;kitchen;51;guess;101;Renaissance
175;419;2024-10-30;1945;Stevenson-West;2020-07-13;To;get;51;guess;101;Renaissance
175;431;2024-02-27;4375;Stevenson-West;2020-04-03;Appear;agency;51;guess;101;Renaissance
175;449;2020-01-03;3461;Stevenson-West;2020-01-03;Get;to;51;guess;101;Renaissance
175;478;2024-11-09;817;Stevenson-West;2020-03-16;Common;cold;51;guess;101;Renaissance
175;583;2022-04-03;318;Stevenson-West;2020-12-12;Data;popular;51;guess;101;Renaissance
175;590;2023-03-04;3092;Stevenson-West;2020-01-07;Rich;thus;51;guess;101;Renaissance
175;625;2024-05-09;994;Stevenson-West;2020-02-06;Need;a;51;guess;101;Renaissance
175;697;2023-01-18;858;Stevenson-West;2020-08-06;Fuse;fight;51;guess;101;Renaissance
175;717;2023-05-30;1588;Stevenson-West;2020-04-05;Think;future;51;guess;101;Renaissance
175;848;2024-12-09;967;Stevenson-West;2020-04-28;Piece;particularly;51;guess;101;Renaissance
175;936;2024-03-16;3634;Stevenson-West;2020-02-02;Reaction;fire;51;guess;101;Renaissance
175;961;2022-06-25;255;Stevenson-West;2020-02-05;Knot;flyer;51;guess;101;Renaissance
176;82;2022-12-24;969;Simmons and Sons;2020-03-19;Physical;simple;;;;
176;236;2025-10-23;2423;Simmons and Sons;2020-01-26;Equestrian;implausible;;;;
176;244;2023-02-01;4658;Simmons and Sons;2020-06-07;Military;level;;;;
176;447;2025-02-05;789;Simmons and Sons;2020-09-05;Argue;rock;;;;
176;511;2023-12-19;4233;Simmons and Sons;2020-07-07;Either;much;;;;
176;515;2023-09-03;2878;Simmons and Sons;2020-06-01;There;dinner;;;;
176;515;2024-07-19;3278;Simmons and Sons;2020-06-01;There;dinner;;;;
176;588;2025-02-27;1374;Simmons and Sons;2020-08-21;Successful;air;;;;
176;590;2020-12-25;4780;Simmons and Sons;2020-01-07;Rich;thus;;;;
176;615;2024-04-09;3529;Simmons and Sons;2020-03-16;Unit;area;;;;
176;668;2025-04-08;1713;Simmons and Sons;2020-08-17;League;marquis;;;;
176;702;2026-02-14;3575;Simmons and Sons;2020-01-23;He;desCribe;;;;
176;705;2023-03-05;2457;Simmons and Sons;2020-01-16;North;door;;;;
176;755;2020-07-08;1760;Simmons and Sons;2020-01-22;Hand;without;;;;
176;755;2021-06-03;4031;Simmons and Sons;2020-01-22;Hand;without;;;;
176;777;2021-03-16;3930;Simmons and Sons;2020-10-12;Grain;cuddle;;;;
176;816;2025-10-14;972;Simmons and Sons;2020-05-30;They;go;;;;
176;839;2024-02-15;2371;Simmons and Sons;2021-08-21;General;growth;;;;
176;872;2022-05-22;2095;Simmons and Sons;2021-01-01;Fitting;sheet;;;;
176;881;2020-12-13;663;Simmons and Sons;2020-12-13;Tendril;gossip;;;;
176;929;2020-09-25;3368;Simmons and Sons;2020-09-25;Environmental;quality;;;;
176;934;2026-02-09;2976;Simmons and Sons;2021-01-08;itenerant;situationary;;;;
176;949;2023-07-06;4600;Simmons and Sons;2021-06-25;Fight;agent;;;;
176;960;2021-01-02;1047;Simmons and Sons;2021-01-02;Finally;personal;;;;
177;53;2022-09-17;1913;Williams;2021-11-29;Become;themselves;;;;
177;74;2022-09-10;2775;Williams;2021-11-19;Federal;forward;;;;
177;170;2025-03-08;1069;Williams;2020-01-19;Wind;top;;;;
177;221;2022-07-21;680;Williams;2020-06-05;Move;board;;;;
177;259;2024-02-08;1092;Williams;2020-06-20;Picture;build;;;;
177;414;2020-11-05;484;Williams;2020-04-06;The;cause;;;;
177;441;2020-05-26;1711;Williams;2020-05-26;Passenger;side;;;;
177;492;2024-09-28;805;Williams;2020-04-01;Staff;treatment;;;;
177;493;2021-02-13;2465;Williams;2020-03-22;Born;taught;;;;
177;565;2025-03-30;353;Williams;2020-03-09;Week;change;;;;
177;701;2022-07-30;220;Williams;2020-11-15;Minute;hour;;;;
177;741;2020-10-11;3502;Williams;2020-01-27;Late;I;;;;
177;764;2024-07-23;4727;Williams;2020-08-04;Laugh;send;;;;
177;880;2022-04-21;4943;Williams;2020-08-21;Rock;season;;;;
177;920;2022-09-09;870;Williams;2020-05-05;Issue;suffer;;;;
178;59;2024-07-21;2987;Moore-Sanders;2020-01-07;Reason;than;;;;
178;102;2024-05-03;1908;Moore-Sanders;2020-06-22;We;country;;;;
178;120;2025-05-17;2391;Moore-Sanders;2021-03-13;Follow;democratic;;;;
178;149;2020-05-30;1587;Moore-Sanders;2020-04-16;Perform;these;;;;
178;205;2020-06-28;4739;Moore-Sanders;2020-06-28;Sweat;sweet;;;;
178;317;2023-07-18;2129;Moore-Sanders;2021-11-10;Surface;bit;;;;
178;335;2022-09-03;2196;Moore-Sanders;2020-03-03;Construct;tennis;;;;
178;426;2025-10-31;833;Moore-Sanders;2021-01-11;Little;finger;;;;
178;503;2022-08-10;115;Moore-Sanders;2020-09-10;Nurse;around;;;;
178;629;2020-05-12;1892;Moore-Sanders;2020-05-12;Implant;glitch;;;;
178;669;2022-11-17;4392;Moore-Sanders;2021-12-17;Messanger;memory;;;;
178;694;2020-01-21;3747;Moore-Sanders;2020-01-21;Concern;west;;;;
178;695;2025-01-05;1796;Moore-Sanders;2020-01-12;Fly;flight;;;;
178;781;2022-12-08;4728;Moore-Sanders;2020-08-12;Wife;sure;;;;
178;858;2022-03-26;971;Moore-Sanders;2020-02-09;Good;all;;;;
178;876;2025-01-05;227;Moore-Sanders;2020-08-12;In;ever;;;;
178;999;2025-11-02;1472;Moore-Sanders;2021-01-17;Public;late;;;;
179;131;2023-02-24;1373;Thompson-Morales;2021-07-02;List;perhaps;;;;
179;145;2024-03-04;3042;Thompson-Morales;2020-12-29;Bag;character;;;;
179;178;2021-03-17;3461;Thompson-Morales;2020-01-30;Animal;huge;;;;
179;280;2023-12-08;2227;Thompson-Morales;2020-01-23;Agree;participant;;;;
179;338;2024-07-14;4247;Thompson-Morales;2022-06-03;Present;positive;;;;
179;466;2020-02-29;724;Thompson-Morales;2020-02-29;Hot;computer;;;;
179;531;2021-04-24;4887;Thompson-Morales;2021-04-24;Commercial;relate;;;;
179;680;2020-02-19;2625;Thompson-Morales;2020-02-19;Cat;dog;;;;
179;683;2025-10-22;930;Thompson-Morales;2020-01-08;Away;wind;;;;
179;729;2026-01-27;472;Thompson-Morales;2021-12-08;Store;value;;;;
179;911;2023-02-09;1429;Thompson-Morales;2020-11-13;Anything;plant;;;;
179;964;2023-03-13;762;Thompson-Morales;2021-06-04;Teeth;paganism;;;;
179;984;2023-11-13;207;Thompson-Morales;2020-01-04;Treatment;stage;;;;
180;142;2022-11-26;1381;Cox-Hunter;2020-03-16;Analysis;evidence;;;;
180;163;2025-04-15;4597;Cox-Hunter;2020-03-04;Treat;majority;;;;
180;207;2025-01-06;4942;Cox-Hunter;2021-04-24;Success;president;;;;
180;258;2021-10-20;1480;Cox-Hunter;2021-04-12;Enough;buy;;;;
180;275;2022-02-28;1344;Cox-Hunter;2020-04-19;June;mar;;;;
180;347;2023-08-20;2967;Cox-Hunter;2020-09-22;Tax;perhaps;;;;
180;471;2020-06-27;1943;Cox-Hunter;2020-03-22;Ask;conference;;;;
180;510;2022-08-30;2863;Cox-Hunter;2020-04-02;Bad;hearts;;;;
180;569;2021-07-06;4899;Cox-Hunter;2021-07-06;Degree;day;;;;
180;660;2025-01-14;2889;Cox-Hunter;2021-01-10;Leaf;leaflet;;;;
180;660;2025-01-11;248;Cox-Hunter;2021-01-10;Leaf;leaflet;;;;
180;674;2023-12-05;1228;Cox-Hunter;2022-11-19;Pay;generation;;;;
180;704;2024-08-31;4016;Cox-Hunter;2020-02-29;Mission;thought;;;;
180;706;2022-06-06;1719;Cox-Hunter;2020-01-02;Paper;record;;;;
180;758;2023-01-24;3260;Cox-Hunter;2021-01-16;Tape;chesnut;;;;
180;815;2024-01-28;2592;Cox-Hunter;2020-10-18;Brush;tool;;;;
181;119;2024-03-13;3568;Bell-Shah;2020-03-31;Although;bring;;;;
181;127;2026-02-10;142;Bell-Shah;2020-08-14;Wait;show;;;;
181;152;2020-07-23;2862;Bell-Shah;2020-07-23;Dot;impetus;;;;
181;209;2023-04-19;3137;Bell-Shah;2020-01-06;Draw;adult;;;;
181;352;2024-12-03;1859;Bell-Shah;2020-08-07;Suddenly;boy;;;;
181;485;2023-03-18;1647;Bell-Shah;2020-01-31;Answer;woman;;;;
181;493;2023-03-23;140;Bell-Shah;2020-03-22;Born;taught;;;;
181;504;2022-06-11;1916;Bell-Shah;2022-06-11;Baby;energy;;;;
181;506;2022-09-16;3136;Bell-Shah;2020-07-11;Joy;found;;;;
181;539;2024-06-11;456;Bell-Shah;2020-03-04;After;policy;;;;
181;571;2024-08-13;3863;Bell-Shah;2020-09-07;Task;kick;;;;
181;641;2020-03-31;1300;Bell-Shah;2020-03-31;Face;spend;;;;
181;655;2021-05-17;177;Bell-Shah;2021-04-23;Billion;subject;;;;
181;718;2023-04-14;3362;Bell-Shah;2021-04-23;Partner;ball;;;;
181;747;2025-01-21;2832;Bell-Shah;2021-08-27;White;indeed;;;;
181;824;2022-05-04;3195;Bell-Shah;2020-12-07;Hit;less;;;;
181;839;2025-05-07;3684;Bell-Shah;2021-08-21;General;growth;;;;
181;861;2020-12-05;426;Bell-Shah;2020-01-12;Safe;every;;;;
181;960;2021-05-08;1699;Bell-Shah;2021-01-02;Finally;personal;;;;
181;987;2022-10-18;2678;Bell-Shah;2020-03-21;Pierce;column;;;;
182;14;2020-01-30;4765;Phillips Inc;2020-01-30;Billion;hair;131;final;79;Impressionism
182;14;2020-01-30;4765;Phillips Inc;2020-01-30;Billion;hair;96;ground;101;Renaissance
182;163;2021-11-03;3598;Phillips Inc;2020-03-04;Treat;majority;131;final;79;Impressionism
182;163;2021-11-03;3598;Phillips Inc;2020-03-04;Treat;majority;96;ground;101;Renaissance
182;209;2022-05-12;3502;Phillips Inc;2020-01-06;Draw;adult;131;final;79;Impressionism
182;209;2022-05-12;3502;Phillips Inc;2020-01-06;Draw;adult;96;ground;101;Renaissance
182;228;2022-01-26;2454;Phillips Inc;2020-01-24;Allot;archive;131;final;79;Impressionism
182;228;2022-01-26;2454;Phillips Inc;2020-01-24;Allot;archive;96;ground;101;Renaissance
182;334;2025-04-01;629;Phillips Inc;2022-01-29;Build;term;131;final;79;Impressionism
182;334;2025-04-01;629;Phillips Inc;2022-01-29;Build;term;96;ground;101;Renaissance
182;467;2022-12-11;4192;Phillips Inc;2020-01-08;Too;ago;131;final;79;Impressionism
182;467;2022-12-11;4192;Phillips Inc;2020-01-08;Too;ago;96;ground;101;Renaissance
182;679;2024-11-26;1451;Phillips Inc;2020-04-27;Word;hard;131;final;79;Impressionism
182;679;2024-11-26;1451;Phillips Inc;2020-04-27;Word;hard;96;ground;101;Renaissance
182;876;2024-01-07;4991;Phillips Inc;2020-08-12;In;ever;131;final;79;Impressionism
182;876;2024-01-07;4991;Phillips Inc;2020-08-12;In;ever;96;ground;101;Renaissance
182;892;2021-08-17;3084;Phillips Inc;2020-07-15;Unexpect;inject;131;final;79;Impressionism
182;892;2021-08-17;3084;Phillips Inc;2020-07-15;Unexpect;inject;96;ground;101;Renaissance
182;894;2022-02-22;4916;Phillips Inc;2020-09-11;Scientist;tax;131;final;79;Impressionism
182;894;2022-02-22;4916;Phillips Inc;2020-09-11;Scientist;tax;96;ground;101;Renaissance
182;924;2022-05-29;1712;Phillips Inc;2021-04-01;Somebody;offer;131;final;79;Impressionism
182;924;2022-05-29;1712;Phillips Inc;2021-04-01;Somebody;offer;96;ground;101;Renaissance
182;959;2025-06-18;1436;Phillips Inc;2020-05-20;Their;read;131;final;79;Impressionism
182;959;2025-06-18;1436;Phillips Inc;2020-05-20;Their;read;96;ground;101;Renaissance
182;965;2025-08-12;2429;Phillips Inc;2020-02-24;Priest;wage;131;final;79;Impressionism
182;965;2025-08-12;2429;Phillips Inc;2020-02-24;Priest;wage;96;ground;101;Renaissance
182;968;2024-10-12;3161;Phillips Inc;2020-10-10;Deep;tonight;131;final;79;Impressionism
182;968;2024-10-12;3161;Phillips Inc;2020-10-10;Deep;tonight;96;ground;101;Renaissance
183;2;2021-11-10;1414;Gardner LLC;2020-01-31;Benefit;key;;;;
183;3;2021-07-24;449;Gardner LLC;2021-07-24;Unit;film;;;;
183;14;2021-02-14;4447;Gardner LLC;2020-01-30;Billion;hair;;;;
183;81;2024-09-22;332;Gardner LLC;2020-04-20;Chair;dark;;;;
183;109;2021-12-28;2318;Gardner LLC;2020-07-10;Media;purpose;;;;
183;345;2022-07-25;3523;Gardner LLC;2020-10-10;Although;place;;;;
183;453;2022-10-17;2682;Gardner LLC;2020-02-26;Her;beautiful;;;;
183;550;2024-01-15;1807;Gardner LLC;2020-04-24;See;empty;;;;
183;655;2022-05-14;4532;Gardner LLC;2021-04-23;Billion;subject;;;;
183;682;2023-06-08;2659;Gardner LLC;2020-06-21;Final;figure;;;;
183;696;2024-09-29;927;Gardner LLC;2020-08-31;Fight;into;;;;
183;696;2022-06-22;3128;Gardner LLC;2020-08-31;Fight;into;;;;
183;716;2020-09-19;2195;Gardner LLC;2020-06-29;Person;race;;;;
183;917;2021-06-10;1888;Gardner LLC;2020-05-25;Artificial;insensitive;;;;
183;953;2022-08-12;1619;Gardner LLC;2020-09-03;Involve;interest;;;;
183;974;2025-04-04;3102;Gardner LLC;2021-04-16;Six;stop;;;;
184;65;2022-12-11;2850;Anderson;2021-01-01;Possible;network;;;;
184;157;2023-02-18;2854;Anderson;2020-03-03;Receive;eccentric;;;;
184;164;2021-08-28;1788;Anderson;2020-01-31;Evening;guy;;;;
184;245;2020-08-23;564;Anderson;2020-01-08;Mill;run;;;;
184;346;2022-09-14;853;Anderson;2020-07-15;Yard;member;;;;
184;405;2021-06-20;1904;Anderson;2020-06-22;Time;sing;;;;
184;473;2021-08-17;357;Anderson;2020-07-24;Not;as;;;;
184;476;2021-01-19;4905;Anderson;2021-01-19;Salvator;limosine;;;;
184;493;2021-04-15;1553;Anderson;2020-03-22;Born;taught;;;;
184;501;2021-06-21;1607;Anderson;2021-04-20;Avoid;approach;;;;
184;589;2022-08-27;4745;Anderson;2020-07-13;Necessary;far;;;;
184;613;2025-01-01;1448;Anderson;2021-07-31;Hear;body;;;;
184;636;2022-01-18;1126;Anderson;2020-04-17;Business;tell;;;;
184;699;2020-02-04;2413;Anderson;2020-02-04;Championship;mender;;;;
184;746;2023-07-19;1540;Anderson;2020-04-18;Shade;chambermaid;;;;
184;760;2022-03-14;1252;Anderson;2020-04-06;True;card;;;;
184;810;2023-08-12;3779;Anderson;2022-04-12;Difference;remote;;;;
184;899;2022-09-15;2054;Anderson;2020-03-13;Fine;hundred;;;;
184;932;2025-09-25;347;Anderson;2020-02-29;Some;debate;;;;
185;26;2024-04-09;540;Jones-Jones;2021-10-15;Give;consider;;;;
185;222;2023-01-17;2931;Jones-Jones;2020-11-26;Aware;award;;;;
185;319;2021-06-01;428;Jones-Jones;2020-03-15;Behavior;occur;;;;
185;400;2023-05-28;3098;Jones-Jones;2020-03-25;Wand;Avenge;;;;
185;483;2022-04-01;1005;Jones-Jones;2021-07-10;Line;than;;;;
185;566;2025-02-28;3400;Jones-Jones;2020-03-17;Different;husband;;;;
185;656;2024-08-13;4111;Jones-Jones;2020-12-30;Person;yourself;;;;
185;856;2022-06-10;538;Jones-Jones;2020-03-23;Likely;city;;;;
185;875;2023-01-09;1325;Jones-Jones;2020-04-29;Thumb;match;;;;
185;916;2025-10-02;3534;Jones-Jones;2020-01-11;Billion;process;;;;
185;921;2020-05-09;4014;Jones-Jones;2020-02-13;Local;often;;;;
185;946;2023-01-21;631;Jones-Jones;2020-08-12;Quickly;sign;;;;
185;956;2025-04-29;3043;Jones-Jones;2020-05-10;Giblets;ascendant;;;;
185;996;2020-05-13;2476;Jones-Jones;2020-05-13;Why;cover;;;;
186;105;2020-11-12;1573;Fitzpatrick-Richardson;2020-04-02;Same;nation;;;;
186;229;2020-04-30;637;Fitzpatrick-Richardson;2020-04-30;Alloy;bathtub;;;;
186;399;2025-04-17;2346;Fitzpatrick-Richardson;2020-09-09;Home;difficult;;;;
186;502;2024-11-29;462;Fitzpatrick-Richardson;2020-10-13;Yours;pretty;;;;
186;575;2023-02-17;2885;Fitzpatrick-Richardson;2021-09-09;Report;notice;;;;
186;663;2024-04-15;1256;Fitzpatrick-Richardson;2021-02-16;Skin;Mrs;;;;
186;690;2020-02-28;4778;Fitzpatrick-Richardson;2020-02-28;South;attention;;;;
186;718;2025-07-15;2601;Fitzpatrick-Richardson;2021-04-23;Partner;ball;;;;
186;848;2020-04-28;725;Fitzpatrick-Richardson;2020-04-28;Piece;particularly;;;;
186;858;2020-07-24;4185;Fitzpatrick-Richardson;2020-02-09;Good;all;;;;
186;948;2025-08-15;2447;Fitzpatrick-Richardson;2020-04-02;Quality;successful;;;;
186;957;2021-04-14;131;Fitzpatrick-Richardson;2021-04-14;My;morning;;;;
186;987;2025-06-29;4175;Fitzpatrick-Richardson;2020-03-21;Pierce;column;;;;
187;51;2022-04-14;398;Sanchez-Harrison;2020-01-12;Tell;story;;;;
187;175;2020-01-22;4563;Sanchez-Harrison;2020-01-22;Grocery;recurr;;;;
187;185;2023-01-30;834;Sanchez-Harrison;2020-10-06;Smile;player;;;;
187;245;2025-03-24;1823;Sanchez-Harrison;2020-01-08;Mill;run;;;;
187;287;2020-05-28;4500;Sanchez-Harrison;2020-05-28;Budget;understand;;;;
187;318;2021-08-12;748;Sanchez-Harrison;2020-07-01;Ardour;argentine;;;;
187;325;2022-01-31;2350;Sanchez-Harrison;2020-12-04;Management;defense;;;;
187;484;2020-07-21;4632;Sanchez-Harrison;2020-03-25;Maybe;possible;;;;
187;497;2023-12-16;1147;Sanchez-Harrison;2020-07-16;All;nature;;;;
187;514;2021-08-23;4377;Sanchez-Harrison;2020-08-22;Woman;satisfaction;;;;
187;599;2025-08-28;945;Sanchez-Harrison;2020-11-20;Population;use;;;;
187;644;2023-08-26;685;Sanchez-Harrison;2020-11-30;Round;sword;;;;
187;722;2024-06-16;2251;Sanchez-Harrison;2020-02-23;Attack;natural;;;;
187;753;2023-03-27;4228;Sanchez-Harrison;2020-02-17;Mr;clearly;;;;
187;754;2021-03-06;1727;Sanchez-Harrison;2020-08-30;That;country;;;;
187;801;2024-06-20;843;Sanchez-Harrison;2020-04-08;Best;apply;;;;
187;860;2024-03-27;1630;Sanchez-Harrison;2020-04-07;Push;yard;;;;
187;861;2024-07-25;3177;Sanchez-Harrison;2020-01-12;Safe;every;;;;
187;883;2021-02-01;1034;Sanchez-Harrison;2020-02-02;Process;Crime;;;;
187;898;2024-09-28;4461;Sanchez-Harrison;2020-02-29;Dresser;cabinet;;;;
187;946;2020-08-12;4783;Sanchez-Harrison;2020-08-12;Quickly;sign;;;;
188;52;2024-07-28;1025;Welch-Hall;2020-01-05;Mary;jane;;;;
188;119;2021-01-31;4980;Welch-Hall;2020-03-31;Although;bring;;;;
188;189;2021-01-28;287;Welch-Hall;2020-11-11;Toward;station;;;;
188;236;2023-11-05;165;Welch-Hall;2020-01-26;Equestrian;implausible;;;;
188;246;2022-08-22;1961;Welch-Hall;2020-05-02;Investment;marriage;;;;
188;307;2025-06-24;2831;Welch-Hall;2020-11-02;Second;fill;;;;
188;474;2023-04-17;2549;Welch-Hall;2020-09-07;On;eyes;;;;
188;689;2020-07-29;4443;Welch-Hall;2020-07-29;Growth;sport;;;;
188;721;2024-12-02;2550;Welch-Hall;2021-03-30;Tight;null;;;;
188;740;2020-05-18;186;Welch-Hall;2020-05-18;Side;ok;;;;
188;753;2025-10-21;3887;Welch-Hall;2020-02-17;Mr;clearly;;;;
188;921;2025-05-29;2144;Welch-Hall;2020-02-13;Local;often;;;;
188;951;2021-08-30;410;Welch-Hall;2020-04-11;Door;speak;;;;
189;10;2023-01-20;4445;Tran-Reed;2020-10-08;Lease;deposit;;;;
189;58;2020-12-08;3427;Tran-Reed;2020-02-10;Sing;song;;;;
189;147;2025-09-23;2264;Tran-Reed;2020-01-24;Echo;chamber;;;;
189;188;2021-11-18;1113;Tran-Reed;2020-12-31;Post;communication;;;;
189;328;2020-10-19;871;Tran-Reed;2020-03-03;Painting;laugh;;;;
189;389;2021-01-15;2975;Tran-Reed;2021-01-15;Where;house;;;;
189;469;2022-08-13;3721;Tran-Reed;2022-03-02;Individual;whatever;;;;
189;535;2020-04-05;288;Tran-Reed;2020-04-05;Feeling;red;;;;
189;583;2025-07-02;1943;Tran-Reed;2020-12-12;Data;popular;;;;
189;628;2021-04-28;165;Tran-Reed;2020-01-13;Policy;often;;;;
189;631;2022-12-09;2084;Tran-Reed;2020-08-14;Landylady;dandy;;;;
189;671;2023-03-17;1589;Tran-Reed;2020-01-20;Bloom;flow;;;;
189;721;2021-03-30;1609;Tran-Reed;2021-03-30;Tight;null;;;;
189;757;2022-08-24;3022;Tran-Reed;2021-08-15;Grey;vernacular;;;;
189;848;2024-11-04;3696;Tran-Reed;2020-04-28;Piece;particularly;;;;
189;881;2023-11-12;4021;Tran-Reed;2020-12-13;Tendril;gossip;;;;
189;920;2021-03-12;1021;Tran-Reed;2020-05-05;Issue;suffer;;;;
189;948;2024-03-22;4230;Tran-Reed;2020-04-02;Quality;successful;;;;
189;949;2024-03-04;1484;Tran-Reed;2021-06-25;Fight;agent;;;;
189;967;2025-02-15;1268;Tran-Reed;2022-02-27;Last;enough;;;;
189;997;2025-05-01;3512;Tran-Reed;2021-12-06;Pass;her;;;;
189;999;2021-01-17;2258;Tran-Reed;2021-01-17;Public;late;;;;
190;71;2020-04-04;4121;Kennedy Group;2020-04-04;Bank;standard;15;model;54;Urban Culture
190;227;2024-08-18;3315;Kennedy Group;2020-11-21;Ok;air;15;model;54;Urban Culture
190;229;2022-11-28;109;Kennedy Group;2020-04-30;Alloy;bathtub;15;model;54;Urban Culture
190;314;2025-08-05;993;Kennedy Group;2020-01-03;Follow;street;15;model;54;Urban Culture
190;366;2022-08-11;2028;Kennedy Group;2022-06-03;Eye;Mrs;15;model;54;Urban Culture
190;368;2024-03-19;2974;Kennedy Group;2020-01-07;Any;important;15;model;54;Urban Culture
190;386;2022-05-13;192;Kennedy Group;2020-08-02;Test;nothing;15;model;54;Urban Culture
190;435;2025-01-21;1513;Kennedy Group;2021-01-21;Sunset;sail;15;model;54;Urban Culture
190;483;2022-10-26;4141;Kennedy Group;2021-07-10;Line;than;15;model;54;Urban Culture
190;487;2025-03-20;1532;Kennedy Group;2020-07-17;Become;heavy;15;model;54;Urban Culture
190;507;2021-11-03;4344;Kennedy Group;2020-05-07;Own;line;15;model;54;Urban Culture
190;673;2022-05-16;2843;Kennedy Group;2021-08-18;If;need;15;model;54;Urban Culture
190;773;2021-11-19;4697;Kennedy Group;2020-04-22;Topic;wax;15;model;54;Urban Culture
190;822;2020-03-09;2713;Kennedy Group;2020-03-09;Issue;in;15;model;54;Urban Culture
190;848;2025-09-12;3042;Kennedy Group;2020-04-28;Piece;particularly;15;model;54;Urban Culture
190;859;2020-07-16;1345;Kennedy Group;2020-02-12;Teach;should;15;model;54;Urban Culture
190;873;2022-08-31;1709;Kennedy Group;2021-01-18;Into;ask;15;model;54;Urban Culture
190;887;2021-01-03;577;Kennedy Group;2021-01-03;Away;bill;15;model;54;Urban Culture
190;915;2025-09-18;3563;Kennedy Group;2020-03-02;But;forget;15;model;54;Urban Culture
190;930;2020-05-28;326;Kennedy Group;2020-02-01;Toil;scheme;15;model;54;Urban Culture
190;969;2021-03-03;1891;Kennedy Group;2020-02-10;Request;Pedestrian;15;model;54;Urban Culture
191;8;2020-06-11;3753;English-Whitney;2020-03-22;White;build;;;;
191;16;2022-06-20;1256;English-Whitney;2021-01-25;Artist;young;;;;
191;28;2023-01-12;3911;English-Whitney;2020-01-04;What;field;;;;
191;56;2021-09-10;3899;English-Whitney;2020-02-28;Moon;light;;;;
191;103;2025-05-16;2298;English-Whitney;2020-03-24;Some;here;;;;
191;214;2025-06-10;4210;English-Whitney;2020-03-26;Moment;cut;;;;
191;214;2021-12-24;346;English-Whitney;2020-03-26;Moment;cut;;;;
191;251;2024-11-12;4144;English-Whitney;2020-01-13;Establish;green;;;;
191;390;2021-06-27;3568;English-Whitney;2020-02-25;Mind;information;;;;
191;403;2021-09-06;1425;English-Whitney;2020-01-30;Goal;interest;;;;
191;447;2024-07-13;4654;English-Whitney;2020-09-05;Argue;rock;;;;
191;534;2021-04-29;422;English-Whitney;2020-06-16;Mother;citizen;;;;
191;544;2021-05-29;2827;English-Whitney;2020-09-24;He;two;;;;
191;558;2020-04-12;4543;English-Whitney;2020-02-12;Prepare;wish;;;;
191;659;2025-01-07;1967;English-Whitney;2020-01-20;Table;page;;;;
191;686;2021-08-04;2980;English-Whitney;2020-10-10;Human;vote;;;;
191;739;2024-12-21;130;English-Whitney;2020-04-01;Pull;beautiful;;;;
191;830;2024-02-11;4962;English-Whitney;2021-09-08;Girl;voice;;;;
191;898;2026-01-02;3126;English-Whitney;2020-02-29;Dresser;cabinet;;;;
191;909;2021-07-14;1300;English-Whitney;2020-07-16;At;various;;;;
191;914;2023-11-18;3600;English-Whitney;2020-03-27;School;hope;;;;
191;932;2024-01-14;185;English-Whitney;2020-02-29;Some;debate;;;;
191;994;2023-11-15;1878;English-Whitney;2021-07-16;Security;challenge;;;;
192;112;2020-04-30;3393;Walter Group;2020-04-30;Example;lose;;;;
192;118;2025-03-11;4806;Walter Group;2021-05-17;Ever;which;;;;
192;120;2021-03-13;4139;Walter Group;2021-03-13;Follow;democratic;;;;
192;128;2020-11-11;2300;Walter Group;2020-10-03;Hour;out;;;;
192;149;2022-01-07;3252;Walter Group;2020-04-16;Perform;these;;;;
192;172;2021-04-16;4078;Walter Group;2021-04-16;Turn;war;;;;
192;208;2026-01-09;1999;Walter Group;2020-02-23;Wheal;wheel;;;;
192;270;2024-05-02;1489;Walter Group;2020-03-13;Product;state;;;;
192;290;2022-10-08;2363;Walter Group;2020-05-30;During;agree;;;;
192;382;2025-11-19;1527;Walter Group;2020-05-10;Frog;animal;;;;
192;386;2023-08-26;1312;Walter Group;2020-08-02;Test;nothing;;;;
192;460;2022-03-31;3297;Walter Group;2020-04-02;For;reach;;;;
192;590;2025-01-20;1520;Walter Group;2020-01-07;Rich;thus;;;;
192;622;2020-04-24;1646;Walter Group;2020-04-24;How;buy;;;;
192;643;2020-12-19;952;Walter Group;2020-05-31;Term;example;;;;
192;728;2020-01-30;257;Walter Group;2020-01-30;Fine;possible;;;;
192;774;2022-03-04;4121;Walter Group;2021-12-13;Start;area;;;;
192;782;2022-07-27;3697;Walter Group;2021-07-15;Success;despite;;;;
192;787;2025-09-02;2114;Walter Group;2021-02-06;Struggle;charge;;;;
193;63;2021-12-05;145;Austin;2020-02-18;Blue;sky;;;;
193;108;2021-03-09;2381;Austin;2020-04-07;Continue;space;;;;
193;128;2024-02-08;4051;Austin;2020-10-03;Hour;out;;;;
193;271;2021-08-07;3744;Austin;2021-03-10;Create;garden;;;;
193;303;2025-07-13;3270;Austin;2020-10-05;Protocol;seventh;;;;
193;430;2020-04-03;4506;Austin;2020-04-03;Recent;be;;;;
193;467;2025-01-04;4611;Austin;2020-01-08;Too;ago;;;;
193;486;2024-06-02;4019;Austin;2020-12-28;Try;sell;;;;
193;521;2024-04-26;4470;Austin;2020-03-14;Trailer;two;;;;
193;588;2024-03-26;1238;Austin;2020-08-21;Successful;air;;;;
193;693;2024-03-20;1681;Austin;2021-03-05;Nothing;traditional;;;;
193;769;2024-07-16;983;Austin;2020-01-23;Horse;chives;;;;
193;865;2020-08-09;4645;Austin;2020-05-12;That;with;;;;
193;964;2021-07-02;3076;Austin;2021-06-04;Teeth;paganism;;;;
194;8;2020-03-28;1146;Torres;2020-03-22;White;build;;;;
194;17;2020-07-08;4866;Torres;2020-01-19;Elder;deletion;;;;
194;129;2025-06-13;1899;Torres;2020-01-12;Montain;dew;;;;
194;143;2022-09-08;3289;Torres;2020-12-12;Duck;duckling;;;;
194;183;2020-10-14;4514;Torres;2020-03-12;Secretary;receipt;;;;
194;197;2023-06-01;2673;Torres;2021-10-10;Ripe;swerve;;;;
194;208;2024-05-10;3437;Torres;2020-02-23;Wheal;wheel;;;;
194;230;2023-10-03;4393;Torres;2020-07-26;That;there;;;;
194;320;2024-04-04;1271;Torres;2021-02-04;Happy;American;;;;
194;336;2022-05-06;4026;Torres;2020-01-08;History;decide;;;;
194;429;2024-11-04;1456;Torres;2020-01-19;Swimsuit;shelter;;;;
194;432;2022-07-29;4692;Torres;2020-03-28;Reality;dip;;;;
194;435;2021-10-21;2640;Torres;2021-01-21;Sunset;sail;;;;
194;458;2020-07-29;4385;Torres;2020-04-29;Decide;morning;;;;
194;468;2020-08-15;3386;Torres;2020-08-08;Catch;horizon;;;;
194;503;2022-10-25;3296;Torres;2020-09-10;Nurse;around;;;;
194;566;2026-01-17;1213;Torres;2020-03-17;Different;husband;;;;
194;602;2024-07-24;3854;Torres;2020-02-12;Pop;club;;;;
194;628;2020-05-10;1877;Torres;2020-01-13;Policy;often;;;;
194;659;2022-05-15;2360;Torres;2020-01-20;Table;page;;;;
194;686;2024-07-31;1821;Torres;2020-10-10;Human;vote;;;;
194;814;2024-04-18;3471;Torres;2020-05-03;Thrill;proud;;;;
194;867;2020-06-20;4297;Torres;2020-03-11;Standard;maybe;;;;
194;873;2024-09-18;2409;Torres;2021-01-18;Into;ask;;;;
195;6;2024-06-17;1122;Richardson-Hopkins;2020-04-23;Million;attack;;;;
195;53;2025-06-20;1145;Richardson-Hopkins;2021-11-29;Become;themselves;;;;
195;222;2022-03-28;1646;Richardson-Hopkins;2020-11-26;Aware;award;;;;
195;484;2024-03-22;465;Richardson-Hopkins;2020-03-25;Maybe;possible;;;;
195;518;2023-07-28;2805;Richardson-Hopkins;2020-09-25;Administration;have;;;;
195;538;2022-06-23;2873;Richardson-Hopkins;2020-12-02;Particularly;group;;;;
195;594;2025-02-24;4815;Richardson-Hopkins;2020-01-26;Imagination;moderation;;;;
195;607;2024-10-05;1260;Richardson-Hopkins;2021-03-06;Much;alone;;;;
195;662;2023-05-28;1314;Richardson-Hopkins;2020-12-20;Learnt;leash;;;;
195;691;2021-05-30;1581;Richardson-Hopkins;2020-11-06;Rate;ground;;;;
195;869;2022-09-23;544;Richardson-Hopkins;2020-03-02;Require;herself;;;;
195;900;2025-06-04;3203;Richardson-Hopkins;2021-04-05;Rule;middle;;;;
195;908;2020-08-19;2200;Richardson-Hopkins;2020-08-19;All;during;;;;
195;973;2020-06-26;645;Richardson-Hopkins;2020-05-01;Hub;loot;;;;
195;977;2020-06-14;2111;Richardson-Hopkins;2020-06-14;Local;look;;;;
196;51;2020-01-12;454;Barber LLC;2020-01-12;Tell;story;142;century;54;Urban Culture
196;83;2020-09-21;817;Barber LLC;2020-09-21;Past;offer;142;century;54;Urban Culture
196;83;2021-04-21;2698;Barber LLC;2020-09-21;Past;offer;142;century;54;Urban Culture
196;118;2024-02-23;2946;Barber LLC;2021-05-17;Ever;which;142;century;54;Urban Culture
196;202;2022-07-12;2262;Barber LLC;2020-10-20;Number;news;142;century;54;Urban Culture
196;236;2021-09-28;4044;Barber LLC;2020-01-26;Equestrian;implausible;142;century;54;Urban Culture
196;243;2025-12-31;2620;Barber LLC;2020-01-31;First;population;142;century;54;Urban Culture
196;247;2020-04-27;785;Barber LLC;2020-04-27;Never;allow;142;century;54;Urban Culture
196;269;2020-05-10;3410;Barber LLC;2020-03-02;But;leg;142;century;54;Urban Culture
196;357;2020-02-03;2923;Barber LLC;2020-02-03;Point;laser;142;century;54;Urban Culture
196;380;2021-03-12;131;Barber LLC;2020-09-08;Note;write;142;century;54;Urban Culture
196;408;2023-10-03;4856;Barber LLC;2020-02-27;Color;really;142;century;54;Urban Culture
196;442;2023-11-10;4194;Barber LLC;2020-08-29;Less;picturing;142;century;54;Urban Culture
196;445;2024-10-17;4766;Barber LLC;2020-06-26;Measure;skin;142;century;54;Urban Culture
196;453;2022-10-31;775;Barber LLC;2020-02-26;Her;beautiful;142;century;54;Urban Culture
196;473;2022-06-24;325;Barber LLC;2020-07-24;Not;as;142;century;54;Urban Culture
196;566;2025-05-16;2266;Barber LLC;2020-03-17;Different;husband;142;century;54;Urban Culture
196;637;2022-12-19;2008;Barber LLC;2020-08-23;Swim;lancelot;142;century;54;Urban Culture
196;656;2024-06-27;166;Barber LLC;2020-12-30;Person;yourself;142;century;54;Urban Culture
196;735;2023-11-18;913;Barber LLC;2021-01-08;Learn;lose;142;century;54;Urban Culture
196;762;2023-05-31;2053;Barber LLC;2020-02-25;Authority;road;142;century;54;Urban Culture
196;778;2025-02-25;1702;Barber LLC;2020-03-09;Friend;do;142;century;54;Urban Culture
196;872;2021-03-31;2188;Barber LLC;2021-01-01;Fitting;sheet;142;century;54;Urban Culture
196;943;2021-03-09;3661;Barber LLC;2020-03-20;Culture;goal;142;century;54;Urban Culture
197;84;2021-08-15;4011;Mitchell;2020-07-16;She;marriage;;;;
197;118;2025-08-27;1591;Mitchell;2021-05-17;Ever;which;;;;
197;138;2025-02-13;4936;Mitchell;2021-05-31;Kind;choose;;;;
197;302;2022-08-23;2107;Mitchell;2020-04-15;Army;salutary;;;;
197;315;2020-09-10;2585;Mitchell;2020-01-09;Majority;call;;;;
197;391;2021-02-14;3744;Mitchell;2020-02-02;Off;meet;;;;
197;419;2024-11-10;2490;Mitchell;2020-07-13;To;get;;;;
197;427;2025-08-05;4178;Mitchell;2021-02-05;Endless;got;;;;
197;522;2022-10-13;1552;Mitchell;2020-01-30;Laugh;else;;;;
197;524;2024-08-25;4082;Mitchell;2021-02-28;Seven;rate;;;;
197;647;2023-05-23;713;Mitchell;2020-01-05;Maintain;coach;;;;
197;730;2021-12-11;509;Mitchell;2020-06-15;Gin;bleach;;;;
197;736;2024-12-24;3078;Mitchell;2020-07-25;Among;official;;;;
197;775;2026-02-11;2351;Mitchell;2021-12-27;No;end;;;;
197;822;2020-08-21;2268;Mitchell;2020-03-09;Issue;in;;;;
197;905;2021-07-26;4662;Mitchell;2020-01-19;Future;build;;;;
197;951;2020-04-11;3820;Mitchell;2020-04-11;Door;speak;;;;
198;254;2023-10-12;2034;Taylor;2021-12-13;Human;because;;;;
198;263;2021-04-14;1597;Taylor;2020-03-22;Always;may;;;;
198;489;2026-01-16;816;Taylor;2020-08-19;Gleam;die;;;;
198;507;2023-09-17;2837;Taylor;2020-05-07;Own;line;;;;
198;518;2024-10-19;4165;Taylor;2020-09-25;Administration;have;;;;
198;518;2021-10-04;1690;Taylor;2020-09-25;Administration;have;;;;
198;525;2022-10-16;4705;Taylor;2020-04-15;Guess;shady;;;;
198;548;2022-12-19;118;Taylor;2020-03-31;Cooperate;operate;;;;
198;637;2022-06-02;4296;Taylor;2020-08-23;Swim;lancelot;;;;
198;651;2025-02-12;4102;Taylor;2020-09-23;Relate;offer;;;;
198;694;2023-05-21;3523;Taylor;2020-01-21;Concern;west;;;;
198;716;2024-08-11;863;Taylor;2020-06-29;Person;race;;;;
198;773;2025-06-22;3373;Taylor;2020-04-22;Topic;wax;;;;
198;804;2025-10-01;2666;Taylor;2020-03-05;Cartoon;wear;;;;
198;857;2021-06-20;3572;Taylor;2020-03-06;Operation;close;;;;
198;936;2023-08-17;3956;Taylor;2020-02-02;Reaction;fire;;;;
198;950;2021-08-19;2014;Taylor;2020-03-17;Manuvre;gunpoint;;;;
199;82;2022-03-11;4979;Mccann-Castro;2020-03-19;Physical;simple;;;;
199;151;2025-01-13;2658;Mccann-Castro;2020-09-14;Risk;picture;;;;
199;223;2024-12-19;4735;Mccann-Castro;2020-03-10;Win;antique;;;;
199;268;2021-05-24;3785;Mccann-Castro;2021-05-24;Manx;mantel;;;;
199;445;2020-06-26;4513;Mccann-Castro;2020-06-26;Measure;skin;;;;
199;449;2020-11-25;3961;Mccann-Castro;2020-01-03;Get;to;;;;
199;459;2024-06-06;147;Mccann-Castro;2020-02-01;Station;suggest;;;;
199;609;2021-05-19;4527;Mccann-Castro;2021-04-24;Specific;move;;;;
199;623;2025-01-13;2782;Mccann-Castro;2022-05-28;Economy;talker;;;;
199;802;2025-05-23;3041;Mccann-Castro;2020-02-18;Hard;cost;;;;
199;805;2024-02-03;181;Mccann-Castro;2022-06-12;Begin;company;;;;
199;849;2025-08-17;3865;Mccann-Castro;2020-02-01;Mistake;error;;;;
199;941;2024-11-12;4667;Mccann-Castro;2020-01-29;However;require;;;;
199;944;2024-12-23;571;Mccann-Castro;2020-01-03;Sort;stage;;;;
199;946;2024-08-15;2494;Mccann-Castro;2020-08-12;Quickly;sign;;;;
200;133;2025-12-20;2393;Hughes Group;2020-11-16;Forward;market;;;;
200;194;2025-05-27;1395;Hughes Group;2020-03-27;Pass;physical;;;;
200;216;2024-09-15;4054;Hughes Group;2020-07-03;Top;likely;;;;
200;249;2023-04-19;676;Hughes Group;2020-05-25;Member;skin;;;;
200;272;2023-12-31;3557;Hughes Group;2020-04-25;Glass;outside;;;;
200;295;2025-05-31;3749;Hughes Group;2020-12-13;Rife;rid;;;;
200;345;2025-01-06;1071;Hughes Group;2020-10-10;Although;place;;;;
200;345;2025-01-12;2932;Hughes Group;2020-10-10;Although;place;;;;
200;351;2021-03-08;2512;Hughes Group;2020-02-15;Identify;section;;;;
200;365;2023-05-17;2770;Hughes Group;2021-01-16;Order;share;;;;
200;515;2024-03-24;3783;Hughes Group;2020-06-01;There;dinner;;;;
200;584;2026-01-12;917;Hughes Group;2020-03-25;Fish;sea;;;;
200;654;2023-12-10;3328;Hughes Group;2021-10-26;Early;me;;;;
200;721;2022-03-29;3562;Hughes Group;2021-03-30;Tight;null;;;;
200;741;2020-03-02;2155;Hughes Group;2020-01-27;Late;I;;;;
200;820;2021-04-06;2740;Hughes Group;2020-03-16;Red;probably;;;;
201;34;2021-07-02;1597;Peterson-Herrera;2021-07-02;Movie;picture;;;;
201;35;2024-06-10;696;Peterson-Herrera;2020-12-30;Record;fund;;;;
201;74;2021-11-19;1321;Peterson-Herrera;2021-11-19;Federal;forward;;;;
201;95;2021-05-14;921;Peterson-Herrera;2021-05-14;Leg;area;;;;
201;111;2025-10-18;2762;Peterson-Herrera;2020-04-25;Empty;forgotten;;;;
201;174;2021-08-05;4946;Peterson-Herrera;2020-02-02;East;something;;;;
201;205;2025-01-21;1722;Peterson-Herrera;2020-06-28;Sweat;sweet;;;;
201;237;2020-06-09;675;Peterson-Herrera;2020-01-02;Notice;war;;;;
201;328;2020-08-09;843;Peterson-Herrera;2020-03-03;Painting;laugh;;;;
201;361;2020-10-09;454;Peterson-Herrera;2020-04-13;Staff;radio;;;;
201;507;2022-06-21;4646;Peterson-Herrera;2020-05-07;Own;line;;;;
201;543;2020-01-03;1249;Peterson-Herrera;2020-01-03;Rule;lay;;;;
201;552;2021-10-09;1369;Peterson-Herrera;2020-08-10;Lead;message;;;;
201;578;2025-04-01;3525;Peterson-Herrera;2020-03-10;Stomp;techno;;;;
201;754;2021-07-06;780;Peterson-Herrera;2020-08-30;That;country;;;;
201;754;2022-06-06;473;Peterson-Herrera;2020-08-30;That;country;;;;
201;826;2024-12-09;3721;Peterson-Herrera;2021-07-01;Pacience;gutter;;;;
201;992;2023-03-31;4843;Peterson-Herrera;2020-02-17;Prevent;mother;;;;
202;17;2023-05-08;1935;Mathis LLC;2020-01-19;Elder;deletion;49;carry;79;Impressionism
202;17;2023-05-08;1935;Mathis LLC;2020-01-19;Elder;deletion;76;understand;101;Renaissance
202;147;2021-11-05;2676;Mathis LLC;2020-01-24;Echo;chamber;49;carry;79;Impressionism
202;147;2021-11-05;2676;Mathis LLC;2020-01-24;Echo;chamber;76;understand;101;Renaissance
202;150;2025-06-26;3616;Mathis LLC;2020-06-15;Take;do;49;carry;79;Impressionism
202;150;2025-06-26;3616;Mathis LLC;2020-06-15;Take;do;76;understand;101;Renaissance
202;210;2023-09-19;312;Mathis LLC;2022-01-08;Stage;they;49;carry;79;Impressionism
202;210;2023-09-19;312;Mathis LLC;2022-01-08;Stage;they;76;understand;101;Renaissance
202;213;2021-12-17;2816;Mathis LLC;2020-11-06;Yet;product;49;carry;79;Impressionism
202;213;2021-12-17;2816;Mathis LLC;2020-11-06;Yet;product;76;understand;101;Renaissance
202;379;2024-10-06;4124;Mathis LLC;2020-01-31;Learn;husband;49;carry;79;Impressionism
202;379;2024-10-06;4124;Mathis LLC;2020-01-31;Learn;husband;76;understand;101;Renaissance
202;418;2024-01-04;1172;Mathis LLC;2021-05-03;Method;civil;49;carry;79;Impressionism
202;418;2024-01-04;1172;Mathis LLC;2021-05-03;Method;civil;76;understand;101;Renaissance
202;436;2024-10-29;3069;Mathis LLC;2020-05-13;Whatever;every;49;carry;79;Impressionism
202;436;2024-10-29;3069;Mathis LLC;2020-05-13;Whatever;every;76;understand;101;Renaissance
202;449;2020-10-14;4182;Mathis LLC;2020-01-03;Get;to;49;carry;79;Impressionism
202;449;2020-10-14;4182;Mathis LLC;2020-01-03;Get;to;76;understand;101;Renaissance
202;479;2025-09-04;3849;Mathis LLC;2020-01-28;Foreign;ciao;49;carry;79;Impressionism
202;479;2025-09-04;3849;Mathis LLC;2020-01-28;Foreign;ciao;76;understand;101;Renaissance
202;528;2022-12-09;2719;Mathis LLC;2021-03-23;Created;monster;49;carry;79;Impressionism
202;528;2022-12-09;2719;Mathis LLC;2021-03-23;Created;monster;76;understand;101;Renaissance
202;534;2024-12-31;2847;Mathis LLC;2020-06-16;Mother;citizen;49;carry;79;Impressionism
202;534;2024-12-31;2847;Mathis LLC;2020-06-16;Mother;citizen;76;understand;101;Renaissance
202;642;2023-01-10;2639;Mathis LLC;2020-01-09;Realize;financial;49;carry;79;Impressionism
202;642;2023-01-10;2639;Mathis LLC;2020-01-09;Realize;financial;76;understand;101;Renaissance
202;678;2024-11-07;2152;Mathis LLC;2020-05-26;Treatment;once;49;carry;79;Impressionism
202;678;2024-11-07;2152;Mathis LLC;2020-05-26;Treatment;once;76;understand;101;Renaissance
202;686;2021-04-12;2402;Mathis LLC;2020-10-10;Human;vote;49;carry;79;Impressionism
202;686;2021-04-12;2402;Mathis LLC;2020-10-10;Human;vote;76;understand;101;Renaissance
202;820;2025-02-16;2783;Mathis LLC;2020-03-16;Red;probably;49;carry;79;Impressionism
202;820;2025-02-16;2783;Mathis LLC;2020-03-16;Red;probably;76;understand;101;Renaissance
202;969;2022-12-24;4432;Mathis LLC;2020-02-10;Request;Pedestrian;49;carry;79;Impressionism
202;969;2022-12-24;4432;Mathis LLC;2020-02-10;Request;Pedestrian;76;understand;101;Renaissance
203;97;2026-02-01;2441;Perry PLC;2020-03-31;Edge;use;;;;
203;119;2022-03-02;4469;Perry PLC;2020-03-31;Although;bring;;;;
203;148;2022-01-14;4911;Perry PLC;2020-01-12;Pm;successful;;;;
203;171;2021-09-03;3720;Perry PLC;2020-01-06;Repress;cage;;;;
203;301;2024-03-16;3373;Perry PLC;2020-11-30;Image;TV;;;;
203;302;2024-01-24;997;Perry PLC;2020-04-15;Army;salutary;;;;
203;315;2020-01-09;4961;Perry PLC;2020-01-09;Majority;call;;;;
203;324;2022-06-08;4110;Perry PLC;2020-04-11;Daughter;radio;;;;
203;385;2021-08-29;704;Perry PLC;2020-02-23;Knowledge;at;;;;
203;465;2023-04-30;143;Perry PLC;2021-08-20;Thus;choice;;;;
203;475;2020-10-16;1488;Perry PLC;2020-10-16;Young;without;;;;
203;485;2021-08-02;1589;Perry PLC;2020-01-31;Answer;woman;;;;
203;486;2025-09-27;1055;Perry PLC;2020-12-28;Try;sell;;;;
203;580;2026-01-21;3217;Perry PLC;2020-03-22;Feel;bad;;;;
203;690;2022-08-03;2493;Perry PLC;2020-02-28;South;attention;;;;
203;702;2022-09-09;520;Perry PLC;2020-01-23;He;desCribe;;;;
203;745;2023-10-22;2424;Perry PLC;2020-01-14;But;song;;;;
203;837;2021-06-23;1231;Perry PLC;2021-01-13;Space;specificity;;;;
203;912;2021-11-05;3410;Perry PLC;2020-09-10;Cut;young;;;;
203;987;2023-07-10;2366;Perry PLC;2020-03-21;Pierce;column;;;;
204;5;2025-07-26;1683;Schmitt LLC;2020-05-14;Champion;equalize;;;;
204;147;2022-10-18;2984;Schmitt LLC;2020-01-24;Echo;chamber;;;;
204;151;2021-04-01;3229;Schmitt LLC;2020-09-14;Risk;picture;;;;
204;159;2022-02-22;640;Schmitt LLC;2021-11-01;Help;activity;;;;
204;174;2022-07-17;4477;Schmitt LLC;2020-02-02;East;something;;;;
204;352;2025-11-23;3564;Schmitt LLC;2020-08-07;Suddenly;boy;;;;
204;390;2025-08-30;1662;Schmitt LLC;2020-02-25;Mind;information;;;;
204;423;2021-05-26;754;Schmitt LLC;2020-10-08;Arabella;interstellar;;;;
204;714;2020-08-04;4678;Schmitt LLC;2020-04-21;Standard;ahead;;;;
204;809;2020-11-22;4960;Schmitt LLC;2020-04-29;Distinguish;essay;;;;
204;839;2024-01-19;3321;Schmitt LLC;2021-08-21;General;growth;;;;
204;908;2023-07-03;1785;Schmitt LLC;2020-08-19;All;during;;;;
204;925;2021-07-13;1234;Schmitt LLC;2020-04-15;Society;ingredient;;;;
205;112;2023-02-23;2896;Perez;2020-04-30;Example;lose;;;;
205;137;2025-05-13;487;Perez;2020-06-23;Within;seat;;;;
205;143;2023-11-09;4550;Perez;2020-12-12;Duck;duckling;;;;
205;177;2021-04-26;4279;Perez;2021-04-21;Second;actually;;;;
205;191;2020-06-18;1780;Perez;2020-06-18;Fang;concur;;;;
205;242;2020-03-31;1915;Perez;2020-03-31;Arsenic;lad;;;;
205;384;2021-02-01;1361;Perez;2020-01-29;Heavy;win;;;;
205;454;2021-08-28;2667;Perez;2020-02-12;Stock;responsibility;;;;
205;472;2020-10-26;4852;Perez;2020-06-30;Senior;reality;;;;
205;507;2025-05-10;2441;Perez;2020-05-07;Own;line;;;;
205;542;2025-03-15;3469;Perez;2020-04-25;Yeah;base;;;;
205;570;2022-04-11;3720;Perez;2020-06-05;Rather;professional;;;;
205;590;2025-06-04;1869;Perez;2020-01-07;Rich;thus;;;;
205;599;2021-07-28;4633;Perez;2020-11-20;Population;use;;;;
205;694;2022-02-11;1636;Perez;2020-01-21;Concern;west;;;;
205;825;2025-09-17;2666;Perez;2020-01-01;Fence;drain;;;;
205;901;2025-08-17;785;Perez;2020-04-07;Cabin;unwise;;;;
205;909;2024-09-05;4285;Perez;2020-07-16;At;various;;;;
205;913;2022-02-21;2483;Perez;2020-07-08;Wise;artifact;;;;
205;965;2025-08-08;1630;Perez;2020-02-24;Priest;wage;;;;
206;10;2023-01-27;1671;Logan and Sons;2020-10-08;Lease;deposit;;;;
206;37;2020-06-18;3137;Logan and Sons;2020-06-18;Box;land;;;;
206;101;2025-08-01;1580;Logan and Sons;2020-01-12;Single;well;;;;
206;203;2025-07-10;4650;Logan and Sons;2020-05-29;Key;time;;;;
206;212;2022-03-31;1224;Logan and Sons;2020-03-04;Outline;outrun;;;;
206;274;2021-12-15;1061;Logan and Sons;2020-01-12;Mantelpiece;march;;;;
206;417;2024-04-25;4409;Logan and Sons;2020-04-09;Approach;interview;;;;
206;571;2025-08-02;2848;Logan and Sons;2020-09-07;Task;kick;;;;
206;607;2022-08-12;673;Logan and Sons;2021-03-06;Much;alone;;;;
206;675;2022-04-04;1100;Logan and Sons;2020-04-26;Stand;likely;;;;
206;709;2025-04-14;4656;Logan and Sons;2020-03-23;Improve;fact;;;;
206;847;2025-06-18;205;Logan and Sons;2020-01-20;No;wall;;;;
206;877;2020-01-27;575;Logan and Sons;2020-01-27;Operation;safe;;;;
206;899;2024-05-28;3935;Logan and Sons;2020-03-13;Fine;hundred;;;;
206;997;2026-01-16;4912;Logan and Sons;2021-12-06;Pass;her;;;;
207;12;2025-08-16;2747;Jimenez-Thomas;2020-08-26;Early;arrive;;;;
207;61;2021-04-16;3060;Jimenez-Thomas;2020-10-01;After;degree;;;;
207;107;2025-10-27;1067;Jimenez-Thomas;2023-08-19;Provide;know;;;;
207;254;2024-12-09;1535;Jimenez-Thomas;2021-12-13;Human;because;;;;
207;269;2022-02-05;3045;Jimenez-Thomas;2020-03-02;But;leg;;;;
207;283;2025-04-30;2465;Jimenez-Thomas;2020-03-26;Nature;rise;;;;
207;293;2024-05-02;3475;Jimenez-Thomas;2020-10-14;Ripen;rioter;;;;
207;311;2025-10-24;4387;Jimenez-Thomas;2020-01-19;Relationship;enough;;;;
207;360;2022-10-05;3226;Jimenez-Thomas;2020-03-20;Question;walk;;;;
207;583;2024-04-21;992;Jimenez-Thomas;2020-12-12;Data;popular;;;;
207;654;2024-05-09;2038;Jimenez-Thomas;2021-10-26;Early;me;;;;
207;812;2024-02-21;154;Jimenez-Thomas;2020-03-20;Elementary;appeal;;;;
207;815;2022-07-26;1241;Jimenez-Thomas;2020-10-18;Brush;tool;;;;
207;916;2023-10-16;2993;Jimenez-Thomas;2020-01-11;Billion;process;;;;
207;977;2024-04-27;4651;Jimenez-Thomas;2020-06-14;Local;look;;;;
207;993;2020-11-01;252;Jimenez-Thomas;2020-11-01;Sinner;syren;;;;
208;99;2025-08-09;4556;Gates;2021-04-01;Stuff;by;;;;
208;114;2022-07-08;3033;Gates;2020-06-18;Sport;throw;;;;
208;188;2024-11-16;1723;Gates;2020-12-31;Post;communication;;;;
208;221;2025-03-10;3697;Gates;2020-06-05;Move;board;;;;
208;322;2024-04-04;2344;Gates;2023-01-22;Medicin;italian;;;;
208;334;2022-01-29;4770;Gates;2022-01-29;Build;term;;;;
208;363;2022-05-11;2523;Gates;2020-04-20;Her;foreign;;;;
208;471;2025-01-10;839;Gates;2020-03-22;Ask;conference;;;;
208;522;2021-02-26;1295;Gates;2020-01-30;Laugh;else;;;;
208;759;2020-12-04;4721;Gates;2020-12-04;Once;deep;;;;
208;901;2022-05-19;3472;Gates;2020-04-07;Cabin;unwise;;;;
208;918;2026-02-09;4915;Gates;2020-04-16;Social;iniciative;;;;
208;934;2023-07-03;4058;Gates;2021-01-08;itenerant;situationary;;;;
209;27;2021-05-12;4186;Gutierrez;2021-05-12;Agree;open;;;;
209;81;2023-07-30;2144;Gutierrez;2020-04-20;Chair;dark;;;;
209;134;2022-11-10;2497;Gutierrez;2020-02-17;Some;both;;;;
209;615;2023-02-20;1685;Gutierrez;2020-03-16;Unit;area;;;;
209;622;2023-01-30;3166;Gutierrez;2020-04-24;How;buy;;;;
209;675;2021-07-01;4536;Gutierrez;2020-04-26;Stand;likely;;;;
209;693;2026-01-11;3037;Gutierrez;2021-03-05;Nothing;traditional;;;;
209;817;2022-03-12;1745;Gutierrez;2020-02-13;Me;quite;;;;
209;835;2022-03-01;2991;Gutierrez;2020-02-12;Squirrel;waiting;;;;
209;872;2022-02-12;2266;Gutierrez;2021-01-01;Fitting;sheet;;;;
209;914;2024-10-19;2822;Gutierrez;2020-03-27;School;hope;;;;
210;2;2020-06-28;3461;Brown-Walton;2020-01-31;Benefit;key;;;;
210;171;2020-11-28;2055;Brown-Walton;2020-01-06;Repress;cage;;;;
210;267;2020-11-19;531;Brown-Walton;2020-11-19;Find;marquee;;;;
210;330;2024-05-04;4669;Brown-Walton;2020-03-07;Out;character;;;;
210;402;2024-12-10;3518;Brown-Walton;2020-02-05;Throughout;end;;;;
210;408;2020-08-19;215;Brown-Walton;2020-02-27;Color;really;;;;
210;415;2023-09-23;2878;Brown-Walton;2020-05-18;I;want;;;;
210;417;2025-07-15;3330;Brown-Walton;2020-04-09;Approach;interview;;;;
210;430;2023-12-06;652;Brown-Walton;2020-04-03;Recent;be;;;;
210;451;2025-06-15;2788;Brown-Walton;2020-03-03;Sign;face;;;;
210;467;2025-01-29;1791;Brown-Walton;2020-01-08;Too;ago;;;;
210;538;2025-09-15;1836;Brown-Walton;2020-12-02;Particularly;group;;;;
210;665;2024-09-19;4781;Brown-Walton;2020-05-30;Say;reduce;;;;
210;696;2024-09-05;742;Brown-Walton;2020-08-31;Fight;into;;;;
210;718;2024-07-08;2989;Brown-Walton;2021-04-23;Partner;ball;;;;
210;726;2023-05-11;4928;Brown-Walton;2020-03-18;Beyond;almost;;;;
210;753;2020-10-10;4610;Brown-Walton;2020-02-17;Mr;clearly;;;;
210;817;2025-05-05;599;Brown-Walton;2020-02-13;Me;quite;;;;
210;836;2022-03-02;4574;Brown-Walton;2020-10-23;Benefit;accept;;;;
210;845;2025-07-18;457;Brown-Walton;2020-12-23;They;herself;;;;
210;864;2024-10-21;819;Brown-Walton;2020-07-03;Amount;show;;;;
210;909;2023-09-24;4641;Brown-Walton;2020-07-16;At;various;;;;
210;930;2025-09-07;1914;Brown-Walton;2020-02-01;Toil;scheme;;;;
210;972;2022-02-26;786;Brown-Walton;2020-02-14;Snoop;liner;;;;
211;59;2024-12-14;4995;Anderson-Phillips;2020-01-07;Reason;than;;;;
211;114;2020-06-18;2875;Anderson-Phillips;2020-06-18;Sport;throw;;;;
211;167;2020-04-15;4527;Anderson-Phillips;2020-04-15;Happy;land;;;;
211;213;2024-04-20;383;Anderson-Phillips;2020-11-06;Yet;product;;;;
211;221;2020-07-04;2096;Anderson-Phillips;2020-06-05;Move;board;;;;
211;235;2021-04-01;584;Anderson-Phillips;2021-04-01;Down;him;;;;
211;274;2025-07-12;2327;Anderson-Phillips;2020-01-12;Mantelpiece;march;;;;
211;310;2022-10-25;1472;Anderson-Phillips;2020-10-03;Serve;provide;;;;
211;358;2025-09-02;1408;Anderson-Phillips;2020-11-23;Including;similar;;;;
211;525;2020-04-15;1573;Anderson-Phillips;2020-04-15;Guess;shady;;;;
211;575;2021-09-09;982;Anderson-Phillips;2021-09-09;Report;notice;;;;
211;619;2023-06-11;248;Anderson-Phillips;2020-04-14;Silver;earring;;;;
211;695;2025-04-03;3364;Anderson-Phillips;2020-01-12;Fly;flight;;;;
211;733;2024-08-20;998;Anderson-Phillips;2021-03-29;Message;police;;;;
211;796;2025-10-15;2277;Anderson-Phillips;2020-03-20;Vanish;varnish;;;;
211;813;2025-09-10;249;Anderson-Phillips;2020-09-22;Electrify;chemical;;;;
211;820;2022-12-12;2237;Anderson-Phillips;2020-03-16;Red;probably;;;;
211;982;2024-10-19;1349;Anderson-Phillips;2021-01-25;Operation;time;;;;
212;53;2021-11-29;1976;Fox PLC;2021-11-29;Become;themselves;;;;
212;87;2025-10-01;1730;Fox PLC;2020-02-02;Responsibility;dream;;;;
212;91;2021-08-11;794;Fox PLC;2020-07-25;Billion;tend;;;;
212;142;2025-10-29;426;Fox PLC;2020-03-16;Analysis;evidence;;;;
212;167;2023-11-28;2970;Fox PLC;2020-04-15;Happy;land;;;;
212;273;2022-04-25;1193;Fox PLC;2020-01-13;Doctor;admit;;;;
212;365;2024-11-14;3546;Fox PLC;2021-01-16;Order;share;;;;
212;385;2022-06-23;320;Fox PLC;2020-02-23;Knowledge;at;;;;
212;398;2022-10-18;4880;Fox PLC;2020-01-06;Authority;treatment;;;;
212;422;2024-04-13;4950;Fox PLC;2020-01-28;Soldier;six;;;;
212;480;2024-06-20;3497;Fox PLC;2020-04-23;Love;now;;;;
212;485;2021-03-28;2376;Fox PLC;2020-01-31;Answer;woman;;;;
212;505;2022-09-15;3294;Fox PLC;2020-01-31;Raise;them;;;;
212;543;2020-02-08;4544;Fox PLC;2020-01-03;Rule;lay;;;;
212;559;2021-06-02;2870;Fox PLC;2020-01-16;Where;interview;;;;
212;686;2020-10-10;2001;Fox PLC;2020-10-10;Human;vote;;;;
212;736;2021-05-23;1970;Fox PLC;2020-07-25;Among;official;;;;
212;963;2020-08-24;585;Fox PLC;2020-07-22;Food;thousand;;;;
213;7;2022-03-16;4621;Hancock Group;2020-01-27;Hair;relate;29;say;101;Renaissance
213;53;2022-01-04;1229;Hancock Group;2021-11-29;Become;themselves;29;say;101;Renaissance
213;70;2024-08-14;2242;Hancock Group;2020-01-15;If;set;29;say;101;Renaissance
213;160;2021-10-20;2064;Hancock Group;2020-06-12;Style;shoulder;29;say;101;Renaissance
213;170;2025-06-22;2888;Hancock Group;2020-01-19;Wind;top;29;say;101;Renaissance
213;262;2025-10-11;4824;Hancock Group;2020-01-01;Kind;pick;29;say;101;Renaissance
213;297;2020-11-20;2995;Hancock Group;2020-11-20;Salvage;samba;29;say;101;Renaissance
213;383;2025-08-07;4622;Hancock Group;2020-02-17;Anything;station;29;say;101;Renaissance
213;425;2025-01-26;2232;Hancock Group;2020-06-25;Boots;held;29;say;101;Renaissance
213;625;2021-03-16;2309;Hancock Group;2020-02-06;Need;a;29;say;101;Renaissance
213;681;2024-02-01;822;Hancock Group;2020-01-20;Fast;spend;29;say;101;Renaissance
213;738;2025-05-13;2348;Hancock Group;2020-02-26;Crime;country;29;say;101;Renaissance
213;749;2022-07-08;968;Hancock Group;2020-04-04;Cup;human;29;say;101;Renaissance
213;768;2025-08-29;1432;Hancock Group;2021-11-30;Generation;claim;29;say;101;Renaissance
213;800;2023-01-20;2031;Hancock Group;2020-02-20;Focus;check;29;say;101;Renaissance
213;819;2025-01-16;2907;Hancock Group;2020-11-20;Former;involve;29;say;101;Renaissance
213;849;2023-04-01;262;Hancock Group;2020-02-01;Mistake;error;29;say;101;Renaissance
213;871;2024-12-27;2696;Hancock Group;2021-04-13;Applaud;off;29;say;101;Renaissance
213;948;2022-06-06;1850;Hancock Group;2020-04-02;Quality;successful;29;say;101;Renaissance
214;56;2024-09-20;3787;Contreras-Foster;2020-02-28;Moon;light;27;left;366;Development and Cultural Studies
214;85;2022-11-10;4426;Contreras-Foster;2020-03-14;Cell;however;27;left;366;Development and Cultural Studies
214;99;2024-12-28;3514;Contreras-Foster;2021-04-01;Stuff;by;27;left;366;Development and Cultural Studies
214;132;2021-10-23;1263;Contreras-Foster;2020-08-30;Diet;village;27;left;366;Development and Cultural Studies
214;146;2023-12-26;2250;Contreras-Foster;2021-11-06;Choose;vote;27;left;366;Development and Cultural Studies
214;151;2025-12-04;4697;Contreras-Foster;2020-09-14;Risk;picture;27;left;366;Development and Cultural Studies
214;206;2023-07-13;2532;Contreras-Foster;2020-01-25;He;main;27;left;366;Development and Cultural Studies
214;210;2025-10-02;1788;Contreras-Foster;2022-01-08;Stage;they;27;left;366;Development and Cultural Studies
214;286;2026-02-02;781;Contreras-Foster;2021-05-16;Property;notice;27;left;366;Development and Cultural Studies
214;444;2023-06-04;4281;Contreras-Foster;2020-03-12;Development;despite;27;left;366;Development and Cultural Studies
214;445;2022-04-23;3076;Contreras-Foster;2020-06-26;Measure;skin;27;left;366;Development and Cultural Studies
214;470;2022-02-17;3187;Contreras-Foster;2020-09-07;Red;against;27;left;366;Development and Cultural Studies
214;508;2020-12-12;332;Contreras-Foster;2020-12-12;Daughter;board;27;left;366;Development and Cultural Studies
214;557;2024-01-05;1363;Contreras-Foster;2020-09-14;Animal;yes;27;left;366;Development and Cultural Studies
214;652;2020-02-18;3399;Contreras-Foster;2020-02-18;School;public;27;left;366;Development and Cultural Studies
214;662;2025-07-12;2367;Contreras-Foster;2020-12-20;Learnt;leash;27;left;366;Development and Cultural Studies
214;690;2025-11-02;3023;Contreras-Foster;2020-02-28;South;attention;27;left;366;Development and Cultural Studies
214;717;2022-01-05;2471;Contreras-Foster;2020-04-05;Think;future;27;left;366;Development and Cultural Studies
214;919;2022-07-30;1291;Contreras-Foster;2020-06-04;Low;word;27;left;366;Development and Cultural Studies
214;966;2022-06-29;2830;Contreras-Foster;2021-02-14;Palm;stack;27;left;366;Development and Cultural Studies
215;38;2025-10-29;3349;Robbins Group;2020-05-06;Land;great;;;;
215;97;2022-01-21;770;Robbins Group;2020-03-31;Edge;use;;;;
215;132;2021-12-22;2594;Robbins Group;2020-08-30;Diet;village;;;;
215;143;2023-11-04;2119;Robbins Group;2020-12-12;Duck;duckling;;;;
215;179;2021-08-18;1552;Robbins Group;2021-08-18;Organization;tree;;;;
215;196;2024-12-24;2787;Robbins Group;2020-11-18;Pack;snail;;;;
215;232;2020-09-03;4634;Robbins Group;2020-09-03;Bid;entrust;;;;
215;237;2020-01-02;192;Robbins Group;2020-01-02;Notice;war;;;;
215;257;2024-06-26;1210;Robbins Group;2020-01-08;House;walk;;;;
215;263;2023-07-09;4442;Robbins Group;2020-03-22;Always;may;;;;
215;269;2021-06-24;602;Robbins Group;2020-03-02;But;leg;;;;
215;286;2023-10-01;4958;Robbins Group;2021-05-16;Property;notice;;;;
215;290;2024-12-04;2233;Robbins Group;2020-05-30;During;agree;;;;
215;320;2022-03-02;3105;Robbins Group;2021-02-04;Happy;American;;;;
215;378;2020-02-23;2592;Robbins Group;2020-02-23;Support;rather;;;;
215;440;2020-10-17;2777;Robbins Group;2020-01-16;Short;physical;;;;
215;496;2023-08-29;2793;Robbins Group;2020-03-11;Lady;dancer;;;;
215;540;2024-12-07;1263;Robbins Group;2020-06-27;Seven;check;;;;
215;543;2025-01-17;970;Robbins Group;2020-01-03;Rule;lay;;;;
215;559;2025-02-03;1412;Robbins Group;2020-01-16;Where;interview;;;;
215;594;2020-01-26;2945;Robbins Group;2020-01-26;Imagination;moderation;;;;
215;603;2024-08-25;3413;Robbins Group;2020-06-05;Golf;racket;;;;
215;621;2021-08-21;3264;Robbins Group;2020-09-15;Countess;title;;;;
215;743;2024-09-20;1584;Robbins Group;2020-07-21;Section;partner;;;;
215;817;2020-11-07;1814;Robbins Group;2020-02-13;Me;quite;;;;
215;863;2021-04-08;4513;Robbins Group;2020-01-26;Scene;particular;;;;
215;896;2024-06-22;2419;Robbins Group;2020-01-15;Inhibit;innocuous;;;;
215;931;2023-09-10;4898;Robbins Group;2022-07-04;Drop;water;;;;
216;44;2022-02-01;4569;Stewart;2020-09-26;Sound;far;;;;
216;92;2020-07-07;510;Stewart;2020-07-07;Read;fly;;;;
216;98;2021-03-27;4287;Stewart;2020-04-20;Recent;kind;;;;
216;128;2020-10-03;4035;Stewart;2020-10-03;Hour;out;;;;
216;153;2024-11-14;4307;Stewart;2020-03-14;What;out;;;;
216;165;2024-01-19;178;Stewart;2020-09-22;Flat;inform;;;;
216;189;2025-07-09;3448;Stewart;2020-11-11;Toward;station;;;;
216;220;2023-08-24;2659;Stewart;2020-02-08;Board;keep;;;;
216;474;2023-02-24;4703;Stewart;2020-09-07;On;eyes;;;;
216;567;2025-10-25;1030;Stewart;2021-04-14;Persuation;rebel;;;;
216;645;2023-12-02;2998;Stewart;2020-04-29;Floret;arsenic;;;;
216;681;2020-01-20;4817;Stewart;2020-01-20;Fast;spend;;;;
216;706;2024-05-30;1451;Stewart;2020-01-02;Paper;record;;;;
216;726;2020-03-18;1641;Stewart;2020-03-18;Beyond;almost;;;;
216;766;2024-11-02;4616;Stewart;2020-04-09;Penalty;bind;;;;
216;801;2023-11-19;1671;Stewart;2020-04-08;Best;apply;;;;
216;917;2024-12-04;4786;Stewart;2020-05-25;Artificial;insensitive;;;;
217;9;2020-01-03;3711;Koch Ltd;2020-01-03;Star;land;154;TV;101;Renaissance
217;68;2021-05-10;436;Koch Ltd;2020-10-30;Century;soldier;154;TV;101;Renaissance
217;121;2021-05-02;4173;Koch Ltd;2021-01-16;Avoid;probably;154;TV;101;Renaissance
217;126;2024-06-17;2667;Koch Ltd;2020-01-08;Purpose;top;154;TV;101;Renaissance
217;144;2025-08-27;2148;Koch Ltd;2020-12-11;Champagne;store;154;TV;101;Renaissance
217;205;2022-07-23;1664;Koch Ltd;2020-06-28;Sweat;sweet;154;TV;101;Renaissance
217;484;2025-10-19;3577;Koch Ltd;2020-03-25;Maybe;possible;154;TV;101;Renaissance
217;545;2024-10-19;1631;Koch Ltd;2020-03-03;Yes;plant;154;TV;101;Renaissance
217;566;2022-03-23;4350;Koch Ltd;2020-03-17;Different;husband;154;TV;101;Renaissance
217;581;2023-10-24;3461;Koch Ltd;2020-05-23;Obscene;presley;154;TV;101;Renaissance
217;581;2025-05-12;4507;Koch Ltd;2020-05-23;Obscene;presley;154;TV;101;Renaissance
217;716;2020-06-29;2685;Koch Ltd;2020-06-29;Person;race;154;TV;101;Renaissance
217;798;2023-03-22;4352;Koch Ltd;2021-08-11;Cruel;goofy;154;TV;101;Renaissance
217;915;2024-10-04;4493;Koch Ltd;2020-03-02;But;forget;154;TV;101;Renaissance
217;968;2023-06-23;2460;Koch Ltd;2020-10-10;Deep;tonight;154;TV;101;Renaissance
218;64;2020-12-06;2938;Fischer Ltd;2020-12-06;Red;information;;;;
218;137;2021-11-13;3810;Fischer Ltd;2020-06-23;Within;seat;;;;
218;160;2020-10-27;451;Fischer Ltd;2020-06-12;Style;shoulder;;;;
218;163;2022-04-08;4724;Fischer Ltd;2020-03-04;Treat;majority;;;;
218;170;2024-05-04;2725;Fischer Ltd;2020-01-19;Wind;top;;;;
218;305;2023-11-22;4140;Fischer Ltd;2023-07-25;Despite;protect;;;;
218;361;2024-11-20;2343;Fischer Ltd;2020-04-13;Staff;radio;;;;
218;363;2023-07-03;1608;Fischer Ltd;2020-04-20;Her;foreign;;;;
218;414;2020-04-06;2100;Fischer Ltd;2020-04-06;The;cause;;;;
218;426;2023-11-10;387;Fischer Ltd;2021-01-11;Little;finger;;;;
218;460;2022-01-18;2133;Fischer Ltd;2020-04-02;For;reach;;;;
218;482;2024-04-30;4949;Fischer Ltd;2020-01-11;Cream;miami;;;;
218;483;2024-07-16;4226;Fischer Ltd;2021-07-10;Line;than;;;;
218;486;2020-12-28;4213;Fischer Ltd;2020-12-28;Try;sell;;;;
218;492;2024-10-26;4526;Fischer Ltd;2020-04-01;Staff;treatment;;;;
218;509;2025-04-11;3304;Fischer Ltd;2020-06-24;Leave;bone;;;;
218;554;2025-12-02;4273;Fischer Ltd;2021-03-01;Controversy;follow;;;;
218;664;2020-03-01;204;Fischer Ltd;2020-03-01;Yes;keep;;;;
218;716;2025-09-27;3410;Fischer Ltd;2020-06-29;Person;race;;;;
218;718;2024-03-20;3469;Fischer Ltd;2021-04-23;Partner;ball;;;;
218;844;2022-06-26;2405;Fischer Ltd;2020-09-24;Statement;benefit;;;;
218;908;2023-03-02;2071;Fischer Ltd;2020-08-19;All;during;;;;
218;920;2020-12-14;2860;Fischer Ltd;2020-05-05;Issue;suffer;;;;
218;965;2021-05-16;4750;Fischer Ltd;2020-02-24;Priest;wage;;;;
219;4;2020-06-19;1135;Murray Group;2020-04-21;Read;detail;;;;
219;7;2020-05-28;2578;Murray Group;2020-01-27;Hair;relate;;;;
219;105;2025-04-29;473;Murray Group;2020-04-02;Same;nation;;;;
219;145;2022-09-08;4254;Murray Group;2020-12-29;Bag;character;;;;
219;171;2021-05-10;4239;Murray Group;2020-01-06;Repress;cage;;;;
219;174;2025-11-25;2046;Murray Group;2020-02-02;East;something;;;;
219;210;2022-01-08;4386;Murray Group;2022-01-08;Stage;they;;;;
219;240;2020-04-14;4411;Murray Group;2020-04-14;Unit;president;;;;
219;286;2021-05-16;4919;Murray Group;2021-05-16;Property;notice;;;;
219;316;2020-08-31;719;Murray Group;2020-06-19;Apt;arctic;;;;
219;319;2020-03-15;4170;Murray Group;2020-03-15;Behavior;occur;;;;
219;334;2022-03-29;312;Murray Group;2022-01-29;Build;term;;;;
219;371;2021-06-28;1631;Murray Group;2020-09-19;South;return;;;;
219;490;2023-08-30;4644;Murray Group;2021-03-27;Road;campaign;;;;
219;500;2021-01-20;281;Murray Group;2020-08-31;Event;help;;;;
219;543;2020-11-28;4263;Murray Group;2020-01-03;Rule;lay;;;;
219;564;2021-05-16;4669;Murray Group;2020-08-16;Contain;force;;;;
219;620;2021-03-15;3678;Murray Group;2020-02-21;Bracelet;count;;;;
219;648;2020-03-27;4462;Murray Group;2020-03-13;Fish;high;;;;
219;683;2023-10-22;3609;Murray Group;2020-01-08;Away;wind;;;;
219;709;2025-05-16;1025;Murray Group;2020-03-23;Improve;fact;;;;
219;752;2024-03-16;2572;Murray Group;2020-08-05;South;season;;;;
219;774;2025-03-25;3312;Murray Group;2021-12-13;Start;area;;;;
219;786;2020-05-06;4702;Murray Group;2020-05-06;Move;dream;;;;
219;816;2021-09-06;2855;Murray Group;2020-05-30;They;go;;;;
219;932;2020-02-29;4857;Murray Group;2020-02-29;Some;debate;;;;
219;958;2024-08-28;4409;Murray Group;2020-11-29;Mutual;musician;;;;
219;960;2022-01-21;1324;Murray Group;2021-01-02;Finally;personal;;;;
219;962;2026-01-29;2722;Murray Group;2020-02-25;Plant;statement;;;;
219;980;2023-02-07;3586;Murray Group;2020-04-22;Meeting;who;;;;
220;72;2020-02-22;1751;Clark-Casey;2020-02-22;How;white;;;;
220;73;2023-04-30;2675;Clark-Casey;2020-05-27;Feel;oil;;;;
220;112;2023-06-14;3100;Clark-Casey;2020-04-30;Example;lose;;;;
220;293;2022-09-10;4424;Clark-Casey;2020-10-14;Ripen;rioter;;;;
220;308;2022-07-11;2033;Clark-Casey;2020-03-21;Customer;apply;;;;
220;452;2025-09-25;843;Clark-Casey;2020-02-11;Clearly;message;;;;
220;576;2025-11-03;2622;Clark-Casey;2020-05-20;Article;surface;;;;
220;608;2025-07-01;3860;Clark-Casey;2020-05-15;Hard;prepare;;;;
220;637;2020-10-07;3910;Clark-Casey;2020-08-23;Swim;lancelot;;;;
220;706;2022-10-29;3355;Clark-Casey;2020-01-02;Paper;record;;;;
220;764;2023-04-16;3211;Clark-Casey;2020-08-04;Laugh;send;;;;
220;831;2020-03-04;460;Clark-Casey;2020-03-04;Available;arrive;;;;
220;857;2020-03-06;211;Clark-Casey;2020-03-06;Operation;close;;;;
220;919;2025-08-16;1966;Clark-Casey;2020-06-04;Low;word;;;;
220;922;2020-10-18;2415;Clark-Casey;2020-04-29;Price;threat;;;;
220;942;2024-08-18;3577;Clark-Casey;2020-01-10;Invencible;atrium;;;;
221;14;2023-08-07;4488;Johnson PLC;2020-01-30;Billion;hair;;;;
221;43;2023-03-13;2404;Johnson PLC;2020-10-01;Range;specific;;;;
221;171;2022-08-07;1359;Johnson PLC;2020-01-06;Repress;cage;;;;
221;177;2024-03-11;381;Johnson PLC;2021-04-21;Second;actually;;;;
221;196;2020-11-18;1161;Johnson PLC;2020-11-18;Pack;snail;;;;
221;205;2025-12-30;3953;Johnson PLC;2020-06-28;Sweat;sweet;;;;
221;223;2023-10-23;4620;Johnson PLC;2020-03-10;Win;antique;;;;
221;259;2022-10-16;1189;Johnson PLC;2020-06-20;Picture;build;;;;
221;319;2024-08-16;503;Johnson PLC;2020-03-15;Behavior;occur;;;;
221;391;2022-08-06;3566;Johnson PLC;2020-02-02;Off;meet;;;;
221;443;2020-06-28;2018;Johnson PLC;2020-05-01;How;such;;;;
221;454;2022-09-29;4945;Johnson PLC;2020-02-12;Stock;responsibility;;;;
221;491;2020-02-14;947;Johnson PLC;2020-02-14;Year;ask;;;;
221;522;2022-06-26;4782;Johnson PLC;2020-01-30;Laugh;else;;;;
221;544;2021-01-11;3528;Johnson PLC;2020-09-24;He;two;;;;
221;593;2020-03-01;751;Johnson PLC;2020-01-27;Yet;nothing;;;;
221;681;2021-12-09;3005;Johnson PLC;2020-01-20;Fast;spend;;;;
221;710;2022-03-03;4322;Johnson PLC;2020-06-11;Mister;mow;;;;
221;939;2021-02-09;2488;Johnson PLC;2021-02-09;Happen;agree;;;;
221;957;2025-10-22;2431;Johnson PLC;2021-04-14;My;morning;;;;
222;53;2023-11-13;1407;Harrison;2021-11-29;Become;themselves;;;;
222;129;2023-01-24;1372;Harrison;2020-01-12;Montain;dew;;;;
222;166;2020-10-25;4858;Harrison;2020-10-25;Director;feel;;;;
222;170;2025-11-20;2440;Harrison;2020-01-19;Wind;top;;;;
222;180;2024-09-18;2423;Harrison;2020-02-18;As;beyond;;;;
222;250;2023-06-03;3840;Harrison;2020-12-18;Marble;maple;;;;
222;323;2020-03-13;4726;Harrison;2020-01-04;Long;serve;;;;
222;388;2021-04-26;907;Harrison;2021-01-25;Everyone;him;;;;
222;452;2021-04-10;553;Harrison;2020-02-11;Clearly;message;;;;
222;534;2025-07-04;1965;Harrison;2020-06-16;Mother;citizen;;;;
222;598;2024-03-03;4799;Harrison;2020-05-29;Value;key;;;;
222;697;2024-05-11;3167;Harrison;2020-08-06;Fuse;fight;;;;
222;799;2024-06-30;982;Harrison;2020-06-12;Unite;fasten;;;;
222;897;2024-10-27;4375;Harrison;2020-05-26;Harm;hairdress;;;;
222;929;2021-11-24;926;Harrison;2020-09-25;Environmental;quality;;;;
222;934;2023-12-07;3492;Harrison;2021-01-08;itenerant;situationary;;;;
223;259;2021-09-30;4886;Reed and Sons;2020-06-20;Picture;build;25;occur;54;Urban Culture
223;288;2025-05-11;3401;Reed and Sons;2020-01-31;Sea;understand;25;occur;54;Urban Culture
223;296;2022-02-23;1267;Reed and Sons;2022-02-08;Pass;safe;25;occur;54;Urban Culture
223;403;2022-03-17;1328;Reed and Sons;2020-01-30;Goal;interest;25;occur;54;Urban Culture
223;483;2023-02-04;632;Reed and Sons;2021-07-10;Line;than;25;occur;54;Urban Culture
223;528;2025-08-20;1394;Reed and Sons;2021-03-23;Created;monster;25;occur;54;Urban Culture
223;597;2021-06-13;4770;Reed and Sons;2021-06-13;Radio;to;25;occur;54;Urban Culture
223;635;2023-10-02;2862;Reed and Sons;2021-06-02;Wild;freeing;25;occur;54;Urban Culture
223;689;2022-06-08;4694;Reed and Sons;2020-07-29;Growth;sport;25;occur;54;Urban Culture
223;696;2024-12-26;1404;Reed and Sons;2020-08-31;Fight;into;25;occur;54;Urban Culture
223;720;2023-04-03;4584;Reed and Sons;2020-09-10;Rock;woman;25;occur;54;Urban Culture
223;788;2021-08-07;4641;Reed and Sons;2021-08-07;Throughout;popular;25;occur;54;Urban Culture
223;890;2025-11-14;4118;Reed and Sons;2020-02-10;Must;technology;25;occur;54;Urban Culture
223;923;2022-09-01;3552;Reed and Sons;2020-11-08;Today;new;25;occur;54;Urban Culture
224;66;2021-03-17;360;Lawrence Group;2021-03-17;Sister;door;;;;
224;92;2025-02-14;306;Lawrence Group;2020-07-07;Read;fly;;;;
224;133;2020-12-24;4366;Lawrence Group;2020-11-16;Forward;market;;;;
224;302;2023-11-03;4024;Lawrence Group;2020-04-15;Army;salutary;;;;
224;325;2022-10-03;776;Lawrence Group;2020-12-04;Management;defense;;;;
224;379;2020-10-15;3447;Lawrence Group;2020-01-31;Learn;husband;;;;
224;543;2021-08-09;4188;Lawrence Group;2020-01-03;Rule;lay;;;;
224;553;2024-07-25;607;Lawrence Group;2020-12-20;Claim;news;;;;
224;561;2024-07-27;516;Lawrence Group;2021-04-14;Splinter;winter;;;;
224;563;2020-09-14;4947;Lawrence Group;2020-05-18;Exam;sent;;;;
224;581;2025-08-06;902;Lawrence Group;2020-05-23;Obscene;presley;;;;
224;640;2022-11-22;2867;Lawrence Group;2020-01-12;Important;yes;;;;
224;647;2025-05-04;202;Lawrence Group;2020-01-05;Maintain;coach;;;;
224;670;2025-06-14;2710;Lawrence Group;2020-03-01;Yellow;dress;;;;
224;753;2022-11-27;3282;Lawrence Group;2020-02-17;Mr;clearly;;;;
224;825;2021-12-30;958;Lawrence Group;2020-01-01;Fence;drain;;;;
224;968;2023-12-12;2272;Lawrence Group;2020-10-10;Deep;tonight;;;;
225;28;2026-02-08;956;Patrick-Adams;2020-01-04;What;field;;;;
225;47;2020-02-27;1509;Patrick-Adams;2020-02-27;Four;Crime;;;;
225;156;2023-02-04;1224;Patrick-Adams;2022-05-21;Hundred;support;;;;
225;390;2020-02-25;4676;Patrick-Adams;2020-02-25;Mind;information;;;;
225;448;2025-04-04;2052;Patrick-Adams;2022-07-23;Morning;I;;;;
225;597;2026-02-17;3427;Patrick-Adams;2021-06-13;Radio;to;;;;
225;620;2022-12-28;1784;Patrick-Adams;2020-02-21;Bracelet;count;;;;
225;703;2020-12-13;849;Patrick-Adams;2020-09-02;Form;fish;;;;
225;709;2023-08-06;4161;Patrick-Adams;2020-03-23;Improve;fact;;;;
225;927;2020-08-30;4691;Patrick-Adams;2020-03-02;English;imaginable;;;;
225;941;2024-07-25;1839;Patrick-Adams;2020-01-29;However;require;;;;
225;969;2020-03-22;2690;Patrick-Adams;2020-02-10;Request;Pedestrian;;;;
225;983;2020-07-24;1593;Patrick-Adams;2020-06-30;Black;thus;;;;
226;26;2021-10-25;942;White;2021-10-15;Give;consider;;;;
226;58;2021-12-18;4538;White;2020-02-10;Sing;song;;;;
226;63;2024-08-31;699;White;2020-02-18;Blue;sky;;;;
226;71;2024-01-18;1070;White;2020-04-04;Bank;standard;;;;
226;93;2025-08-26;2641;White;2021-04-27;Painting;away;;;;
226;153;2024-03-06;4161;White;2020-03-14;What;out;;;;
226;262;2020-07-22;284;White;2020-01-01;Kind;pick;;;;
226;266;2021-06-19;3898;White;2020-03-13;Seek;boy;;;;
226;288;2022-05-03;256;White;2020-01-31;Sea;understand;;;;
226;322;2023-12-14;4466;White;2023-01-22;Medicin;italian;;;;
226;396;2024-05-06;3921;White;2021-07-04;Also;mother;;;;
226;400;2024-10-31;139;White;2020-03-25;Wand;Avenge;;;;
226;406;2025-04-13;1513;White;2020-11-10;Fight;sometimes;;;;
226;409;2024-03-20;4931;White;2021-04-09;Public;he;;;;
226;430;2021-12-10;746;White;2020-04-03;Recent;be;;;;
226;455;2024-08-01;4815;White;2020-07-23;Former;public;;;;
226;472;2024-02-28;1233;White;2020-06-30;Senior;reality;;;;
226;506;2023-02-26;4958;White;2020-07-11;Joy;found;;;;
226;652;2024-01-29;525;White;2020-02-18;School;public;;;;
226;959;2023-03-04;4822;White;2020-05-20;Their;read;;;;
226;969;2021-04-01;2633;White;2020-02-10;Request;Pedestrian;;;;
227;9;2025-03-06;467;Bean-Aguilar;2020-01-03;Star;land;16;surface;79;Impressionism
227;53;2023-02-17;3002;Bean-Aguilar;2021-11-29;Become;themselves;16;surface;79;Impressionism
227;229;2025-09-26;1528;Bean-Aguilar;2020-04-30;Alloy;bathtub;16;surface;79;Impressionism
227;247;2024-03-23;922;Bean-Aguilar;2020-04-27;Never;allow;16;surface;79;Impressionism
227;268;2022-11-10;3291;Bean-Aguilar;2021-05-24;Manx;mantel;16;surface;79;Impressionism
227;276;2025-01-04;3423;Bean-Aguilar;2020-01-08;Chair;design;16;surface;79;Impressionism
227;460;2022-08-29;4400;Bean-Aguilar;2020-04-02;For;reach;16;surface;79;Impressionism
227;461;2021-06-23;328;Bean-Aguilar;2020-11-03;Issue;one;16;surface;79;Impressionism
227;470;2023-06-25;4696;Bean-Aguilar;2020-09-07;Red;against;16;surface;79;Impressionism
227;662;2025-01-08;4622;Bean-Aguilar;2020-12-20;Learnt;leash;16;surface;79;Impressionism
227;676;2023-05-24;2466;Bean-Aguilar;2020-12-11;Manage;same;16;surface;79;Impressionism
227;695;2026-02-15;4306;Bean-Aguilar;2020-01-12;Fly;flight;16;surface;79;Impressionism
227;713;2023-04-06;3497;Bean-Aguilar;2020-02-28;Drug;talk;16;surface;79;Impressionism
227;746;2023-03-02;3380;Bean-Aguilar;2020-04-18;Shade;chambermaid;16;surface;79;Impressionism
227;785;2020-05-28;4987;Bean-Aguilar;2020-05-28;Entire;close;16;surface;79;Impressionism
227;911;2020-11-13;4642;Bean-Aguilar;2020-11-13;Anything;plant;16;surface;79;Impressionism
227;975;2025-11-01;4013;Bean-Aguilar;2020-01-07;For;rather;16;surface;79;Impressionism
228;138;2025-10-23;2466;Bell-Atkins;2021-05-31;Kind;choose;;;;
228;293;2021-09-12;4527;Bell-Atkins;2020-10-14;Ripen;rioter;;;;
228;300;2022-08-01;2099;Bell-Atkins;2020-05-04;January;sally;;;;
228;339;2021-02-06;4917;Bell-Atkins;2020-03-27;Slam;pad;;;;
228;532;2023-06-24;3140;Bell-Atkins;2020-11-23;Time;town;;;;
228;571;2023-09-24;4369;Bell-Atkins;2020-09-07;Task;kick;;;;
228;627;2026-02-05;546;Bell-Atkins;2020-06-10;Active;equinox;;;;
228;836;2023-06-24;2710;Bell-Atkins;2020-10-23;Benefit;accept;;;;
228;864;2021-12-23;4456;Bell-Atkins;2020-07-03;Amount;show;;;;
228;869;2020-03-02;2644;Bell-Atkins;2020-03-02;Require;herself;;;;
228;936;2023-03-24;926;Bell-Atkins;2020-02-02;Reaction;fire;;;;
229;12;2024-05-29;1424;Ward-Smith;2020-08-26;Early;arrive;128;push;54;Urban Culture
229;18;2024-08-28;3774;Ward-Smith;2020-01-30;Chase;equally;128;push;54;Urban Culture
229;44;2023-05-20;3549;Ward-Smith;2020-09-26;Sound;far;128;push;54;Urban Culture
229;113;2024-12-17;4577;Ward-Smith;2020-12-30;Feel;simply;128;push;54;Urban Culture
229;118;2024-04-17;2249;Ward-Smith;2021-05-17;Ever;which;128;push;54;Urban Culture
229;155;2024-11-23;4962;Ward-Smith;2021-10-08;Man;religious;128;push;54;Urban Culture
229;163;2021-08-05;720;Ward-Smith;2020-03-04;Treat;majority;128;push;54;Urban Culture
229;263;2024-09-19;4150;Ward-Smith;2020-03-22;Always;may;128;push;54;Urban Culture
229;400;2022-08-05;4927;Ward-Smith;2020-03-25;Wand;Avenge;128;push;54;Urban Culture
229;452;2025-03-13;3793;Ward-Smith;2020-02-11;Clearly;message;128;push;54;Urban Culture
229;519;2023-03-10;4659;Ward-Smith;2020-09-06;Leader;technology;128;push;54;Urban Culture
229;539;2020-10-29;1655;Ward-Smith;2020-03-04;After;policy;128;push;54;Urban Culture
229;551;2021-04-15;1868;Ward-Smith;2020-03-03;Data;Republican;128;push;54;Urban Culture
229;569;2024-09-25;1693;Ward-Smith;2021-07-06;Degree;day;128;push;54;Urban Culture
229;580;2021-08-12;1296;Ward-Smith;2020-03-22;Feel;bad;128;push;54;Urban Culture
229;583;2020-12-22;2283;Ward-Smith;2020-12-12;Data;popular;128;push;54;Urban Culture
229;684;2023-09-27;1394;Ward-Smith;2022-05-04;Often;material;128;push;54;Urban Culture
229;734;2021-08-12;2344;Ward-Smith;2020-01-16;Clearly;safe;128;push;54;Urban Culture
229;739;2024-12-09;1690;Ward-Smith;2020-04-01;Pull;beautiful;128;push;54;Urban Culture
229;765;2020-11-08;4187;Ward-Smith;2020-11-08;Song;anyone;128;push;54;Urban Culture
229;770;2022-04-04;1367;Ward-Smith;2020-12-06;Use;reach;128;push;54;Urban Culture
229;794;2021-11-04;3829;Ward-Smith;2020-04-20;Chop;spacious;128;push;54;Urban Culture
229;873;2025-10-27;3015;Ward-Smith;2021-01-18;Into;ask;128;push;54;Urban Culture
230;78;2025-08-10;3715;Parker;2020-01-18;Sky;standard;;;;
230;98;2022-11-27;2154;Parker;2020-04-20;Recent;kind;;;;
230;185;2021-09-16;2133;Parker;2020-10-06;Smile;player;;;;
230;192;2026-01-18;1531;Parker;2020-10-17;Doctrine;equality;;;;
230;276;2020-05-04;4097;Parker;2020-01-08;Chair;design;;;;
230;459;2020-10-25;4020;Parker;2020-02-01;Station;suggest;;;;
230;459;2023-07-15;4308;Parker;2020-02-01;Station;suggest;;;;
230;482;2021-11-24;3724;Parker;2020-01-11;Cream;miami;;;;
230;500;2020-08-31;270;Parker;2020-08-31;Event;help;;;;
230;700;2022-02-28;4537;Parker;2022-02-28;Mining;misbelief;;;;
230;790;2023-11-28;2376;Parker;2020-07-18;Pearl;sunlight;;;;
230;806;2023-03-04;4302;Parker;2021-05-14;Prevent;national;;;;
230;890;2021-12-04;1774;Parker;2020-02-10;Must;technology;;;;
231;14;2020-05-09;4504;Calhoun-Fox;2020-01-30;Billion;hair;;;;
231;23;2025-04-16;4562;Calhoun-Fox;2020-02-02;These;and;;;;
231;38;2023-01-13;632;Calhoun-Fox;2020-05-06;Land;great;;;;
231;46;2025-08-11;1493;Calhoun-Fox;2021-01-26;Authority;artist;;;;
231;85;2021-10-16;1041;Calhoun-Fox;2020-03-14;Cell;however;;;;
231;162;2021-04-15;1421;Calhoun-Fox;2020-12-16;Near;faraway;;;;
231;162;2023-11-01;1067;Calhoun-Fox;2020-12-16;Near;faraway;;;;
231;181;2024-07-18;1661;Calhoun-Fox;2020-11-22;Day;trust;;;;
231;208;2020-02-23;2469;Calhoun-Fox;2020-02-23;Wheal;wheel;;;;
231;220;2020-02-08;3045;Calhoun-Fox;2020-02-08;Board;keep;;;;
231;291;2025-06-06;2404;Calhoun-Fox;2020-11-20;Customer;set;;;;
231;309;2022-11-06;238;Calhoun-Fox;2020-12-25;Wear;radio;;;;
231;446;2022-07-27;3401;Calhoun-Fox;2020-10-01;Establish;one;;;;
231;456;2024-03-08;1322;Calhoun-Fox;2020-03-03;Save;put;;;;
231;527;2023-06-19;1489;Calhoun-Fox;2020-11-20;Important;available;;;;
231;542;2024-07-21;4884;Calhoun-Fox;2020-04-25;Yeah;base;;;;
231;643;2025-08-08;867;Calhoun-Fox;2020-05-31;Term;example;;;;
231;662;2021-04-29;103;Calhoun-Fox;2020-12-20;Learnt;leash;;;;
231;718;2025-11-09;1314;Calhoun-Fox;2021-04-23;Partner;ball;;;;
231;743;2023-06-24;168;Calhoun-Fox;2020-07-21;Section;partner;;;;
231;787;2023-11-24;2484;Calhoun-Fox;2021-02-06;Struggle;charge;;;;
231;836;2024-10-24;1584;Calhoun-Fox;2020-10-23;Benefit;accept;;;;
231;880;2024-05-13;4743;Calhoun-Fox;2020-08-21;Rock;season;;;;
231;895;2025-11-03;3646;Calhoun-Fox;2020-01-15;Eye;husband;;;;
231;916;2022-12-10;4491;Calhoun-Fox;2020-01-11;Billion;process;;;;
231;920;2022-12-21;3814;Calhoun-Fox;2020-05-05;Issue;suffer;;;;
231;955;2024-12-13;597;Calhoun-Fox;2020-02-13;Recollection;sugary;;;;
232;12;2023-08-27;1477;Jones Group;2020-08-26;Early;arrive;40;through;101;Renaissance
232;50;2020-05-31;2301;Jones Group;2020-01-01;Book;difference;40;through;101;Renaissance
232;140;2025-10-11;2074;Jones Group;2021-03-11;Strategy;cover;40;through;101;Renaissance
232;378;2023-05-11;2880;Jones Group;2020-02-23;Support;rather;40;through;101;Renaissance
232;442;2021-08-20;1601;Jones Group;2020-08-29;Less;picturing;40;through;101;Renaissance
232;477;2025-02-04;3182;Jones Group;2020-01-21;Citizen;over;40;through;101;Renaissance
232;507;2020-05-07;4691;Jones Group;2020-05-07;Own;line;40;through;101;Renaissance
232;572;2020-08-10;4793;Jones Group;2020-03-13;Beyond;despite;40;through;101;Renaissance
232;641;2023-03-06;1327;Jones Group;2020-03-31;Face;spend;40;through;101;Renaissance
232;817;2020-02-13;2507;Jones Group;2020-02-13;Me;quite;40;through;101;Renaissance
232;906;2025-12-07;3120;Jones Group;2020-08-26;Third;newspaper;40;through;101;Renaissance
232;991;2020-12-10;4734;Jones Group;2020-08-23;Most;today;40;through;101;Renaissance
233;38;2023-02-08;2013;Rogers LLC;2020-05-06;Land;great;;;;
233;145;2021-05-11;1133;Rogers LLC;2020-12-29;Bag;character;;;;
233;180;2022-07-10;2356;Rogers LLC;2020-02-18;As;beyond;;;;
233;311;2024-06-20;2856;Rogers LLC;2020-01-19;Relationship;enough;;;;
233;337;2021-10-07;2620;Rogers LLC;2020-12-22;Example;chance;;;;
233;465;2025-03-12;4575;Rogers LLC;2021-08-20;Thus;choice;;;;
233;478;2022-08-18;2281;Rogers LLC;2020-03-16;Common;cold;;;;
233;522;2022-09-26;618;Rogers LLC;2020-01-30;Laugh;else;;;;
233;751;2022-09-10;4540;Rogers LLC;2020-04-28;Report;turn;;;;
233;771;2024-04-23;3514;Rogers LLC;2020-01-18;Should;wrong;;;;
233;829;2025-01-21;2347;Rogers LLC;2020-01-09;Few;line;;;;
233;888;2023-06-28;4814;Rogers LLC;2020-04-03;History;appear;;;;
233;994;2024-10-22;1772;Rogers LLC;2021-07-16;Security;challenge;;;;
234;80;2022-04-13;304;Baker;2020-03-29;Repetition;work;;;;
234;245;2023-03-14;3250;Baker;2020-01-08;Mill;run;;;;
234;248;2022-05-26;1603;Baker;2020-09-04;Landslip;landslide;;;;
234;272;2022-09-05;3025;Baker;2020-04-25;Glass;outside;;;;
234;581;2025-06-18;164;Baker;2020-05-23;Obscene;presley;;;;
234;606;2021-12-22;4832;Baker;2020-12-26;Average;grade;;;;
234;609;2024-12-13;1982;Baker;2021-04-24;Specific;move;;;;
234;649;2022-06-13;2934;Baker;2021-01-06;Us;group;;;;
234;658;2025-01-05;1879;Baker;2021-06-25;Decide;job;;;;
234;773;2023-02-24;3235;Baker;2020-04-22;Topic;wax;;;;
234;787;2025-12-06;2484;Baker;2021-02-06;Struggle;charge;;;;
234;941;2025-03-09;2512;Baker;2020-01-29;However;require;;;;
234;947;2022-10-26;2196;Baker;2020-06-13;Quite;last;;;;
234;958;2020-12-28;431;Baker;2020-11-29;Mutual;musician;;;;
234;983;2023-04-22;1638;Baker;2020-06-30;Black;thus;;;;
235;96;2023-03-23;854;Hughes-Welch;2020-02-15;Like;available;;;;
235;146;2021-11-18;1219;Hughes-Welch;2021-11-06;Choose;vote;;;;
235;149;2023-02-28;2569;Hughes-Welch;2020-04-16;Perform;these;;;;
235;241;2023-03-30;3958;Hughes-Welch;2021-06-10;Clearly;serious;;;;
235;249;2024-10-02;567;Hughes-Welch;2020-05-25;Member;skin;;;;
235;269;2024-09-30;2599;Hughes-Welch;2020-03-02;But;leg;;;;
235;285;2025-05-20;2185;Hughes-Welch;2020-02-11;Kitchen;two;;;;
235;402;2022-11-21;2509;Hughes-Welch;2020-02-05;Throughout;end;;;;
235;403;2025-12-08;2885;Hughes-Welch;2020-01-30;Goal;interest;;;;
235;414;2025-01-31;4669;Hughes-Welch;2020-04-06;The;cause;;;;
235;453;2020-03-02;3389;Hughes-Welch;2020-02-26;Her;beautiful;;;;
235;478;2022-08-23;721;Hughes-Welch;2020-03-16;Common;cold;;;;
235;494;2024-06-12;3804;Hughes-Welch;2020-01-19;Everything;way;;;;
235;601;2024-03-23;3155;Hughes-Welch;2022-02-07;Everybody;world;;;;
235;670;2023-05-23;553;Hughes-Welch;2020-03-01;Yellow;dress;;;;
235;696;2022-02-16;4381;Hughes-Welch;2020-08-31;Fight;into;;;;
235;717;2025-06-27;1982;Hughes-Welch;2020-04-05;Think;future;;;;
235;839;2021-08-21;2791;Hughes-Welch;2021-08-21;General;growth;;;;
235;983;2020-06-30;4674;Hughes-Welch;2020-06-30;Black;thus;;;;
236;17;2021-08-05;1455;Lewis and Sons;2020-01-19;Elder;deletion;;;;
236;29;2020-05-04;1844;Lewis and Sons;2020-02-10;Film;action;;;;
236;48;2023-01-24;1245;Lewis and Sons;2020-05-06;A;job;;;;
236;76;2021-08-06;3398;Lewis and Sons;2020-05-12;Rest;would;;;;
236;85;2020-03-14;2689;Lewis and Sons;2020-03-14;Cell;however;;;;
236;94;2020-05-07;2636;Lewis and Sons;2020-05-07;Trouble;project;;;;
236;111;2020-10-07;3045;Lewis and Sons;2020-04-25;Empty;forgotten;;;;
236;192;2020-12-10;729;Lewis and Sons;2020-10-17;Doctrine;equality;;;;
236;306;2023-09-19;4186;Lewis and Sons;2020-04-22;Seventy;setback;;;;
236;341;2020-03-02;2971;Lewis and Sons;2020-03-02;Aquarius;signal;;;;
236;368;2022-02-18;1816;Lewis and Sons;2020-01-07;Any;important;;;;
236;391;2022-11-09;2661;Lewis and Sons;2020-02-02;Off;meet;;;;
236;418;2023-10-08;1105;Lewis and Sons;2021-05-03;Method;civil;;;;
236;508;2023-12-22;4653;Lewis and Sons;2020-12-12;Daughter;board;;;;
236;543;2020-02-15;2197;Lewis and Sons;2020-01-03;Rule;lay;;;;
236;558;2021-05-04;2844;Lewis and Sons;2020-02-12;Prepare;wish;;;;
236;617;2022-12-19;959;Lewis and Sons;2020-02-25;Run;sold;;;;
236;620;2023-06-18;2043;Lewis and Sons;2020-02-21;Bracelet;count;;;;
236;640;2023-02-25;3981;Lewis and Sons;2020-01-12;Important;yes;;;;
236;651;2021-02-06;1307;Lewis and Sons;2020-09-23;Relate;offer;;;;
236;714;2023-02-10;4773;Lewis and Sons;2020-04-21;Standard;ahead;;;;
236;739;2024-01-18;2463;Lewis and Sons;2020-04-01;Pull;beautiful;;;;
236;759;2025-04-16;1328;Lewis and Sons;2020-12-04;Once;deep;;;;
236;786;2022-12-29;4800;Lewis and Sons;2020-05-06;Move;dream;;;;
236;876;2021-10-05;3898;Lewis and Sons;2020-08-12;In;ever;;;;
236;876;2020-08-12;1044;Lewis and Sons;2020-08-12;In;ever;;;;
236;881;2025-12-23;2956;Lewis and Sons;2020-12-13;Tendril;gossip;;;;
237;40;2022-01-04;2225;Brooks-Watkins;2022-01-04;Speech;generation;;;;
237;63;2022-11-28;1472;Brooks-Watkins;2020-02-18;Blue;sky;;;;
237;173;2024-05-30;2810;Brooks-Watkins;2020-03-14;Entrail;dart;;;;
237;182;2025-10-22;765;Brooks-Watkins;2020-10-27;Old;top;;;;
237;217;2023-03-29;1886;Brooks-Watkins;2020-06-14;Administration;create;;;;
237;240;2021-04-09;3435;Brooks-Watkins;2020-04-14;Unit;president;;;;
237;263;2022-05-11;3519;Brooks-Watkins;2020-03-22;Always;may;;;;
237;287;2022-04-26;2876;Brooks-Watkins;2020-05-28;Budget;understand;;;;
237;288;2020-09-10;348;Brooks-Watkins;2020-01-31;Sea;understand;;;;
237;291;2024-10-10;3500;Brooks-Watkins;2020-11-20;Customer;set;;;;
237;348;2022-04-02;3018;Brooks-Watkins;2020-02-19;Almost;fine;;;;
237;373;2023-08-20;2548;Brooks-Watkins;2020-01-22;War;foot;;;;
237;720;2023-10-02;3096;Brooks-Watkins;2020-09-10;Rock;woman;;;;
237;737;2023-08-11;2834;Brooks-Watkins;2020-02-12;Sound;and;;;;
237;746;2024-04-05;1440;Brooks-Watkins;2020-04-18;Shade;chambermaid;;;;
237;782;2023-01-06;650;Brooks-Watkins;2021-07-15;Success;despite;;;;
237;858;2024-03-26;2328;Brooks-Watkins;2020-02-09;Good;all;;;;
237;866;2020-08-31;1775;Brooks-Watkins;2020-08-31;Factor;physical;;;;
237;892;2024-10-22;1765;Brooks-Watkins;2020-07-15;Unexpect;inject;;;;
238;52;2022-12-17;3015;Collins-Collins;2020-01-05;Mary;jane;;;;
238;164;2024-01-03;4336;Collins-Collins;2020-01-31;Evening;guy;;;;
238;210;2025-04-03;1588;Collins-Collins;2022-01-08;Stage;they;;;;
238;313;2021-06-02;2322;Collins-Collins;2021-05-02;Body;bay;;;;
238;338;2024-05-11;3598;Collins-Collins;2022-06-03;Present;positive;;;;
238;502;2021-06-16;4024;Collins-Collins;2020-10-13;Yours;pretty;;;;
238;539;2024-08-14;586;Collins-Collins;2020-03-04;After;policy;;;;
238;561;2023-01-27;365;Collins-Collins;2021-04-14;Splinter;winter;;;;
238;563;2022-07-30;2987;Collins-Collins;2020-05-18;Exam;sent;;;;
238;656;2023-09-12;1341;Collins-Collins;2020-12-30;Person;yourself;;;;
238;730;2025-04-09;3080;Collins-Collins;2020-06-15;Gin;bleach;;;;
238;797;2020-05-21;2326;Collins-Collins;2020-01-07;Quickly;top;;;;
238;815;2020-10-18;2900;Collins-Collins;2020-10-18;Brush;tool;;;;
238;892;2022-04-19;3924;Collins-Collins;2020-07-15;Unexpect;inject;;;;
238;975;2021-09-02;2480;Collins-Collins;2020-01-07;For;rather;;;;
238;984;2020-05-25;451;Collins-Collins;2020-01-04;Treatment;stage;;;;
239;22;2025-01-31;1103;Escobar-Benitez;2020-04-10;Thing;wednesday;;;;
239;36;2023-11-02;1551;Escobar-Benitez;2020-10-29;General;body;;;;
239;168;2020-03-03;4530;Escobar-Benitez;2020-03-03;Mrs;cover;;;;
239;221;2025-10-25;4079;Escobar-Benitez;2020-06-05;Move;board;;;;
239;237;2021-12-09;468;Escobar-Benitez;2020-01-02;Notice;war;;;;
239;336;2020-01-08;2923;Escobar-Benitez;2020-01-08;History;decide;;;;
239;363;2022-06-29;399;Escobar-Benitez;2020-04-20;Her;foreign;;;;
239;438;2021-02-27;4624;Escobar-Benitez;2020-01-13;West;language;;;;
239;539;2023-11-23;1477;Escobar-Benitez;2020-03-04;After;policy;;;;
239;544;2025-01-14;4249;Escobar-Benitez;2020-09-24;He;two;;;;
239;619;2022-06-21;2286;Escobar-Benitez;2020-04-14;Silver;earring;;;;
239;626;2020-07-09;2325;Escobar-Benitez;2020-07-09;Sign;voice;;;;
239;627;2020-06-10;4370;Escobar-Benitez;2020-06-10;Active;equinox;;;;
239;628;2025-04-05;2111;Escobar-Benitez;2020-01-13;Policy;often;;;;
239;779;2021-12-23;377;Escobar-Benitez;2020-02-13;Whole;street;;;;
239;911;2025-02-07;2361;Escobar-Benitez;2020-11-13;Anything;plant;;;;
239;977;2023-12-29;4077;Escobar-Benitez;2020-06-14;Local;look;;;;
240;19;2020-12-08;2068;Steele PLC;2020-05-13;Ever;hope;100;item;101;Renaissance
240;75;2026-02-17;2108;Steele PLC;2020-02-17;Surface;throughout;100;item;101;Renaissance
240;111;2025-06-29;3330;Steele PLC;2020-04-25;Empty;forgotten;100;item;101;Renaissance
240;112;2022-07-03;2068;Steele PLC;2020-04-30;Example;lose;100;item;101;Renaissance
240;115;2024-11-21;2233;Steele PLC;2020-08-31;Walker;mile;100;item;101;Renaissance
240;126;2023-12-21;4013;Steele PLC;2020-01-08;Purpose;top;100;item;101;Renaissance
240;280;2022-02-12;3782;Steele PLC;2020-01-23;Agree;participant;100;item;101;Renaissance
240;288;2020-03-24;400;Steele PLC;2020-01-31;Sea;understand;100;item;101;Renaissance
240;293;2023-10-27;2101;Steele PLC;2020-10-14;Ripen;rioter;100;item;101;Renaissance
240;326;2020-01-31;3158;Steele PLC;2020-01-31;Hot;film;100;item;101;Renaissance
240;377;2022-11-01;1980;Steele PLC;2020-04-25;Performance;state;100;item;101;Renaissance
240;411;2021-01-02;1374;Steele PLC;2020-07-28;Board;ground;100;item;101;Renaissance
240;412;2021-04-23;4327;Steele PLC;2020-06-24;Night;third;100;item;101;Renaissance
240;551;2021-12-12;3626;Steele PLC;2020-03-03;Data;Republican;100;item;101;Renaissance
240;583;2025-10-07;3184;Steele PLC;2020-12-12;Data;popular;100;item;101;Renaissance
240;636;2020-10-14;2778;Steele PLC;2020-04-17;Business;tell;100;item;101;Renaissance
240;735;2022-03-21;1743;Steele PLC;2021-01-08;Learn;lose;100;item;101;Renaissance
240;773;2020-11-16;4346;Steele PLC;2020-04-22;Topic;wax;100;item;101;Renaissance
240;820;2024-12-18;4800;Steele PLC;2020-03-16;Red;probably;100;item;101;Renaissance
240;824;2022-05-07;1585;Steele PLC;2020-12-07;Hit;less;100;item;101;Renaissance
240;850;2020-09-23;2724;Steele PLC;2020-02-04;Four;travel;100;item;101;Renaissance
240;935;2024-10-24;1260;Steele PLC;2020-11-13;Part;quality;100;item;101;Renaissance
240;964;2025-12-01;4194;Steele PLC;2021-06-04;Teeth;paganism;100;item;101;Renaissance
240;983;2021-09-21;884;Steele PLC;2020-06-30;Black;thus;100;item;101;Renaissance
241;124;2023-07-19;4537;Hicks-Dawson;2020-08-18;Friend;prevent;198;although;366;Development and Cultural Studies
241;173;2020-03-14;3689;Hicks-Dawson;2020-03-14;Entrail;dart;198;although;366;Development and Cultural Studies
241;273;2025-06-06;419;Hicks-Dawson;2020-01-13;Doctor;admit;198;although;366;Development and Cultural Studies
241;282;2021-07-07;3712;Hicks-Dawson;2020-05-05;Riot;ripen;198;although;366;Development and Cultural Studies
241;283;2022-11-25;4524;Hicks-Dawson;2020-03-26;Nature;rise;198;although;366;Development and Cultural Studies
241;289;2022-09-06;3809;Hicks-Dawson;2020-07-22;Action;very;198;although;366;Development and Cultural Studies
241;354;2024-09-11;453;Hicks-Dawson;2020-12-13;Aversion;sensibility;198;although;366;Development and Cultural Studies
241;416;2021-05-31;3133;Hicks-Dawson;2020-03-13;Some;kitchen;198;although;366;Development and Cultural Studies
241;455;2021-12-15;1828;Hicks-Dawson;2020-07-23;Former;public;198;although;366;Development and Cultural Studies
241;641;2020-06-20;1784;Hicks-Dawson;2020-03-31;Face;spend;198;although;366;Development and Cultural Studies
241;675;2025-12-03;522;Hicks-Dawson;2020-04-26;Stand;likely;198;although;366;Development and Cultural Studies
241;717;2022-09-03;1143;Hicks-Dawson;2020-04-05;Think;future;198;although;366;Development and Cultural Studies
241;745;2024-11-29;3943;Hicks-Dawson;2020-01-14;But;song;198;although;366;Development and Cultural Studies
241;781;2020-12-01;3325;Hicks-Dawson;2020-08-12;Wife;sure;198;although;366;Development and Cultural Studies
241;813;2021-07-24;3158;Hicks-Dawson;2020-09-22;Electrify;chemical;198;although;366;Development and Cultural Studies
241;898;2021-02-03;3639;Hicks-Dawson;2020-02-29;Dresser;cabinet;198;although;366;Development and Cultural Studies
241;904;2022-09-27;1910;Hicks-Dawson;2020-12-22;Sometimes;mean;198;although;366;Development and Cultural Studies
242;31;2022-09-25;730;Delacruz;2020-08-31;Health;respond;;;;
242;55;2021-03-09;1950;Delacruz;2020-04-15;Sun;star;;;;
242;65;2022-04-25;2006;Delacruz;2021-01-01;Possible;network;;;;
242;190;2024-01-02;4545;Delacruz;2020-10-19;During;hit;;;;
242;209;2025-08-21;3629;Delacruz;2020-01-06;Draw;adult;;;;
242;344;2025-11-07;2493;Delacruz;2020-11-09;Drawer;monkey;;;;
242;352;2024-06-08;199;Delacruz;2020-08-07;Suddenly;boy;;;;
242;354;2023-01-02;1943;Delacruz;2020-12-13;Aversion;sensibility;;;;
242;426;2025-01-31;1887;Delacruz;2021-01-11;Little;finger;;;;
242;509;2023-10-11;4031;Delacruz;2020-06-24;Leave;bone;;;;
242;577;2022-03-17;464;Delacruz;2021-06-10;Strong;seek;;;;
242;676;2025-11-16;1702;Delacruz;2020-12-11;Manage;same;;;;
242;799;2020-08-30;4926;Delacruz;2020-06-12;Unite;fasten;;;;
242;824;2022-07-03;1638;Delacruz;2020-12-07;Hit;less;;;;
242;824;2022-10-22;451;Delacruz;2020-12-07;Hit;less;;;;
242;829;2021-11-12;4062;Delacruz;2020-01-09;Few;line;;;;
242;964;2021-06-04;2791;Delacruz;2021-06-04;Teeth;paganism;;;;
242;999;2022-11-05;3541;Delacruz;2021-01-17;Public;late;;;;
242;999;2024-06-07;4455;Delacruz;2021-01-17;Public;late;;;;
243;117;2024-12-03;4193;West Inc;2020-09-22;Wall;morning;;;;
243;148;2022-07-09;3380;West Inc;2020-01-12;Pm;successful;;;;
243;170;2024-09-09;2166;West Inc;2020-01-19;Wind;top;;;;
243;251;2022-09-13;4458;West Inc;2020-01-13;Establish;green;;;;
243;279;2025-04-04;3414;West Inc;2021-07-03;These;news;;;;
243;321;2022-09-29;133;West Inc;2020-06-04;Ardent;architect;;;;
243;325;2022-09-18;4135;West Inc;2020-12-04;Management;defense;;;;
243;338;2023-08-08;1213;West Inc;2022-06-03;Present;positive;;;;
243;375;2024-05-05;3184;West Inc;2020-01-13;Rose;footer;;;;
243;419;2021-12-08;4150;West Inc;2020-07-13;To;get;;;;
243;535;2023-04-19;1404;West Inc;2020-04-05;Feeling;red;;;;
243;541;2024-06-22;2969;West Inc;2020-01-19;Put;foot;;;;
243;542;2023-07-16;3148;West Inc;2020-04-25;Yeah;base;;;;
243;546;2024-06-16;4765;West Inc;2022-12-18;Liquor;heart;;;;
243;564;2023-12-26;4497;West Inc;2020-08-16;Contain;force;;;;
243;626;2022-04-14;4096;West Inc;2020-07-09;Sign;voice;;;;
243;694;2025-09-15;4034;West Inc;2020-01-21;Concern;west;;;;
243;777;2021-12-31;1632;West Inc;2020-10-12;Grain;cuddle;;;;
243;789;2020-07-27;3801;West Inc;2020-04-07;Dinner;upon;;;;
243;886;2022-10-24;3282;West Inc;2020-10-15;Some;street;;;;
243;902;2022-01-18;3212;West Inc;2020-02-27;Eat;happy;;;;
243;925;2025-06-05;1805;West Inc;2020-04-15;Society;ingredient;;;;
243;981;2025-02-28;3493;West Inc;2021-05-09;Walk;federal;;;;
244;93;2023-03-10;370;Li and Sons;2021-04-27;Painting;away;;;;
244;176;2022-01-30;2914;Li and Sons;2020-05-08;Hug;muddle;;;;
244;256;2025-09-26;2749;Li and Sons;2022-05-06;Season;writer;;;;
244;334;2023-05-25;3182;Li and Sons;2022-01-29;Build;term;;;;
244;398;2021-11-21;4039;Li and Sons;2020-01-06;Authority;treatment;;;;
244;404;2022-04-30;3249;Li and Sons;2020-03-09;Blood;treat;;;;
244;421;2023-07-17;2410;Li and Sons;2020-03-27;Top;finally;;;;
244;450;2023-09-07;808;Li and Sons;2020-02-07;After;billion;;;;
244;509;2024-09-14;2551;Li and Sons;2020-06-24;Leave;bone;;;;
244;565;2025-11-27;1582;Li and Sons;2020-03-09;Week;change;;;;
244;568;2020-06-18;1504;Li and Sons;2020-03-06;Prepare;great;;;;
244;612;2022-04-23;125;Li and Sons;2020-03-10;Envelope;container;;;;
244;615;2025-05-18;2250;Li and Sons;2020-03-16;Unit;area;;;;
244;655;2021-04-23;1498;Li and Sons;2021-04-23;Billion;subject;;;;
244;721;2025-02-28;3667;Li and Sons;2021-03-30;Tight;null;;;;
244;726;2022-08-10;4560;Li and Sons;2020-03-18;Beyond;almost;;;;
244;952;2021-01-08;912;Li and Sons;2021-01-08;Fire;another;;;;
245;2;2023-05-04;576;Davidson;2020-01-31;Benefit;key;;;;
245;98;2020-04-20;3787;Davidson;2020-04-20;Recent;kind;;;;
245;131;2025-12-13;1143;Davidson;2021-07-02;List;perhaps;;;;
245;162;2023-10-05;3364;Davidson;2020-12-16;Near;faraway;;;;
245;163;2025-03-13;3538;Davidson;2020-03-04;Treat;majority;;;;
245;201;2020-03-18;3462;Davidson;2020-03-18;Let;a;;;;
245;273;2020-01-13;1363;Davidson;2020-01-13;Doctor;admit;;;;
245;320;2024-04-28;879;Davidson;2021-02-04;Happy;American;;;;
245;326;2025-03-24;1351;Davidson;2020-01-31;Hot;film;;;;
245;347;2020-09-22;414;Davidson;2020-09-22;Tax;perhaps;;;;
245;351;2025-12-23;4504;Davidson;2020-02-15;Identify;section;;;;
245;424;2021-11-14;740;Davidson;2020-01-29;Item;usually;;;;
245;425;2025-02-19;2628;Davidson;2020-06-25;Boots;held;;;;
245;436;2021-01-17;3470;Davidson;2020-05-13;Whatever;every;;;;
245;439;2023-07-16;128;Davidson;2020-01-06;Financial;east;;;;
245;443;2021-01-30;3891;Davidson;2020-05-01;How;such;;;;
245;468;2025-09-06;4509;Davidson;2020-08-08;Catch;horizon;;;;
245;503;2024-06-30;1108;Davidson;2020-09-10;Nurse;around;;;;
245;510;2020-04-02;657;Davidson;2020-04-02;Bad;hearts;;;;
245;549;2021-06-26;1750;Davidson;2020-11-13;Job;complication;;;;
245;562;2024-12-13;2047;Davidson;2020-01-22;Nest;test;;;;
245;817;2025-06-19;4638;Davidson;2020-02-13;Me;quite;;;;
245;833;2025-10-04;3699;Davidson;2020-10-31;Mr;seek;;;;
245;872;2021-08-31;4807;Davidson;2021-01-01;Fitting;sheet;;;;
245;901;2024-10-12;1743;Davidson;2020-04-07;Cabin;unwise;;;;
245;959;2025-03-21;4590;Davidson;2020-05-20;Their;read;;;;
246;15;2023-06-12;4055;Mccoy;2021-04-01;Rib;lorde;;;;
246;83;2020-11-10;1703;Mccoy;2020-09-21;Past;offer;;;;
246;126;2020-07-15;2888;Mccoy;2020-01-08;Purpose;top;;;;
246;201;2021-06-07;2392;Mccoy;2020-03-18;Let;a;;;;
246;240;2025-11-30;2607;Mccoy;2020-04-14;Unit;president;;;;
246;278;2021-05-16;2145;Mccoy;2020-03-01;Permian;perky;;;;
246;343;2020-10-02;2156;Mccoy;2020-01-12;Nickle;table;;;;
246;404;2020-03-09;152;Mccoy;2020-03-09;Blood;treat;;;;
246;434;2026-01-04;1730;Mccoy;2020-06-04;Fall;huge;;;;
246;458;2022-03-01;4197;Mccoy;2020-04-29;Decide;morning;;;;
246;498;2024-08-16;3689;Mccoy;2020-04-26;Wine;up;;;;
246;518;2025-02-08;877;Mccoy;2020-09-25;Administration;have;;;;
246;598;2020-05-29;3340;Mccoy;2020-05-29;Value;key;;;;
246;636;2025-03-17;4670;Mccoy;2020-04-17;Business;tell;;;;
246;682;2025-12-29;1509;Mccoy;2020-06-21;Final;figure;;;;
246;686;2024-05-16;3728;Mccoy;2020-10-10;Human;vote;;;;
246;687;2024-01-26;3614;Mccoy;2020-04-27;Many;where;;;;
246;715;2021-05-01;2775;Mccoy;2020-07-06;Walk;ahead;;;;
247;117;2024-09-25;3925;Rice;2020-09-22;Wall;morning;;;;
247;142;2025-02-24;4525;Rice;2020-03-16;Analysis;evidence;;;;
247;151;2025-10-27;2354;Rice;2020-09-14;Risk;picture;;;;
247;230;2024-04-03;4020;Rice;2020-07-26;That;there;;;;
247;275;2021-07-10;4806;Rice;2020-04-19;June;mar;;;;
247;275;2020-11-07;1653;Rice;2020-04-19;June;mar;;;;
247;293;2022-03-07;1715;Rice;2020-10-14;Ripen;rioter;;;;
247;346;2020-07-15;4000;Rice;2020-07-15;Yard;member;;;;
247;463;2023-12-02;4860;Rice;2020-03-25;Money;rate;;;;
247;505;2023-05-05;4852;Rice;2020-01-31;Raise;them;;;;
247;519;2026-01-29;1600;Rice;2020-09-06;Leader;technology;;;;
247;537;2020-05-17;2237;Rice;2020-04-07;Cost;outside;;;;
247;547;2023-11-14;736;Rice;2020-07-17;President;we;;;;
247;600;2025-06-20;4738;Rice;2020-07-08;Major;four;;;;
247;643;2022-08-23;2523;Rice;2020-05-31;Term;example;;;;
247;644;2021-10-23;532;Rice;2020-11-30;Round;sword;;;;
247;647;2020-04-04;2968;Rice;2020-01-05;Maintain;coach;;;;
247;708;2021-01-02;3361;Rice;2020-04-07;Wife;far;;;;
247;710;2020-06-11;679;Rice;2020-06-11;Mister;mow;;;;
247;720;2024-04-27;2550;Rice;2020-09-10;Rock;woman;;;;
247;726;2024-07-11;3492;Rice;2020-03-18;Beyond;almost;;;;
247;882;2023-06-09;3317;Rice;2020-03-25;Voyage;impressionism;;;;
247;987;2022-01-26;899;Rice;2020-03-21;Pierce;column;;;;
248;143;2022-03-31;4064;Bradley-Miller;2020-12-12;Duck;duckling;;;;
248;161;2020-12-03;2599;Bradley-Miller;2020-02-01;Have;party;;;;
248;188;2023-12-31;2729;Bradley-Miller;2020-12-31;Post;communication;;;;
248;195;2021-06-10;190;Bradley-Miller;2020-07-02;Enterprise;groom;;;;
248;244;2020-11-24;1931;Bradley-Miller;2020-06-07;Military;level;;;;
248;391;2022-05-04;3046;Bradley-Miller;2020-02-02;Off;meet;;;;
248;427;2022-10-13;4201;Bradley-Miller;2021-02-05;Endless;got;;;;
248;485;2020-01-31;2830;Bradley-Miller;2020-01-31;Answer;woman;;;;
248;533;2024-06-28;3248;Bradley-Miller;2020-06-04;Reality;drop;;;;
248;540;2025-11-30;524;Bradley-Miller;2020-06-27;Seven;check;;;;
248;583;2021-11-18;1948;Bradley-Miller;2020-12-12;Data;popular;;;;
248;704;2020-05-31;3238;Bradley-Miller;2020-02-29;Mission;thought;;;;
248;792;2023-08-01;2717;Bradley-Miller;2020-04-25;Municipal;proper;;;;
248;819;2025-06-03;4091;Bradley-Miller;2020-11-20;Former;involve;;;;
248;969;2025-05-16;3760;Bradley-Miller;2020-02-10;Request;Pedestrian;;;;
249;32;2022-01-20;1808;Baker Group;2022-01-20;Event;continue;;;;
249;57;2021-04-10;2827;Baker Group;2020-03-12;Father;road;;;;
249;93;2023-11-28;2680;Baker Group;2021-04-27;Painting;away;;;;
249;107;2025-12-12;2619;Baker Group;2023-08-19;Provide;know;;;;
249;132;2020-08-30;2514;Baker Group;2020-08-30;Diet;village;;;;
249;161;2020-09-16;4761;Baker Group;2020-02-01;Have;party;;;;
249;281;2021-11-01;3122;Baker Group;2020-02-03;Persuasive;ripple;;;;
249;307;2024-09-27;1518;Baker Group;2020-11-02;Second;fill;;;;
249;311;2021-05-28;301;Baker Group;2020-01-19;Relationship;enough;;;;
249;316;2020-06-19;968;Baker Group;2020-06-19;Apt;arctic;;;;
249;420;2025-11-02;4091;Baker Group;2021-08-25;With;you;;;;
249;442;2022-01-20;3295;Baker Group;2020-08-29;Less;picturing;;;;
249;514;2024-02-27;3729;Baker Group;2020-08-22;Woman;satisfaction;;;;
249;521;2025-10-04;3710;Baker Group;2020-03-14;Trailer;two;;;;
249;721;2023-12-15;860;Baker Group;2021-03-30;Tight;null;;;;
249;723;2025-01-16;1575;Baker Group;2020-02-05;Take;above;;;;
249;774;2023-04-21;1456;Baker Group;2021-12-13;Start;area;;;;
249;813;2021-08-22;1333;Baker Group;2020-09-22;Electrify;chemical;;;;
249;822;2024-08-02;3344;Baker Group;2020-03-09;Issue;in;;;;
249;950;2020-04-03;2164;Baker Group;2020-03-17;Manuvre;gunpoint;;;;
249;954;2020-04-25;2999;Baker Group;2020-04-25;Our;face;;;;
249;959;2025-01-31;4561;Baker Group;2020-05-20;Their;read;;;;
250;98;2021-05-20;578;Reyes-Davis;2020-04-20;Recent;kind;149;ahead;54;Urban Culture
250;121;2021-01-16;4153;Reyes-Davis;2021-01-16;Avoid;probably;149;ahead;54;Urban Culture
250;147;2022-12-08;2785;Reyes-Davis;2020-01-24;Echo;chamber;149;ahead;54;Urban Culture
250;165;2020-09-22;1718;Reyes-Davis;2020-09-22;Flat;inform;149;ahead;54;Urban Culture
250;168;2023-03-26;4196;Reyes-Davis;2020-03-03;Mrs;cover;149;ahead;54;Urban Culture
250;262;2020-01-01;3293;Reyes-Davis;2020-01-01;Kind;pick;149;ahead;54;Urban Culture
250;370;2021-11-02;2955;Reyes-Davis;2020-04-21;Her;PM;149;ahead;54;Urban Culture
250;374;2020-12-31;2094;Reyes-Davis;2020-12-31;Imagine;like;149;ahead;54;Urban Culture
250;401;2024-09-06;874;Reyes-Davis;2020-01-02;Face;magazine;149;ahead;54;Urban Culture
250;412;2023-12-09;4023;Reyes-Davis;2020-06-24;Night;third;149;ahead;54;Urban Culture
250;419;2024-08-20;3140;Reyes-Davis;2020-07-13;To;get;149;ahead;54;Urban Culture
250;426;2022-08-20;4102;Reyes-Davis;2021-01-11;Little;finger;149;ahead;54;Urban Culture
250;439;2023-02-13;3727;Reyes-Davis;2020-01-06;Financial;east;149;ahead;54;Urban Culture
250;443;2026-01-12;1394;Reyes-Davis;2020-05-01;How;such;149;ahead;54;Urban Culture
250;445;2025-08-11;1765;Reyes-Davis;2020-06-26;Measure;skin;149;ahead;54;Urban Culture
250;474;2020-09-13;2533;Reyes-Davis;2020-09-07;On;eyes;149;ahead;54;Urban Culture
250;493;2020-03-22;3771;Reyes-Davis;2020-03-22;Born;taught;149;ahead;54;Urban Culture
250;565;2021-12-31;4505;Reyes-Davis;2020-03-09;Week;change;149;ahead;54;Urban Culture
250;745;2020-01-14;1248;Reyes-Davis;2020-01-14;But;song;149;ahead;54;Urban Culture
250;802;2020-02-18;184;Reyes-Davis;2020-02-18;Hard;cost;149;ahead;54;Urban Culture
250;835;2020-02-12;1313;Reyes-Davis;2020-02-12;Squirrel;waiting;149;ahead;54;Urban Culture
250;916;2021-02-25;2671;Reyes-Davis;2020-01-11;Billion;process;149;ahead;54;Urban Culture
251;102;2022-11-15;718;Mckenzie Ltd;2020-06-22;We;country;;;;
251;194;2026-01-22;2179;Mckenzie Ltd;2020-03-27;Pass;physical;;;;
251;227;2022-07-20;696;Mckenzie Ltd;2020-11-21;Ok;air;;;;
251;249;2025-04-01;3244;Mckenzie Ltd;2020-05-25;Member;skin;;;;
251;306;2024-02-01;295;Mckenzie Ltd;2020-04-22;Seventy;setback;;;;
251;320;2023-04-07;2374;Mckenzie Ltd;2021-02-04;Happy;American;;;;
251;402;2024-08-27;3029;Mckenzie Ltd;2020-02-05;Throughout;end;;;;
251;420;2025-07-14;4734;Mckenzie Ltd;2021-08-25;With;you;;;;
251;461;2024-04-01;4130;Mckenzie Ltd;2020-11-03;Issue;one;;;;
251;533;2021-07-17;2209;Mckenzie Ltd;2020-06-04;Reality;drop;;;;
251;542;2021-09-24;1634;Mckenzie Ltd;2020-04-25;Yeah;base;;;;
251;555;2023-02-23;2352;Mckenzie Ltd;2020-02-10;Hellium;elvis;;;;
251;559;2023-10-22;4174;Mckenzie Ltd;2020-01-16;Where;interview;;;;
251;613;2021-07-31;2647;Mckenzie Ltd;2021-07-31;Hear;body;;;;
251;741;2020-01-27;2313;Mckenzie Ltd;2020-01-27;Late;I;;;;
251;821;2021-09-01;4611;Mckenzie Ltd;2020-07-31;Dog;decide;;;;
251;926;2025-02-11;4134;Mckenzie Ltd;2020-07-31;Health;born;;;;
251;943;2023-02-07;1773;Mckenzie Ltd;2020-03-20;Culture;goal;;;;
251;957;2025-04-20;1653;Mckenzie Ltd;2021-04-14;My;morning;;;;
251;959;2023-11-02;4693;Mckenzie Ltd;2020-05-20;Their;read;;;;
251;999;2024-03-31;2453;Mckenzie Ltd;2021-01-17;Public;late;;;;
252;34;2021-07-17;3772;Sparks;2021-07-02;Movie;picture;;;;
252;166;2021-12-07;2764;Sparks;2020-10-25;Director;feel;;;;
252;166;2021-10-11;4551;Sparks;2020-10-25;Director;feel;;;;
252;189;2023-12-10;4129;Sparks;2020-11-11;Toward;station;;;;
252;193;2022-05-04;745;Sparks;2020-09-28;Weapon;imense;;;;
252;337;2024-05-21;3564;Sparks;2020-12-22;Example;chance;;;;
252;653;2023-04-21;2996;Sparks;2021-01-19;Chaos;layman;;;;
252;672;2023-07-24;3837;Sparks;2020-01-03;Once;yeah;;;;
252;761;2021-10-12;1789;Sparks;2020-01-26;Company;age;;;;
252;815;2023-02-08;805;Sparks;2020-10-18;Brush;tool;;;;
252;816;2020-11-11;3620;Sparks;2020-05-30;They;go;;;;
252;860;2025-08-23;4940;Sparks;2020-04-07;Push;yard;;;;
252;873;2023-04-28;2136;Sparks;2021-01-18;Into;ask;;;;
252;914;2022-09-21;2895;Sparks;2020-03-27;School;hope;;;;
252;982;2025-01-30;758;Sparks;2021-01-25;Operation;time;;;;
253;75;2023-03-26;1139;Malone-Murray;2020-02-17;Surface;throughout;;;;
253;263;2021-11-03;4045;Malone-Murray;2020-03-22;Always;may;;;;
253;286;2023-11-21;1332;Malone-Murray;2021-05-16;Property;notice;;;;
253;289;2021-07-31;1875;Malone-Murray;2020-07-22;Action;very;;;;
253;337;2025-08-08;4302;Malone-Murray;2020-12-22;Example;chance;;;;
253;401;2023-03-19;4328;Malone-Murray;2020-01-02;Face;magazine;;;;
253;429;2025-04-25;1716;Malone-Murray;2020-01-19;Swimsuit;shelter;;;;
253;572;2025-06-06;4243;Malone-Murray;2020-03-13;Beyond;despite;;;;
253;582;2022-06-29;1611;Malone-Murray;2020-08-05;Adult;mean;;;;
253;601;2022-04-21;1148;Malone-Murray;2022-02-07;Everybody;world;;;;
253;618;2024-05-18;158;Malone-Murray;2020-06-27;Gold;necklace;;;;
253;648;2021-12-31;316;Malone-Murray;2020-03-13;Fish;high;;;;
253;660;2024-08-19;4690;Malone-Murray;2021-01-10;Leaf;leaflet;;;;
253;667;2024-01-18;4474;Malone-Murray;2020-12-19;Apply;third;;;;
253;702;2022-09-07;1699;Malone-Murray;2020-01-23;He;desCribe;;;;
253;744;2025-08-01;2730;Malone-Murray;2020-01-29;Radio;like;;;;
253;833;2021-11-15;894;Malone-Murray;2020-10-31;Mr;seek;;;;
253;845;2024-08-30;4595;Malone-Murray;2020-12-23;They;herself;;;;
253;919;2020-06-04;1520;Malone-Murray;2020-06-04;Low;word;;;;
253;925;2022-10-12;1951;Malone-Murray;2020-04-15;Society;ingredient;;;;
253;945;2020-08-27;532;Malone-Murray;2020-04-15;Manual;trick;;;;
254;183;2024-05-26;3224;Harris-Chapman;2020-03-12;Secretary;receipt;;;;
254;205;2020-12-02;2001;Harris-Chapman;2020-06-28;Sweat;sweet;;;;
254;263;2025-02-13;144;Harris-Chapman;2020-03-22;Always;may;;;;
254;313;2024-12-07;1386;Harris-Chapman;2021-05-02;Body;bay;;;;
254;328;2023-08-30;1369;Harris-Chapman;2020-03-03;Painting;laugh;;;;
254;399;2025-01-27;1500;Harris-Chapman;2020-09-09;Home;difficult;;;;
254;442;2021-03-30;3450;Harris-Chapman;2020-08-29;Less;picturing;;;;
254;489;2025-05-04;4336;Harris-Chapman;2020-08-19;Gleam;die;;;;
254;640;2020-02-10;2692;Harris-Chapman;2020-01-12;Important;yes;;;;
254;728;2021-09-13;2987;Harris-Chapman;2020-01-30;Fine;possible;;;;
254;869;2025-11-26;2212;Harris-Chapman;2020-03-02;Require;herself;;;;
254;888;2021-10-02;2114;Harris-Chapman;2020-04-03;History;appear;;;;
255;41;2025-05-16;2633;Long-Chan;2020-10-25;Hail;marry;173;former;54;Urban Culture
255;48;2020-05-06;4765;Long-Chan;2020-05-06;A;job;173;former;54;Urban Culture
255;100;2024-07-17;2821;Long-Chan;2020-04-15;Best;center;173;former;54;Urban Culture
255;132;2025-09-09;4319;Long-Chan;2020-08-30;Diet;village;173;former;54;Urban Culture
255;166;2022-11-08;861;Long-Chan;2020-10-25;Director;feel;173;former;54;Urban Culture
255;193;2020-09-28;1988;Long-Chan;2020-09-28;Weapon;imense;173;former;54;Urban Culture
255;202;2021-05-24;3657;Long-Chan;2020-10-20;Number;news;173;former;54;Urban Culture
255;264;2024-03-21;3941;Long-Chan;2020-12-14;Sport;case;173;former;54;Urban Culture
255;331;2020-06-13;2981;Long-Chan;2020-02-23;Hope;technology;173;former;54;Urban Culture
255;379;2022-03-25;4560;Long-Chan;2020-01-31;Learn;husband;173;former;54;Urban Culture
255;425;2023-05-24;1022;Long-Chan;2020-06-25;Boots;held;173;former;54;Urban Culture
255;453;2022-06-10;2268;Long-Chan;2020-02-26;Her;beautiful;173;former;54;Urban Culture
255;565;2024-12-11;3184;Long-Chan;2020-03-09;Week;change;173;former;54;Urban Culture
255;572;2025-11-16;198;Long-Chan;2020-03-13;Beyond;despite;173;former;54;Urban Culture
255;759;2023-08-12;782;Long-Chan;2020-12-04;Once;deep;173;former;54;Urban Culture
255;784;2025-12-12;4091;Long-Chan;2020-03-21;Exactly;a;173;former;54;Urban Culture
255;791;2023-02-28;922;Long-Chan;2020-08-08;Shun;commander;173;former;54;Urban Culture
255;795;2024-09-02;1190;Long-Chan;2021-03-09;Room;thought;173;former;54;Urban Culture
255;865;2024-04-12;4746;Long-Chan;2020-05-12;That;with;173;former;54;Urban Culture
255;943;2024-02-26;2125;Long-Chan;2020-03-20;Culture;goal;173;former;54;Urban Culture
256;90;2020-05-26;2810;Whitaker;2020-05-26;Work;repetition;;;;
256;204;2022-02-08;289;Whitaker;2021-03-12;Significant;ten;;;;
256;324;2025-06-02;3079;Whitaker;2020-04-11;Daughter;radio;;;;
256;358;2020-11-23;3986;Whitaker;2020-11-23;Including;similar;;;;
256;370;2024-12-29;3669;Whitaker;2020-04-21;Her;PM;;;;
256;385;2025-04-30;3789;Whitaker;2020-02-23;Knowledge;at;;;;
256;410;2023-03-25;2878;Whitaker;2020-04-10;Evening;throughout;;;;
256;457;2023-03-12;1339;Whitaker;2021-03-01;Standard;choose;;;;
256;498;2023-11-27;2166;Whitaker;2020-04-26;Wine;up;;;;
256;506;2021-03-27;3331;Whitaker;2020-07-11;Joy;found;;;;
256;538;2020-12-25;4002;Whitaker;2020-12-02;Particularly;group;;;;
256;634;2021-06-24;1890;Whitaker;2020-02-11;Ever;employee;;;;
256;665;2024-09-12;1702;Whitaker;2020-05-30;Say;reduce;;;;
256;756;2020-04-15;3461;Whitaker;2020-04-15;Audience;election;;;;
256;963;2025-04-03;772;Whitaker;2020-07-22;Food;thousand;;;;
256;969;2020-02-10;2646;Whitaker;2020-02-10;Request;Pedestrian;;;;
257;39;2020-07-30;1369;Mccarty;2020-02-27;Amaze;rock;;;;
257;120;2022-08-14;4326;Mccarty;2021-03-13;Follow;democratic;;;;
257;175;2022-06-29;4002;Mccarty;2020-01-22;Grocery;recurr;;;;
257;186;2021-03-17;4144;Mccarty;2020-07-09;Congress;song;;;;
257;241;2025-12-11;1905;Mccarty;2021-06-10;Clearly;serious;;;;
257;309;2020-12-26;213;Mccarty;2020-12-25;Wear;radio;;;;
257;321;2022-09-04;4073;Mccarty;2020-06-04;Ardent;architect;;;;
257;345;2022-01-21;1001;Mccarty;2020-10-10;Although;place;;;;
257;347;2022-10-26;1737;Mccarty;2020-09-22;Tax;perhaps;;;;
257;382;2020-05-10;2231;Mccarty;2020-05-10;Frog;animal;;;;
257;422;2020-01-28;2217;Mccarty;2020-01-28;Soldier;six;;;;
257;429;2024-04-24;3179;Mccarty;2020-01-19;Swimsuit;shelter;;;;
257;460;2026-01-15;4249;Mccarty;2020-04-02;For;reach;;;;
257;486;2025-11-19;2831;Mccarty;2020-12-28;Try;sell;;;;
257;517;2023-09-23;1776;Mccarty;2020-09-16;Real;name;;;;
257;578;2025-06-13;4462;Mccarty;2020-03-10;Stomp;techno;;;;
257;610;2020-07-16;590;Mccarty;2020-07-16;Alone;band;;;;
257;689;2025-05-24;3475;Mccarty;2020-07-29;Growth;sport;;;;
257;704;2022-05-09;3936;Mccarty;2020-02-29;Mission;thought;;;;
257;723;2020-11-10;1411;Mccarty;2020-02-05;Take;above;;;;
257;735;2023-06-30;4836;Mccarty;2021-01-08;Learn;lose;;;;
257;754;2024-01-30;3534;Mccarty;2020-08-30;That;country;;;;
257;794;2020-12-13;4655;Mccarty;2020-04-20;Chop;spacious;;;;
257;882;2025-04-07;1168;Mccarty;2020-03-25;Voyage;impressionism;;;;
258;55;2020-10-10;2296;Sanchez-Marquez;2020-04-15;Sun;star;;;;
258;81;2022-12-01;1218;Sanchez-Marquez;2020-04-20;Chair;dark;;;;
258;86;2022-01-13;4944;Sanchez-Marquez;2020-10-04;Fell;psychiatrist;;;;
258;154;2025-09-27;4051;Sanchez-Marquez;2020-12-28;Monolith;odyssey;;;;
258;272;2020-04-25;241;Sanchez-Marquez;2020-04-25;Glass;outside;;;;
258;344;2021-07-13;512;Sanchez-Marquez;2020-11-09;Drawer;monkey;;;;
258;372;2021-11-13;2689;Sanchez-Marquez;2020-01-18;Field;flower;;;;
258;453;2022-07-31;3318;Sanchez-Marquez;2020-02-26;Her;beautiful;;;;
258;461;2023-09-17;1455;Sanchez-Marquez;2020-11-03;Issue;one;;;;
258;496;2023-02-06;1485;Sanchez-Marquez;2020-03-11;Lady;dancer;;;;
258;565;2020-03-09;3089;Sanchez-Marquez;2020-03-09;Week;change;;;;
258;601;2022-03-09;817;Sanchez-Marquez;2022-02-07;Everybody;world;;;;
258;629;2024-12-18;4741;Sanchez-Marquez;2020-05-12;Implant;glitch;;;;
258;645;2024-04-18;4731;Sanchez-Marquez;2020-04-29;Floret;arsenic;;;;
258;696;2024-08-25;4427;Sanchez-Marquez;2020-08-31;Fight;into;;;;
258;708;2022-07-05;1322;Sanchez-Marquez;2020-04-07;Wife;far;;;;
258;822;2023-06-05;4812;Sanchez-Marquez;2020-03-09;Issue;in;;;;
258;861;2025-05-27;658;Sanchez-Marquez;2020-01-12;Safe;every;;;;
259;9;2022-08-19;4468;Smith-Ruiz;2020-01-03;Star;land;;;;
259;81;2024-06-23;2882;Smith-Ruiz;2020-04-20;Chair;dark;;;;
259;123;2021-05-28;3711;Smith-Ruiz;2021-05-28;Moment;across;;;;
259;137;2023-12-29;1251;Smith-Ruiz;2020-06-23;Within;seat;;;;
259;193;2021-04-28;1011;Smith-Ruiz;2020-09-28;Weapon;imense;;;;
259;213;2025-11-02;2995;Smith-Ruiz;2020-11-06;Yet;product;;;;
259;225;2023-10-13;1302;Smith-Ruiz;2020-01-30;Book;quality;;;;
259;273;2024-05-01;1220;Smith-Ruiz;2020-01-13;Doctor;admit;;;;
259;290;2020-05-30;1942;Smith-Ruiz;2020-05-30;During;agree;;;;
259;360;2024-12-02;1585;Smith-Ruiz;2020-03-20;Question;walk;;;;
259;394;2022-01-03;3106;Smith-Ruiz;2021-12-21;My;contain;;;;
259;525;2022-08-04;4155;Smith-Ruiz;2020-04-15;Guess;shady;;;;
259;526;2024-02-29;1747;Smith-Ruiz;2020-09-23;Accept;strong;;;;
259;558;2026-01-13;4911;Smith-Ruiz;2020-02-12;Prepare;wish;;;;
259;602;2022-05-31;2033;Smith-Ruiz;2020-02-12;Pop;club;;;;
259;737;2022-01-30;501;Smith-Ruiz;2020-02-12;Sound;and;;;;
259;789;2020-07-03;2952;Smith-Ruiz;2020-04-07;Dinner;upon;;;;
259;884;2023-11-01;1424;Smith-Ruiz;2020-01-29;Bar;opportunity;;;;
259;907;2022-07-24;2519;Smith-Ruiz;2020-03-22;Public;change;;;;
259;954;2022-02-07;2911;Smith-Ruiz;2020-04-25;Our;face;;;;
260;32;2025-08-01;2257;Gallagher;2022-01-20;Event;continue;;;;
260;79;2022-12-11;2381;Gallagher;2020-06-28;Worry;yard;;;;
260;109;2025-04-21;4826;Gallagher;2020-07-10;Media;purpose;;;;
260;169;2022-10-10;611;Gallagher;2021-07-04;Through;military;;;;
260;185;2021-06-27;4023;Gallagher;2020-10-06;Smile;player;;;;
260;248;2024-12-03;4376;Gallagher;2020-09-04;Landslip;landslide;;;;
260;283;2022-12-07;1675;Gallagher;2020-03-26;Nature;rise;;;;
260;397;2020-09-11;4474;Gallagher;2020-09-11;Snake;november;;;;
260;441;2023-09-02;4323;Gallagher;2020-05-26;Passenger;side;;;;
260;494;2020-03-14;3205;Gallagher;2020-01-19;Everything;way;;;;
260;543;2025-10-06;3439;Gallagher;2020-01-03;Rule;lay;;;;
260;561;2023-10-03;1639;Gallagher;2021-04-14;Splinter;winter;;;;
260;581;2021-11-28;851;Gallagher;2020-05-23;Obscene;presley;;;;
260;661;2024-02-02;1858;Gallagher;2020-01-27;Power;cut;;;;
260;788;2024-04-10;2323;Gallagher;2021-08-07;Throughout;popular;;;;
260;837;2024-02-24;2125;Gallagher;2021-01-13;Space;specificity;;;;
260;839;2022-03-25;3670;Gallagher;2021-08-21;General;growth;;;;
260;884;2022-01-27;2953;Gallagher;2020-01-29;Bar;opportunity;;;;
260;990;2020-11-28;3496;Gallagher;2020-11-28;Pilar;fib;;;;
261;5;2024-09-26;1923;Webb LLC;2020-05-14;Champion;equalize;;;;
261;173;2022-02-22;608;Webb LLC;2020-03-14;Entrail;dart;;;;
261;178;2023-06-10;844;Webb LLC;2020-01-30;Animal;huge;;;;
261;213;2021-11-06;1043;Webb LLC;2020-11-06;Yet;product;;;;
261;283;2023-09-30;1286;Webb LLC;2020-03-26;Nature;rise;;;;
261;343;2025-08-28;2138;Webb LLC;2020-01-12;Nickle;table;;;;
261;350;2025-01-26;2853;Webb LLC;2021-01-08;Represent;example;;;;
261;399;2023-06-02;2460;Webb LLC;2020-09-09;Home;difficult;;;;
261;503;2020-12-20;874;Webb LLC;2020-09-10;Nurse;around;;;;
261;513;2025-03-01;1724;Webb LLC;2020-05-27;Honey;bone;;;;
261;513;2024-12-03;272;Webb LLC;2020-05-27;Honey;bone;;;;
261;521;2022-01-02;2806;Webb LLC;2020-03-14;Trailer;two;;;;
261;586;2023-03-27;3078;Webb LLC;2020-02-08;Close;wherever;;;;
261;781;2020-10-31;2640;Webb LLC;2020-08-12;Wife;sure;;;;
261;795;2024-07-05;4702;Webb LLC;2021-03-09;Room;thought;;;;
261;868;2023-10-27;2042;Webb LLC;2020-06-06;Egg;swarm;;;;
261;886;2025-08-17;3496;Webb LLC;2020-10-15;Some;street;;;;
261;916;2020-01-11;4615;Webb LLC;2020-01-11;Billion;process;;;;
261;926;2023-05-15;373;Webb LLC;2020-07-31;Health;born;;;;
261;976;2021-07-27;2112;Webb LLC;2020-01-12;Bash;git;;;;
262;84;2023-04-16;2268;Lee LLC;2020-07-16;She;marriage;;;;
262;111;2022-01-14;1888;Lee LLC;2020-04-25;Empty;forgotten;;;;
262;162;2024-10-28;1083;Lee LLC;2020-12-16;Near;faraway;;;;
262;216;2022-07-13;580;Lee LLC;2020-07-03;Top;likely;;;;
262;243;2023-12-28;4710;Lee LLC;2020-01-31;First;population;;;;
262;251;2021-07-22;3774;Lee LLC;2020-01-13;Establish;green;;;;
262;342;2026-01-10;4499;Lee LLC;2020-09-09;Words;argon;;;;
262;344;2021-10-17;3963;Lee LLC;2020-11-09;Drawer;monkey;;;;
262;408;2021-11-10;2094;Lee LLC;2020-02-27;Color;really;;;;
262;446;2021-12-22;751;Lee LLC;2020-10-01;Establish;one;;;;
262;450;2025-09-23;4191;Lee LLC;2020-02-07;After;billion;;;;
262;574;2020-07-25;2486;Lee LLC;2020-03-03;Well;explain;;;;
262;633;2024-01-10;4076;Lee LLC;2020-02-29;Check;reach;;;;
262;693;2023-01-07;186;Lee LLC;2021-03-05;Nothing;traditional;;;;
262;700;2025-01-29;3037;Lee LLC;2022-02-28;Mining;misbelief;;;;
262;845;2021-04-16;3842;Lee LLC;2020-12-23;They;herself;;;;
262;850;2025-08-31;303;Lee LLC;2020-02-04;Four;travel;;;;
262;892;2023-12-25;2743;Lee LLC;2020-07-15;Unexpect;inject;;;;
262;949;2024-08-26;3774;Lee LLC;2021-06-25;Fight;agent;;;;
262;952;2022-01-02;4448;Lee LLC;2021-01-08;Fire;another;;;;
262;959;2024-03-28;2382;Lee LLC;2020-05-20;Their;read;;;;
262;963;2020-07-22;3375;Lee LLC;2020-07-22;Food;thousand;;;;
263;95;2024-12-13;610;Baker;2021-05-14;Leg;area;;;;
263;102;2024-01-02;4417;Baker;2020-06-22;We;country;;;;
263;143;2023-05-24;852;Baker;2020-12-12;Duck;duckling;;;;
263;144;2024-12-09;2570;Baker;2020-12-11;Champagne;store;;;;
263;177;2023-12-27;4361;Baker;2021-04-21;Second;actually;;;;
263;202;2023-07-26;2177;Baker;2020-10-20;Number;news;;;;
263;219;2021-11-18;2892;Baker;2020-01-20;Prop;back;;;;
263;281;2020-02-03;4453;Baker;2020-02-03;Persuasive;ripple;;;;
263;309;2024-07-17;2011;Baker;2020-12-25;Wear;radio;;;;
263;318;2022-11-21;2631;Baker;2020-07-01;Ardour;argentine;;;;
263;427;2022-10-10;4798;Baker;2021-02-05;Endless;got;;;;
263;456;2025-01-25;4307;Baker;2020-03-03;Save;put;;;;
263;511;2021-12-30;3902;Baker;2020-07-07;Either;much;;;;
263;515;2025-08-21;662;Baker;2020-06-01;There;dinner;;;;
263;532;2024-08-13;3669;Baker;2020-11-23;Time;town;;;;
263;556;2023-03-07;2804;Baker;2020-03-08;Prisioners;airway;;;;
263;595;2025-03-25;971;Baker;2021-02-15;Moderate;three;;;;
263;651;2025-08-01;4538;Baker;2020-09-23;Relate;offer;;;;
263;811;2025-07-06;2447;Baker;2020-04-09;Elect;chosen;;;;
263;866;2024-04-25;1017;Baker;2020-08-31;Factor;physical;;;;
263;886;2025-06-16;2695;Baker;2020-10-15;Some;street;;;;
263;895;2023-08-07;4663;Baker;2020-01-15;Eye;husband;;;;
263;954;2022-05-22;3585;Baker;2020-04-25;Our;face;;;;
263;956;2025-09-26;2873;Baker;2020-05-10;Giblets;ascendant;;;;
264;3;2024-08-06;482;Ponce;2021-07-24;Unit;film;;;;
264;7;2025-03-09;2826;Ponce;2020-01-27;Hair;relate;;;;
264;87;2020-02-20;3670;Ponce;2020-02-02;Responsibility;dream;;;;
264;100;2023-10-02;574;Ponce;2020-04-15;Best;center;;;;
264;101;2023-01-21;3519;Ponce;2020-01-12;Single;well;;;;
264;231;2024-11-24;4840;Ponce;2020-12-17;Biceps;bicker;;;;
264;342;2024-05-09;2093;Ponce;2020-09-09;Words;argon;;;;
264;358;2023-08-06;4380;Ponce;2020-11-23;Including;similar;;;;
264;380;2025-08-16;3390;Ponce;2020-09-08;Note;write;;;;
264;448;2024-03-15;3503;Ponce;2022-07-23;Morning;I;;;;
264;460;2022-06-09;1668;Ponce;2020-04-02;For;reach;;;;
264;497;2023-10-09;4406;Ponce;2020-07-16;All;nature;;;;
264;582;2022-02-08;2790;Ponce;2020-08-05;Adult;mean;;;;
264;637;2024-06-26;1960;Ponce;2020-08-23;Swim;lancelot;;;;
264;733;2022-03-25;2414;Ponce;2021-03-29;Message;police;;;;
264;761;2024-10-11;3344;Ponce;2020-01-26;Company;age;;;;
264;769;2023-11-15;1498;Ponce;2020-01-23;Horse;chives;;;;
264;846;2023-10-03;2543;Ponce;2020-01-22;Can;various;;;;
264;883;2026-02-13;4937;Ponce;2020-02-02;Process;Crime;;;;
264;911;2026-01-15;1670;Ponce;2020-11-13;Anything;plant;;;;
264;922;2022-04-02;4224;Ponce;2020-04-29;Price;threat;;;;
264;944;2025-06-13;2927;Ponce;2020-01-03;Sort;stage;;;;
265;84;2023-06-21;1744;Wilkinson-Murillo;2020-07-16;She;marriage;;;;
265;96;2024-02-05;2650;Wilkinson-Murillo;2020-02-15;Like;available;;;;
265;111;2020-10-24;3506;Wilkinson-Murillo;2020-04-25;Empty;forgotten;;;;
265;115;2023-05-13;3280;Wilkinson-Murillo;2020-08-31;Walker;mile;;;;
265;146;2024-12-07;2646;Wilkinson-Murillo;2021-11-06;Choose;vote;;;;
265;244;2021-12-03;714;Wilkinson-Murillo;2020-06-07;Military;level;;;;
265;363;2021-09-03;1118;Wilkinson-Murillo;2020-04-20;Her;foreign;;;;
265;366;2022-09-26;2540;Wilkinson-Murillo;2022-06-03;Eye;Mrs;;;;
265;411;2024-07-22;3264;Wilkinson-Murillo;2020-07-28;Board;ground;;;;
265;446;2024-02-26;2524;Wilkinson-Murillo;2020-10-01;Establish;one;;;;
265;452;2025-10-21;1180;Wilkinson-Murillo;2020-02-11;Clearly;message;;;;
265;475;2023-01-24;2918;Wilkinson-Murillo;2020-10-16;Young;without;;;;
265;593;2020-01-27;4572;Wilkinson-Murillo;2020-01-27;Yet;nothing;;;;
265;677;2023-08-25;3709;Wilkinson-Murillo;2021-08-26;Bit;again;;;;
265;764;2020-08-04;3096;Wilkinson-Murillo;2020-08-04;Laugh;send;;;;
265;928;2022-10-11;3879;Wilkinson-Murillo;2020-01-24;Wonder;respond;;;;
266;102;2020-10-10;3776;Green-Wright;2020-06-22;We;country;;;;
266;140;2025-09-19;964;Green-Wright;2021-03-11;Strategy;cover;;;;
266;224;2022-10-11;1328;Green-Wright;2020-10-12;Tonight;brother;;;;
266;253;2022-06-26;2601;Green-Wright;2021-09-02;Various;whether;;;;
266;515;2023-04-13;3106;Green-Wright;2020-06-01;There;dinner;;;;
266;535;2023-07-30;2158;Green-Wright;2020-04-05;Feeling;red;;;;
266;542;2025-07-02;2473;Green-Wright;2020-04-25;Yeah;base;;;;
266;577;2021-09-23;4031;Green-Wright;2021-06-10;Strong;seek;;;;
266;611;2020-02-01;4067;Green-Wright;2020-02-01;Series;seven;;;;
266;617;2024-12-19;3084;Green-Wright;2020-02-25;Run;sold;;;;
266;694;2023-03-20;3298;Green-Wright;2020-01-21;Concern;west;;;;
266;782;2025-10-05;2796;Green-Wright;2021-07-15;Success;despite;;;;
266;859;2021-09-15;1379;Green-Wright;2020-02-12;Teach;should;;;;
266;865;2024-11-14;868;Green-Wright;2020-05-12;That;with;;;;
266;925;2020-11-02;1762;Green-Wright;2020-04-15;Society;ingredient;;;;
266;992;2024-12-05;3953;Green-Wright;2020-02-17;Prevent;mother;;;;
267;51;2022-09-27;972;Chang-Lucero;2020-01-12;Tell;story;84;actually;54;Urban Culture
267;51;2022-09-27;972;Chang-Lucero;2020-01-12;Tell;story;62;tax;79;Impressionism
267;75;2020-02-17;1748;Chang-Lucero;2020-02-17;Surface;throughout;84;actually;54;Urban Culture
267;75;2020-02-17;1748;Chang-Lucero;2020-02-17;Surface;throughout;62;tax;79;Impressionism
267;104;2023-05-04;2709;Chang-Lucero;2020-07-07;Concern;stay;84;actually;54;Urban Culture
267;104;2023-05-04;2709;Chang-Lucero;2020-07-07;Concern;stay;62;tax;79;Impressionism
267;214;2020-08-11;3655;Chang-Lucero;2020-03-26;Moment;cut;84;actually;54;Urban Culture
267;214;2020-08-11;3655;Chang-Lucero;2020-03-26;Moment;cut;62;tax;79;Impressionism
267;278;2021-07-31;1637;Chang-Lucero;2020-03-01;Permian;perky;84;actually;54;Urban Culture
267;278;2021-07-31;1637;Chang-Lucero;2020-03-01;Permian;perky;62;tax;79;Impressionism
267;309;2024-02-19;2129;Chang-Lucero;2020-12-25;Wear;radio;84;actually;54;Urban Culture
267;309;2024-02-19;2129;Chang-Lucero;2020-12-25;Wear;radio;62;tax;79;Impressionism
267;310;2025-01-23;1848;Chang-Lucero;2020-10-03;Serve;provide;84;actually;54;Urban Culture
267;310;2025-01-23;1848;Chang-Lucero;2020-10-03;Serve;provide;62;tax;79;Impressionism
267;350;2021-02-28;4424;Chang-Lucero;2021-01-08;Represent;example;84;actually;54;Urban Culture
267;350;2021-02-28;4424;Chang-Lucero;2021-01-08;Represent;example;62;tax;79;Impressionism
267;363;2022-02-06;2994;Chang-Lucero;2020-04-20;Her;foreign;84;actually;54;Urban Culture
267;363;2022-02-06;2994;Chang-Lucero;2020-04-20;Her;foreign;62;tax;79;Impressionism
267;379;2020-01-31;1721;Chang-Lucero;2020-01-31;Learn;husband;84;actually;54;Urban Culture
267;379;2020-01-31;1721;Chang-Lucero;2020-01-31;Learn;husband;62;tax;79;Impressionism
267;632;2021-04-27;3608;Chang-Lucero;2020-02-11;Although;book;84;actually;54;Urban Culture
267;632;2021-04-27;3608;Chang-Lucero;2020-02-11;Although;book;62;tax;79;Impressionism
267;689;2020-12-22;567;Chang-Lucero;2020-07-29;Growth;sport;84;actually;54;Urban Culture
267;689;2020-12-22;567;Chang-Lucero;2020-07-29;Growth;sport;62;tax;79;Impressionism
267;754;2020-08-30;3162;Chang-Lucero;2020-08-30;That;country;84;actually;54;Urban Culture
267;754;2020-08-30;3162;Chang-Lucero;2020-08-30;That;country;62;tax;79;Impressionism
267;797;2022-08-26;4634;Chang-Lucero;2020-01-07;Quickly;top;84;actually;54;Urban Culture
267;797;2022-08-26;4634;Chang-Lucero;2020-01-07;Quickly;top;62;tax;79;Impressionism
267;831;2026-02-05;996;Chang-Lucero;2020-03-04;Available;arrive;84;actually;54;Urban Culture
267;831;2026-02-05;996;Chang-Lucero;2020-03-04;Available;arrive;62;tax;79;Impressionism
268;87;2024-12-31;1865;Robles LLC;2020-02-02;Responsibility;dream;151;look;101;Renaissance
268;134;2020-02-17;3557;Robles LLC;2020-02-17;Some;both;151;look;101;Renaissance
268;255;2020-06-25;3911;Robles LLC;2020-02-19;Music;ability;151;look;101;Renaissance
268;288;2025-01-16;2496;Robles LLC;2020-01-31;Sea;understand;151;look;101;Renaissance
268;334;2022-05-16;1694;Robles LLC;2022-01-29;Build;term;151;look;101;Renaissance
268;348;2025-04-09;4660;Robles LLC;2020-02-19;Almost;fine;151;look;101;Renaissance
268;406;2025-04-22;2788;Robles LLC;2020-11-10;Fight;sometimes;151;look;101;Renaissance
268;449;2024-01-11;696;Robles LLC;2020-01-03;Get;to;151;look;101;Renaissance
268;484;2021-10-06;3735;Robles LLC;2020-03-25;Maybe;possible;151;look;101;Renaissance
268;494;2025-11-01;806;Robles LLC;2020-01-19;Everything;way;151;look;101;Renaissance
268;497;2020-07-16;3954;Robles LLC;2020-07-16;All;nature;151;look;101;Renaissance
268;553;2025-01-16;2937;Robles LLC;2020-12-20;Claim;news;151;look;101;Renaissance
268;585;2021-01-12;339;Robles LLC;2020-06-21;Opportunity;ok;151;look;101;Renaissance
268;623;2025-12-03;240;Robles LLC;2022-05-28;Economy;talker;151;look;101;Renaissance
268;650;2024-01-31;2865;Robles LLC;2020-05-07;Perform;entire;151;look;101;Renaissance
268;697;2022-04-17;2993;Robles LLC;2020-08-06;Fuse;fight;151;look;101;Renaissance
268;761;2022-11-17;4185;Robles LLC;2020-01-26;Company;age;151;look;101;Renaissance
268;908;2025-04-02;4062;Robles LLC;2020-08-19;All;during;151;look;101;Renaissance
268;997;2023-11-23;4450;Robles LLC;2021-12-06;Pass;her;151;look;101;Renaissance
269;18;2023-06-23;1978;Nichols-Reynolds;2020-01-30;Chase;equally;;;;
269;21;2023-10-05;1730;Nichols-Reynolds;2020-03-25;Charter;carter ;;;;
269;59;2021-12-31;2704;Nichols-Reynolds;2020-01-07;Reason;than;;;;
269;188;2023-04-01;3544;Nichols-Reynolds;2020-12-31;Post;communication;;;;
269;235;2025-03-25;3543;Nichols-Reynolds;2021-04-01;Down;him;;;;
269;245;2021-02-04;4732;Nichols-Reynolds;2020-01-08;Mill;run;;;;
269;352;2021-07-16;3248;Nichols-Reynolds;2020-08-07;Suddenly;boy;;;;
269;353;2023-04-10;3497;Nichols-Reynolds;2020-05-01;Kitchen;sign;;;;
269;376;2022-12-05;1524;Nichols-Reynolds;2020-04-12;Artist;seek;;;;
269;439;2020-10-16;4140;Nichols-Reynolds;2020-01-06;Financial;east;;;;
269;485;2025-03-19;1674;Nichols-Reynolds;2020-01-31;Answer;woman;;;;
269;487;2021-01-11;1073;Nichols-Reynolds;2020-07-17;Become;heavy;;;;
269;679;2025-09-03;3212;Nichols-Reynolds;2020-04-27;Word;hard;;;;
269;697;2025-09-24;1626;Nichols-Reynolds;2020-08-06;Fuse;fight;;;;
269;807;2024-11-20;1286;Nichols-Reynolds;2020-06-05;Annoyance;disgrace;;;;
269;895;2022-07-18;4421;Nichols-Reynolds;2020-01-15;Eye;husband;;;;
269;919;2024-04-29;2952;Nichols-Reynolds;2020-06-04;Low;word;;;;
269;938;2021-08-25;4526;Nichols-Reynolds;2021-08-25;American;but;;;;
270;97;2020-03-31;4732;Yang-Fischer;2020-03-31;Edge;use;;;;
270;255;2021-07-01;2568;Yang-Fischer;2020-02-19;Music;ability;;;;
270;286;2025-01-28;3506;Yang-Fischer;2021-05-16;Property;notice;;;;
270;287;2024-10-31;1917;Yang-Fischer;2020-05-28;Budget;understand;;;;
270;372;2020-11-15;910;Yang-Fischer;2020-01-18;Field;flower;;;;
270;383;2021-06-26;3558;Yang-Fischer;2020-02-17;Anything;station;;;;
270;419;2020-11-11;3030;Yang-Fischer;2020-07-13;To;get;;;;
270;445;2023-05-09;3705;Yang-Fischer;2020-06-26;Measure;skin;;;;
270;586;2020-03-16;3064;Yang-Fischer;2020-02-08;Close;wherever;;;;
270;684;2023-12-26;4874;Yang-Fischer;2022-05-04;Often;material;;;;
270;826;2023-09-21;1562;Yang-Fischer;2021-07-01;Pacience;gutter;;;;
270;879;2025-10-19;3465;Yang-Fischer;2020-04-26;Interesting;board;;;;
270;895;2021-06-11;3775;Yang-Fischer;2020-01-15;Eye;husband;;;;
270;949;2023-01-01;1723;Yang-Fischer;2021-06-25;Fight;agent;;;;
270;955;2021-09-03;3196;Yang-Fischer;2020-02-13;Recollection;sugary;;;;
270;994;2022-03-13;441;Yang-Fischer;2021-07-16;Security;challenge;;;;
271;124;2020-10-26;378;Stewart Inc;2020-08-18;Friend;prevent;;;;
271;175;2023-03-18;4297;Stewart Inc;2020-01-22;Grocery;recurr;;;;
271;209;2025-12-30;3449;Stewart Inc;2020-01-06;Draw;adult;;;;
271;215;2025-04-05;4003;Stewart Inc;2020-01-05;Outmatch;progression;;;;
271;241;2023-12-18;2258;Stewart Inc;2021-06-10;Clearly;serious;;;;
271;244;2021-11-01;1233;Stewart Inc;2020-06-07;Military;level;;;;
271;410;2022-02-16;1345;Stewart Inc;2020-04-10;Evening;throughout;;;;
271;438;2025-12-18;2001;Stewart Inc;2020-01-13;West;language;;;;
271;563;2022-09-19;2633;Stewart Inc;2020-05-18;Exam;sent;;;;
271;710;2021-03-26;1409;Stewart Inc;2020-06-11;Mister;mow;;;;
271;776;2023-08-11;840;Stewart Inc;2020-08-06;Daddle;ceramic;;;;
271;786;2025-02-03;2190;Stewart Inc;2020-05-06;Move;dream;;;;
271;806;2025-04-12;1515;Stewart Inc;2021-05-14;Prevent;national;;;;
271;879;2021-04-26;2561;Stewart Inc;2020-04-26;Interesting;board;;;;
271;952;2023-04-13;497;Stewart Inc;2021-01-08;Fire;another;;;;
271;985;2021-08-25;3277;Stewart Inc;2021-08-25;Detail;speech;;;;
272;98;2024-09-26;2423;Hull-Steele;2020-04-20;Recent;kind;;;;
272;109;2024-11-11;990;Hull-Steele;2020-07-10;Media;purpose;;;;
272;137;2021-12-17;772;Hull-Steele;2020-06-23;Within;seat;;;;
272;216;2022-02-21;2346;Hull-Steele;2020-07-03;Top;likely;;;;
272;264;2022-08-20;4020;Hull-Steele;2020-12-14;Sport;case;;;;
272;274;2020-09-06;706;Hull-Steele;2020-01-12;Mantelpiece;march;;;;
272;409;2022-04-24;1391;Hull-Steele;2021-04-09;Public;he;;;;
272;444;2023-05-21;1236;Hull-Steele;2020-03-12;Development;despite;;;;
272;448;2022-07-23;855;Hull-Steele;2022-07-23;Morning;I;;;;
272;478;2023-07-09;2637;Hull-Steele;2020-03-16;Common;cold;;;;
272;512;2024-07-25;2701;Hull-Steele;2020-05-17;Met;through;;;;
272;514;2024-05-25;2784;Hull-Steele;2020-08-22;Woman;satisfaction;;;;
272;536;2022-03-17;1678;Hull-Steele;2020-03-08;Beat;factor;;;;
272;589;2024-03-07;2682;Hull-Steele;2020-07-13;Necessary;far;;;;
272;629;2025-10-14;4010;Hull-Steele;2020-05-12;Implant;glitch;;;;
272;717;2025-09-06;738;Hull-Steele;2020-04-05;Think;future;;;;
272;761;2020-12-09;3698;Hull-Steele;2020-01-26;Company;age;;;;
272;799;2023-10-12;2609;Hull-Steele;2020-06-12;Unite;fasten;;;;
272;849;2025-02-26;4599;Hull-Steele;2020-02-01;Mistake;error;;;;
272;915;2021-12-04;3891;Hull-Steele;2020-03-02;But;forget;;;;
273;14;2025-06-12;2771;Lindsey-Jackson;2020-01-30;Billion;hair;;;;
273;33;2020-10-26;626;Lindsey-Jackson;2020-04-27;Around;argue;;;;
273;46;2021-01-26;1140;Lindsey-Jackson;2021-01-26;Authority;artist;;;;
273;238;2021-12-23;4118;Lindsey-Jackson;2021-10-17;Labour;party;;;;
273;272;2024-08-18;1851;Lindsey-Jackson;2020-04-25;Glass;outside;;;;
273;349;2022-09-08;584;Lindsey-Jackson;2021-07-16;Arcane;arcade;;;;
273;363;2020-04-20;4832;Lindsey-Jackson;2020-04-20;Her;foreign;;;;
273;469;2025-11-21;2366;Lindsey-Jackson;2022-03-02;Individual;whatever;;;;
273;504;2025-12-22;2892;Lindsey-Jackson;2022-06-11;Baby;energy;;;;
273;661;2020-07-31;1311;Lindsey-Jackson;2020-01-27;Power;cut;;;;
273;737;2020-02-12;3077;Lindsey-Jackson;2020-02-12;Sound;and;;;;
273;752;2020-08-05;179;Lindsey-Jackson;2020-08-05;South;season;;;;
273;798;2022-02-05;2937;Lindsey-Jackson;2021-08-11;Cruel;goofy;;;;
273;802;2025-07-21;2467;Lindsey-Jackson;2020-02-18;Hard;cost;;;;
273;802;2022-08-12;354;Lindsey-Jackson;2020-02-18;Hard;cost;;;;
273;843;2021-11-22;1127;Lindsey-Jackson;2020-05-26;Service;sense;;;;
273;985;2022-07-23;1365;Lindsey-Jackson;2021-08-25;Detail;speech;;;;
274;93;2022-05-23;2453;Colon-Knapp;2021-04-27;Painting;away;19;similar;101;Renaissance
274;158;2020-06-26;1792;Colon-Knapp;2020-04-05;Flavor;window;19;similar;101;Renaissance
274;213;2023-12-19;3398;Colon-Knapp;2020-11-06;Yet;product;19;similar;101;Renaissance
274;258;2025-12-24;4785;Colon-Knapp;2021-04-12;Enough;buy;19;similar;101;Renaissance
274;262;2020-12-13;3991;Colon-Knapp;2020-01-01;Kind;pick;19;similar;101;Renaissance
274;265;2021-09-25;2678;Colon-Knapp;2020-02-24;Third;girl;19;similar;101;Renaissance
274;307;2022-11-13;4494;Colon-Knapp;2020-11-02;Second;fill;19;similar;101;Renaissance
274;313;2024-09-16;1402;Colon-Knapp;2021-05-02;Body;bay;19;similar;101;Renaissance
274;511;2021-05-04;3752;Colon-Knapp;2020-07-07;Either;much;19;similar;101;Renaissance
274;595;2025-06-18;133;Colon-Knapp;2021-02-15;Moderate;three;19;similar;101;Renaissance
274;648;2024-02-18;1562;Colon-Knapp;2020-03-13;Fish;high;19;similar;101;Renaissance
274;653;2023-01-15;4482;Colon-Knapp;2021-01-19;Chaos;layman;19;similar;101;Renaissance
274;672;2025-02-08;4720;Colon-Knapp;2020-01-03;Once;yeah;19;similar;101;Renaissance
274;736;2024-07-10;1488;Colon-Knapp;2020-07-25;Among;official;19;similar;101;Renaissance
274;751;2024-01-04;289;Colon-Knapp;2020-04-28;Report;turn;19;similar;101;Renaissance
274;821;2025-07-23;2345;Colon-Knapp;2020-07-31;Dog;decide;19;similar;101;Renaissance
274;841;2020-11-22;197;Colon-Knapp;2020-08-05;Old;investment;19;similar;101;Renaissance
274;853;2025-11-11;2503;Colon-Knapp;2020-03-17;Office;eye;19;similar;101;Renaissance
274;854;2022-02-01;1912;Colon-Knapp;2022-02-01;Knife;fator;19;similar;101;Renaissance
274;917;2024-06-01;4165;Colon-Knapp;2020-05-25;Artificial;insensitive;19;similar;101;Renaissance
275;127;2021-01-08;964;Barron-Castro;2020-08-14;Wait;show;191;shoulder;366;Development and Cultural Studies
275;130;2023-07-04;1283;Barron-Castro;2020-08-02;Morning;real;191;shoulder;366;Development and Cultural Studies
275;221;2023-03-09;3656;Barron-Castro;2020-06-05;Move;board;191;shoulder;366;Development and Cultural Studies
275;290;2022-05-29;4149;Barron-Castro;2020-05-30;During;agree;191;shoulder;366;Development and Cultural Studies
275;295;2020-12-13;2305;Barron-Castro;2020-12-13;Rife;rid;191;shoulder;366;Development and Cultural Studies
275;321;2021-07-13;761;Barron-Castro;2020-06-04;Ardent;architect;191;shoulder;366;Development and Cultural Studies
275;392;2023-01-21;495;Barron-Castro;2021-01-04;Budget;because;191;shoulder;366;Development and Cultural Studies
275;392;2026-01-26;3543;Barron-Castro;2021-01-04;Budget;because;191;shoulder;366;Development and Cultural Studies
275;403;2025-04-20;2285;Barron-Castro;2020-01-30;Goal;interest;191;shoulder;366;Development and Cultural Studies
275;406;2020-11-10;4675;Barron-Castro;2020-11-10;Fight;sometimes;191;shoulder;366;Development and Cultural Studies
275;413;2025-01-29;3631;Barron-Castro;2020-11-08;Stop;country;191;shoulder;366;Development and Cultural Studies
275;495;2025-09-26;3211;Barron-Castro;2020-05-06;Spring;standard;191;shoulder;366;Development and Cultural Studies
275;511;2022-10-23;2477;Barron-Castro;2020-07-07;Either;much;191;shoulder;366;Development and Cultural Studies
275;520;2022-02-16;2210;Barron-Castro;2020-12-05;Green;cry;191;shoulder;366;Development and Cultural Studies
275;537;2021-08-17;4607;Barron-Castro;2020-04-07;Cost;outside;191;shoulder;366;Development and Cultural Studies
275;559;2024-09-06;1121;Barron-Castro;2020-01-16;Where;interview;191;shoulder;366;Development and Cultural Studies
275;634;2020-02-11;4182;Barron-Castro;2020-02-11;Ever;employee;191;shoulder;366;Development and Cultural Studies
275;717;2024-02-28;2814;Barron-Castro;2020-04-05;Think;future;191;shoulder;366;Development and Cultural Studies
275;781;2024-07-30;395;Barron-Castro;2020-08-12;Wife;sure;191;shoulder;366;Development and Cultural Studies
275;782;2025-06-16;1282;Barron-Castro;2021-07-15;Success;despite;191;shoulder;366;Development and Cultural Studies
275;880;2020-09-08;2644;Barron-Castro;2020-08-21;Rock;season;191;shoulder;366;Development and Cultural Studies
275;886;2025-06-09;2689;Barron-Castro;2020-10-15;Some;street;191;shoulder;366;Development and Cultural Studies
275;889;2021-05-14;1053;Barron-Castro;2020-10-23;Yard;white;191;shoulder;366;Development and Cultural Studies
275;953;2023-12-22;1326;Barron-Castro;2020-09-03;Involve;interest;191;shoulder;366;Development and Cultural Studies
275;970;2022-02-11;3628;Barron-Castro;2020-04-27;Onto;peace;191;shoulder;366;Development and Cultural Studies
275;986;2025-12-29;2073;Barron-Castro;2020-04-10;Appear;career;191;shoulder;366;Development and Cultural Studies
275;991;2024-03-26;2661;Barron-Castro;2020-08-23;Most;today;191;shoulder;366;Development and Cultural Studies
276;65;2021-01-01;4336;Sanchez PLC;2021-01-01;Possible;network;;;;
276;79;2021-06-12;2785;Sanchez PLC;2020-06-28;Worry;yard;;;;
276;136;2025-05-18;3329;Sanchez PLC;2020-08-22;Reason;early;;;;
276;150;2025-06-14;3670;Sanchez PLC;2020-06-15;Take;do;;;;
276;173;2020-11-04;3241;Sanchez PLC;2020-03-14;Entrail;dart;;;;
276;318;2022-01-23;2677;Sanchez PLC;2020-07-01;Ardour;argentine;;;;
276;320;2023-05-03;904;Sanchez PLC;2021-02-04;Happy;American;;;;
276;388;2024-07-31;4786;Sanchez PLC;2021-01-25;Everyone;him;;;;
276;398;2022-09-15;3926;Sanchez PLC;2020-01-06;Authority;treatment;;;;
276;404;2021-12-05;4402;Sanchez PLC;2020-03-09;Blood;treat;;;;
276;431;2021-01-13;3352;Sanchez PLC;2020-04-03;Appear;agency;;;;
276;444;2025-06-27;4711;Sanchez PLC;2020-03-12;Development;despite;;;;
276;556;2020-12-19;1737;Sanchez PLC;2020-03-08;Prisioners;airway;;;;
276;602;2021-09-26;1390;Sanchez PLC;2020-02-12;Pop;club;;;;
276;650;2023-07-31;824;Sanchez PLC;2020-05-07;Perform;entire;;;;
276;657;2023-03-03;1731;Sanchez PLC;2020-01-16;Will;pay;;;;
276;847;2020-11-23;1815;Sanchez PLC;2020-01-20;No;wall;;;;
276;860;2020-04-07;2107;Sanchez PLC;2020-04-07;Push;yard;;;;
276;867;2023-07-17;2186;Sanchez PLC;2020-03-11;Standard;maybe;;;;
276;873;2021-12-09;137;Sanchez PLC;2021-01-18;Into;ask;;;;
276;900;2025-12-09;2544;Sanchez PLC;2021-04-05;Rule;middle;;;;
276;910;2021-08-28;1201;Sanchez PLC;2021-07-05;Rise;according;;;;
276;977;2021-09-26;2163;Sanchez PLC;2020-06-14;Local;look;;;;
276;983;2024-10-14;1589;Sanchez PLC;2020-06-30;Black;thus;;;;
277;71;2020-09-18;179;Wong PLC;2020-04-04;Bank;standard;;;;
277;89;2025-06-23;2167;Wong PLC;2020-04-08;Involve;term;;;;
277;110;2020-02-27;3037;Wong PLC;2020-02-27;Thus;heavy;;;;
277;128;2023-09-20;3696;Wong PLC;2020-10-03;Hour;out;;;;
277;131;2021-07-02;2186;Wong PLC;2021-07-02;List;perhaps;;;;
277;140;2024-05-31;1826;Wong PLC;2021-03-11;Strategy;cover;;;;
277;234;2020-05-19;4778;Wong PLC;2020-05-19;Administration;arm;;;;
277;271;2024-06-15;4569;Wong PLC;2021-03-10;Create;garden;;;;
277;275;2024-06-07;355;Wong PLC;2020-04-19;June;mar;;;;
277;276;2025-10-23;724;Wong PLC;2020-01-08;Chair;design;;;;
277;337;2021-10-18;3647;Wong PLC;2020-12-22;Example;chance;;;;
277;346;2025-04-12;2303;Wong PLC;2020-07-15;Yard;member;;;;
277;369;2020-10-14;1608;Wong PLC;2020-04-27;This;already;;;;
277;443;2023-01-11;1251;Wong PLC;2020-05-01;How;such;;;;
277;446;2022-12-18;1617;Wong PLC;2020-10-01;Establish;one;;;;
277;498;2020-04-26;2595;Wong PLC;2020-04-26;Wine;up;;;;
277;527;2020-12-19;1468;Wong PLC;2020-11-20;Important;available;;;;
277;551;2020-05-20;230;Wong PLC;2020-03-03;Data;Republican;;;;
277;585;2021-04-21;1599;Wong PLC;2020-06-21;Opportunity;ok;;;;
277;620;2020-02-22;2719;Wong PLC;2020-02-21;Bracelet;count;;;;
277;693;2022-05-16;2348;Wong PLC;2021-03-05;Nothing;traditional;;;;
277;728;2021-08-05;1116;Wong PLC;2020-01-30;Fine;possible;;;;
277;751;2021-02-01;1633;Wong PLC;2020-04-28;Report;turn;;;;
277;812;2021-11-13;2519;Wong PLC;2020-03-20;Elementary;appeal;;;;
277;883;2021-09-20;2547;Wong PLC;2020-02-02;Process;Crime;;;;
277;904;2024-05-22;399;Wong PLC;2020-12-22;Sometimes;mean;;;;
277;931;2022-07-19;975;Wong PLC;2022-07-04;Drop;water;;;;
277;963;2024-01-11;243;Wong PLC;2020-07-22;Food;thousand;;;;
277;995;2021-02-05;2249;Wong PLC;2020-04-16;Assume;and;;;;
278;27;2022-02-01;3680;Evans Inc;2021-05-12;Agree;open;;;;
278;212;2020-03-04;2436;Evans Inc;2020-03-04;Outline;outrun;;;;
278;223;2024-03-10;2260;Evans Inc;2020-03-10;Win;antique;;;;
278;310;2024-04-09;4742;Evans Inc;2020-10-03;Serve;provide;;;;
278;376;2023-05-09;3056;Evans Inc;2020-04-12;Artist;seek;;;;
278;428;2024-07-08;3366;Evans Inc;2020-03-03;Me;across;;;;
278;439;2020-06-15;2707;Evans Inc;2020-01-06;Financial;east;;;;
278;447;2025-06-19;2545;Evans Inc;2020-09-05;Argue;rock;;;;
278;478;2022-06-14;446;Evans Inc;2020-03-16;Common;cold;;;;
278;519;2025-07-13;1514;Evans Inc;2020-09-06;Leader;technology;;;;
278;671;2021-11-21;3034;Evans Inc;2020-01-20;Bloom;flow;;;;
278;686;2024-10-09;1435;Evans Inc;2020-10-10;Human;vote;;;;
278;724;2022-01-31;4096;Evans Inc;2020-02-21;Reader;bionic;;;;
278;739;2021-05-27;498;Evans Inc;2020-04-01;Pull;beautiful;;;;
278;768;2024-02-19;2892;Evans Inc;2021-11-30;Generation;claim;;;;
278;832;2023-09-30;353;Evans Inc;2020-09-08;Seek;squirt;;;;
278;865;2022-07-07;4596;Evans Inc;2020-05-12;That;with;;;;
278;876;2025-01-10;1788;Evans Inc;2020-08-12;In;ever;;;;
278;927;2023-12-20;2919;Evans Inc;2020-03-02;English;imaginable;;;;
278;952;2022-10-24;1037;Evans Inc;2021-01-08;Fire;another;;;;
279;178;2025-08-17;764;Chapman-Simmons;2020-01-30;Animal;huge;;;;
279;410;2022-03-26;3255;Chapman-Simmons;2020-04-10;Evening;throughout;;;;
279;507;2022-08-14;3167;Chapman-Simmons;2020-05-07;Own;line;;;;
279;697;2022-11-12;1132;Chapman-Simmons;2020-08-06;Fuse;fight;;;;
279;702;2020-05-03;4263;Chapman-Simmons;2020-01-23;He;desCribe;;;;
279;803;2025-04-11;1078;Chapman-Simmons;2020-06-28;Also;source;;;;
279;827;2022-04-01;4108;Chapman-Simmons;2020-12-03;Soldier;throughout;;;;
279;840;2023-08-31;1614;Chapman-Simmons;2020-03-14;Consider;people;;;;
279;909;2024-05-18;2201;Chapman-Simmons;2020-07-16;At;various;;;;
280;43;2022-09-11;2539;Saunders Inc;2020-10-01;Range;specific;158;personal;54;Urban Culture
280;131;2025-12-28;1537;Saunders Inc;2021-07-02;List;perhaps;158;personal;54;Urban Culture
280;148;2023-12-03;4437;Saunders Inc;2020-01-12;Pm;successful;158;personal;54;Urban Culture
280;158;2025-05-24;4247;Saunders Inc;2020-04-05;Flavor;window;158;personal;54;Urban Culture
280;170;2020-01-19;1125;Saunders Inc;2020-01-19;Wind;top;158;personal;54;Urban Culture
280;248;2022-12-21;931;Saunders Inc;2020-09-04;Landslip;landslide;158;personal;54;Urban Culture
280;322;2025-10-11;2271;Saunders Inc;2023-01-22;Medicin;italian;158;personal;54;Urban Culture
280;482;2021-05-21;2644;Saunders Inc;2020-01-11;Cream;miami;158;personal;54;Urban Culture
280;543;2023-03-13;813;Saunders Inc;2020-01-03;Rule;lay;158;personal;54;Urban Culture
280;555;2020-09-06;4807;Saunders Inc;2020-02-10;Hellium;elvis;158;personal;54;Urban Culture
280;571;2023-05-15;3821;Saunders Inc;2020-09-07;Task;kick;158;personal;54;Urban Culture
280;713;2022-11-11;1781;Saunders Inc;2020-02-28;Drug;talk;158;personal;54;Urban Culture
280;876;2024-06-26;2034;Saunders Inc;2020-08-12;In;ever;158;personal;54;Urban Culture
280;947;2025-08-16;2611;Saunders Inc;2020-06-13;Quite;last;158;personal;54;Urban Culture
280;986;2025-04-21;4823;Saunders Inc;2020-04-10;Appear;career;158;personal;54;Urban Culture
281;37;2024-12-15;3877;Hayes-Miller;2020-06-18;Box;land;;;;
281;63;2020-02-18;1896;Hayes-Miller;2020-02-18;Blue;sky;;;;
281;106;2021-07-28;942;Hayes-Miller;2020-01-20;Peace;add;;;;
281;147;2021-06-22;2493;Hayes-Miller;2020-01-24;Echo;chamber;;;;
281;154;2025-09-28;3151;Hayes-Miller;2020-12-28;Monolith;odyssey;;;;
281;166;2025-12-19;4420;Hayes-Miller;2020-10-25;Director;feel;;;;
281;192;2020-10-17;2225;Hayes-Miller;2020-10-17;Doctrine;equality;;;;
281;245;2020-04-15;3559;Hayes-Miller;2020-01-08;Mill;run;;;;
281;290;2020-07-03;1860;Hayes-Miller;2020-05-30;During;agree;;;;
281;537;2023-10-25;539;Hayes-Miller;2020-04-07;Cost;outside;;;;
281;569;2021-09-12;196;Hayes-Miller;2021-07-06;Degree;day;;;;
281;618;2022-12-25;1245;Hayes-Miller;2020-06-27;Gold;necklace;;;;
281;652;2023-09-13;202;Hayes-Miller;2020-02-18;School;public;;;;
281;657;2020-12-02;947;Hayes-Miller;2020-01-16;Will;pay;;;;
281;728;2022-01-25;3019;Hayes-Miller;2020-01-30;Fine;possible;;;;
281;900;2025-08-12;403;Hayes-Miller;2021-04-05;Rule;middle;;;;
281;980;2020-04-22;3794;Hayes-Miller;2020-04-22;Meeting;who;;;;
281;980;2025-08-24;4518;Hayes-Miller;2020-04-22;Meeting;who;;;;
282;52;2020-01-05;1265;Thomas LLC;2020-01-05;Mary;jane;;;;
282;126;2020-01-08;2956;Thomas LLC;2020-01-08;Purpose;top;;;;
282;140;2024-12-30;3445;Thomas LLC;2021-03-11;Strategy;cover;;;;
282;260;2020-04-19;3980;Thomas LLC;2020-04-19;Expert;knowledge;;;;
282;264;2025-07-19;466;Thomas LLC;2020-12-14;Sport;case;;;;
282;266;2025-09-18;4508;Thomas LLC;2020-03-13;Seek;boy;;;;
282;279;2022-02-11;2361;Thomas LLC;2021-07-03;These;news;;;;
282;410;2022-07-21;2046;Thomas LLC;2020-04-10;Evening;throughout;;;;
282;441;2025-07-29;1159;Thomas LLC;2020-05-26;Passenger;side;;;;
282;522;2024-05-09;820;Thomas LLC;2020-01-30;Laugh;else;;;;
282;580;2022-09-01;1014;Thomas LLC;2020-03-22;Feel;bad;;;;
282;581;2026-02-03;1437;Thomas LLC;2020-05-23;Obscene;presley;;;;
282;644;2024-05-06;154;Thomas LLC;2020-11-30;Round;sword;;;;
282;674;2024-09-30;3382;Thomas LLC;2022-11-19;Pay;generation;;;;
282;685;2024-11-21;4963;Thomas LLC;2021-01-16;Manage;situation;;;;
282;846;2025-11-20;3811;Thomas LLC;2020-01-22;Can;various;;;;
282;875;2023-02-01;4342;Thomas LLC;2020-04-29;Thumb;match;;;;
282;958;2025-01-22;4015;Thomas LLC;2020-11-29;Mutual;musician;;;;
283;50;2025-02-22;2659;Haynes Group;2020-01-01;Book;difference;;;;
283;412;2020-06-24;4867;Haynes Group;2020-06-24;Night;third;;;;
283;507;2021-10-14;2909;Haynes Group;2020-05-07;Own;line;;;;
283;526;2026-01-29;3327;Haynes Group;2020-09-23;Accept;strong;;;;
283;538;2020-12-02;3501;Haynes Group;2020-12-02;Particularly;group;;;;
283;550;2021-11-23;2722;Haynes Group;2020-04-24;See;empty;;;;
283;686;2024-12-18;3053;Haynes Group;2020-10-10;Human;vote;;;;
283;734;2020-01-16;2517;Haynes Group;2020-01-16;Clearly;safe;;;;
283;755;2023-08-11;3917;Haynes Group;2020-01-22;Hand;without;;;;
283;894;2022-10-15;663;Haynes Group;2020-09-11;Scientist;tax;;;;
284;96;2024-06-22;3850;Sanchez Inc;2020-02-15;Like;available;33;opportunity;366;Development and Cultural Studies
284;111;2024-07-31;944;Sanchez Inc;2020-04-25;Empty;forgotten;33;opportunity;366;Development and Cultural Studies
284;137;2023-08-25;1395;Sanchez Inc;2020-06-23;Within;seat;33;opportunity;366;Development and Cultural Studies
284;168;2022-04-01;4023;Sanchez Inc;2020-03-03;Mrs;cover;33;opportunity;366;Development and Cultural Studies
284;175;2022-02-05;2396;Sanchez Inc;2020-01-22;Grocery;recurr;33;opportunity;366;Development and Cultural Studies
284;179;2024-08-29;2049;Sanchez Inc;2021-08-18;Organization;tree;33;opportunity;366;Development and Cultural Studies
284;252;2023-05-21;3708;Sanchez Inc;2021-10-16;Clear;clearly;33;opportunity;366;Development and Cultural Studies
284;355;2020-03-10;503;Sanchez Inc;2020-03-10;Dark;future;33;opportunity;366;Development and Cultural Studies
284;484;2020-03-25;3854;Sanchez Inc;2020-03-25;Maybe;possible;33;opportunity;366;Development and Cultural Studies
284;518;2021-06-08;731;Sanchez Inc;2020-09-25;Administration;have;33;opportunity;366;Development and Cultural Studies
284;607;2024-04-16;4254;Sanchez Inc;2021-03-06;Much;alone;33;opportunity;366;Development and Cultural Studies
284;659;2023-11-13;2678;Sanchez Inc;2020-01-20;Table;page;33;opportunity;366;Development and Cultural Studies
284;740;2021-05-22;4635;Sanchez Inc;2020-05-18;Side;ok;33;opportunity;366;Development and Cultural Studies
284;948;2020-06-22;2009;Sanchez Inc;2020-04-02;Quality;successful;33;opportunity;366;Development and Cultural Studies
284;964;2025-07-20;3765;Sanchez Inc;2021-06-04;Teeth;paganism;33;opportunity;366;Development and Cultural Studies
285;30;2025-06-29;4630;Bryan-Fox;2020-03-15;Conference;product;;;;
285;155;2026-02-16;1251;Bryan-Fox;2021-10-08;Man;religious;;;;
285;288;2024-05-06;1748;Bryan-Fox;2020-01-31;Sea;understand;;;;
285;310;2021-11-07;2056;Bryan-Fox;2020-10-03;Serve;provide;;;;
285;330;2025-02-12;455;Bryan-Fox;2020-03-07;Out;character;;;;
285;405;2023-05-04;3828;Bryan-Fox;2020-06-22;Time;sing;;;;
285;494;2022-05-21;847;Bryan-Fox;2020-01-19;Everything;way;;;;
285;562;2021-11-08;4115;Bryan-Fox;2020-01-22;Nest;test;;;;
285;916;2025-06-29;1580;Bryan-Fox;2020-01-11;Billion;process;;;;
285;937;2023-10-08;4892;Bryan-Fox;2020-08-05;Builder;turbulent;;;;
285;952;2025-04-24;624;Bryan-Fox;2021-01-08;Fire;another;;;;
285;976;2020-08-20;4040;Bryan-Fox;2020-01-12;Bash;git;;;;
286;29;2025-09-14;3517;Duncan;2020-02-10;Film;action;;;;
286;36;2022-12-02;2965;Duncan;2020-10-29;General;body;;;;
286;41;2020-10-25;4726;Duncan;2020-10-25;Hail;marry;;;;
286;51;2021-04-09;1881;Duncan;2020-01-12;Tell;story;;;;
286;64;2023-11-20;1193;Duncan;2020-12-06;Red;information;;;;
286;148;2020-09-24;1390;Duncan;2020-01-12;Pm;successful;;;;
286;234;2023-01-18;2947;Duncan;2020-05-19;Administration;arm;;;;
286;364;2023-07-07;3603;Duncan;2020-05-25;Despite;church;;;;
286;400;2022-01-17;906;Duncan;2020-03-25;Wand;Avenge;;;;
286;470;2023-01-20;3253;Duncan;2020-09-07;Red;against;;;;
286;503;2020-09-15;3981;Duncan;2020-09-10;Nurse;around;;;;
286;543;2022-05-09;3282;Duncan;2020-01-03;Rule;lay;;;;
286;557;2023-03-12;4926;Duncan;2020-09-14;Animal;yes;;;;
286;572;2020-10-14;1749;Duncan;2020-03-13;Beyond;despite;;;;
286;730;2020-10-05;2896;Duncan;2020-06-15;Gin;bleach;;;;
286;816;2020-11-27;4916;Duncan;2020-05-30;They;go;;;;
286;850;2025-01-11;665;Duncan;2020-02-04;Four;travel;;;;
286;851;2021-04-26;539;Duncan;2020-01-12;Simple;itself;;;;
286;942;2021-02-16;3861;Duncan;2020-01-10;Invencible;atrium;;;;
286;986;2025-01-24;3358;Duncan;2020-04-10;Appear;career;;;;
286;988;2020-03-22;3048;Duncan;2020-03-22;Eyelash;blink;;;;
286;995;2023-08-27;364;Duncan;2020-04-16;Assume;and;;;;
287;152;2021-05-04;3250;Moore;2020-07-23;Dot;impetus;;;;
287;236;2020-07-12;1578;Moore;2020-01-26;Equestrian;implausible;;;;
287;261;2025-01-17;3872;Moore;2020-02-02;Marathon;mark;;;;
287;303;2022-10-07;1692;Moore;2020-10-05;Protocol;seventh;;;;
287;358;2024-05-18;2546;Moore;2020-11-23;Including;similar;;;;
287;365;2024-02-24;167;Moore;2021-01-16;Order;share;;;;
287;507;2023-02-06;1727;Moore;2020-05-07;Own;line;;;;
287;511;2025-03-19;3185;Moore;2020-07-07;Either;much;;;;
287;533;2020-06-04;2546;Moore;2020-06-04;Reality;drop;;;;
287;573;2020-10-28;2003;Moore;2020-10-28;Drug;father;;;;
287;733;2024-07-16;3871;Moore;2021-03-29;Message;police;;;;
287;790;2021-03-06;3808;Moore;2020-07-18;Pearl;sunlight;;;;
287;830;2023-01-14;4345;Moore;2021-09-08;Girl;voice;;;;
288;7;2025-03-23;197;Mcdowell;2020-01-27;Hair;relate;;;;
288;143;2025-09-21;3233;Mcdowell;2020-12-12;Duck;duckling;;;;
288;210;2025-06-07;2209;Mcdowell;2022-01-08;Stage;they;;;;
288;311;2024-04-28;2578;Mcdowell;2020-01-19;Relationship;enough;;;;
288;515;2021-01-04;3924;Mcdowell;2020-06-01;There;dinner;;;;
288;526;2024-10-11;3462;Mcdowell;2020-09-23;Accept;strong;;;;
288;527;2022-06-21;4475;Mcdowell;2020-11-20;Important;available;;;;
288;578;2025-01-04;1311;Mcdowell;2020-03-10;Stomp;techno;;;;
288;631;2022-06-26;3060;Mcdowell;2020-08-14;Landylady;dandy;;;;
288;668;2025-02-16;2490;Mcdowell;2020-08-17;League;marquis;;;;
288;670;2023-12-23;1533;Mcdowell;2020-03-01;Yellow;dress;;;;
288;755;2021-02-21;3835;Mcdowell;2020-01-22;Hand;without;;;;
288;794;2020-04-20;694;Mcdowell;2020-04-20;Chop;spacious;;;;
288;811;2020-04-09;984;Mcdowell;2020-04-09;Elect;chosen;;;;
288;861;2023-02-16;3674;Mcdowell;2020-01-12;Safe;every;;;;
289;117;2025-04-29;731;Wallace;2020-09-22;Wall;morning;;;;
289;201;2020-05-17;2913;Wallace;2020-03-18;Let;a;;;;
289;230;2021-09-18;3823;Wallace;2020-07-26;That;there;;;;
289;251;2025-09-20;746;Wallace;2020-01-13;Establish;green;;;;
289;395;2022-04-21;1268;Wallace;2020-08-22;Subject;raise;;;;
289;426;2021-09-19;3140;Wallace;2021-01-11;Little;finger;;;;
289;435;2021-01-21;232;Wallace;2021-01-21;Sunset;sail;;;;
289;478;2021-10-17;1341;Wallace;2020-03-16;Common;cold;;;;
289;539;2021-06-29;3585;Wallace;2020-03-04;After;policy;;;;
289;562;2020-01-22;2343;Wallace;2020-01-22;Nest;test;;;;
289;575;2024-03-18;3516;Wallace;2021-09-09;Report;notice;;;;
289;587;2021-03-30;4614;Wallace;2020-12-25;Arrive;different;;;;
289;618;2022-01-24;2872;Wallace;2020-06-27;Gold;necklace;;;;
289;626;2021-01-19;998;Wallace;2020-07-09;Sign;voice;;;;
289;661;2020-06-16;4409;Wallace;2020-01-27;Power;cut;;;;
289;763;2021-03-20;1117;Wallace;2020-12-06;Homely;domestic;;;;
289;794;2022-09-12;1355;Wallace;2020-04-20;Chop;spacious;;;;
289;815;2024-09-20;2490;Wallace;2020-10-18;Brush;tool;;;;
289;936;2020-06-05;3353;Wallace;2020-02-02;Reaction;fire;;;;
289;991;2024-09-20;1290;Wallace;2020-08-23;Most;today;;;;
289;995;2021-05-09;4659;Wallace;2020-04-16;Assume;and;;;;
290;34;2025-05-27;4906;Moran;2021-07-02;Movie;picture;;;;
290;71;2022-10-31;770;Moran;2020-04-04;Bank;standard;;;;
290;158;2025-06-03;1155;Moran;2020-04-05;Flavor;window;;;;
290;195;2023-01-02;3783;Moran;2020-07-02;Enterprise;groom;;;;
290;242;2023-07-29;4476;Moran;2020-03-31;Arsenic;lad;;;;
290;256;2026-02-08;864;Moran;2022-05-06;Season;writer;;;;
290;277;2021-09-24;2328;Moran;2020-11-10;July;map;;;;
290;280;2023-06-28;3112;Moran;2020-01-23;Agree;participant;;;;
290;368;2021-10-10;3923;Moran;2020-01-07;Any;important;;;;
290;391;2025-10-01;804;Moran;2020-02-02;Off;meet;;;;
290;505;2020-01-31;2682;Moran;2020-01-31;Raise;them;;;;
290;557;2023-05-10;2993;Moran;2020-09-14;Animal;yes;;;;
290;659;2025-06-06;2531;Moran;2020-01-20;Table;page;;;;
290;732;2024-07-17;2552;Moran;2020-03-30;Happy;early;;;;
290;738;2020-02-26;1574;Moran;2020-02-26;Crime;country;;;;
290;907;2021-07-20;1094;Moran;2020-03-22;Public;change;;;;
290;926;2025-03-05;2311;Moran;2020-07-31;Health;born;;;;
290;952;2025-03-03;992;Moran;2021-01-08;Fire;another;;;;
290;973;2024-08-21;2935;Moran;2020-05-01;Hub;loot;;;;
291;33;2022-07-22;3418;Lopez LLC;2020-04-27;Around;argue;;;;
291;62;2022-08-18;1300;Lopez LLC;2020-05-20;Show;wonder;;;;
291;66;2022-09-01;4011;Lopez LLC;2021-03-17;Sister;door;;;;
291;106;2025-10-20;4419;Lopez LLC;2020-01-20;Peace;add;;;;
291;130;2022-04-25;3759;Lopez LLC;2020-08-02;Morning;real;;;;
291;158;2023-08-09;431;Lopez LLC;2020-04-05;Flavor;window;;;;
291;159;2023-03-05;3328;Lopez LLC;2021-11-01;Help;activity;;;;
291;264;2024-09-01;956;Lopez LLC;2020-12-14;Sport;case;;;;
291;386;2025-03-21;2740;Lopez LLC;2020-08-02;Test;nothing;;;;
291;415;2024-09-15;4797;Lopez LLC;2020-05-18;I;want;;;;
291;477;2021-06-11;3738;Lopez LLC;2020-01-21;Citizen;over;;;;
291;485;2022-08-23;3515;Lopez LLC;2020-01-31;Answer;woman;;;;
291;504;2023-08-14;2107;Lopez LLC;2022-06-11;Baby;energy;;;;
291;507;2025-03-26;1421;Lopez LLC;2020-05-07;Own;line;;;;
291;515;2021-03-13;3670;Lopez LLC;2020-06-01;There;dinner;;;;
291;524;2021-07-29;1640;Lopez LLC;2021-02-28;Seven;rate;;;;
291;560;2023-09-28;4216;Lopez LLC;2020-09-16;Catastrophe;asked;;;;
291;683;2023-05-02;1263;Lopez LLC;2020-01-08;Away;wind;;;;
291;694;2025-03-05;2960;Lopez LLC;2020-01-21;Concern;west;;;;
291;799;2024-08-07;2490;Lopez LLC;2020-06-12;Unite;fasten;;;;
291;858;2023-05-14;3314;Lopez LLC;2020-02-09;Good;all;;;;
291;914;2023-03-15;2869;Lopez LLC;2020-03-27;School;hope;;;;
291;931;2024-10-15;741;Lopez LLC;2022-07-04;Drop;water;;;;
291;996;2021-05-11;264;Lopez LLC;2020-05-13;Why;cover;;;;
292;37;2025-11-19;4338;Murphy Ltd;2020-06-18;Box;land;;;;
292;43;2025-08-28;4020;Murphy Ltd;2020-10-01;Range;specific;;;;
292;55;2022-12-19;1376;Murphy Ltd;2020-04-15;Sun;star;;;;
292;161;2024-03-03;222;Murphy Ltd;2020-02-01;Have;party;;;;
292;247;2023-08-15;394;Murphy Ltd;2020-04-27;Never;allow;;;;
292;264;2024-06-05;725;Murphy Ltd;2020-12-14;Sport;case;;;;
292;264;2020-12-14;500;Murphy Ltd;2020-12-14;Sport;case;;;;
292;331;2022-03-31;3470;Murphy Ltd;2020-02-23;Hope;technology;;;;
292;359;2020-12-09;3840;Murphy Ltd;2020-09-18;Like;view;;;;
292;415;2021-04-29;4697;Murphy Ltd;2020-05-18;I;want;;;;
292;502;2025-10-14;1383;Murphy Ltd;2020-10-13;Yours;pretty;;;;
292;605;2020-10-04;538;Murphy Ltd;2020-03-30;Automation;automatic;;;;
292;743;2022-12-31;4735;Murphy Ltd;2020-07-21;Section;partner;;;;
292;831;2022-12-19;3580;Murphy Ltd;2020-03-04;Available;arrive;;;;
292;853;2020-03-17;1817;Murphy Ltd;2020-03-17;Office;eye;;;;
292;909;2025-08-26;2132;Murphy Ltd;2020-07-16;At;various;;;;
293;59;2022-03-08;3450;Elliott and Sons;2020-01-07;Reason;than;74;rise;366;Development and Cultural Studies
293;100;2021-06-08;1854;Elliott and Sons;2020-04-15;Best;center;74;rise;366;Development and Cultural Studies
293;171;2025-10-12;2452;Elliott and Sons;2020-01-06;Repress;cage;74;rise;366;Development and Cultural Studies
293;187;2020-06-22;3411;Elliott and Sons;2020-06-04;Ride;systole;74;rise;366;Development and Cultural Studies
293;255;2023-11-08;1564;Elliott and Sons;2020-02-19;Music;ability;74;rise;366;Development and Cultural Studies
293;268;2021-12-05;1502;Elliott and Sons;2021-05-24;Manx;mantel;74;rise;366;Development and Cultural Studies
293;282;2023-01-28;1627;Elliott and Sons;2020-05-05;Riot;ripen;74;rise;366;Development and Cultural Studies
293;297;2024-01-25;3281;Elliott and Sons;2020-11-20;Salvage;samba;74;rise;366;Development and Cultural Studies
293;642;2020-01-09;1125;Elliott and Sons;2020-01-09;Realize;financial;74;rise;366;Development and Cultural Studies
293;698;2020-06-07;989;Elliott and Sons;2020-06-07;Merry;metabolic;74;rise;366;Development and Cultural Studies
293;748;2026-02-08;4226;Elliott and Sons;2020-03-09;People;provide;74;rise;366;Development and Cultural Studies
293;765;2026-01-31;3841;Elliott and Sons;2020-11-08;Song;anyone;74;rise;366;Development and Cultural Studies
293;790;2020-07-18;2182;Elliott and Sons;2020-07-18;Pearl;sunlight;74;rise;366;Development and Cultural Studies
293;842;2022-07-25;1726;Elliott and Sons;2020-07-20;Concern;other;74;rise;366;Development and Cultural Studies
293;878;2025-07-24;583;Elliott and Sons;2020-07-08;Box;newspaper;74;rise;366;Development and Cultural Studies
293;946;2022-10-24;2616;Elliott and Sons;2020-08-12;Quickly;sign;74;rise;366;Development and Cultural Studies
294;61;2020-10-01;3346;Smith Inc;2020-10-01;After;degree;152;yet;366;Development and Cultural Studies
294;180;2020-02-18;3061;Smith Inc;2020-02-18;As;beyond;152;yet;366;Development and Cultural Studies
294;212;2021-09-03;4826;Smith Inc;2020-03-04;Outline;outrun;152;yet;366;Development and Cultural Studies
294;360;2022-09-21;596;Smith Inc;2020-03-20;Question;walk;152;yet;366;Development and Cultural Studies
294;479;2022-03-20;1938;Smith Inc;2020-01-28;Foreign;ciao;152;yet;366;Development and Cultural Studies
294;568;2022-03-26;1958;Smith Inc;2020-03-06;Prepare;great;152;yet;366;Development and Cultural Studies
294;593;2026-02-10;1741;Smith Inc;2020-01-27;Yet;nothing;152;yet;366;Development and Cultural Studies
294;691;2022-06-30;4885;Smith Inc;2020-11-06;Rate;ground;152;yet;366;Development and Cultural Studies
294;706;2021-07-18;3643;Smith Inc;2020-01-02;Paper;record;152;yet;366;Development and Cultural Studies
294;739;2020-04-01;1627;Smith Inc;2020-04-01;Pull;beautiful;152;yet;366;Development and Cultural Studies
294;786;2023-02-12;632;Smith Inc;2020-05-06;Move;dream;152;yet;366;Development and Cultural Studies
294;944;2025-10-29;4843;Smith Inc;2020-01-03;Sort;stage;152;yet;366;Development and Cultural Studies
295;179;2024-04-24;3290;Padilla;2021-08-18;Organization;tree;;;;
295;232;2024-11-26;1716;Padilla;2020-09-03;Bid;entrust;;;;
295;298;2022-06-11;4765;Padilla;2021-01-15;Flamenco;december;;;;
295;400;2020-03-25;3355;Padilla;2020-03-25;Wand;Avenge;;;;
295;545;2024-08-12;3106;Padilla;2020-03-03;Yes;plant;;;;
295;549;2024-08-24;3612;Padilla;2020-11-13;Job;complication;;;;
295;605;2025-04-28;4199;Padilla;2020-03-30;Automation;automatic;;;;
295;623;2022-05-28;2926;Padilla;2022-05-28;Economy;talker;;;;
295;653;2024-08-09;4395;Padilla;2021-01-19;Chaos;layman;;;;
295;776;2024-06-21;4568;Padilla;2020-08-06;Daddle;ceramic;;;;
295;778;2025-03-17;2172;Padilla;2020-03-09;Friend;do;;;;
295;805;2024-06-17;3932;Padilla;2022-06-12;Begin;company;;;;
295;884;2022-10-12;2458;Padilla;2020-01-29;Bar;opportunity;;;;
295;899;2020-10-28;4609;Padilla;2020-03-13;Fine;hundred;;;;
295;921;2020-12-13;1183;Padilla;2020-02-13;Local;often;;;;
295;974;2021-06-23;3223;Padilla;2021-04-16;Six;stop;;;;
295;977;2023-04-19;4158;Padilla;2020-06-14;Local;look;;;;
296;93;2021-07-11;4698;Grant;2021-04-27;Painting;away;;;;
296;125;2021-08-25;3258;Grant;2021-04-10;Boy;yellow;;;;
296;148;2020-11-26;1445;Grant;2020-01-12;Pm;successful;;;;
296;246;2020-12-26;3632;Grant;2020-05-02;Investment;marriage;;;;
296;277;2024-01-07;855;Grant;2020-11-10;July;map;;;;
296;281;2023-01-13;1824;Grant;2020-02-03;Persuasive;ripple;;;;
296;323;2023-09-09;3379;Grant;2020-01-04;Long;serve;;;;
296;375;2024-01-14;2084;Grant;2020-01-13;Rose;footer;;;;
296;436;2023-12-18;3731;Grant;2020-05-13;Whatever;every;;;;
296;468;2023-11-12;3753;Grant;2020-08-08;Catch;horizon;;;;
296;522;2020-01-30;1507;Grant;2020-01-30;Laugh;else;;;;
296;604;2025-06-19;3909;Grant;2020-02-11;Noise;noticing;;;;
296;616;2020-10-03;1100;Grant;2020-01-02;Clear;reveal;;;;
296;635;2023-05-08;4370;Grant;2021-06-02;Wild;freeing;;;;
296;690;2023-04-07;2497;Grant;2020-02-28;South;attention;;;;
296;765;2022-07-17;1593;Grant;2020-11-08;Song;anyone;;;;
296;873;2021-04-08;2143;Grant;2021-01-18;Into;ask;;;;
296;992;2023-09-17;3535;Grant;2020-02-17;Prevent;mother;;;;
297;6;2023-10-24;3677;Mccarthy Group;2020-04-23;Million;attack;58;win;79;Impressionism
297;42;2021-10-15;4942;Mccarthy Group;2020-10-01;Light;free;58;win;79;Impressionism
297;55;2020-04-15;3312;Mccarthy Group;2020-04-15;Sun;star;58;win;79;Impressionism
297;61;2020-10-31;4291;Mccarthy Group;2020-10-01;After;degree;58;win;79;Impressionism
297;71;2024-04-12;4546;Mccarthy Group;2020-04-04;Bank;standard;58;win;79;Impressionism
297;152;2025-06-17;2759;Mccarthy Group;2020-07-23;Dot;impetus;58;win;79;Impressionism
297;157;2023-11-23;2487;Mccarthy Group;2020-03-03;Receive;eccentric;58;win;79;Impressionism
297;250;2023-04-14;3299;Mccarthy Group;2020-12-18;Marble;maple;58;win;79;Impressionism
297;265;2024-01-23;4365;Mccarthy Group;2020-02-24;Third;girl;58;win;79;Impressionism
297;367;2021-10-23;4806;Mccarthy Group;2021-01-24;Event;soon;58;win;79;Impressionism
297;436;2026-01-06;2183;Mccarthy Group;2020-05-13;Whatever;every;58;win;79;Impressionism
297;498;2021-11-12;2826;Mccarthy Group;2020-04-26;Wine;up;58;win;79;Impressionism
297;529;2024-03-14;869;Mccarthy Group;2022-03-17;Speech;camera;58;win;79;Impressionism
297;560;2024-10-28;2142;Mccarthy Group;2020-09-16;Catastrophe;asked;58;win;79;Impressionism
297;569;2026-01-21;3142;Mccarthy Group;2021-07-06;Degree;day;58;win;79;Impressionism
297;615;2023-04-17;4326;Mccarthy Group;2020-03-16;Unit;area;58;win;79;Impressionism
297;641;2023-05-06;2561;Mccarthy Group;2020-03-31;Face;spend;58;win;79;Impressionism
297;667;2022-08-30;1226;Mccarthy Group;2020-12-19;Apply;third;58;win;79;Impressionism
297;678;2021-03-07;4384;Mccarthy Group;2020-05-26;Treatment;once;58;win;79;Impressionism
297;696;2022-10-06;395;Mccarthy Group;2020-08-31;Fight;into;58;win;79;Impressionism
297;703;2020-09-02;1274;Mccarthy Group;2020-09-02;Form;fish;58;win;79;Impressionism
297;742;2022-06-19;4335;Mccarthy Group;2020-05-21;Computer;range;58;win;79;Impressionism
297;868;2020-06-06;1998;Mccarthy Group;2020-06-06;Egg;swarm;58;win;79;Impressionism
297;966;2024-08-02;3803;Mccarthy Group;2021-02-14;Palm;stack;58;win;79;Impressionism
297;1000;2020-05-09;4368;Mccarthy Group;2020-05-09;Behavior;offer;58;win;79;Impressionism
297;1000;2023-04-25;3269;Mccarthy Group;2020-05-09;Behavior;offer;58;win;79;Impressionism
298;177;2023-11-03;4844;Murphy;2021-04-21;Second;actually;;;;
298;199;2020-09-24;4370;Murphy;2020-09-24;Whole;successful;;;;
298;217;2020-06-14;1380;Murphy;2020-06-14;Administration;create;;;;
298;239;2023-01-15;3090;Murphy;2020-02-14;Ladder;lace;;;;
298;247;2021-06-09;875;Murphy;2020-04-27;Never;allow;;;;
298;249;2020-07-31;3886;Murphy;2020-05-25;Member;skin;;;;
298;276;2024-07-23;3799;Murphy;2020-01-08;Chair;design;;;;
298;311;2024-05-22;2881;Murphy;2020-01-19;Relationship;enough;;;;
298;382;2021-01-19;1805;Murphy;2020-05-10;Frog;animal;;;;
298;388;2024-07-23;4447;Murphy;2021-01-25;Everyone;him;;;;
298;391;2021-07-28;4541;Murphy;2020-02-02;Off;meet;;;;
298;471;2020-06-29;1815;Murphy;2020-03-22;Ask;conference;;;;
298;505;2022-03-31;617;Murphy;2020-01-31;Raise;them;;;;
298;561;2024-12-20;2175;Murphy;2021-04-14;Splinter;winter;;;;
298;644;2021-07-02;2871;Murphy;2020-11-30;Round;sword;;;;
298;695;2022-08-27;4893;Murphy;2020-01-12;Fly;flight;;;;
298;706;2020-11-29;1656;Murphy;2020-01-02;Paper;record;;;;
298;815;2020-10-26;4167;Murphy;2020-10-18;Brush;tool;;;;
298;826;2026-02-10;3494;Murphy;2021-07-01;Pacience;gutter;;;;
298;889;2023-04-25;2657;Murphy;2020-10-23;Yard;white;;;;
299;21;2022-03-13;2061;Scott;2020-03-25;Charter;carter ;;;;
299;87;2023-03-23;1279;Scott;2020-02-02;Responsibility;dream;;;;
299;364;2022-02-18;1411;Scott;2020-05-25;Despite;church;;;;
299;447;2020-09-05;4682;Scott;2020-09-05;Argue;rock;;;;
299;476;2025-11-04;4716;Scott;2021-01-19;Salvator;limosine;;;;
299;579;2024-04-07;1824;Scott;2021-06-27;Discuss;prince;;;;
299;594;2022-08-12;669;Scott;2020-01-26;Imagination;moderation;;;;
299;638;2025-06-21;2349;Scott;2020-03-19;My;authority;;;;
299;648;2025-01-10;980;Scott;2020-03-13;Fish;high;;;;
299;671;2022-10-04;247;Scott;2020-01-20;Bloom;flow;;;;
299;729;2025-08-21;2149;Scott;2021-12-08;Store;value;;;;
299;843;2020-07-14;237;Scott;2020-05-26;Service;sense;;;;
299;976;2022-02-16;4258;Scott;2020-01-12;Bash;git;;;;
299;977;2022-08-19;1690;Scott;2020-06-14;Local;look;;;;
300;86;2023-12-01;4762;Hamilton;2020-10-04;Fell;psychiatrist;;;;
300;176;2025-01-19;1330;Hamilton;2020-05-08;Hug;muddle;;;;
300;309;2024-06-04;4919;Hamilton;2020-12-25;Wear;radio;;;;
300;321;2020-06-06;3058;Hamilton;2020-06-04;Ardent;architect;;;;
300;378;2023-02-15;1481;Hamilton;2020-02-23;Support;rather;;;;
300;402;2023-08-17;3272;Hamilton;2020-02-05;Throughout;end;;;;
300;427;2025-05-07;3079;Hamilton;2021-02-05;Endless;got;;;;
300;480;2023-05-30;1907;Hamilton;2020-04-23;Love;now;;;;
300;536;2023-02-01;3962;Hamilton;2020-03-08;Beat;factor;;;;
300;549;2025-01-10;3007;Hamilton;2020-11-13;Job;complication;;;;
300;561;2025-02-13;583;Hamilton;2021-04-14;Splinter;winter;;;;
300;579;2022-03-10;4871;Hamilton;2021-06-27;Discuss;prince;;;;
300;619;2023-06-27;2188;Hamilton;2020-04-14;Silver;earring;;;;
300;644;2020-11-30;3346;Hamilton;2020-11-30;Round;sword;;;;
300;684;2024-04-15;1632;Hamilton;2022-05-04;Often;material;;;;
300;688;2025-03-09;254;Hamilton;2020-06-02;Skin;player;;;;
300;721;2021-08-13;3172;Hamilton;2021-03-30;Tight;null;;;;
300;731;2024-05-20;1751;Hamilton;2020-04-29;High;central;;;;
300;753;2022-09-17;1293;Hamilton;2020-02-17;Mr;clearly;;;;
300;809;2025-09-14;535;Hamilton;2020-04-29;Distinguish;essay;;;;
300;811;2023-04-29;746;Hamilton;2020-04-09;Elect;chosen;;;;
300;857;2024-11-14;4010;Hamilton;2020-03-06;Operation;close;;;;
300;887;2024-04-21;1235;Hamilton;2021-01-03;Away;bill;;;;
300;922;2021-05-30;2091;Hamilton;2020-04-29;Price;threat;;;;
301;36;2021-12-28;1394;Knox-Tran;2020-10-29;General;body;;;;
301;142;2022-08-29;2584;Knox-Tran;2020-03-16;Analysis;evidence;;;;
301;169;2023-07-21;1262;Knox-Tran;2021-07-04;Through;military;;;;
301;187;2023-01-16;154;Knox-Tran;2020-06-04;Ride;systole;;;;
301;235;2021-06-17;1394;Knox-Tran;2021-04-01;Down;him;;;;
301;251;2023-06-18;3933;Knox-Tran;2020-01-13;Establish;green;;;;
301;408;2021-06-06;2026;Knox-Tran;2020-02-27;Color;really;;;;
301;494;2025-03-29;3429;Knox-Tran;2020-01-19;Everything;way;;;;
301;542;2022-01-06;2456;Knox-Tran;2020-04-25;Yeah;base;;;;
301;600;2020-12-06;3654;Knox-Tran;2020-07-08;Major;four;;;;
301;728;2025-07-18;245;Knox-Tran;2020-01-30;Fine;possible;;;;
301;782;2024-05-04;1051;Knox-Tran;2021-07-15;Success;despite;;;;
301;792;2022-10-07;2263;Knox-Tran;2020-04-25;Municipal;proper;;;;
301;842;2022-02-01;1431;Knox-Tran;2020-07-20;Concern;other;;;;
301;996;2022-08-22;163;Knox-Tran;2020-05-13;Why;cover;;;;
302;59;2021-01-18;2587;Smith;2020-01-07;Reason;than;;;;
302;79;2025-08-20;2673;Smith;2020-06-28;Worry;yard;;;;
302;80;2024-03-01;321;Smith;2020-03-29;Repetition;work;;;;
302;87;2023-03-04;3603;Smith;2020-02-02;Responsibility;dream;;;;
302;90;2024-02-11;2254;Smith;2020-05-26;Work;repetition;;;;
302;120;2021-10-22;3979;Smith;2021-03-13;Follow;democratic;;;;
302;174;2025-12-02;3467;Smith;2020-02-02;East;something;;;;
302;226;2021-02-21;4681;Smith;2020-04-30;Buy;share;;;;
302;268;2021-07-07;4518;Smith;2021-05-24;Manx;mantel;;;;
302;387;2024-06-10;3397;Smith;2020-09-24;Teacher;contain;;;;
302;600;2024-03-25;3199;Smith;2020-07-08;Major;four;;;;
302;796;2023-05-11;1986;Smith;2020-03-20;Vanish;varnish;;;;
302;823;2021-01-07;4936;Smith;2020-04-23;Shrill;fencing;;;;
302;897;2021-06-26;847;Smith;2020-05-26;Harm;hairdress;;;;
303;127;2021-02-03;679;Decker-Glover;2020-08-14;Wait;show;;;;
303;199;2021-03-25;3165;Decker-Glover;2020-09-24;Whole;successful;;;;
303;229;2024-12-18;4644;Decker-Glover;2020-04-30;Alloy;bathtub;;;;
303;342;2020-11-11;4763;Decker-Glover;2020-09-09;Words;argon;;;;
303;370;2021-02-05;4179;Decker-Glover;2020-04-21;Her;PM;;;;
303;380;2023-09-05;3519;Decker-Glover;2020-09-08;Note;write;;;;
303;426;2023-05-19;4309;Decker-Glover;2021-01-11;Little;finger;;;;
303;450;2024-07-19;4001;Decker-Glover;2020-02-07;After;billion;;;;
303;466;2020-12-25;3994;Decker-Glover;2020-02-29;Hot;computer;;;;
303;633;2025-08-30;447;Decker-Glover;2020-02-29;Check;reach;;;;
303;648;2024-07-13;394;Decker-Glover;2020-03-13;Fish;high;;;;
303;701;2023-11-21;4310;Decker-Glover;2020-11-15;Minute;hour;;;;
303;712;2024-11-15;4158;Decker-Glover;2023-03-12;Nation;nip;;;;
303;737;2023-01-17;1290;Decker-Glover;2020-02-12;Sound;and;;;;
303;822;2024-12-11;3064;Decker-Glover;2020-03-09;Issue;in;;;;
303;897;2023-05-26;560;Decker-Glover;2020-05-26;Harm;hairdress;;;;
303;912;2023-02-14;4725;Decker-Glover;2020-09-10;Cut;young;;;;
303;962;2022-01-10;3311;Decker-Glover;2020-02-25;Plant;statement;;;;
303;968;2025-07-10;4622;Decker-Glover;2020-10-10;Deep;tonight;;;;
304;6;2020-04-23;4335;Grant;2020-04-23;Million;attack;;;;
304;170;2020-07-03;3920;Grant;2020-01-19;Wind;top;;;;
304;182;2022-12-19;2457;Grant;2020-10-27;Old;top;;;;
304;184;2021-04-07;3884;Grant;2021-03-25;Smoothie;rode;;;;
304;211;2023-04-22;1307;Grant;2021-07-05;Wholly;pull;;;;
304;328;2023-02-27;2067;Grant;2020-03-03;Painting;laugh;;;;
304;348;2023-12-13;965;Grant;2020-02-19;Almost;fine;;;;
304;373;2022-10-31;1025;Grant;2020-01-22;War;foot;;;;
304;423;2020-10-12;3878;Grant;2020-10-08;Arabella;interstellar;;;;
304;499;2021-11-17;243;Grant;2020-03-14;Bone;served;;;;
304;543;2020-10-25;2147;Grant;2020-01-03;Rule;lay;;;;
304;546;2024-10-07;3990;Grant;2022-12-18;Liquor;heart;;;;
304;555;2021-02-14;2084;Grant;2020-02-10;Hellium;elvis;;;;
304;608;2020-05-15;3239;Grant;2020-05-15;Hard;prepare;;;;
304;644;2023-07-09;4508;Grant;2020-11-30;Round;sword;;;;
304;782;2021-09-23;2706;Grant;2021-07-15;Success;despite;;;;
304;796;2020-07-23;4722;Grant;2020-03-20;Vanish;varnish;;;;
305;103;2023-06-09;2839;Delgado-Thomas;2020-03-24;Some;here;;;;
305;148;2021-10-09;4609;Delgado-Thomas;2020-01-12;Pm;successful;;;;
305;157;2020-10-05;3122;Delgado-Thomas;2020-03-03;Receive;eccentric;;;;
305;307;2024-04-16;817;Delgado-Thomas;2020-11-02;Second;fill;;;;
305;309;2024-01-26;3873;Delgado-Thomas;2020-12-25;Wear;radio;;;;
305;402;2025-12-27;1354;Delgado-Thomas;2020-02-05;Throughout;end;;;;
305;463;2020-03-25;4393;Delgado-Thomas;2020-03-25;Money;rate;;;;
305;507;2024-02-02;2991;Delgado-Thomas;2020-05-07;Own;line;;;;
305;555;2020-02-10;4633;Delgado-Thomas;2020-02-10;Hellium;elvis;;;;
305;580;2024-05-12;140;Delgado-Thomas;2020-03-22;Feel;bad;;;;
305;707;2024-06-23;4130;Delgado-Thomas;2020-06-18;Mischief;minion;;;;
305;747;2022-08-20;4604;Delgado-Thomas;2021-08-27;White;indeed;;;;
305;791;2025-10-03;2206;Delgado-Thomas;2020-08-08;Shun;commander;;;;
305;816;2025-03-10;3071;Delgado-Thomas;2020-05-30;They;go;;;;
305;831;2024-02-08;4559;Delgado-Thomas;2020-03-04;Available;arrive;;;;
305;903;2020-05-02;2855;Delgado-Thomas;2020-05-02;Admit;create;;;;
306;28;2020-12-28;548;Long-Richardson;2020-01-04;What;field;;;;
306;40;2023-01-24;3556;Long-Richardson;2022-01-04;Speech;generation;;;;
306;57;2021-08-23;867;Long-Richardson;2020-03-12;Father;road;;;;
306;195;2025-02-05;1511;Long-Richardson;2020-07-02;Enterprise;groom;;;;
306;196;2022-07-01;2764;Long-Richardson;2020-11-18;Pack;snail;;;;
306;436;2020-10-08;377;Long-Richardson;2020-05-13;Whatever;every;;;;
306;445;2021-07-18;2848;Long-Richardson;2020-06-26;Measure;skin;;;;
306;464;2021-01-04;4958;Long-Richardson;2020-05-01;Ground;happen;;;;
306;476;2023-09-21;1918;Long-Richardson;2021-01-19;Salvator;limosine;;;;
306;596;2023-06-14;2567;Long-Richardson;2022-10-03;Wheat;cereal;;;;
306;636;2024-09-01;3210;Long-Richardson;2020-04-17;Business;tell;;;;
306;714;2020-06-12;4849;Long-Richardson;2020-04-21;Standard;ahead;;;;
306;823;2025-04-06;1139;Long-Richardson;2020-04-23;Shrill;fencing;;;;
306;896;2020-03-01;3208;Long-Richardson;2020-01-15;Inhibit;innocuous;;;;
307;85;2023-02-26;2980;Aguilar LLC;2020-03-14;Cell;however;159;clearly;79;Impressionism
307;85;2023-02-26;2980;Aguilar LLC;2020-03-14;Cell;however;196;network;54;Urban Culture
307;141;2021-09-16;2969;Aguilar LLC;2021-09-16;King;plot;159;clearly;79;Impressionism
307;141;2021-09-16;2969;Aguilar LLC;2021-09-16;King;plot;196;network;54;Urban Culture
307;217;2022-10-31;1804;Aguilar LLC;2020-06-14;Administration;create;159;clearly;79;Impressionism
307;217;2022-10-31;1804;Aguilar LLC;2020-06-14;Administration;create;196;network;54;Urban Culture
307;233;2021-06-16;3575;Aguilar LLC;2020-02-14;Herself;water;159;clearly;79;Impressionism
307;233;2021-06-16;3575;Aguilar LLC;2020-02-14;Herself;water;196;network;54;Urban Culture
307;283;2026-02-12;2779;Aguilar LLC;2020-03-26;Nature;rise;159;clearly;79;Impressionism
307;283;2026-02-12;2779;Aguilar LLC;2020-03-26;Nature;rise;196;network;54;Urban Culture
307;298;2026-01-19;4544;Aguilar LLC;2021-01-15;Flamenco;december;159;clearly;79;Impressionism
307;298;2026-01-19;4544;Aguilar LLC;2021-01-15;Flamenco;december;196;network;54;Urban Culture
307;424;2021-06-01;4646;Aguilar LLC;2020-01-29;Item;usually;159;clearly;79;Impressionism
307;424;2021-06-01;4646;Aguilar LLC;2020-01-29;Item;usually;196;network;54;Urban Culture
307;497;2022-04-10;2637;Aguilar LLC;2020-07-16;All;nature;159;clearly;79;Impressionism
307;497;2022-04-10;2637;Aguilar LLC;2020-07-16;All;nature;196;network;54;Urban Culture
307;560;2024-04-11;3566;Aguilar LLC;2020-09-16;Catastrophe;asked;159;clearly;79;Impressionism
307;560;2024-04-11;3566;Aguilar LLC;2020-09-16;Catastrophe;asked;196;network;54;Urban Culture
307;607;2021-03-16;3874;Aguilar LLC;2021-03-06;Much;alone;159;clearly;79;Impressionism
307;607;2021-03-16;3874;Aguilar LLC;2021-03-06;Much;alone;196;network;54;Urban Culture
307;610;2025-03-07;1162;Aguilar LLC;2020-07-16;Alone;band;159;clearly;79;Impressionism
307;610;2025-03-07;1162;Aguilar LLC;2020-07-16;Alone;band;196;network;54;Urban Culture
307;639;2023-01-27;4092;Aguilar LLC;2021-07-23;Policy;into;159;clearly;79;Impressionism
307;639;2023-01-27;4092;Aguilar LLC;2021-07-23;Policy;into;196;network;54;Urban Culture
307;662;2024-11-04;2415;Aguilar LLC;2020-12-20;Learnt;leash;159;clearly;79;Impressionism
307;662;2024-11-04;2415;Aguilar LLC;2020-12-20;Learnt;leash;196;network;54;Urban Culture
307;674;2024-09-26;612;Aguilar LLC;2022-11-19;Pay;generation;159;clearly;79;Impressionism
307;674;2024-09-26;612;Aguilar LLC;2022-11-19;Pay;generation;196;network;54;Urban Culture
307;869;2024-02-19;477;Aguilar LLC;2020-03-02;Require;herself;159;clearly;79;Impressionism
307;869;2024-02-19;477;Aguilar LLC;2020-03-02;Require;herself;196;network;54;Urban Culture
307;986;2020-05-27;158;Aguilar LLC;2020-04-10;Appear;career;159;clearly;79;Impressionism
307;986;2020-05-27;158;Aguilar LLC;2020-04-10;Appear;career;196;network;54;Urban Culture
308;37;2021-02-05;3531;Stone-Campbell;2020-06-18;Box;land;;;;
308;70;2022-10-20;1655;Stone-Campbell;2020-01-15;If;set;;;;
308;114;2025-01-23;1683;Stone-Campbell;2020-06-18;Sport;throw;;;;
308;201;2022-11-28;1706;Stone-Campbell;2020-03-18;Let;a;;;;
308;215;2022-09-12;129;Stone-Campbell;2020-01-05;Outmatch;progression;;;;
308;307;2022-08-24;3019;Stone-Campbell;2020-11-02;Second;fill;;;;
308;339;2021-01-22;3364;Stone-Campbell;2020-03-27;Slam;pad;;;;
308;379;2023-03-01;186;Stone-Campbell;2020-01-31;Learn;husband;;;;
308;512;2023-08-17;4241;Stone-Campbell;2020-05-17;Met;through;;;;
308;556;2023-10-19;1703;Stone-Campbell;2020-03-08;Prisioners;airway;;;;
308;559;2020-03-30;1861;Stone-Campbell;2020-01-16;Where;interview;;;;
308;655;2022-10-26;4207;Stone-Campbell;2021-04-23;Billion;subject;;;;
308;698;2025-11-12;4140;Stone-Campbell;2020-06-07;Merry;metabolic;;;;
308;708;2022-12-14;3829;Stone-Campbell;2020-04-07;Wife;far;;;;
308;741;2021-05-30;3713;Stone-Campbell;2020-01-27;Late;I;;;;
308;778;2021-03-05;4362;Stone-Campbell;2020-03-09;Friend;do;;;;
308;825;2025-04-16;2669;Stone-Campbell;2020-01-01;Fence;drain;;;;
308;830;2022-09-01;3595;Stone-Campbell;2021-09-08;Girl;voice;;;;
308;840;2025-04-08;3771;Stone-Campbell;2020-03-14;Consider;people;;;;
308;861;2020-11-21;2840;Stone-Campbell;2020-01-12;Safe;every;;;;
308;884;2024-02-22;3061;Stone-Campbell;2020-01-29;Bar;opportunity;;;;
308;895;2022-09-01;1474;Stone-Campbell;2020-01-15;Eye;husband;;;;
308;921;2024-07-24;404;Stone-Campbell;2020-02-13;Local;often;;;;
308;967;2023-06-13;4538;Stone-Campbell;2022-02-27;Last;enough;;;;
309;196;2022-08-26;2278;Bell;2020-11-18;Pack;snail;;;;
309;237;2021-03-09;4773;Bell;2020-01-02;Notice;war;;;;
309;257;2020-01-08;4384;Bell;2020-01-08;House;walk;;;;
309;466;2023-12-17;3911;Bell;2020-02-29;Hot;computer;;;;
309;506;2020-07-11;3034;Bell;2020-07-11;Joy;found;;;;
309;521;2020-03-14;331;Bell;2020-03-14;Trailer;two;;;;
309;559;2020-01-16;3417;Bell;2020-01-16;Where;interview;;;;
309;571;2021-09-10;566;Bell;2020-09-07;Task;kick;;;;
309;639;2025-06-15;387;Bell;2021-07-23;Policy;into;;;;
309;655;2025-02-06;1688;Bell;2021-04-23;Billion;subject;;;;
309;666;2021-06-30;4187;Bell;2021-06-30;Tide;wave;;;;
309;696;2023-07-03;1082;Bell;2020-08-31;Fight;into;;;;
309;705;2021-10-03;4457;Bell;2020-01-16;North;door;;;;
309;711;2021-05-07;4415;Bell;2021-04-21;Naught;necessary;;;;
309;720;2020-11-02;2806;Bell;2020-09-10;Rock;woman;;;;
309;769;2024-10-08;2229;Bell;2020-01-23;Horse;chives;;;;
309;812;2020-06-07;2150;Bell;2020-03-20;Elementary;appeal;;;;
309;828;2023-09-08;1416;Bell;2021-01-27;Above;five;;;;
309;866;2020-11-02;4099;Bell;2020-08-31;Factor;physical;;;;
309;892;2023-07-17;4852;Bell;2020-07-15;Unexpect;inject;;;;
309;897;2020-05-26;1504;Bell;2020-05-26;Harm;hairdress;;;;
310;105;2024-02-09;2004;Pearson and Sons;2020-04-02;Same;nation;;;;
310;283;2022-12-04;2153;Pearson and Sons;2020-03-26;Nature;rise;;;;
310;324;2024-12-12;133;Pearson and Sons;2020-04-11;Daughter;radio;;;;
310;364;2025-12-19;4933;Pearson and Sons;2020-05-25;Despite;church;;;;
310;433;2023-05-22;847;Pearson and Sons;2020-10-23;Daydreams;best;;;;
310;506;2024-06-30;4852;Pearson and Sons;2020-07-11;Joy;found;;;;
310;558;2025-05-05;3473;Pearson and Sons;2020-02-12;Prepare;wish;;;;
310;598;2021-04-15;1218;Pearson and Sons;2020-05-29;Value;key;;;;
310;648;2026-01-24;371;Pearson and Sons;2020-03-13;Fish;high;;;;
310;705;2025-10-10;708;Pearson and Sons;2020-01-16;North;door;;;;
310;711;2021-04-21;1139;Pearson and Sons;2021-04-21;Naught;necessary;;;;
310;876;2021-01-29;2529;Pearson and Sons;2020-08-12;In;ever;;;;
310;906;2025-09-05;4160;Pearson and Sons;2020-08-26;Third;newspaper;;;;
310;934;2021-02-18;209;Pearson and Sons;2021-01-08;itenerant;situationary;;;;
310;947;2020-06-13;1797;Pearson and Sons;2020-06-13;Quite;last;;;;
311;58;2022-10-11;386;Bryan-Lee;2020-02-10;Sing;song;;;;
311;230;2026-01-16;1091;Bryan-Lee;2020-07-26;That;there;;;;
311;284;2025-02-23;2082;Bryan-Lee;2023-03-10;Safe;hotel;;;;
311;287;2020-09-07;1470;Bryan-Lee;2020-05-28;Budget;understand;;;;
311;294;2021-03-27;4024;Bryan-Lee;2020-01-01;Ring;rink;;;;
311;296;2024-03-21;1399;Bryan-Lee;2022-02-08;Pass;safe;;;;
311;357;2021-01-21;3218;Bryan-Lee;2020-02-03;Point;laser;;;;
311;390;2025-06-02;2302;Bryan-Lee;2020-02-25;Mind;information;;;;
311;436;2020-08-07;3781;Bryan-Lee;2020-05-13;Whatever;every;;;;
311;497;2021-05-21;491;Bryan-Lee;2020-07-16;All;nature;;;;
311;511;2022-05-05;2947;Bryan-Lee;2020-07-07;Either;much;;;;
311;591;2022-10-07;1329;Bryan-Lee;2022-02-23;Are;imagine;;;;
311;715;2023-11-06;842;Bryan-Lee;2020-07-06;Walk;ahead;;;;
311;719;2024-01-16;1545;Bryan-Lee;2022-04-22;Bud;nit;;;;
311;723;2022-04-09;3247;Bryan-Lee;2020-02-05;Take;above;;;;
311;789;2023-11-17;4017;Bryan-Lee;2020-04-07;Dinner;upon;;;;
311;792;2021-12-02;2901;Bryan-Lee;2020-04-25;Municipal;proper;;;;
311;797;2020-11-04;929;Bryan-Lee;2020-01-07;Quickly;top;;;;
311;899;2024-06-20;4497;Bryan-Lee;2020-03-13;Fine;hundred;;;;
311;967;2022-02-27;291;Bryan-Lee;2022-02-27;Last;enough;;;;
311;969;2021-08-21;210;Bryan-Lee;2020-02-10;Request;Pedestrian;;;;
312;29;2022-04-24;3667;Dickerson PLC;2020-02-10;Film;action;171;black;101;Renaissance
312;59;2024-02-01;1131;Dickerson PLC;2020-01-07;Reason;than;171;black;101;Renaissance
312;71;2021-02-12;1831;Dickerson PLC;2020-04-04;Bank;standard;171;black;101;Renaissance
312;88;2021-11-14;2847;Dickerson PLC;2020-05-31;Else;goal;171;black;101;Renaissance
312;97;2022-08-07;2895;Dickerson PLC;2020-03-31;Edge;use;171;black;101;Renaissance
312;111;2020-04-27;395;Dickerson PLC;2020-04-25;Empty;forgotten;171;black;101;Renaissance
312;149;2022-07-25;4063;Dickerson PLC;2020-04-16;Perform;these;171;black;101;Renaissance
312;151;2025-02-19;1564;Dickerson PLC;2020-09-14;Risk;picture;171;black;101;Renaissance
312;289;2021-01-09;2538;Dickerson PLC;2020-07-22;Action;very;171;black;101;Renaissance
312;324;2020-04-11;3282;Dickerson PLC;2020-04-11;Daughter;radio;171;black;101;Renaissance
312;379;2025-12-08;4843;Dickerson PLC;2020-01-31;Learn;husband;171;black;101;Renaissance
312;476;2021-09-23;2504;Dickerson PLC;2021-01-19;Salvator;limosine;171;black;101;Renaissance
312;521;2023-10-26;995;Dickerson PLC;2020-03-14;Trailer;two;171;black;101;Renaissance
312;561;2024-11-14;770;Dickerson PLC;2021-04-14;Splinter;winter;171;black;101;Renaissance
312;564;2023-02-25;3992;Dickerson PLC;2020-08-16;Contain;force;171;black;101;Renaissance
312;598;2024-11-10;2896;Dickerson PLC;2020-05-29;Value;key;171;black;101;Renaissance
312;613;2022-01-24;4140;Dickerson PLC;2021-07-31;Hear;body;171;black;101;Renaissance
312;695;2020-08-13;3929;Dickerson PLC;2020-01-12;Fly;flight;171;black;101;Renaissance
312;796;2026-01-31;2019;Dickerson PLC;2020-03-20;Vanish;varnish;171;black;101;Renaissance
312;853;2025-11-17;3546;Dickerson PLC;2020-03-17;Office;eye;171;black;101;Renaissance
312;1000;2025-01-25;1529;Dickerson PLC;2020-05-09;Behavior;offer;171;black;101;Renaissance
313;21;2021-04-06;1652;Proctor and Sons;2020-03-25;Charter;carter ;66;medical;101;Renaissance
313;39;2024-04-08;1687;Proctor and Sons;2020-02-27;Amaze;rock;66;medical;101;Renaissance
313;76;2025-09-03;3576;Proctor and Sons;2020-05-12;Rest;would;66;medical;101;Renaissance
313;139;2025-07-24;1714;Proctor and Sons;2020-06-11;Myself;bag;66;medical;101;Renaissance
313;153;2024-09-24;4184;Proctor and Sons;2020-03-14;What;out;66;medical;101;Renaissance
313;163;2023-08-07;3466;Proctor and Sons;2020-03-04;Treat;majority;66;medical;101;Renaissance
313;326;2026-01-23;411;Proctor and Sons;2020-01-31;Hot;film;66;medical;101;Renaissance
313;342;2020-10-20;1509;Proctor and Sons;2020-09-09;Words;argon;66;medical;101;Renaissance
313;490;2021-03-27;833;Proctor and Sons;2021-03-27;Road;campaign;66;medical;101;Renaissance
313;500;2021-09-30;646;Proctor and Sons;2020-08-31;Event;help;66;medical;101;Renaissance
313;511;2023-10-23;370;Proctor and Sons;2020-07-07;Either;much;66;medical;101;Renaissance
313;543;2021-10-02;754;Proctor and Sons;2020-01-03;Rule;lay;66;medical;101;Renaissance
313;578;2025-04-20;814;Proctor and Sons;2020-03-10;Stomp;techno;66;medical;101;Renaissance
313;661;2025-12-13;2347;Proctor and Sons;2020-01-27;Power;cut;66;medical;101;Renaissance
313;664;2023-11-22;823;Proctor and Sons;2020-03-01;Yes;keep;66;medical;101;Renaissance
313;690;2022-05-25;1789;Proctor and Sons;2020-02-28;South;attention;66;medical;101;Renaissance
313;779;2020-05-19;3472;Proctor and Sons;2020-02-13;Whole;street;66;medical;101;Renaissance
313;783;2023-06-19;4509;Proctor and Sons;2020-06-06;Withered;class;66;medical;101;Renaissance
313;785;2022-09-27;2804;Proctor and Sons;2020-05-28;Entire;close;66;medical;101;Renaissance
313;815;2024-12-14;934;Proctor and Sons;2020-10-18;Brush;tool;66;medical;101;Renaissance
313;820;2023-11-27;1341;Proctor and Sons;2020-03-16;Red;probably;66;medical;101;Renaissance
313;865;2025-06-21;635;Proctor and Sons;2020-05-12;That;with;66;medical;101;Renaissance
313;943;2022-05-02;1450;Proctor and Sons;2020-03-20;Culture;goal;66;medical;101;Renaissance
314;74;2025-03-15;2016;Myers-Lee;2021-11-19;Federal;forward;;;;
314;148;2024-11-22;830;Myers-Lee;2020-01-12;Pm;successful;;;;
314;192;2024-06-08;645;Myers-Lee;2020-10-17;Doctrine;equality;;;;
314;226;2024-03-19;4973;Myers-Lee;2020-04-30;Buy;share;;;;
314;420;2024-10-28;1017;Myers-Lee;2021-08-25;With;you;;;;
314;439;2020-01-06;4456;Myers-Lee;2020-01-06;Financial;east;;;;
314;448;2024-08-30;3920;Myers-Lee;2022-07-23;Morning;I;;;;
314;454;2020-02-12;928;Myers-Lee;2020-02-12;Stock;responsibility;;;;
314;505;2024-11-18;1349;Myers-Lee;2020-01-31;Raise;them;;;;
314;508;2020-12-13;2759;Myers-Lee;2020-12-12;Daughter;board;;;;
314;596;2023-11-08;1609;Myers-Lee;2022-10-03;Wheat;cereal;;;;
314;629;2024-12-17;2846;Myers-Lee;2020-05-12;Implant;glitch;;;;
314;758;2025-10-25;1491;Myers-Lee;2021-01-16;Tape;chesnut;;;;
314;820;2022-03-28;1508;Myers-Lee;2020-03-16;Red;probably;;;;
314;866;2020-10-23;365;Myers-Lee;2020-08-31;Factor;physical;;;;
314;872;2022-02-16;3682;Myers-Lee;2021-01-01;Fitting;sheet;;;;
314;927;2022-11-07;475;Myers-Lee;2020-03-02;English;imaginable;;;;
315;1;2024-06-25;3080;Cole;2020-01-02;Voyeur;sneak;;;;
315;30;2020-06-10;2582;Cole;2020-03-15;Conference;product;;;;
315;157;2024-01-12;1444;Cole;2020-03-03;Receive;eccentric;;;;
315;165;2025-11-22;480;Cole;2020-09-22;Flat;inform;;;;
315;172;2025-10-25;2676;Cole;2021-04-16;Turn;war;;;;
315;254;2021-12-13;404;Cole;2021-12-13;Human;because;;;;
315;335;2020-08-18;1084;Cole;2020-03-03;Construct;tennis;;;;
315;516;2022-10-11;3090;Cole;2021-03-26;Worker;own;;;;
315;525;2023-02-06;4120;Cole;2020-04-15;Guess;shady;;;;
315;532;2022-07-09;3675;Cole;2020-11-23;Time;town;;;;
315;533;2020-11-12;2441;Cole;2020-06-04;Reality;drop;;;;
315;599;2022-07-27;3641;Cole;2020-11-20;Population;use;;;;
315;604;2020-06-23;3272;Cole;2020-02-11;Noise;noticing;;;;
315;617;2025-08-28;3563;Cole;2020-02-25;Run;sold;;;;
315;701;2022-03-06;4149;Cole;2020-11-15;Minute;hour;;;;
315;764;2024-01-22;4634;Cole;2020-08-04;Laugh;send;;;;
315;793;2025-10-10;998;Cole;2022-08-05;Laugh;far;;;;
315;933;2025-09-12;3940;Cole;2020-08-21;Party;success;;;;
316;40;2024-07-30;1303;Phillips-Baker;2022-01-04;Speech;generation;;;;
316;77;2022-03-09;2400;Phillips-Baker;2020-01-29;Help;together;;;;
316;89;2020-04-08;4158;Phillips-Baker;2020-04-08;Involve;term;;;;
316;145;2021-08-03;2046;Phillips-Baker;2020-12-29;Bag;character;;;;
316;211;2022-08-14;1393;Phillips-Baker;2021-07-05;Wholly;pull;;;;
316;304;2021-10-23;4078;Phillips-Baker;2021-07-11;Forth;settle;;;;
316;371;2024-03-04;1026;Phillips-Baker;2020-09-19;South;return;;;;
316;432;2023-01-26;3162;Phillips-Baker;2020-03-28;Reality;dip;;;;
316;516;2026-02-09;1905;Phillips-Baker;2021-03-26;Worker;own;;;;
316;545;2025-05-27;3378;Phillips-Baker;2020-03-03;Yes;plant;;;;
316;548;2023-08-08;4889;Phillips-Baker;2020-03-31;Cooperate;operate;;;;
316;570;2020-06-05;3629;Phillips-Baker;2020-06-05;Rather;professional;;;;
316;577;2024-08-09;1988;Phillips-Baker;2021-06-10;Strong;seek;;;;
316;679;2024-02-19;4807;Phillips-Baker;2020-04-27;Word;hard;;;;
316;719;2022-04-22;2707;Phillips-Baker;2022-04-22;Bud;nit;;;;
316;750;2024-04-22;391;Phillips-Baker;2020-05-08;Commons;calculator;;;;
316;761;2020-08-01;3604;Phillips-Baker;2020-01-26;Company;age;;;;
316;775;2024-01-02;3973;Phillips-Baker;2021-12-27;No;end;;;;
316;999;2024-04-04;322;Phillips-Baker;2021-01-17;Public;late;;;;
317;99;2022-08-15;305;Harris;2021-04-01;Stuff;by;;;;
317;161;2021-12-21;2182;Harris;2020-02-01;Have;party;;;;
317;210;2025-04-26;4439;Harris;2022-01-08;Stage;they;;;;
317;215;2024-01-19;3436;Harris;2020-01-05;Outmatch;progression;;;;
317;341;2025-10-05;2265;Harris;2020-03-02;Aquarius;signal;;;;
317;382;2021-08-11;2718;Harris;2020-05-10;Frog;animal;;;;
317;423;2021-04-29;3180;Harris;2020-10-08;Arabella;interstellar;;;;
317;423;2020-10-08;2844;Harris;2020-10-08;Arabella;interstellar;;;;
317;444;2021-11-22;630;Harris;2020-03-12;Development;despite;;;;
317;492;2022-06-04;4558;Harris;2020-04-01;Staff;treatment;;;;
317;543;2025-09-14;4634;Harris;2020-01-03;Rule;lay;;;;
317;613;2022-03-11;1463;Harris;2021-07-31;Hear;body;;;;
317;673;2024-01-13;2415;Harris;2021-08-18;If;need;;;;
317;694;2024-09-07;3145;Harris;2020-01-21;Concern;west;;;;
317;738;2022-05-28;686;Harris;2020-02-26;Crime;country;;;;
317;739;2022-09-01;961;Harris;2020-04-01;Pull;beautiful;;;;
317;800;2024-01-29;3910;Harris;2020-02-20;Focus;check;;;;
317;856;2022-12-02;4127;Harris;2020-03-23;Likely;city;;;;
317;879;2020-04-26;3668;Harris;2020-04-26;Interesting;board;;;;
317;1000;2022-07-04;4046;Harris;2020-05-09;Behavior;offer;;;;
318;57;2020-03-12;1837;Adams-Mckinney;2020-03-12;Father;road;;;;
318;100;2024-06-10;1543;Adams-Mckinney;2020-04-15;Best;center;;;;
318;100;2022-11-29;4760;Adams-Mckinney;2020-04-15;Best;center;;;;
318;127;2025-06-28;3599;Adams-Mckinney;2020-08-14;Wait;show;;;;
318;144;2022-03-21;3267;Adams-Mckinney;2020-12-11;Champagne;store;;;;
318;252;2023-02-17;1605;Adams-Mckinney;2021-10-16;Clear;clearly;;;;
318;353;2023-09-23;1356;Adams-Mckinney;2020-05-01;Kitchen;sign;;;;
318;394;2022-11-10;3022;Adams-Mckinney;2021-12-21;My;contain;;;;
318;402;2020-12-21;2394;Adams-Mckinney;2020-02-05;Throughout;end;;;;
318;403;2023-04-08;1657;Adams-Mckinney;2020-01-30;Goal;interest;;;;
318;403;2023-06-04;3221;Adams-Mckinney;2020-01-30;Goal;interest;;;;
318;405;2024-12-15;556;Adams-Mckinney;2020-06-22;Time;sing;;;;
318;415;2025-12-22;1216;Adams-Mckinney;2020-05-18;I;want;;;;
318;436;2021-09-09;1664;Adams-Mckinney;2020-05-13;Whatever;every;;;;
318;478;2026-01-19;4209;Adams-Mckinney;2020-03-16;Common;cold;;;;
318;490;2024-05-28;1763;Adams-Mckinney;2021-03-27;Road;campaign;;;;
318;603;2024-02-06;2867;Adams-Mckinney;2020-06-05;Golf;racket;;;;
318;647;2023-11-06;4696;Adams-Mckinney;2020-01-05;Maintain;coach;;;;
318;731;2023-11-15;3183;Adams-Mckinney;2020-04-29;High;central;;;;
318;781;2022-02-08;1196;Adams-Mckinney;2020-08-12;Wife;sure;;;;
318;802;2023-05-18;3933;Adams-Mckinney;2020-02-18;Hard;cost;;;;
318;902;2020-02-27;2460;Adams-Mckinney;2020-02-27;Eat;happy;;;;
318;982;2022-05-18;3248;Adams-Mckinney;2021-01-25;Operation;time;;;;
319;3;2025-05-28;1883;Kelley;2021-07-24;Unit;film;;;;
319;44;2021-07-30;3595;Kelley;2020-09-26;Sound;far;;;;
319;78;2022-05-04;1730;Kelley;2020-01-18;Sky;standard;;;;
319;93;2021-04-27;4296;Kelley;2021-04-27;Painting;away;;;;
319;248;2025-05-05;1587;Kelley;2020-09-04;Landslip;landslide;;;;
319;350;2025-07-17;622;Kelley;2021-01-08;Represent;example;;;;
319;411;2023-04-04;3131;Kelley;2020-07-28;Board;ground;;;;
319;418;2025-11-13;1762;Kelley;2021-05-03;Method;civil;;;;
319;562;2021-12-30;1035;Kelley;2020-01-22;Nest;test;;;;
319;571;2023-06-23;4822;Kelley;2020-09-07;Task;kick;;;;
319;592;2021-05-23;3975;Kelley;2021-03-03;Teacher;themselves;;;;
319;626;2021-03-24;1355;Kelley;2020-07-09;Sign;voice;;;;
319;727;2020-12-15;3431;Kelley;2020-08-01;Allow;peace;;;;
319;836;2026-01-07;3262;Kelley;2020-10-23;Benefit;accept;;;;
319;915;2025-09-05;160;Kelley;2020-03-02;But;forget;;;;
319;922;2020-04-29;1444;Kelley;2020-04-29;Price;threat;;;;
320;178;2020-01-30;478;French;2020-01-30;Animal;huge;;;;
320;206;2020-08-05;3335;French;2020-01-25;He;main;;;;
320;212;2023-08-28;3765;French;2020-03-04;Outline;outrun;;;;
320;276;2022-09-20;1752;French;2020-01-08;Chair;design;;;;
320;291;2024-06-11;596;French;2020-11-20;Customer;set;;;;
320;294;2023-08-27;939;French;2020-01-01;Ring;rink;;;;
320;305;2024-07-13;371;French;2023-07-25;Despite;protect;;;;
320;327;2020-11-12;1127;French;2020-11-12;Image;style;;;;
320;403;2023-01-02;2466;French;2020-01-30;Goal;interest;;;;
320;474;2025-05-12;2500;French;2020-09-07;On;eyes;;;;
320;501;2022-06-06;656;French;2021-04-20;Avoid;approach;;;;
320;528;2022-10-20;1501;French;2021-03-23;Created;monster;;;;
320;605;2023-08-21;3807;French;2020-03-30;Automation;automatic;;;;
320;633;2021-06-21;3660;French;2020-02-29;Check;reach;;;;
320;647;2023-09-22;3865;French;2020-01-05;Maintain;coach;;;;
320;671;2021-07-25;4277;French;2020-01-20;Bloom;flow;;;;
320;805;2024-08-21;1548;French;2022-06-12;Begin;company;;;;
320;855;2021-08-27;2605;French;2021-08-27;Five;Crime;;;;
320;879;2023-12-07;3009;French;2020-04-26;Interesting;board;;;;
320;936;2024-12-03;216;French;2020-02-02;Reaction;fire;;;;
320;972;2023-03-24;2167;French;2020-02-14;Snoop;liner;;;;
321;31;2022-09-22;1769;Wang-Young;2020-08-31;Health;respond;170;like;366;Development and Cultural Studies
321;32;2025-05-03;2544;Wang-Young;2022-01-20;Event;continue;170;like;366;Development and Cultural Studies
321;42;2025-07-08;3450;Wang-Young;2020-10-01;Light;free;170;like;366;Development and Cultural Studies
321;66;2025-01-15;335;Wang-Young;2021-03-17;Sister;door;170;like;366;Development and Cultural Studies
321;89;2020-09-02;438;Wang-Young;2020-04-08;Involve;term;170;like;366;Development and Cultural Studies
321;269;2020-03-02;3768;Wang-Young;2020-03-02;But;leg;170;like;366;Development and Cultural Studies
321;274;2024-10-15;2356;Wang-Young;2020-01-12;Mantelpiece;march;170;like;366;Development and Cultural Studies
321;278;2025-05-02;3620;Wang-Young;2020-03-01;Permian;perky;170;like;366;Development and Cultural Studies
321;385;2023-10-01;3945;Wang-Young;2020-02-23;Knowledge;at;170;like;366;Development and Cultural Studies
321;410;2024-06-13;4069;Wang-Young;2020-04-10;Evening;throughout;170;like;366;Development and Cultural Studies
321;585;2022-01-18;149;Wang-Young;2020-06-21;Opportunity;ok;170;like;366;Development and Cultural Studies
321;601;2022-02-07;584;Wang-Young;2022-02-07;Everybody;world;170;like;366;Development and Cultural Studies
321;609;2022-05-06;4317;Wang-Young;2021-04-24;Specific;move;170;like;366;Development and Cultural Studies
321;655;2024-08-08;4702;Wang-Young;2021-04-23;Billion;subject;170;like;366;Development and Cultural Studies
321;705;2023-04-30;4193;Wang-Young;2020-01-16;North;door;170;like;366;Development and Cultural Studies
321;844;2022-03-30;4199;Wang-Young;2020-09-24;Statement;benefit;170;like;366;Development and Cultural Studies
321;847;2023-03-04;4188;Wang-Young;2020-01-20;No;wall;170;like;366;Development and Cultural Studies
321;859;2020-02-12;1910;Wang-Young;2020-02-12;Teach;should;170;like;366;Development and Cultural Studies
321;872;2021-01-01;1349;Wang-Young;2021-01-01;Fitting;sheet;170;like;366;Development and Cultural Studies
321;940;2022-04-15;3022;Wang-Young;2020-08-08;Natural;wind;170;like;366;Development and Cultural Studies
321;975;2020-01-07;2193;Wang-Young;2020-01-07;For;rather;170;like;366;Development and Cultural Studies
321;988;2024-07-07;2962;Wang-Young;2020-03-22;Eyelash;blink;170;like;366;Development and Cultural Studies
322;104;2021-10-15;703;Jones;2020-07-07;Concern;stay;;;;
322;148;2020-01-12;2378;Jones;2020-01-12;Pm;successful;;;;
322;225;2025-01-05;1450;Jones;2020-01-30;Book;quality;;;;
322;226;2022-01-13;2896;Jones;2020-04-30;Buy;share;;;;
322;234;2025-10-16;3907;Jones;2020-05-19;Administration;arm;;;;
322;249;2022-10-07;3165;Jones;2020-05-25;Member;skin;;;;
322;261;2024-08-06;1539;Jones;2020-02-02;Marathon;mark;;;;
322;360;2024-03-04;4874;Jones;2020-03-20;Question;walk;;;;
322;525;2025-03-01;2551;Jones;2020-04-15;Guess;shady;;;;
322;628;2023-03-29;2970;Jones;2020-01-13;Policy;often;;;;
322;714;2023-03-22;4562;Jones;2020-04-21;Standard;ahead;;;;
322;738;2024-11-08;4779;Jones;2020-02-26;Crime;country;;;;
322;760;2021-04-09;1150;Jones;2020-04-06;True;card;;;;
322;819;2024-04-23;1306;Jones;2020-11-20;Former;involve;;;;
322;844;2021-02-20;4021;Jones;2020-09-24;Statement;benefit;;;;
322;850;2025-07-28;4940;Jones;2020-02-04;Four;travel;;;;
322;859;2023-08-18;694;Jones;2020-02-12;Teach;should;;;;
322;860;2021-10-16;3565;Jones;2020-04-07;Push;yard;;;;
322;861;2021-08-17;3391;Jones;2020-01-12;Safe;every;;;;
322;873;2022-12-03;2705;Jones;2021-01-18;Into;ask;;;;
322;879;2020-12-12;172;Jones;2020-04-26;Interesting;board;;;;
322;986;2022-09-12;1896;Jones;2020-04-10;Appear;career;;;;
323;31;2022-03-10;4599;Chambers;2020-08-31;Health;respond;;;;
323;54;2022-07-18;1219;Chambers;2020-05-25;Garden;tool;;;;
323;147;2025-03-08;1964;Chambers;2020-01-24;Echo;chamber;;;;
323;213;2022-06-18;4450;Chambers;2020-11-06;Yet;product;;;;
323;357;2020-12-01;944;Chambers;2020-02-03;Point;laser;;;;
323;389;2022-12-15;4770;Chambers;2021-01-15;Where;house;;;;
323;397;2024-03-04;1510;Chambers;2020-09-11;Snake;november;;;;
323;460;2023-04-27;560;Chambers;2020-04-02;For;reach;;;;
323;470;2023-03-18;2715;Chambers;2020-09-07;Red;against;;;;
323;650;2025-08-28;3847;Chambers;2020-05-07;Perform;entire;;;;
323;740;2025-07-13;4017;Chambers;2020-05-18;Side;ok;;;;
323;745;2025-12-10;3557;Chambers;2020-01-14;But;song;;;;
323;755;2021-04-23;2166;Chambers;2020-01-22;Hand;without;;;;
323;769;2025-04-22;3848;Chambers;2020-01-23;Horse;chives;;;;
323;798;2025-10-07;2484;Chambers;2021-08-11;Cruel;goofy;;;;
323;896;2023-04-04;373;Chambers;2020-01-15;Inhibit;innocuous;;;;
323;971;2022-10-07;929;Chambers;2021-02-05;Complete;final;;;;
324;50;2020-07-02;4186;Gonzalez-Pope;2020-01-01;Book;difference;;;;
324;128;2021-04-26;1803;Gonzalez-Pope;2020-10-03;Hour;out;;;;
324;227;2020-11-21;1728;Gonzalez-Pope;2020-11-21;Ok;air;;;;
324;231;2020-12-17;1806;Gonzalez-Pope;2020-12-17;Biceps;bicker;;;;
324;324;2026-01-24;4229;Gonzalez-Pope;2020-04-11;Daughter;radio;;;;
324;330;2025-07-10;3823;Gonzalez-Pope;2020-03-07;Out;character;;;;
324;361;2022-01-13;3420;Gonzalez-Pope;2020-04-13;Staff;radio;;;;
324;366;2024-10-10;3759;Gonzalez-Pope;2022-06-03;Eye;Mrs;;;;
324;491;2023-08-01;3835;Gonzalez-Pope;2020-02-14;Year;ask;;;;
324;523;2023-03-07;1308;Gonzalez-Pope;2020-03-19;Base;remember;;;;
324;550;2022-07-16;2874;Gonzalez-Pope;2020-04-24;See;empty;;;;
324;644;2023-12-08;4378;Gonzalez-Pope;2020-11-30;Round;sword;;;;
324;645;2025-11-05;1985;Gonzalez-Pope;2020-04-29;Floret;arsenic;;;;
324;670;2020-08-21;3928;Gonzalez-Pope;2020-03-01;Yellow;dress;;;;
324;673;2024-08-25;4685;Gonzalez-Pope;2021-08-18;If;need;;;;
324;679;2021-07-09;878;Gonzalez-Pope;2020-04-27;Word;hard;;;;
324;808;2025-01-01;3515;Gonzalez-Pope;2020-03-21;Ahead;whose;;;;
324;881;2021-08-28;4993;Gonzalez-Pope;2020-12-13;Tendril;gossip;;;;
324;892;2023-03-26;1293;Gonzalez-Pope;2020-07-15;Unexpect;inject;;;;
324;909;2022-08-28;309;Gonzalez-Pope;2020-07-16;At;various;;;;
324;965;2026-01-17;4900;Gonzalez-Pope;2020-02-24;Priest;wage;;;;
324;971;2023-03-21;1164;Gonzalez-Pope;2021-02-05;Complete;final;;;;
325;84;2022-11-02;316;Singh Ltd;2020-07-16;She;marriage;63;always;79;Impressionism
325;84;2022-11-02;316;Singh Ltd;2020-07-16;She;marriage;57;dinner;366;Development and Cultural Studies
325;110;2021-01-27;3724;Singh Ltd;2020-02-27;Thus;heavy;63;always;79;Impressionism
325;110;2021-01-27;3724;Singh Ltd;2020-02-27;Thus;heavy;57;dinner;366;Development and Cultural Studies
325;139;2020-06-11;1612;Singh Ltd;2020-06-11;Myself;bag;63;always;79;Impressionism
325;139;2020-06-11;1612;Singh Ltd;2020-06-11;Myself;bag;57;dinner;366;Development and Cultural Studies
325;142;2025-04-29;4353;Singh Ltd;2020-03-16;Analysis;evidence;63;always;79;Impressionism
325;142;2025-04-29;4353;Singh Ltd;2020-03-16;Analysis;evidence;57;dinner;366;Development and Cultural Studies
325;173;2023-05-01;3398;Singh Ltd;2020-03-14;Entrail;dart;63;always;79;Impressionism
325;173;2023-05-01;3398;Singh Ltd;2020-03-14;Entrail;dart;57;dinner;366;Development and Cultural Studies
325;211;2025-01-18;1423;Singh Ltd;2021-07-05;Wholly;pull;63;always;79;Impressionism
325;211;2025-01-18;1423;Singh Ltd;2021-07-05;Wholly;pull;57;dinner;366;Development and Cultural Studies
325;236;2020-01-26;4404;Singh Ltd;2020-01-26;Equestrian;implausible;63;always;79;Impressionism
325;236;2020-01-26;4404;Singh Ltd;2020-01-26;Equestrian;implausible;57;dinner;366;Development and Cultural Studies
325;275;2022-11-06;317;Singh Ltd;2020-04-19;June;mar;63;always;79;Impressionism
325;275;2022-11-06;317;Singh Ltd;2020-04-19;June;mar;57;dinner;366;Development and Cultural Studies
325;319;2021-01-12;2673;Singh Ltd;2020-03-15;Behavior;occur;63;always;79;Impressionism
325;319;2021-01-12;2673;Singh Ltd;2020-03-15;Behavior;occur;57;dinner;366;Development and Cultural Studies
325;348;2020-12-21;4772;Singh Ltd;2020-02-19;Almost;fine;63;always;79;Impressionism
325;348;2020-12-21;4772;Singh Ltd;2020-02-19;Almost;fine;57;dinner;366;Development and Cultural Studies
325;537;2025-02-02;471;Singh Ltd;2020-04-07;Cost;outside;63;always;79;Impressionism
325;537;2025-02-02;471;Singh Ltd;2020-04-07;Cost;outside;57;dinner;366;Development and Cultural Studies
325;555;2024-06-26;4061;Singh Ltd;2020-02-10;Hellium;elvis;63;always;79;Impressionism
325;555;2024-06-26;4061;Singh Ltd;2020-02-10;Hellium;elvis;57;dinner;366;Development and Cultural Studies
325;645;2025-11-21;3241;Singh Ltd;2020-04-29;Floret;arsenic;63;always;79;Impressionism
325;645;2025-11-21;3241;Singh Ltd;2020-04-29;Floret;arsenic;57;dinner;366;Development and Cultural Studies
325;888;2022-03-27;2523;Singh Ltd;2020-04-03;History;appear;63;always;79;Impressionism
325;888;2022-03-27;2523;Singh Ltd;2020-04-03;History;appear;57;dinner;366;Development and Cultural Studies
325;893;2022-08-04;2286;Singh Ltd;2020-04-08;Officer;maintain;63;always;79;Impressionism
325;893;2022-08-04;2286;Singh Ltd;2020-04-08;Officer;maintain;57;dinner;366;Development and Cultural Studies
326;8;2024-10-05;495;Rose;2020-03-22;White;build;;;;
326;31;2021-02-28;4273;Rose;2020-08-31;Health;respond;;;;
326;54;2025-02-23;4564;Rose;2020-05-25;Garden;tool;;;;
326;57;2022-07-06;3303;Rose;2020-03-12;Father;road;;;;
326;92;2020-11-30;4939;Rose;2020-07-07;Read;fly;;;;
326;189;2024-09-26;4520;Rose;2020-11-11;Toward;station;;;;
326;273;2024-10-02;1863;Rose;2020-01-13;Doctor;admit;;;;
326;339;2021-05-11;1879;Rose;2020-03-27;Slam;pad;;;;
326;362;2022-06-23;3169;Rose;2020-02-13;Memory;late;;;;
326;410;2023-11-09;1348;Rose;2020-04-10;Evening;throughout;;;;
326;449;2023-12-26;3658;Rose;2020-01-03;Get;to;;;;
326;470;2023-12-07;4495;Rose;2020-09-07;Red;against;;;;
326;523;2023-02-02;4719;Rose;2020-03-19;Base;remember;;;;
326;544;2021-08-29;943;Rose;2020-09-24;He;two;;;;
326;628;2020-02-06;2680;Rose;2020-01-13;Policy;often;;;;
326;652;2025-03-11;3012;Rose;2020-02-18;School;public;;;;
326;662;2024-05-07;2731;Rose;2020-12-20;Learnt;leash;;;;
326;671;2020-08-19;972;Rose;2020-01-20;Bloom;flow;;;;
326;676;2024-03-16;687;Rose;2020-12-11;Manage;same;;;;
326;692;2026-01-18;4977;Rose;2020-12-12;Street;walk;;;;
326;725;2024-04-02;4367;Rose;2020-05-22;Opera;brandy;;;;
326;807;2023-05-24;3311;Rose;2020-06-05;Annoyance;disgrace;;;;
326;855;2023-12-26;1345;Rose;2021-08-27;Five;Crime;;;;
326;864;2025-09-04;3454;Rose;2020-07-03;Amount;show;;;;
326;920;2024-05-19;4145;Rose;2020-05-05;Issue;suffer;;;;
326;952;2023-03-17;1943;Rose;2021-01-08;Fire;another;;;;
327;53;2023-04-19;1476;Moore Ltd;2021-11-29;Become;themselves;;;;
327;56;2022-04-14;4000;Moore Ltd;2020-02-28;Moon;light;;;;
327;64;2023-07-08;3441;Moore Ltd;2020-12-06;Red;information;;;;
327;142;2022-06-10;2844;Moore Ltd;2020-03-16;Analysis;evidence;;;;
327;305;2023-07-25;4389;Moore Ltd;2023-07-25;Despite;protect;;;;
327;328;2024-10-13;3919;Moore Ltd;2020-03-03;Painting;laugh;;;;
327;484;2021-05-14;2438;Moore Ltd;2020-03-25;Maybe;possible;;;;
327;533;2025-03-23;934;Moore Ltd;2020-06-04;Reality;drop;;;;
327;535;2023-12-24;2515;Moore Ltd;2020-04-05;Feeling;red;;;;
327;577;2022-07-16;1685;Moore Ltd;2021-06-10;Strong;seek;;;;
327;584;2024-05-29;591;Moore Ltd;2020-03-25;Fish;sea;;;;
327;630;2023-06-02;4360;Moore Ltd;2020-07-09;Glass;landlord;;;;
327;657;2020-03-18;633;Moore Ltd;2020-01-16;Will;pay;;;;
327;666;2024-05-24;4007;Moore Ltd;2021-06-30;Tide;wave;;;;
327;668;2023-06-02;3307;Moore Ltd;2020-08-17;League;marquis;;;;
327;673;2025-09-26;4303;Moore Ltd;2021-08-18;If;need;;;;
327;689;2022-05-21;4385;Moore Ltd;2020-07-29;Growth;sport;;;;
327;694;2020-08-01;469;Moore Ltd;2020-01-21;Concern;west;;;;
327;718;2022-03-11;2755;Moore Ltd;2021-04-23;Partner;ball;;;;
327;765;2021-08-16;3505;Moore Ltd;2020-11-08;Song;anyone;;;;
327;814;2021-08-05;4510;Moore Ltd;2020-05-03;Thrill;proud;;;;
327;943;2020-03-20;2723;Moore Ltd;2020-03-20;Culture;goal;;;;
327;976;2020-09-07;1648;Moore Ltd;2020-01-12;Bash;git;;;;
327;985;2022-05-21;1516;Moore Ltd;2021-08-25;Detail;speech;;;;
327;996;2022-04-23;3211;Moore Ltd;2020-05-13;Why;cover;;;;
328;17;2022-08-17;889;Delgado;2020-01-19;Elder;deletion;;;;
328;52;2024-08-27;4836;Delgado;2020-01-05;Mary;jane;;;;
328;78;2020-08-28;4286;Delgado;2020-01-18;Sky;standard;;;;
328;145;2020-12-29;4627;Delgado;2020-12-29;Bag;character;;;;
328;163;2023-08-18;595;Delgado;2020-03-04;Treat;majority;;;;
328;192;2022-09-04;3761;Delgado;2020-10-17;Doctrine;equality;;;;
328;208;2024-04-01;2921;Delgado;2020-02-23;Wheal;wheel;;;;
328;261;2021-09-01;3853;Delgado;2020-02-02;Marathon;mark;;;;
328;265;2024-11-11;2802;Delgado;2020-02-24;Third;girl;;;;
328;270;2023-11-09;1920;Delgado;2020-03-13;Product;state;;;;
328;274;2023-02-18;4230;Delgado;2020-01-12;Mantelpiece;march;;;;
328;349;2025-03-30;2890;Delgado;2021-07-16;Arcane;arcade;;;;
328;423;2021-08-26;4025;Delgado;2020-10-08;Arabella;interstellar;;;;
328;480;2025-11-30;2496;Delgado;2020-04-23;Love;now;;;;
328;482;2021-05-10;1137;Delgado;2020-01-11;Cream;miami;;;;
328;573;2022-10-20;4804;Delgado;2020-10-28;Drug;father;;;;
328;659;2022-12-28;514;Delgado;2020-01-20;Table;page;;;;
328;900;2025-11-06;1631;Delgado;2021-04-05;Rule;middle;;;;
328;904;2024-08-09;4191;Delgado;2020-12-22;Sometimes;mean;;;;
328;906;2020-08-26;968;Delgado;2020-08-26;Third;newspaper;;;;
328;923;2024-04-10;4242;Delgado;2020-11-08;Today;new;;;;
328;936;2023-07-26;3494;Delgado;2020-02-02;Reaction;fire;;;;
328;952;2021-04-22;1642;Delgado;2021-01-08;Fire;another;;;;
328;955;2024-03-02;976;Delgado;2020-02-13;Recollection;sugary;;;;
329;18;2025-10-20;4148;Robertson-Holt;2020-01-30;Chase;equally;;;;
329;26;2021-10-15;3885;Robertson-Holt;2021-10-15;Give;consider;;;;
329;39;2022-06-17;2304;Robertson-Holt;2020-02-27;Amaze;rock;;;;
329;58;2023-02-04;4109;Robertson-Holt;2020-02-10;Sing;song;;;;
329;72;2022-05-23;2393;Robertson-Holt;2020-02-22;How;white;;;;
329;216;2021-09-23;3132;Robertson-Holt;2020-07-03;Top;likely;;;;
329;259;2021-08-14;1155;Robertson-Holt;2020-06-20;Picture;build;;;;
329;361;2020-04-13;3609;Robertson-Holt;2020-04-13;Staff;radio;;;;
329;462;2023-04-18;2686;Robertson-Holt;2020-02-09;Group;carry;;;;
329;590;2024-10-26;3323;Robertson-Holt;2020-01-07;Rich;thus;;;;
329;597;2025-08-11;4826;Robertson-Holt;2021-06-13;Radio;to;;;;
329;642;2026-01-25;1400;Robertson-Holt;2020-01-09;Realize;financial;;;;
329;694;2021-10-20;564;Robertson-Holt;2020-01-21;Concern;west;;;;
329;723;2024-07-27;999;Robertson-Holt;2020-02-05;Take;above;;;;
329;744;2022-05-01;3186;Robertson-Holt;2020-01-29;Radio;like;;;;
329;828;2022-01-15;957;Robertson-Holt;2021-01-27;Above;five;;;;
329;858;2022-12-29;1199;Robertson-Holt;2020-02-09;Good;all;;;;
329;870;2023-01-01;4310;Robertson-Holt;2022-09-24;Cold;also;;;;
329;918;2023-07-13;3982;Robertson-Holt;2020-04-16;Social;iniciative;;;;
329;958;2023-07-08;417;Robertson-Holt;2020-11-29;Mutual;musician;;;;
330;1;2025-07-21;1794;Harris;2020-01-02;Voyeur;sneak;;;;
330;103;2023-02-15;420;Harris;2020-03-24;Some;here;;;;
330;108;2023-11-18;1058;Harris;2020-04-07;Continue;space;;;;
330;173;2025-06-24;1421;Harris;2020-03-14;Entrail;dart;;;;
330;193;2025-11-17;2733;Harris;2020-09-28;Weapon;imense;;;;
330;219;2020-06-08;1239;Harris;2020-01-20;Prop;back;;;;
330;291;2023-01-12;1930;Harris;2020-11-20;Customer;set;;;;
330;309;2022-11-09;3172;Harris;2020-12-25;Wear;radio;;;;
330;316;2022-11-28;3997;Harris;2020-06-19;Apt;arctic;;;;
330;352;2024-06-15;3711;Harris;2020-08-07;Suddenly;boy;;;;
330;403;2025-06-24;3971;Harris;2020-01-30;Goal;interest;;;;
330;502;2025-04-10;1712;Harris;2020-10-13;Yours;pretty;;;;
330;510;2023-05-08;2875;Harris;2020-04-02;Bad;hearts;;;;
330;526;2024-12-09;4361;Harris;2020-09-23;Accept;strong;;;;
330;595;2021-02-15;172;Harris;2021-02-15;Moderate;three;;;;
330;615;2021-09-04;3884;Harris;2020-03-16;Unit;area;;;;
330;712;2023-03-12;4694;Harris;2023-03-12;Nation;nip;;;;
330;742;2020-12-13;3237;Harris;2020-05-21;Computer;range;;;;
330;790;2021-01-05;3089;Harris;2020-07-18;Pearl;sunlight;;;;
330;791;2023-07-10;4732;Harris;2020-08-08;Shun;commander;;;;
330;794;2022-08-27;2431;Harris;2020-04-20;Chop;spacious;;;;
330;802;2024-09-15;2082;Harris;2020-02-18;Hard;cost;;;;
330;828;2023-09-26;2809;Harris;2021-01-27;Above;five;;;;
330;837;2021-04-18;2011;Harris;2021-01-13;Space;specificity;;;;
330;856;2025-11-03;4891;Harris;2020-03-23;Likely;city;;;;
330;975;2020-12-10;2165;Harris;2020-01-07;For;rather;;;;
331;19;2021-02-08;4032;Lawrence;2020-05-13;Ever;hope;;;;
331;112;2022-11-07;4118;Lawrence;2020-04-30;Example;lose;;;;
331;113;2022-01-02;4339;Lawrence;2020-12-30;Feel;simply;;;;
331;127;2024-03-06;3356;Lawrence;2020-08-14;Wait;show;;;;
331;167;2023-06-11;2963;Lawrence;2020-04-15;Happy;land;;;;
331;284;2025-01-04;649;Lawrence;2023-03-10;Safe;hotel;;;;
331;415;2022-07-15;2967;Lawrence;2020-05-18;I;want;;;;
331;501;2025-03-02;4960;Lawrence;2021-04-20;Avoid;approach;;;;
331;670;2023-06-11;3757;Lawrence;2020-03-01;Yellow;dress;;;;
331;722;2021-05-18;3830;Lawrence;2020-02-23;Attack;natural;;;;
331;725;2023-05-01;3447;Lawrence;2020-05-22;Opera;brandy;;;;
331;727;2022-06-20;3013;Lawrence;2020-08-01;Allow;peace;;;;
331;735;2021-11-15;2401;Lawrence;2021-01-08;Learn;lose;;;;
331;772;2023-07-01;4809;Lawrence;2020-02-02;Fish;form;;;;
331;784;2020-12-15;3317;Lawrence;2020-03-21;Exactly;a;;;;
331;924;2025-09-26;3006;Lawrence;2021-04-01;Somebody;offer;;;;
331;957;2022-07-17;4615;Lawrence;2021-04-14;My;morning;;;;
331;959;2022-01-28;4314;Lawrence;2020-05-20;Their;read;;;;
331;971;2024-06-04;843;Lawrence;2021-02-05;Complete;final;;;;
332;64;2025-08-15;1590;Barber and Sons;2020-12-06;Red;information;;;;
332;127;2020-08-14;2733;Barber and Sons;2020-08-14;Wait;show;;;;
332;138;2022-09-21;4128;Barber and Sons;2021-05-31;Kind;choose;;;;
332;154;2024-04-14;1810;Barber and Sons;2020-12-28;Monolith;odyssey;;;;
332;160;2020-12-06;2880;Barber and Sons;2020-06-12;Style;shoulder;;;;
332;166;2021-09-29;4722;Barber and Sons;2020-10-25;Director;feel;;;;
332;172;2023-10-25;2265;Barber and Sons;2021-04-16;Turn;war;;;;
332;276;2025-11-01;2226;Barber and Sons;2020-01-08;Chair;design;;;;
332;281;2020-08-07;3195;Barber and Sons;2020-02-03;Persuasive;ripple;;;;
332;332;2021-02-25;3424;Barber and Sons;2021-02-25;Avoid;television;;;;
332;402;2020-02-05;4678;Barber and Sons;2020-02-05;Throughout;end;;;;
332;471;2024-04-13;3096;Barber and Sons;2020-03-22;Ask;conference;;;;
332;589;2022-10-23;3030;Barber and Sons;2020-07-13;Necessary;far;;;;
332;611;2020-12-24;2482;Barber and Sons;2020-02-01;Series;seven;;;;
332;617;2020-06-12;3706;Barber and Sons;2020-02-25;Run;sold;;;;
332;620;2020-02-21;1773;Barber and Sons;2020-02-21;Bracelet;count;;;;
332;632;2020-02-11;2087;Barber and Sons;2020-02-11;Although;book;;;;
332;727;2021-10-21;1172;Barber and Sons;2020-08-01;Allow;peace;;;;
332;841;2020-10-01;516;Barber and Sons;2020-08-05;Old;investment;;;;
332;921;2020-11-03;2413;Barber and Sons;2020-02-13;Local;often;;;;
332;935;2020-11-13;556;Barber and Sons;2020-11-13;Part;quality;;;;
332;985;2024-02-20;2737;Barber and Sons;2021-08-25;Detail;speech;;;;
332;998;2024-11-13;3342;Barber and Sons;2020-06-28;Stop;clear;;;;
333;42;2026-02-02;2895;Morris Inc;2020-10-01;Light;free;;;;
333;56;2021-10-04;942;Morris Inc;2020-02-28;Moon;light;;;;
333;80;2024-11-11;4234;Morris Inc;2020-03-29;Repetition;work;;;;
333;121;2023-05-03;2135;Morris Inc;2021-01-16;Avoid;probably;;;;
333;153;2022-02-13;4179;Morris Inc;2020-03-14;What;out;;;;
333;167;2022-12-01;246;Morris Inc;2020-04-15;Happy;land;;;;
333;202;2026-01-23;553;Morris Inc;2020-10-20;Number;news;;;;
333;273;2022-09-14;2785;Morris Inc;2020-01-13;Doctor;admit;;;;
333;317;2025-08-21;3594;Morris Inc;2021-11-10;Surface;bit;;;;
333;455;2023-05-12;3440;Morris Inc;2020-07-23;Former;public;;;;
333;481;2025-03-14;3109;Morris Inc;2021-03-28;Soft;ice;;;;
333;486;2024-09-01;630;Morris Inc;2020-12-28;Try;sell;;;;
333;498;2023-07-06;2472;Morris Inc;2020-04-26;Wine;up;;;;
333;846;2020-01-22;2750;Morris Inc;2020-01-22;Can;various;;;;
333;882;2023-10-27;4174;Morris Inc;2020-03-25;Voyage;impressionism;;;;
333;963;2025-12-26;1469;Morris Inc;2020-07-22;Food;thousand;;;;
334;62;2024-07-19;3575;Phillips;2020-05-20;Show;wonder;;;;
334;148;2020-12-15;4035;Phillips;2020-01-12;Pm;successful;;;;
334;176;2022-04-04;537;Phillips;2020-05-08;Hug;muddle;;;;
334;333;2020-11-17;908;Phillips;2020-01-28;Over;grow;;;;
334;428;2021-08-14;3038;Phillips;2020-03-03;Me;across;;;;
334;437;2020-06-30;4523;Phillips;2020-04-29;Behind;lady;;;;
334;457;2021-12-06;1793;Phillips;2021-03-01;Standard;choose;;;;
334;553;2023-07-13;1969;Phillips;2020-12-20;Claim;news;;;;
334;627;2021-12-27;2915;Phillips;2020-06-10;Active;equinox;;;;
334;631;2021-04-14;2111;Phillips;2020-08-14;Landylady;dandy;;;;
334;649;2025-02-20;293;Phillips;2021-01-06;Us;group;;;;
334;653;2022-06-14;4108;Phillips;2021-01-19;Chaos;layman;;;;
334;668;2025-08-16;4197;Phillips;2020-08-17;League;marquis;;;;
334;859;2025-01-22;1636;Phillips;2020-02-12;Teach;should;;;;
334;971;2024-01-15;1804;Phillips;2021-02-05;Complete;final;;;;
335;161;2021-02-27;1143;Carlson-Smith;2020-02-01;Have;party;;;;
335;345;2023-05-28;1395;Carlson-Smith;2020-10-10;Although;place;;;;
335;360;2020-12-19;3254;Carlson-Smith;2020-03-20;Question;walk;;;;
335;403;2021-10-30;415;Carlson-Smith;2020-01-30;Goal;interest;;;;
335;458;2022-01-02;4458;Carlson-Smith;2020-04-29;Decide;morning;;;;
335;477;2022-03-25;3578;Carlson-Smith;2020-01-21;Citizen;over;;;;
335;478;2020-12-24;3064;Carlson-Smith;2020-03-16;Common;cold;;;;
335;487;2024-12-07;2246;Carlson-Smith;2020-07-17;Become;heavy;;;;
335;531;2023-05-24;4126;Carlson-Smith;2021-04-24;Commercial;relate;;;;
335;606;2022-11-28;824;Carlson-Smith;2020-12-26;Average;grade;;;;
335;648;2020-03-13;1388;Carlson-Smith;2020-03-13;Fish;high;;;;
335;656;2023-04-06;4461;Carlson-Smith;2020-12-30;Person;yourself;;;;
335;686;2021-03-01;2449;Carlson-Smith;2020-10-10;Human;vote;;;;
335;693;2022-10-18;4753;Carlson-Smith;2021-03-05;Nothing;traditional;;;;
335;735;2021-10-02;1552;Carlson-Smith;2021-01-08;Learn;lose;;;;
335;873;2022-06-17;2897;Carlson-Smith;2021-01-18;Into;ask;;;;
335;880;2022-09-09;2239;Carlson-Smith;2020-08-21;Rock;season;;;;
335;966;2021-08-10;4138;Carlson-Smith;2021-02-14;Palm;stack;;;;
336;204;2022-12-08;654;Oconnor;2021-03-12;Significant;ten;;;;
336;291;2022-10-09;4638;Oconnor;2020-11-20;Customer;set;;;;
336;433;2020-10-23;3822;Oconnor;2020-10-23;Daydreams;best;;;;
336;488;2020-09-18;3325;Oconnor;2020-07-24;Street;its;;;;
336;509;2022-05-28;1193;Oconnor;2020-06-24;Leave;bone;;;;
336;542;2020-04-25;808;Oconnor;2020-04-25;Yeah;base;;;;
336;619;2020-09-12;2629;Oconnor;2020-04-14;Silver;earring;;;;
336;681;2023-03-02;4047;Oconnor;2020-01-20;Fast;spend;;;;
336;722;2020-02-23;3038;Oconnor;2020-02-23;Attack;natural;;;;
336;734;2022-10-29;3878;Oconnor;2020-01-16;Clearly;safe;;;;
336;898;2021-08-27;628;Oconnor;2020-02-29;Dresser;cabinet;;;;
336;993;2023-12-09;2552;Oconnor;2020-11-01;Sinner;syren;;;;
337;73;2024-12-22;1825;Carrillo-Farmer;2020-05-27;Feel;oil;;;;
337;107;2024-04-07;4655;Carrillo-Farmer;2023-08-19;Provide;know;;;;
337;164;2025-02-13;1919;Carrillo-Farmer;2020-01-31;Evening;guy;;;;
337;258;2021-08-23;2314;Carrillo-Farmer;2021-04-12;Enough;buy;;;;
337;261;2021-07-17;3496;Carrillo-Farmer;2020-02-02;Marathon;mark;;;;
337;281;2024-09-17;3621;Carrillo-Farmer;2020-02-03;Persuasive;ripple;;;;
337;294;2024-10-14;2207;Carrillo-Farmer;2020-01-01;Ring;rink;;;;
337;360;2020-10-30;4135;Carrillo-Farmer;2020-03-20;Question;walk;;;;
337;398;2025-07-08;4867;Carrillo-Farmer;2020-01-06;Authority;treatment;;;;
337;432;2024-12-15;593;Carrillo-Farmer;2020-03-28;Reality;dip;;;;
337;468;2023-10-31;2498;Carrillo-Farmer;2020-08-08;Catch;horizon;;;;
337;499;2022-12-13;2253;Carrillo-Farmer;2020-03-14;Bone;served;;;;
337;502;2024-12-15;492;Carrillo-Farmer;2020-10-13;Yours;pretty;;;;
337;514;2022-11-16;4786;Carrillo-Farmer;2020-08-22;Woman;satisfaction;;;;
337;539;2022-09-01;1800;Carrillo-Farmer;2020-03-04;After;policy;;;;
337;557;2023-02-09;287;Carrillo-Farmer;2020-09-14;Animal;yes;;;;
337;619;2022-12-16;3886;Carrillo-Farmer;2020-04-14;Silver;earring;;;;
337;668;2021-08-28;3335;Carrillo-Farmer;2020-08-17;League;marquis;;;;
337;690;2023-02-13;913;Carrillo-Farmer;2020-02-28;South;attention;;;;
337;719;2023-05-20;168;Carrillo-Farmer;2022-04-22;Bud;nit;;;;
337;732;2020-03-30;811;Carrillo-Farmer;2020-03-30;Happy;early;;;;
337;761;2025-02-25;479;Carrillo-Farmer;2020-01-26;Company;age;;;;
337;785;2020-11-22;1574;Carrillo-Farmer;2020-05-28;Entire;close;;;;
337;785;2021-11-24;2292;Carrillo-Farmer;2020-05-28;Entire;close;;;;
337;828;2023-04-19;4503;Carrillo-Farmer;2021-01-27;Above;five;;;;
337;981;2024-05-30;223;Carrillo-Farmer;2021-05-09;Walk;federal;;;;
338;6;2021-04-29;3166;Bailey Ltd;2020-04-23;Million;attack;;;;
338;126;2025-01-09;1361;Bailey Ltd;2020-01-08;Purpose;top;;;;
338;210;2025-06-27;1671;Bailey Ltd;2022-01-08;Stage;they;;;;
338;231;2025-09-06;2987;Bailey Ltd;2020-12-17;Biceps;bicker;;;;
338;236;2023-01-23;2200;Bailey Ltd;2020-01-26;Equestrian;implausible;;;;
338;243;2020-01-31;202;Bailey Ltd;2020-01-31;First;population;;;;
338;249;2021-03-22;3322;Bailey Ltd;2020-05-25;Member;skin;;;;
338;302;2020-09-03;660;Bailey Ltd;2020-04-15;Army;salutary;;;;
338;317;2021-11-10;377;Bailey Ltd;2021-11-10;Surface;bit;;;;
338;360;2021-07-12;4292;Bailey Ltd;2020-03-20;Question;walk;;;;
338;368;2025-07-21;1967;Bailey Ltd;2020-01-07;Any;important;;;;
338;384;2021-03-28;1312;Bailey Ltd;2020-01-29;Heavy;win;;;;
338;402;2024-12-15;3080;Bailey Ltd;2020-02-05;Throughout;end;;;;
338;422;2024-12-07;2811;Bailey Ltd;2020-01-28;Soldier;six;;;;
338;462;2024-04-08;3217;Bailey Ltd;2020-02-09;Group;carry;;;;
338;493;2023-03-02;4773;Bailey Ltd;2020-03-22;Born;taught;;;;
338;536;2020-03-08;4986;Bailey Ltd;2020-03-08;Beat;factor;;;;
338;549;2023-02-12;3825;Bailey Ltd;2020-11-13;Job;complication;;;;
338;580;2020-09-13;2745;Bailey Ltd;2020-03-22;Feel;bad;;;;
338;643;2020-05-31;4349;Bailey Ltd;2020-05-31;Term;example;;;;
338;743;2021-03-15;2898;Bailey Ltd;2020-07-21;Section;partner;;;;
338;758;2023-05-02;3132;Bailey Ltd;2021-01-16;Tape;chesnut;;;;
338;761;2025-10-08;1160;Bailey Ltd;2020-01-26;Company;age;;;;
338;786;2025-09-30;3376;Bailey Ltd;2020-05-06;Move;dream;;;;
338;945;2024-10-03;2701;Bailey Ltd;2020-04-15;Manual;trick;;;;
339;102;2025-06-30;591;Barrett PLC;2020-06-22;We;country;;;;
339;142;2021-04-06;1712;Barrett PLC;2020-03-16;Analysis;evidence;;;;
339;183;2021-02-21;3450;Barrett PLC;2020-03-12;Secretary;receipt;;;;
339;191;2025-04-29;1821;Barrett PLC;2020-06-18;Fang;concur;;;;
339;255;2025-07-23;1206;Barrett PLC;2020-02-19;Music;ability;;;;
339;319;2020-08-20;609;Barrett PLC;2020-03-15;Behavior;occur;;;;
339;379;2024-07-08;3116;Barrett PLC;2020-01-31;Learn;husband;;;;
339;451;2023-08-29;1425;Barrett PLC;2020-03-03;Sign;face;;;;
339;526;2021-10-14;2393;Barrett PLC;2020-09-23;Accept;strong;;;;
339;551;2022-01-29;4162;Barrett PLC;2020-03-03;Data;Republican;;;;
339;705;2025-05-14;337;Barrett PLC;2020-01-16;North;door;;;;
339;724;2023-03-30;822;Barrett PLC;2020-02-21;Reader;bionic;;;;
339;735;2023-06-26;3109;Barrett PLC;2021-01-08;Learn;lose;;;;
339;749;2022-09-13;322;Barrett PLC;2020-04-04;Cup;human;;;;
339;756;2025-02-27;660;Barrett PLC;2020-04-15;Audience;election;;;;
339;767;2020-09-09;3008;Barrett PLC;2020-09-09;Artist;wait;;;;
339;842;2021-10-27;1203;Barrett PLC;2020-07-20;Concern;other;;;;
339;883;2021-10-25;3063;Barrett PLC;2020-02-02;Process;Crime;;;;
339;950;2023-11-21;2087;Barrett PLC;2020-03-17;Manuvre;gunpoint;;;;
340;6;2022-04-03;4886;Walter Group;2020-04-23;Million;attack;81;grow;54;Urban Culture
340;209;2021-12-12;2620;Walter Group;2020-01-06;Draw;adult;81;grow;54;Urban Culture
340;280;2022-05-13;2597;Walter Group;2020-01-23;Agree;participant;81;grow;54;Urban Culture
340;408;2025-12-15;2013;Walter Group;2020-02-27;Color;really;81;grow;54;Urban Culture
340;449;2024-11-01;968;Walter Group;2020-01-03;Get;to;81;grow;54;Urban Culture
340;456;2021-11-07;359;Walter Group;2020-03-03;Save;put;81;grow;54;Urban Culture
340;563;2023-09-28;4777;Walter Group;2020-05-18;Exam;sent;81;grow;54;Urban Culture
340;651;2020-09-23;3160;Walter Group;2020-09-23;Relate;offer;81;grow;54;Urban Culture
340;660;2025-04-17;3595;Walter Group;2021-01-10;Leaf;leaflet;81;grow;54;Urban Culture
340;698;2024-10-11;3774;Walter Group;2020-06-07;Merry;metabolic;81;grow;54;Urban Culture
340;721;2022-06-29;3525;Walter Group;2021-03-30;Tight;null;81;grow;54;Urban Culture
340;912;2023-04-21;3263;Walter Group;2020-09-10;Cut;young;81;grow;54;Urban Culture
340;920;2024-11-01;343;Walter Group;2020-05-05;Issue;suffer;81;grow;54;Urban Culture
340;994;2025-01-18;1155;Walter Group;2021-07-16;Security;challenge;81;grow;54;Urban Culture
341;88;2025-08-24;625;Peterson;2020-05-31;Else;goal;;;;
341;176;2024-05-02;2653;Peterson;2020-05-08;Hug;muddle;;;;
341;249;2021-09-06;3851;Peterson;2020-05-25;Member;skin;;;;
341;270;2025-06-07;1716;Peterson;2020-03-13;Product;state;;;;
341;343;2025-06-29;4222;Peterson;2020-01-12;Nickle;table;;;;
341;366;2024-08-20;4571;Peterson;2022-06-03;Eye;Mrs;;;;
341;570;2023-07-09;2562;Peterson;2020-06-05;Rather;professional;;;;
341;697;2020-08-06;4055;Peterson;2020-08-06;Fuse;fight;;;;
341;717;2025-01-26;2760;Peterson;2020-04-05;Think;future;;;;
341;853;2024-05-21;1240;Peterson;2020-03-17;Office;eye;;;;
341;881;2024-11-05;1516;Peterson;2020-12-13;Tendril;gossip;;;;
341;905;2022-07-22;3934;Peterson;2020-01-19;Future;build;;;;
341;909;2020-07-16;4573;Peterson;2020-07-16;At;various;;;;
341;937;2024-03-03;2559;Peterson;2020-08-05;Builder;turbulent;;;;
341;943;2025-08-15;1463;Peterson;2020-03-20;Culture;goal;;;;
342;12;2020-08-26;461;Molina and Sons;2020-08-26;Early;arrive;;;;
342;188;2020-12-31;2273;Molina and Sons;2020-12-31;Post;communication;;;;
342;205;2021-11-04;1312;Molina and Sons;2020-06-28;Sweat;sweet;;;;
342;259;2022-08-07;3932;Molina and Sons;2020-06-20;Picture;build;;;;
342;414;2021-03-24;2042;Molina and Sons;2020-04-06;The;cause;;;;
342;419;2024-08-25;3928;Molina and Sons;2020-07-13;To;get;;;;
342;430;2024-12-11;1169;Molina and Sons;2020-04-03;Recent;be;;;;
342;585;2022-01-21;3311;Molina and Sons;2020-06-21;Opportunity;ok;;;;
342;589;2025-06-05;4127;Molina and Sons;2020-07-13;Necessary;far;;;;
342;597;2023-03-09;381;Molina and Sons;2021-06-13;Radio;to;;;;
342;611;2024-03-29;762;Molina and Sons;2020-02-01;Series;seven;;;;
342;674;2023-08-27;3758;Molina and Sons;2022-11-19;Pay;generation;;;;
342;705;2022-08-27;1728;Molina and Sons;2020-01-16;North;door;;;;
342;853;2023-10-14;2906;Molina and Sons;2020-03-17;Office;eye;;;;
342;973;2021-03-16;2029;Molina and Sons;2020-05-01;Hub;loot;;;;
342;975;2025-02-08;1296;Molina and Sons;2020-01-07;For;rather;;;;
343;110;2025-08-17;3916;Reynolds-Wheeler;2020-02-27;Thus;heavy;;;;
343;119;2021-02-12;3100;Reynolds-Wheeler;2020-03-31;Although;bring;;;;
343;125;2022-07-12;2179;Reynolds-Wheeler;2021-04-10;Boy;yellow;;;;
343;137;2024-11-09;2701;Reynolds-Wheeler;2020-06-23;Within;seat;;;;
343;161;2024-08-31;1240;Reynolds-Wheeler;2020-02-01;Have;party;;;;
343;217;2022-08-27;3272;Reynolds-Wheeler;2020-06-14;Administration;create;;;;
343;332;2021-07-22;3396;Reynolds-Wheeler;2021-02-25;Avoid;television;;;;
343;345;2024-02-14;346;Reynolds-Wheeler;2020-10-10;Although;place;;;;
343;387;2020-09-24;1011;Reynolds-Wheeler;2020-09-24;Teacher;contain;;;;
343;392;2021-03-22;4677;Reynolds-Wheeler;2021-01-04;Budget;because;;;;
343;429;2022-11-12;1136;Reynolds-Wheeler;2020-01-19;Swimsuit;shelter;;;;
343;597;2023-10-08;1746;Reynolds-Wheeler;2021-06-13;Radio;to;;;;
343;727;2020-08-01;1892;Reynolds-Wheeler;2020-08-01;Allow;peace;;;;
343;831;2021-11-06;4946;Reynolds-Wheeler;2020-03-04;Available;arrive;;;;
343;839;2023-07-06;3584;Reynolds-Wheeler;2021-08-21;General;growth;;;;
343;873;2021-01-18;2859;Reynolds-Wheeler;2021-01-18;Into;ask;;;;
344;199;2021-12-31;3637;Oliver-Andrews;2020-09-24;Whole;successful;80;among;79;Impressionism
344;199;2021-12-31;3637;Oliver-Andrews;2020-09-24;Whole;successful;134;report;101;Renaissance
344;222;2025-02-20;4349;Oliver-Andrews;2020-11-26;Aware;award;80;among;79;Impressionism
344;222;2025-02-20;4349;Oliver-Andrews;2020-11-26;Aware;award;134;report;101;Renaissance
344;259;2025-07-25;4494;Oliver-Andrews;2020-06-20;Picture;build;80;among;79;Impressionism
344;259;2025-07-25;4494;Oliver-Andrews;2020-06-20;Picture;build;134;report;101;Renaissance
344;267;2025-07-27;2461;Oliver-Andrews;2020-11-19;Find;marquee;80;among;79;Impressionism
344;267;2025-07-27;2461;Oliver-Andrews;2020-11-19;Find;marquee;134;report;101;Renaissance
344;291;2020-11-20;3968;Oliver-Andrews;2020-11-20;Customer;set;80;among;79;Impressionism
344;291;2020-11-20;3968;Oliver-Andrews;2020-11-20;Customer;set;134;report;101;Renaissance
344;296;2024-11-12;1626;Oliver-Andrews;2022-02-08;Pass;safe;80;among;79;Impressionism
344;296;2024-11-12;1626;Oliver-Andrews;2022-02-08;Pass;safe;134;report;101;Renaissance
344;321;2024-09-14;4002;Oliver-Andrews;2020-06-04;Ardent;architect;80;among;79;Impressionism
344;321;2024-09-14;4002;Oliver-Andrews;2020-06-04;Ardent;architect;134;report;101;Renaissance
344;380;2024-02-06;2478;Oliver-Andrews;2020-09-08;Note;write;80;among;79;Impressionism
344;380;2024-02-06;2478;Oliver-Andrews;2020-09-08;Note;write;134;report;101;Renaissance
344;413;2023-07-19;1577;Oliver-Andrews;2020-11-08;Stop;country;80;among;79;Impressionism
344;413;2023-07-19;1577;Oliver-Andrews;2020-11-08;Stop;country;134;report;101;Renaissance
344;475;2025-12-11;1543;Oliver-Andrews;2020-10-16;Young;without;80;among;79;Impressionism
344;475;2025-12-11;1543;Oliver-Andrews;2020-10-16;Young;without;134;report;101;Renaissance
344;523;2022-06-05;1193;Oliver-Andrews;2020-03-19;Base;remember;80;among;79;Impressionism
344;523;2022-06-05;1193;Oliver-Andrews;2020-03-19;Base;remember;134;report;101;Renaissance
344;525;2022-01-25;4893;Oliver-Andrews;2020-04-15;Guess;shady;80;among;79;Impressionism
344;525;2022-01-25;4893;Oliver-Andrews;2020-04-15;Guess;shady;134;report;101;Renaissance
344;554;2022-10-20;3956;Oliver-Andrews;2021-03-01;Controversy;follow;80;among;79;Impressionism
344;554;2022-10-20;3956;Oliver-Andrews;2021-03-01;Controversy;follow;134;report;101;Renaissance
344;571;2025-01-31;2482;Oliver-Andrews;2020-09-07;Task;kick;80;among;79;Impressionism
344;571;2025-01-31;2482;Oliver-Andrews;2020-09-07;Task;kick;134;report;101;Renaissance
344;572;2020-12-01;1454;Oliver-Andrews;2020-03-13;Beyond;despite;80;among;79;Impressionism
344;572;2020-12-01;1454;Oliver-Andrews;2020-03-13;Beyond;despite;134;report;101;Renaissance
344;595;2024-05-31;715;Oliver-Andrews;2021-02-15;Moderate;three;80;among;79;Impressionism
344;595;2024-05-31;715;Oliver-Andrews;2021-02-15;Moderate;three;134;report;101;Renaissance
344;698;2020-09-03;3302;Oliver-Andrews;2020-06-07;Merry;metabolic;80;among;79;Impressionism
344;698;2020-09-03;3302;Oliver-Andrews;2020-06-07;Merry;metabolic;134;report;101;Renaissance
344;745;2021-08-05;4486;Oliver-Andrews;2020-01-14;But;song;80;among;79;Impressionism
344;745;2021-08-05;4486;Oliver-Andrews;2020-01-14;But;song;134;report;101;Renaissance
344;787;2021-02-06;3486;Oliver-Andrews;2021-02-06;Struggle;charge;80;among;79;Impressionism
344;787;2021-02-06;3486;Oliver-Andrews;2021-02-06;Struggle;charge;134;report;101;Renaissance
344;799;2024-03-25;1836;Oliver-Andrews;2020-06-12;Unite;fasten;80;among;79;Impressionism
344;799;2024-03-25;1836;Oliver-Andrews;2020-06-12;Unite;fasten;134;report;101;Renaissance
344;799;2025-07-23;3859;Oliver-Andrews;2020-06-12;Unite;fasten;80;among;79;Impressionism
344;799;2025-07-23;3859;Oliver-Andrews;2020-06-12;Unite;fasten;134;report;101;Renaissance
344;821;2021-10-17;4092;Oliver-Andrews;2020-07-31;Dog;decide;80;among;79;Impressionism
344;821;2021-10-17;4092;Oliver-Andrews;2020-07-31;Dog;decide;134;report;101;Renaissance
344;861;2020-01-12;3120;Oliver-Andrews;2020-01-12;Safe;every;80;among;79;Impressionism
344;861;2020-01-12;3120;Oliver-Andrews;2020-01-12;Safe;every;134;report;101;Renaissance
344;982;2024-12-25;2213;Oliver-Andrews;2021-01-25;Operation;time;80;among;79;Impressionism
344;982;2024-12-25;2213;Oliver-Andrews;2021-01-25;Operation;time;134;report;101;Renaissance
345;31;2024-12-07;1507;Johnson LLC;2020-08-31;Health;respond;;;;
345;84;2025-08-01;4747;Johnson LLC;2020-07-16;She;marriage;;;;
345;86;2022-07-16;4238;Johnson LLC;2020-10-04;Fell;psychiatrist;;;;
345;117;2022-05-25;2044;Johnson LLC;2020-09-22;Wall;morning;;;;
345;127;2022-01-14;1445;Johnson LLC;2020-08-14;Wait;show;;;;
345;151;2022-07-19;567;Johnson LLC;2020-09-14;Risk;picture;;;;
345;268;2025-08-27;835;Johnson LLC;2021-05-24;Manx;mantel;;;;
345;379;2024-11-23;2963;Johnson LLC;2020-01-31;Learn;husband;;;;
345;478;2024-04-28;2126;Johnson LLC;2020-03-16;Common;cold;;;;
345;484;2020-08-29;3632;Johnson LLC;2020-03-25;Maybe;possible;;;;
345;558;2025-01-17;2337;Johnson LLC;2020-02-12;Prepare;wish;;;;
345;581;2023-01-12;4753;Johnson LLC;2020-05-23;Obscene;presley;;;;
345;650;2022-08-24;197;Johnson LLC;2020-05-07;Perform;entire;;;;
345;691;2024-02-01;4911;Johnson LLC;2020-11-06;Rate;ground;;;;
345;708;2022-02-24;1932;Johnson LLC;2020-04-07;Wife;far;;;;
345;722;2022-01-18;3216;Johnson LLC;2020-02-23;Attack;natural;;;;
345;772;2025-08-14;4736;Johnson LLC;2020-02-02;Fish;form;;;;
345;912;2020-09-10;2093;Johnson LLC;2020-09-10;Cut;young;;;;
345;946;2022-02-13;3231;Johnson LLC;2020-08-12;Quickly;sign;;;;
345;991;2020-08-23;2644;Johnson LLC;2020-08-23;Most;today;;;;
345;1000;2025-07-19;3810;Johnson LLC;2020-05-09;Behavior;offer;;;;
346;50;2020-01-01;3797;Olsen-Ellis;2020-01-01;Book;difference;;;;
346;89;2024-01-18;290;Olsen-Ellis;2020-04-08;Involve;term;;;;
346;130;2022-11-14;1237;Olsen-Ellis;2020-08-02;Morning;real;;;;
346;173;2022-11-27;2881;Olsen-Ellis;2020-03-14;Entrail;dart;;;;
346;262;2023-05-31;1204;Olsen-Ellis;2020-01-01;Kind;pick;;;;
346;370;2025-11-26;4646;Olsen-Ellis;2020-04-21;Her;PM;;;;
346;408;2025-08-06;541;Olsen-Ellis;2020-02-27;Color;really;;;;
346;466;2023-07-06;1430;Olsen-Ellis;2020-02-29;Hot;computer;;;;
346;507;2022-08-18;1793;Olsen-Ellis;2020-05-07;Own;line;;;;
346;647;2024-12-05;4118;Olsen-Ellis;2020-01-05;Maintain;coach;;;;
346;723;2023-12-04;4502;Olsen-Ellis;2020-02-05;Take;above;;;;
346;726;2023-09-15;690;Olsen-Ellis;2020-03-18;Beyond;almost;;;;
346;758;2023-03-21;4727;Olsen-Ellis;2021-01-16;Tape;chesnut;;;;
346;763;2023-07-19;131;Olsen-Ellis;2020-12-06;Homely;domestic;;;;
346;881;2024-05-26;3863;Olsen-Ellis;2020-12-13;Tendril;gossip;;;;
346;904;2025-06-08;4655;Olsen-Ellis;2020-12-22;Sometimes;mean;;;;
347;12;2021-01-28;4171;Parker PLC;2020-08-26;Early;arrive;117;court;366;Development and Cultural Studies
347;12;2021-01-28;4171;Parker PLC;2020-08-26;Early;arrive;133;kind;54;Urban Culture
347;52;2021-06-07;1468;Parker PLC;2020-01-05;Mary;jane;117;court;366;Development and Cultural Studies
347;52;2021-06-07;1468;Parker PLC;2020-01-05;Mary;jane;133;kind;54;Urban Culture
347;63;2021-06-01;1696;Parker PLC;2020-02-18;Blue;sky;117;court;366;Development and Cultural Studies
347;63;2021-06-01;1696;Parker PLC;2020-02-18;Blue;sky;133;kind;54;Urban Culture
347;87;2020-08-11;1631;Parker PLC;2020-02-02;Responsibility;dream;117;court;366;Development and Cultural Studies
347;87;2020-08-11;1631;Parker PLC;2020-02-02;Responsibility;dream;133;kind;54;Urban Culture
347;95;2024-07-14;2475;Parker PLC;2021-05-14;Leg;area;117;court;366;Development and Cultural Studies
347;95;2024-07-14;2475;Parker PLC;2021-05-14;Leg;area;133;kind;54;Urban Culture
347;214;2025-02-08;4743;Parker PLC;2020-03-26;Moment;cut;117;court;366;Development and Cultural Studies
347;214;2025-02-08;4743;Parker PLC;2020-03-26;Moment;cut;133;kind;54;Urban Culture
347;356;2021-05-12;3687;Parker PLC;2020-09-26;Emma;arrow;117;court;366;Development and Cultural Studies
347;356;2021-05-12;3687;Parker PLC;2020-09-26;Emma;arrow;133;kind;54;Urban Culture
347;371;2020-09-19;2045;Parker PLC;2020-09-19;South;return;117;court;366;Development and Cultural Studies
347;371;2020-09-19;2045;Parker PLC;2020-09-19;South;return;133;kind;54;Urban Culture
347;396;2022-06-24;4972;Parker PLC;2021-07-04;Also;mother;117;court;366;Development and Cultural Studies
347;396;2022-06-24;4972;Parker PLC;2021-07-04;Also;mother;133;kind;54;Urban Culture
347;432;2022-04-10;2577;Parker PLC;2020-03-28;Reality;dip;117;court;366;Development and Cultural Studies
347;432;2022-04-10;2577;Parker PLC;2020-03-28;Reality;dip;133;kind;54;Urban Culture
347;444;2024-05-22;4220;Parker PLC;2020-03-12;Development;despite;117;court;366;Development and Cultural Studies
347;444;2024-05-22;4220;Parker PLC;2020-03-12;Development;despite;133;kind;54;Urban Culture
347;651;2025-10-22;3843;Parker PLC;2020-09-23;Relate;offer;117;court;366;Development and Cultural Studies
347;651;2025-10-22;3843;Parker PLC;2020-09-23;Relate;offer;133;kind;54;Urban Culture
347;653;2021-08-26;4678;Parker PLC;2021-01-19;Chaos;layman;117;court;366;Development and Cultural Studies
347;653;2021-08-26;4678;Parker PLC;2021-01-19;Chaos;layman;133;kind;54;Urban Culture
347;674;2026-02-08;1009;Parker PLC;2022-11-19;Pay;generation;117;court;366;Development and Cultural Studies
347;674;2026-02-08;1009;Parker PLC;2022-11-19;Pay;generation;133;kind;54;Urban Culture
347;713;2021-11-07;4468;Parker PLC;2020-02-28;Drug;talk;117;court;366;Development and Cultural Studies
347;713;2021-11-07;4468;Parker PLC;2020-02-28;Drug;talk;133;kind;54;Urban Culture
347;727;2023-10-21;4780;Parker PLC;2020-08-01;Allow;peace;117;court;366;Development and Cultural Studies
347;727;2023-10-21;4780;Parker PLC;2020-08-01;Allow;peace;133;kind;54;Urban Culture
347;773;2025-11-14;886;Parker PLC;2020-04-22;Topic;wax;117;court;366;Development and Cultural Studies
347;773;2025-11-14;886;Parker PLC;2020-04-22;Topic;wax;133;kind;54;Urban Culture
347;792;2020-04-25;3312;Parker PLC;2020-04-25;Municipal;proper;117;court;366;Development and Cultural Studies
347;792;2020-04-25;3312;Parker PLC;2020-04-25;Municipal;proper;133;kind;54;Urban Culture
347;802;2021-05-27;4361;Parker PLC;2020-02-18;Hard;cost;117;court;366;Development and Cultural Studies
347;802;2021-05-27;4361;Parker PLC;2020-02-18;Hard;cost;133;kind;54;Urban Culture
347;805;2022-06-12;325;Parker PLC;2022-06-12;Begin;company;117;court;366;Development and Cultural Studies
347;805;2022-06-12;325;Parker PLC;2022-06-12;Begin;company;133;kind;54;Urban Culture
347;819;2025-01-06;199;Parker PLC;2020-11-20;Former;involve;117;court;366;Development and Cultural Studies
347;819;2025-01-06;199;Parker PLC;2020-11-20;Former;involve;133;kind;54;Urban Culture
347;848;2025-07-27;4055;Parker PLC;2020-04-28;Piece;particularly;117;court;366;Development and Cultural Studies
347;848;2025-07-27;4055;Parker PLC;2020-04-28;Piece;particularly;133;kind;54;Urban Culture
347;904;2025-03-16;3591;Parker PLC;2020-12-22;Sometimes;mean;117;court;366;Development and Cultural Studies
347;904;2025-03-16;3591;Parker PLC;2020-12-22;Sometimes;mean;133;kind;54;Urban Culture
348;2;2020-01-31;3801;Smith;2020-01-31;Benefit;key;;;;
348;15;2021-06-24;2762;Smith;2021-04-01;Rib;lorde;;;;
348;33;2020-12-29;4938;Smith;2020-04-27;Around;argue;;;;
348;99;2024-03-25;4773;Smith;2021-04-01;Stuff;by;;;;
348;115;2022-04-24;2307;Smith;2020-08-31;Walker;mile;;;;
348;147;2023-03-21;3962;Smith;2020-01-24;Echo;chamber;;;;
348;213;2020-11-06;494;Smith;2020-11-06;Yet;product;;;;
348;263;2023-12-07;3078;Smith;2020-03-22;Always;may;;;;
348;339;2023-02-25;1602;Smith;2020-03-27;Slam;pad;;;;
348;423;2020-12-27;2412;Smith;2020-10-08;Arabella;interstellar;;;;
348;508;2021-11-12;695;Smith;2020-12-12;Daughter;board;;;;
348;578;2024-09-23;2225;Smith;2020-03-10;Stomp;techno;;;;
348;610;2024-12-17;2269;Smith;2020-07-16;Alone;band;;;;
348;637;2025-09-29;435;Smith;2020-08-23;Swim;lancelot;;;;
348;699;2022-01-12;1756;Smith;2020-02-04;Championship;mender;;;;
348;713;2020-10-03;2549;Smith;2020-02-28;Drug;talk;;;;
348;800;2022-06-05;2837;Smith;2020-02-20;Focus;check;;;;
348;898;2020-07-06;1069;Smith;2020-02-29;Dresser;cabinet;;;;
348;986;2022-09-10;507;Smith;2020-04-10;Appear;career;;;;
349;32;2022-09-04;2988;Harrell;2022-01-20;Event;continue;;;;
349;97;2020-11-19;463;Harrell;2020-03-31;Edge;use;;;;
349;157;2023-06-26;1777;Harrell;2020-03-03;Receive;eccentric;;;;
349;171;2020-02-18;2844;Harrell;2020-01-06;Repress;cage;;;;
349;179;2025-01-10;229;Harrell;2021-08-18;Organization;tree;;;;
349;197;2026-01-29;2389;Harrell;2021-10-10;Ripe;swerve;;;;
349;229;2025-07-21;2360;Harrell;2020-04-30;Alloy;bathtub;;;;
349;230;2020-07-26;136;Harrell;2020-07-26;That;there;;;;
349;240;2022-12-05;3311;Harrell;2020-04-14;Unit;president;;;;
349;255;2020-03-30;4082;Harrell;2020-02-19;Music;ability;;;;
349;270;2021-06-17;476;Harrell;2020-03-13;Product;state;;;;
349;321;2025-01-04;1221;Harrell;2020-06-04;Ardent;architect;;;;
349;346;2024-07-29;2600;Harrell;2020-07-15;Yard;member;;;;
349;353;2022-01-13;2992;Harrell;2020-05-01;Kitchen;sign;;;;
349;429;2020-01-19;2732;Harrell;2020-01-19;Swimsuit;shelter;;;;
349;448;2025-10-29;1099;Harrell;2022-07-23;Morning;I;;;;
349;548;2021-04-08;3374;Harrell;2020-03-31;Cooperate;operate;;;;
349;600;2022-01-05;4465;Harrell;2020-07-08;Major;four;;;;
349;600;2023-06-14;2599;Harrell;2020-07-08;Major;four;;;;
349;646;2021-04-27;520;Harrell;2020-02-22;Lag;lawful;;;;
349;647;2022-01-17;2551;Harrell;2020-01-05;Maintain;coach;;;;
349;662;2024-04-10;377;Harrell;2020-12-20;Learnt;leash;;;;
349;673;2023-05-03;1691;Harrell;2021-08-18;If;need;;;;
349;673;2022-04-07;4418;Harrell;2021-08-18;If;need;;;;
349;986;2022-03-23;4852;Harrell;2020-04-10;Appear;career;;;;
350;18;2024-10-20;3292;Keller-Carrillo;2020-01-30;Chase;equally;5;particular;54;Urban Culture
350;37;2026-01-17;2884;Keller-Carrillo;2020-06-18;Box;land;5;particular;54;Urban Culture
350;49;2021-01-14;595;Keller-Carrillo;2020-05-21;Fill;this;5;particular;54;Urban Culture
350;52;2024-08-07;3213;Keller-Carrillo;2020-01-05;Mary;jane;5;particular;54;Urban Culture
350;241;2024-07-24;3032;Keller-Carrillo;2021-06-10;Clearly;serious;5;particular;54;Urban Culture
350;291;2022-06-19;2375;Keller-Carrillo;2020-11-20;Customer;set;5;particular;54;Urban Culture
350;299;2024-10-29;4497;Keller-Carrillo;2021-03-01;Answer;hard;5;particular;54;Urban Culture
350;318;2021-03-19;642;Keller-Carrillo;2020-07-01;Ardour;argentine;5;particular;54;Urban Culture
350;329;2022-04-17;4821;Keller-Carrillo;2020-06-17;Hit;house;5;particular;54;Urban Culture
350;360;2020-03-20;1943;Keller-Carrillo;2020-03-20;Question;walk;5;particular;54;Urban Culture
350;482;2024-05-01;2917;Keller-Carrillo;2020-01-11;Cream;miami;5;particular;54;Urban Culture
350;503;2023-04-12;2888;Keller-Carrillo;2020-09-10;Nurse;around;5;particular;54;Urban Culture
350;570;2022-11-30;1271;Keller-Carrillo;2020-06-05;Rather;professional;5;particular;54;Urban Culture
350;674;2025-03-16;820;Keller-Carrillo;2022-11-19;Pay;generation;5;particular;54;Urban Culture
350;989;2021-08-20;834;Keller-Carrillo;2020-04-07;Chair;we;5;particular;54;Urban Culture
351;100;2020-04-15;2394;Cochran;2020-04-15;Best;center;;;;
351;208;2023-05-27;2449;Cochran;2020-02-23;Wheal;wheel;;;;
351;218;2023-08-25;1263;Cochran;2022-05-22;Heart;simply;;;;
351;259;2022-11-05;2662;Cochran;2020-06-20;Picture;build;;;;
351;437;2021-11-05;4856;Cochran;2020-04-29;Behind;lady;;;;
351;487;2025-03-01;1227;Cochran;2020-07-17;Become;heavy;;;;
351;522;2025-02-01;2288;Cochran;2020-01-30;Laugh;else;;;;
351;583;2025-02-06;1396;Cochran;2020-12-12;Data;popular;;;;
351;603;2024-01-11;3935;Cochran;2020-06-05;Golf;racket;;;;
351;656;2023-08-03;4119;Cochran;2020-12-30;Person;yourself;;;;
351;729;2022-05-27;698;Cochran;2021-12-08;Store;value;;;;
351;800;2023-02-12;667;Cochran;2020-02-20;Focus;check;;;;
351;835;2025-02-28;224;Cochran;2020-02-12;Squirrel;waiting;;;;
351;918;2020-04-16;1281;Cochran;2020-04-16;Social;iniciative;;;;
351;972;2022-04-23;2877;Cochran;2020-02-14;Snoop;liner;;;;
352;1;2022-05-06;349;Hill-Owen;2020-01-02;Voyeur;sneak;180;area;366;Development and Cultural Studies
352;1;2022-05-06;349;Hill-Owen;2020-01-02;Voyeur;sneak;129;six;366;Development and Cultural Studies
352;25;2025-08-25;3496;Hill-Owen;2022-09-04;Upon;sport;180;area;366;Development and Cultural Studies
352;25;2025-08-25;3496;Hill-Owen;2022-09-04;Upon;sport;129;six;366;Development and Cultural Studies
352;38;2020-10-12;3138;Hill-Owen;2020-05-06;Land;great;180;area;366;Development and Cultural Studies
352;38;2020-10-12;3138;Hill-Owen;2020-05-06;Land;great;129;six;366;Development and Cultural Studies
352;65;2026-01-23;379;Hill-Owen;2021-01-01;Possible;network;180;area;366;Development and Cultural Studies
352;65;2026-01-23;379;Hill-Owen;2021-01-01;Possible;network;129;six;366;Development and Cultural Studies
352;86;2025-09-16;4736;Hill-Owen;2020-10-04;Fell;psychiatrist;180;area;366;Development and Cultural Studies
352;86;2025-09-16;4736;Hill-Owen;2020-10-04;Fell;psychiatrist;129;six;366;Development and Cultural Studies
352;96;2024-04-28;4567;Hill-Owen;2020-02-15;Like;available;180;area;366;Development and Cultural Studies
352;96;2024-04-28;4567;Hill-Owen;2020-02-15;Like;available;129;six;366;Development and Cultural Studies
352;165;2021-08-03;4275;Hill-Owen;2020-09-22;Flat;inform;180;area;366;Development and Cultural Studies
352;165;2021-08-03;4275;Hill-Owen;2020-09-22;Flat;inform;129;six;366;Development and Cultural Studies
352;197;2023-01-19;4165;Hill-Owen;2021-10-10;Ripe;swerve;180;area;366;Development and Cultural Studies
352;197;2023-01-19;4165;Hill-Owen;2021-10-10;Ripe;swerve;129;six;366;Development and Cultural Studies
352;262;2021-10-09;1703;Hill-Owen;2020-01-01;Kind;pick;180;area;366;Development and Cultural Studies
352;262;2021-10-09;1703;Hill-Owen;2020-01-01;Kind;pick;129;six;366;Development and Cultural Studies
352;374;2021-10-19;2147;Hill-Owen;2020-12-31;Imagine;like;180;area;366;Development and Cultural Studies
352;374;2021-10-19;2147;Hill-Owen;2020-12-31;Imagine;like;129;six;366;Development and Cultural Studies
352;399;2023-02-16;1185;Hill-Owen;2020-09-09;Home;difficult;180;area;366;Development and Cultural Studies
352;399;2023-02-16;1185;Hill-Owen;2020-09-09;Home;difficult;129;six;366;Development and Cultural Studies
352;444;2024-03-23;1844;Hill-Owen;2020-03-12;Development;despite;180;area;366;Development and Cultural Studies
352;444;2024-03-23;1844;Hill-Owen;2020-03-12;Development;despite;129;six;366;Development and Cultural Studies
352;451;2020-03-03;4029;Hill-Owen;2020-03-03;Sign;face;180;area;366;Development and Cultural Studies
352;451;2020-03-03;4029;Hill-Owen;2020-03-03;Sign;face;129;six;366;Development and Cultural Studies
352;458;2024-10-20;3027;Hill-Owen;2020-04-29;Decide;morning;180;area;366;Development and Cultural Studies
352;458;2024-10-20;3027;Hill-Owen;2020-04-29;Decide;morning;129;six;366;Development and Cultural Studies
352;479;2022-09-28;1623;Hill-Owen;2020-01-28;Foreign;ciao;180;area;366;Development and Cultural Studies
352;479;2022-09-28;1623;Hill-Owen;2020-01-28;Foreign;ciao;129;six;366;Development and Cultural Studies
352;593;2023-02-02;4577;Hill-Owen;2020-01-27;Yet;nothing;180;area;366;Development and Cultural Studies
352;593;2023-02-02;4577;Hill-Owen;2020-01-27;Yet;nothing;129;six;366;Development and Cultural Studies
352;607;2024-11-19;1902;Hill-Owen;2021-03-06;Much;alone;180;area;366;Development and Cultural Studies
352;607;2024-11-19;1902;Hill-Owen;2021-03-06;Much;alone;129;six;366;Development and Cultural Studies
352;644;2023-03-06;3550;Hill-Owen;2020-11-30;Round;sword;180;area;366;Development and Cultural Studies
352;644;2023-03-06;3550;Hill-Owen;2020-11-30;Round;sword;129;six;366;Development and Cultural Studies
352;656;2022-01-10;3613;Hill-Owen;2020-12-30;Person;yourself;180;area;366;Development and Cultural Studies
352;656;2022-01-10;3613;Hill-Owen;2020-12-30;Person;yourself;129;six;366;Development and Cultural Studies
352;734;2021-01-02;1832;Hill-Owen;2020-01-16;Clearly;safe;180;area;366;Development and Cultural Studies
352;734;2021-01-02;1832;Hill-Owen;2020-01-16;Clearly;safe;129;six;366;Development and Cultural Studies
352;826;2025-07-27;1011;Hill-Owen;2021-07-01;Pacience;gutter;180;area;366;Development and Cultural Studies
352;826;2025-07-27;1011;Hill-Owen;2021-07-01;Pacience;gutter;129;six;366;Development and Cultural Studies
352;847;2025-04-15;860;Hill-Owen;2020-01-20;No;wall;180;area;366;Development and Cultural Studies
352;847;2025-04-15;860;Hill-Owen;2020-01-20;No;wall;129;six;366;Development and Cultural Studies
352;856;2020-03-23;632;Hill-Owen;2020-03-23;Likely;city;180;area;366;Development and Cultural Studies
352;856;2020-03-23;632;Hill-Owen;2020-03-23;Likely;city;129;six;366;Development and Cultural Studies
353;31;2024-02-19;1845;Reyes Ltd;2020-08-31;Health;respond;;;;
353;107;2024-04-15;172;Reyes Ltd;2023-08-19;Provide;know;;;;
353;161;2023-12-30;3661;Reyes Ltd;2020-02-01;Have;party;;;;
353;199;2021-09-27;2966;Reyes Ltd;2020-09-24;Whole;successful;;;;
353;214;2025-03-14;2002;Reyes Ltd;2020-03-26;Moment;cut;;;;
353;413;2024-01-24;436;Reyes Ltd;2020-11-08;Stop;country;;;;
353;457;2023-09-17;4845;Reyes Ltd;2021-03-01;Standard;choose;;;;
353;499;2025-11-22;3256;Reyes Ltd;2020-03-14;Bone;served;;;;
353;502;2020-10-13;4252;Reyes Ltd;2020-10-13;Yours;pretty;;;;
353;508;2022-02-03;2688;Reyes Ltd;2020-12-12;Daughter;board;;;;
353;549;2020-11-13;4362;Reyes Ltd;2020-11-13;Job;complication;;;;
353;573;2023-06-25;4965;Reyes Ltd;2020-10-28;Drug;father;;;;
353;587;2021-11-30;2228;Reyes Ltd;2020-12-25;Arrive;different;;;;
353;634;2021-03-29;3647;Reyes Ltd;2020-02-11;Ever;employee;;;;
353;635;2021-12-11;1092;Reyes Ltd;2021-06-02;Wild;freeing;;;;
353;669;2021-12-17;1873;Reyes Ltd;2021-12-17;Messanger;memory;;;;
353;683;2024-05-10;685;Reyes Ltd;2020-01-08;Away;wind;;;;
353;811;2025-11-24;3771;Reyes Ltd;2020-04-09;Elect;chosen;;;;
353;813;2020-09-22;2121;Reyes Ltd;2020-09-22;Electrify;chemical;;;;
353;962;2022-06-04;3818;Reyes Ltd;2020-02-25;Plant;statement;;;;
353;995;2020-04-16;2984;Reyes Ltd;2020-04-16;Assume;and;;;;
354;57;2021-06-21;3747;Kirk-Huff;2020-03-12;Father;road;189;glass;101;Renaissance
354;104;2020-07-07;2330;Kirk-Huff;2020-07-07;Concern;stay;189;glass;101;Renaissance
354;166;2022-08-06;3394;Kirk-Huff;2020-10-25;Director;feel;189;glass;101;Renaissance
354;196;2024-11-22;2459;Kirk-Huff;2020-11-18;Pack;snail;189;glass;101;Renaissance
354;288;2021-08-15;1361;Kirk-Huff;2020-01-31;Sea;understand;189;glass;101;Renaissance
354;337;2024-04-21;1905;Kirk-Huff;2020-12-22;Example;chance;189;glass;101;Renaissance
354;437;2021-01-08;2193;Kirk-Huff;2020-04-29;Behind;lady;189;glass;101;Renaissance
354;461;2023-04-20;3827;Kirk-Huff;2020-11-03;Issue;one;189;glass;101;Renaissance
354;507;2024-08-22;581;Kirk-Huff;2020-05-07;Own;line;189;glass;101;Renaissance
354;570;2021-05-03;3612;Kirk-Huff;2020-06-05;Rather;professional;189;glass;101;Renaissance
354;580;2020-05-13;3948;Kirk-Huff;2020-03-22;Feel;bad;189;glass;101;Renaissance
354;669;2025-06-22;847;Kirk-Huff;2021-12-17;Messanger;memory;189;glass;101;Renaissance
354;684;2022-05-04;2985;Kirk-Huff;2022-05-04;Often;material;189;glass;101;Renaissance
354;731;2020-04-29;856;Kirk-Huff;2020-04-29;High;central;189;glass;101;Renaissance
354;797;2021-11-24;678;Kirk-Huff;2020-01-07;Quickly;top;189;glass;101;Renaissance
354;870;2025-09-13;2469;Kirk-Huff;2022-09-24;Cold;also;189;glass;101;Renaissance
354;910;2026-02-05;1881;Kirk-Huff;2021-07-05;Rise;according;189;glass;101;Renaissance
354;915;2024-09-06;4473;Kirk-Huff;2020-03-02;But;forget;189;glass;101;Renaissance
355;95;2023-08-08;4922;Herman-Berry;2021-05-14;Leg;area;;;;
355;98;2021-10-31;556;Herman-Berry;2020-04-20;Recent;kind;;;;
355;106;2022-05-17;3036;Herman-Berry;2020-01-20;Peace;add;;;;
355;111;2020-04-25;2254;Herman-Berry;2020-04-25;Empty;forgotten;;;;
355;160;2020-06-12;1333;Herman-Berry;2020-06-12;Style;shoulder;;;;
355;225;2024-10-17;2486;Herman-Berry;2020-01-30;Book;quality;;;;
355;248;2021-03-21;1671;Herman-Berry;2020-09-04;Landslip;landslide;;;;
355;296;2022-02-08;1668;Herman-Berry;2022-02-08;Pass;safe;;;;
355;312;2020-02-13;2285;Herman-Berry;2020-02-13;Sevenfold;sickle;;;;
355;425;2025-09-23;481;Herman-Berry;2020-06-25;Boots;held;;;;
355;469;2024-11-20;220;Herman-Berry;2022-03-02;Individual;whatever;;;;
355;602;2021-04-26;1512;Herman-Berry;2020-02-12;Pop;club;;;;
355;622;2025-02-06;790;Herman-Berry;2020-04-24;How;buy;;;;
355;642;2021-04-06;1075;Herman-Berry;2020-01-09;Realize;financial;;;;
355;662;2022-09-11;4341;Herman-Berry;2020-12-20;Learnt;leash;;;;
355;712;2026-01-28;1587;Herman-Berry;2023-03-12;Nation;nip;;;;
355;740;2022-09-16;3891;Herman-Berry;2020-05-18;Side;ok;;;;
355;750;2020-05-08;1052;Herman-Berry;2020-05-08;Commons;calculator;;;;
355;759;2021-12-29;884;Herman-Berry;2020-12-04;Once;deep;;;;
355;771;2025-01-14;4030;Herman-Berry;2020-01-18;Should;wrong;;;;
355;795;2021-03-09;3090;Herman-Berry;2021-03-09;Room;thought;;;;
355;860;2026-02-03;995;Herman-Berry;2020-04-07;Push;yard;;;;
355;862;2024-05-02;4499;Herman-Berry;2021-11-13;Zealous;boil;;;;
356;8;2026-01-10;4708;Gomez and Sons;2020-03-22;White;build;;;;
356;165;2022-03-23;1805;Gomez and Sons;2020-09-22;Flat;inform;;;;
356;195;2020-07-02;3495;Gomez and Sons;2020-07-02;Enterprise;groom;;;;
356;215;2024-06-26;683;Gomez and Sons;2020-01-05;Outmatch;progression;;;;
356;277;2022-03-30;3862;Gomez and Sons;2020-11-10;July;map;;;;
356;377;2022-11-02;2097;Gomez and Sons;2020-04-25;Performance;state;;;;
356;519;2021-03-27;3025;Gomez and Sons;2020-09-06;Leader;technology;;;;
356;521;2021-11-16;1647;Gomez and Sons;2020-03-14;Trailer;two;;;;
356;590;2020-08-09;2530;Gomez and Sons;2020-01-07;Rich;thus;;;;
356;692;2025-06-19;316;Gomez and Sons;2020-12-12;Street;walk;;;;
356;728;2024-09-28;2080;Gomez and Sons;2020-01-30;Fine;possible;;;;
356;758;2024-07-08;1772;Gomez and Sons;2021-01-16;Tape;chesnut;;;;
356;798;2025-05-04;4295;Gomez and Sons;2021-08-11;Cruel;goofy;;;;
356;870;2023-03-16;4282;Gomez and Sons;2022-09-24;Cold;also;;;;
356;879;2024-05-05;2012;Gomez and Sons;2020-04-26;Interesting;board;;;;
356;944;2020-01-03;4246;Gomez and Sons;2020-01-03;Sort;stage;;;;
356;949;2023-07-04;3607;Gomez and Sons;2021-06-25;Fight;agent;;;;
357;19;2024-11-04;2137;Mcconnell Ltd;2020-05-13;Ever;hope;;;;
357;94;2023-01-19;2180;Mcconnell Ltd;2020-05-07;Trouble;project;;;;
357;118;2024-10-01;3673;Mcconnell Ltd;2021-05-17;Ever;which;;;;
357;132;2023-08-05;1884;Mcconnell Ltd;2020-08-30;Diet;village;;;;
357;207;2023-03-27;3574;Mcconnell Ltd;2021-04-24;Success;president;;;;
357;245;2024-02-02;3362;Mcconnell Ltd;2020-01-08;Mill;run;;;;
357;265;2020-06-06;361;Mcconnell Ltd;2020-02-24;Third;girl;;;;
357;362;2022-02-10;234;Mcconnell Ltd;2020-02-13;Memory;late;;;;
357;367;2021-01-24;2726;Mcconnell Ltd;2021-01-24;Event;soon;;;;
357;381;2020-02-04;4891;Mcconnell Ltd;2020-02-04;Miles;spider;;;;
357;407;2023-09-22;1528;Mcconnell Ltd;2021-03-14;Politics;tough;;;;
357;416;2023-02-09;3495;Mcconnell Ltd;2020-03-13;Some;kitchen;;;;
357;455;2024-04-24;2606;Mcconnell Ltd;2020-07-23;Former;public;;;;
357;475;2024-11-06;3555;Mcconnell Ltd;2020-10-16;Young;without;;;;
357;488;2023-02-22;1346;Mcconnell Ltd;2020-07-24;Street;its;;;;
357;619;2020-04-14;2353;Mcconnell Ltd;2020-04-14;Silver;earring;;;;
357;694;2025-05-03;3100;Mcconnell Ltd;2020-01-21;Concern;west;;;;
357;870;2022-09-24;1210;Mcconnell Ltd;2022-09-24;Cold;also;;;;
357;883;2024-01-05;3757;Mcconnell Ltd;2020-02-02;Process;Crime;;;;
357;928;2022-11-02;240;Mcconnell Ltd;2020-01-24;Wonder;respond;;;;
357;945;2021-11-26;967;Mcconnell Ltd;2020-04-15;Manual;trick;;;;
357;947;2021-08-16;493;Mcconnell Ltd;2020-06-13;Quite;last;;;;
358;1;2022-12-25;828;Hull;2020-01-02;Voyeur;sneak;;;;
358;206;2021-04-26;3635;Hull;2020-01-25;He;main;;;;
358;321;2022-02-02;523;Hull;2020-06-04;Ardent;architect;;;;
358;347;2024-06-11;4104;Hull;2020-09-22;Tax;perhaps;;;;
358;432;2022-03-02;4985;Hull;2020-03-28;Reality;dip;;;;
358;526;2023-02-18;2288;Hull;2020-09-23;Accept;strong;;;;
358;528;2021-12-20;4957;Hull;2021-03-23;Created;monster;;;;
358;547;2024-10-01;200;Hull;2020-07-17;President;we;;;;
358;549;2022-08-22;482;Hull;2020-11-13;Job;complication;;;;
358;636;2023-02-24;1047;Hull;2020-04-17;Business;tell;;;;
358;665;2020-12-13;1426;Hull;2020-05-30;Say;reduce;;;;
358;672;2020-01-03;987;Hull;2020-01-03;Once;yeah;;;;
358;821;2023-12-27;2717;Hull;2020-07-31;Dog;decide;;;;
358;847;2021-11-01;349;Hull;2020-01-20;No;wall;;;;
358;871;2021-04-13;2079;Hull;2021-04-13;Applaud;off;;;;
358;899;2020-03-13;3561;Hull;2020-03-13;Fine;hundred;;;;
358;938;2022-05-04;4841;Hull;2021-08-25;American;but;;;;
358;962;2020-02-25;3728;Hull;2020-02-25;Plant;statement;;;;
359;214;2021-02-20;3890;Fisher;2020-03-26;Moment;cut;;;;
359;320;2024-01-14;4719;Fisher;2021-02-04;Happy;American;;;;
359;352;2026-02-03;627;Fisher;2020-08-07;Suddenly;boy;;;;
359;356;2020-09-26;2643;Fisher;2020-09-26;Emma;arrow;;;;
359;519;2021-02-23;4095;Fisher;2020-09-06;Leader;technology;;;;
359;576;2024-06-17;605;Fisher;2020-05-20;Article;surface;;;;
359;704;2026-01-16;2529;Fisher;2020-02-29;Mission;thought;;;;
359;720;2021-04-23;2757;Fisher;2020-09-10;Rock;woman;;;;
359;723;2022-02-03;3404;Fisher;2020-02-05;Take;above;;;;
359;792;2021-05-25;2840;Fisher;2020-04-25;Municipal;proper;;;;
359;815;2023-03-28;1790;Fisher;2020-10-18;Brush;tool;;;;
359;840;2022-02-12;3942;Fisher;2020-03-14;Consider;people;;;;
360;16;2022-09-07;4971;Mitchell Ltd;2021-01-25;Artist;young;;;;
360;32;2022-02-27;1178;Mitchell Ltd;2022-01-20;Event;continue;;;;
360;271;2023-02-12;180;Mitchell Ltd;2021-03-10;Create;garden;;;;
360;318;2025-10-24;2113;Mitchell Ltd;2020-07-01;Ardour;argentine;;;;
360;369;2024-06-03;1143;Mitchell Ltd;2020-04-27;This;already;;;;
360;379;2024-05-25;4493;Mitchell Ltd;2020-01-31;Learn;husband;;;;
360;455;2020-07-23;2958;Mitchell Ltd;2020-07-23;Former;public;;;;
360;484;2023-05-02;1173;Mitchell Ltd;2020-03-25;Maybe;possible;;;;
360;563;2021-12-11;3269;Mitchell Ltd;2020-05-18;Exam;sent;;;;
360;634;2025-01-04;4913;Mitchell Ltd;2020-02-11;Ever;employee;;;;
360;840;2022-08-30;2963;Mitchell Ltd;2020-03-14;Consider;people;;;;
360;983;2023-11-14;2558;Mitchell Ltd;2020-06-30;Black;thus;;;;
361;11;2025-04-24;242;Collins PLC;2021-06-09;This;face;;;;
361;18;2024-07-13;4363;Collins PLC;2020-01-30;Chase;equally;;;;
361;32;2025-10-06;172;Collins PLC;2022-01-20;Event;continue;;;;
361;50;2022-06-01;4642;Collins PLC;2020-01-01;Book;difference;;;;
361;85;2025-12-21;633;Collins PLC;2020-03-14;Cell;however;;;;
361;227;2025-02-22;2799;Collins PLC;2020-11-21;Ok;air;;;;
361;273;2021-12-18;4313;Collins PLC;2020-01-13;Doctor;admit;;;;
361;275;2023-04-11;1001;Collins PLC;2020-04-19;June;mar;;;;
361;405;2022-09-03;452;Collins PLC;2020-06-22;Time;sing;;;;
361;449;2024-02-11;4680;Collins PLC;2020-01-03;Get;to;;;;
361;604;2025-03-15;2538;Collins PLC;2020-02-11;Noise;noticing;;;;
361;612;2024-08-13;707;Collins PLC;2020-03-10;Envelope;container;;;;
361;678;2023-12-17;588;Collins PLC;2020-05-26;Treatment;once;;;;
361;693;2021-03-05;794;Collins PLC;2021-03-05;Nothing;traditional;;;;
361;863;2020-09-06;2821;Collins PLC;2020-01-26;Scene;particular;;;;
361;886;2022-03-30;3026;Collins PLC;2020-10-15;Some;street;;;;
361;897;2024-08-10;1775;Collins PLC;2020-05-26;Harm;hairdress;;;;
361;899;2024-07-31;3173;Collins PLC;2020-03-13;Fine;hundred;;;;
361;927;2024-01-07;3048;Collins PLC;2020-03-02;English;imaginable;;;;
361;946;2021-07-16;162;Collins PLC;2020-08-12;Quickly;sign;;;;
361;982;2021-01-25;615;Collins PLC;2021-01-25;Operation;time;;;;
362;8;2021-06-08;3863;Tate LLC;2020-03-22;White;build;;;;
362;89;2022-11-27;2834;Tate LLC;2020-04-08;Involve;term;;;;
362;101;2025-02-02;2344;Tate LLC;2020-01-12;Single;well;;;;
362;139;2021-12-30;4428;Tate LLC;2020-06-11;Myself;bag;;;;
362;272;2024-05-16;1992;Tate LLC;2020-04-25;Glass;outside;;;;
362;312;2025-02-19;3529;Tate LLC;2020-02-13;Sevenfold;sickle;;;;
362;369;2021-07-14;386;Tate LLC;2020-04-27;This;already;;;;
362;452;2020-11-17;3534;Tate LLC;2020-02-11;Clearly;message;;;;
362;474;2024-01-02;4024;Tate LLC;2020-09-07;On;eyes;;;;
362;509;2021-03-10;4833;Tate LLC;2020-06-24;Leave;bone;;;;
362;516;2022-10-22;481;Tate LLC;2021-03-26;Worker;own;;;;
362;518;2023-01-19;4018;Tate LLC;2020-09-25;Administration;have;;;;
362;524;2023-05-06;3639;Tate LLC;2021-02-28;Seven;rate;;;;
362;564;2023-07-31;336;Tate LLC;2020-08-16;Contain;force;;;;
362;666;2024-09-17;1495;Tate LLC;2021-06-30;Tide;wave;;;;
362;852;2024-03-06;2836;Tate LLC;2020-12-06;Accent;loser;;;;
362;880;2022-05-25;4735;Tate LLC;2020-08-21;Rock;season;;;;
362;888;2025-05-04;3329;Tate LLC;2020-04-03;History;appear;;;;
363;30;2025-10-28;4215;Harrison LLC;2020-03-15;Conference;product;141;you;54;Urban Culture
363;254;2024-01-06;484;Harrison LLC;2021-12-13;Human;because;141;you;54;Urban Culture
363;333;2020-09-17;299;Harrison LLC;2020-01-28;Over;grow;141;you;54;Urban Culture
363;343;2023-05-19;3158;Harrison LLC;2020-01-12;Nickle;table;141;you;54;Urban Culture
363;349;2024-02-26;1208;Harrison LLC;2021-07-16;Arcane;arcade;141;you;54;Urban Culture
363;363;2020-11-12;4343;Harrison LLC;2020-04-20;Her;foreign;141;you;54;Urban Culture
363;398;2025-08-06;294;Harrison LLC;2020-01-06;Authority;treatment;141;you;54;Urban Culture
363;443;2020-05-20;3302;Harrison LLC;2020-05-01;How;such;141;you;54;Urban Culture
363;487;2021-05-03;721;Harrison LLC;2020-07-17;Become;heavy;141;you;54;Urban Culture
363;490;2025-06-22;3538;Harrison LLC;2021-03-27;Road;campaign;141;you;54;Urban Culture
363;584;2022-11-06;1601;Harrison LLC;2020-03-25;Fish;sea;141;you;54;Urban Culture
363;654;2021-10-26;2651;Harrison LLC;2021-10-26;Early;me;141;you;54;Urban Culture
363;717;2025-12-03;679;Harrison LLC;2020-04-05;Think;future;141;you;54;Urban Culture
363;730;2024-12-17;4898;Harrison LLC;2020-06-15;Gin;bleach;141;you;54;Urban Culture
363;776;2023-05-25;4086;Harrison LLC;2020-08-06;Daddle;ceramic;141;you;54;Urban Culture
363;910;2022-06-18;4747;Harrison LLC;2021-07-05;Rise;according;141;you;54;Urban Culture
364;27;2024-10-03;3775;Shields;2021-05-12;Agree;open;;;;
364;116;2021-04-13;4487;Shields;2020-01-31;Tell;treating;;;;
364;157;2020-09-12;4933;Shields;2020-03-03;Receive;eccentric;;;;
364;333;2020-12-27;103;Shields;2020-01-28;Over;grow;;;;
364;463;2023-10-05;4361;Shields;2020-03-25;Money;rate;;;;
364;598;2021-01-29;603;Shields;2020-05-29;Value;key;;;;
364;762;2024-05-02;1535;Shields;2020-02-25;Authority;road;;;;
364;770;2025-06-22;3601;Shields;2020-12-06;Use;reach;;;;
364;819;2020-12-09;1713;Shields;2020-11-20;Former;involve;;;;
364;891;2025-02-02;4370;Shields;2023-06-25;Impress;delay;;;;
364;987;2022-02-09;334;Shields;2020-03-21;Pierce;column;;;;
364;994;2025-05-25;3915;Shields;2021-07-16;Security;challenge;;;;
365;6;2023-03-12;2926;Quinn Group;2020-04-23;Million;attack;97;policy;79;Impressionism
365;6;2023-03-12;2926;Quinn Group;2020-04-23;Million;attack;35;situation;101;Renaissance
365;87;2024-01-26;3648;Quinn Group;2020-02-02;Responsibility;dream;97;policy;79;Impressionism
365;87;2024-01-26;3648;Quinn Group;2020-02-02;Responsibility;dream;35;situation;101;Renaissance
365;90;2023-09-05;2052;Quinn Group;2020-05-26;Work;repetition;97;policy;79;Impressionism
365;90;2023-09-05;2052;Quinn Group;2020-05-26;Work;repetition;35;situation;101;Renaissance
365;120;2023-01-29;1030;Quinn Group;2021-03-13;Follow;democratic;97;policy;79;Impressionism
365;120;2023-01-29;1030;Quinn Group;2021-03-13;Follow;democratic;35;situation;101;Renaissance
365;185;2021-10-12;3526;Quinn Group;2020-10-06;Smile;player;97;policy;79;Impressionism
365;185;2021-10-12;3526;Quinn Group;2020-10-06;Smile;player;35;situation;101;Renaissance
365;219;2020-04-28;1317;Quinn Group;2020-01-20;Prop;back;97;policy;79;Impressionism
365;219;2020-04-28;1317;Quinn Group;2020-01-20;Prop;back;35;situation;101;Renaissance
365;226;2023-08-07;2945;Quinn Group;2020-04-30;Buy;share;97;policy;79;Impressionism
365;226;2023-08-07;2945;Quinn Group;2020-04-30;Buy;share;35;situation;101;Renaissance
365;353;2025-09-25;624;Quinn Group;2020-05-01;Kitchen;sign;97;policy;79;Impressionism
365;353;2025-09-25;624;Quinn Group;2020-05-01;Kitchen;sign;35;situation;101;Renaissance
365;360;2024-01-29;4446;Quinn Group;2020-03-20;Question;walk;97;policy;79;Impressionism
365;360;2024-01-29;4446;Quinn Group;2020-03-20;Question;walk;35;situation;101;Renaissance
365;458;2021-03-21;2053;Quinn Group;2020-04-29;Decide;morning;97;policy;79;Impressionism
365;458;2021-03-21;2053;Quinn Group;2020-04-29;Decide;morning;35;situation;101;Renaissance
365;526;2022-05-21;2862;Quinn Group;2020-09-23;Accept;strong;97;policy;79;Impressionism
365;526;2022-05-21;2862;Quinn Group;2020-09-23;Accept;strong;35;situation;101;Renaissance
365;526;2020-09-23;3797;Quinn Group;2020-09-23;Accept;strong;97;policy;79;Impressionism
365;526;2020-09-23;3797;Quinn Group;2020-09-23;Accept;strong;35;situation;101;Renaissance
365;550;2024-11-01;499;Quinn Group;2020-04-24;See;empty;97;policy;79;Impressionism
365;550;2024-11-01;499;Quinn Group;2020-04-24;See;empty;35;situation;101;Renaissance
365;708;2025-12-28;3773;Quinn Group;2020-04-07;Wife;far;97;policy;79;Impressionism
365;708;2025-12-28;3773;Quinn Group;2020-04-07;Wife;far;35;situation;101;Renaissance
365;770;2021-08-13;857;Quinn Group;2020-12-06;Use;reach;97;policy;79;Impressionism
365;770;2021-08-13;857;Quinn Group;2020-12-06;Use;reach;35;situation;101;Renaissance
365;811;2025-08-11;1043;Quinn Group;2020-04-09;Elect;chosen;97;policy;79;Impressionism
365;811;2025-08-11;1043;Quinn Group;2020-04-09;Elect;chosen;35;situation;101;Renaissance
365;821;2023-07-05;3107;Quinn Group;2020-07-31;Dog;decide;97;policy;79;Impressionism
365;821;2023-07-05;3107;Quinn Group;2020-07-31;Dog;decide;35;situation;101;Renaissance
365;973;2025-08-30;2900;Quinn Group;2020-05-01;Hub;loot;97;policy;79;Impressionism
365;973;2025-08-30;2900;Quinn Group;2020-05-01;Hub;loot;35;situation;101;Renaissance
366;113;2024-09-09;4324;Miller;2020-12-30;Feel;simply;;;;
366;155;2024-06-14;2881;Miller;2021-10-08;Man;religious;;;;
366;182;2023-02-17;4962;Miller;2020-10-27;Old;top;;;;
366;239;2026-02-15;3160;Miller;2020-02-14;Ladder;lace;;;;
366;315;2022-05-01;2504;Miller;2020-01-09;Majority;call;;;;
366;419;2025-02-18;318;Miller;2020-07-13;To;get;;;;
366;434;2022-08-11;4827;Miller;2020-06-04;Fall;huge;;;;
366;465;2024-03-11;3641;Miller;2021-08-20;Thus;choice;;;;
366;525;2021-08-27;1234;Miller;2020-04-15;Guess;shady;;;;
366;622;2024-03-01;4074;Miller;2020-04-24;How;buy;;;;
366;635;2025-03-07;3946;Miller;2021-06-02;Wild;freeing;;;;
366;676;2024-04-06;3308;Miller;2020-12-11;Manage;same;;;;
366;715;2022-12-31;4417;Miller;2020-07-06;Walk;ahead;;;;
366;761;2022-04-26;1467;Miller;2020-01-26;Company;age;;;;
366;868;2021-07-06;1790;Miller;2020-06-06;Egg;swarm;;;;
366;892;2025-05-07;155;Miller;2020-07-15;Unexpect;inject;;;;
366;913;2025-08-28;1847;Miller;2020-07-08;Wise;artifact;;;;
366;914;2025-01-02;1986;Miller;2020-03-27;School;hope;;;;
367;17;2020-10-17;1878;Hayden;2020-01-19;Elder;deletion;;;;
367;141;2023-08-12;1381;Hayden;2021-09-16;King;plot;;;;
367;167;2023-01-26;3434;Hayden;2020-04-15;Happy;land;;;;
367;202;2025-05-12;1923;Hayden;2020-10-20;Number;news;;;;
367;203;2024-08-26;1432;Hayden;2020-05-29;Key;time;;;;
367;274;2020-01-12;331;Hayden;2020-01-12;Mantelpiece;march;;;;
367;352;2020-12-27;597;Hayden;2020-08-07;Suddenly;boy;;;;
367;634;2020-09-14;2653;Hayden;2020-02-11;Ever;employee;;;;
367;760;2025-02-19;353;Hayden;2020-04-06;True;card;;;;
367;768;2022-03-01;966;Hayden;2021-11-30;Generation;claim;;;;
367;780;2020-12-21;3735;Hayden;2020-12-21;Agitate;dry;;;;
367;826;2021-07-01;4243;Hayden;2021-07-01;Pacience;gutter;;;;
367;923;2024-02-07;454;Hayden;2020-11-08;Today;new;;;;
368;56;2024-10-29;1539;Meyer Inc;2020-02-28;Moon;light;38;human;101;Renaissance
368;77;2021-06-27;334;Meyer Inc;2020-01-29;Help;together;38;human;101;Renaissance
368;100;2022-01-29;366;Meyer Inc;2020-04-15;Best;center;38;human;101;Renaissance
368;226;2023-01-21;3347;Meyer Inc;2020-04-30;Buy;share;38;human;101;Renaissance
368;312;2023-08-17;3104;Meyer Inc;2020-02-13;Sevenfold;sickle;38;human;101;Renaissance
368;432;2022-02-16;3423;Meyer Inc;2020-03-28;Reality;dip;38;human;101;Renaissance
368;472;2026-02-06;1264;Meyer Inc;2020-06-30;Senior;reality;38;human;101;Renaissance
368;600;2023-11-10;701;Meyer Inc;2020-07-08;Major;four;38;human;101;Renaissance
368;786;2021-10-19;4741;Meyer Inc;2020-05-06;Move;dream;38;human;101;Renaissance
368;845;2020-12-23;536;Meyer Inc;2020-12-23;They;herself;38;human;101;Renaissance
368;876;2025-06-17;2162;Meyer Inc;2020-08-12;In;ever;38;human;101;Renaissance
368;883;2020-03-03;1178;Meyer Inc;2020-02-02;Process;Crime;38;human;101;Renaissance
368;932;2023-05-27;4715;Meyer Inc;2020-02-29;Some;debate;38;human;101;Renaissance
368;966;2021-10-10;1362;Meyer Inc;2021-02-14;Palm;stack;38;human;101;Renaissance
368;988;2025-06-17;1562;Meyer Inc;2020-03-22;Eyelash;blink;38;human;101;Renaissance
369;30;2020-03-15;1523;Sanchez;2020-03-15;Conference;product;;;;
369;162;2025-09-26;3374;Sanchez;2020-12-16;Near;faraway;;;;
369;286;2025-02-04;3076;Sanchez;2021-05-16;Property;notice;;;;
369;365;2022-10-28;1886;Sanchez;2021-01-16;Order;share;;;;
369;370;2025-12-17;3698;Sanchez;2020-04-21;Her;PM;;;;
369;400;2022-12-09;2173;Sanchez;2020-03-25;Wand;Avenge;;;;
369;445;2022-12-08;2972;Sanchez;2020-06-26;Measure;skin;;;;
369;505;2024-05-23;4324;Sanchez;2020-01-31;Raise;them;;;;
369;570;2020-10-20;2773;Sanchez;2020-06-05;Rather;professional;;;;
369;621;2023-12-07;2841;Sanchez;2020-09-15;Countess;title;;;;
369;647;2023-09-02;4743;Sanchez;2020-01-05;Maintain;coach;;;;
369;682;2021-03-05;3794;Sanchez;2020-06-21;Final;figure;;;;
369;704;2022-10-09;1467;Sanchez;2020-02-29;Mission;thought;;;;
369;777;2020-10-12;4237;Sanchez;2020-10-12;Grain;cuddle;;;;
369;817;2022-01-27;3035;Sanchez;2020-02-13;Me;quite;;;;
369;829;2022-11-03;3419;Sanchez;2020-01-09;Few;line;;;;
369;900;2025-03-27;2848;Sanchez;2021-04-05;Rule;middle;;;;
370;8;2024-07-16;2281;Morton;2020-03-22;White;build;;;;
370;75;2022-06-04;1573;Morton;2020-02-17;Surface;throughout;;;;
370;144;2025-12-24;3302;Morton;2020-12-11;Champagne;store;;;;
370;194;2020-03-27;779;Morton;2020-03-27;Pass;physical;;;;
370;343;2024-08-13;3106;Morton;2020-01-12;Nickle;table;;;;
370;400;2023-11-24;4304;Morton;2020-03-25;Wand;Avenge;;;;
370;428;2022-07-28;4290;Morton;2020-03-03;Me;across;;;;
370;453;2020-02-26;4130;Morton;2020-02-26;Her;beautiful;;;;
370;492;2020-05-21;4056;Morton;2020-04-01;Staff;treatment;;;;
370;553;2025-03-20;2364;Morton;2020-12-20;Claim;news;;;;
370;584;2020-03-25;4523;Morton;2020-03-25;Fish;sea;;;;
370;597;2021-08-12;2127;Morton;2021-06-13;Radio;to;;;;
370;632;2024-05-02;3352;Morton;2020-02-11;Although;book;;;;
370;660;2024-11-07;4544;Morton;2021-01-10;Leaf;leaflet;;;;
370;700;2022-05-02;2571;Morton;2022-02-28;Mining;misbelief;;;;
370;724;2024-07-09;791;Morton;2020-02-21;Reader;bionic;;;;
370;740;2020-06-10;3705;Morton;2020-05-18;Side;ok;;;;
370;761;2023-11-28;1046;Morton;2020-01-26;Company;age;;;;
370;791;2020-08-08;2472;Morton;2020-08-08;Shun;commander;;;;
370;912;2024-11-24;3920;Morton;2020-09-10;Cut;young;;;;
370;932;2021-05-30;3916;Morton;2020-02-29;Some;debate;;;;
370;937;2025-09-10;2884;Morton;2020-08-05;Builder;turbulent;;;;
370;952;2023-03-06;473;Morton;2021-01-08;Fire;another;;;;
370;992;2020-12-15;4627;Morton;2020-02-17;Prevent;mother;;;;
371;21;2023-02-26;3096;Palmer;2020-03-25;Charter;carter ;;;;
371;55;2025-10-05;3649;Palmer;2020-04-15;Sun;star;;;;
371;117;2020-09-22;513;Palmer;2020-09-22;Wall;morning;;;;
371;180;2024-04-04;4012;Palmer;2020-02-18;As;beyond;;;;
371;246;2020-07-01;1148;Palmer;2020-05-02;Investment;marriage;;;;
371;331;2024-04-11;4515;Palmer;2020-02-23;Hope;technology;;;;
371;418;2024-07-24;1676;Palmer;2021-05-03;Method;civil;;;;
371;581;2020-05-23;2827;Palmer;2020-05-23;Obscene;presley;;;;
371;598;2024-11-30;1683;Palmer;2020-05-29;Value;key;;;;
371;667;2022-03-28;3669;Palmer;2020-12-19;Apply;third;;;;
371;680;2023-01-19;3109;Palmer;2020-02-19;Cat;dog;;;;
371;794;2025-11-06;3480;Palmer;2020-04-20;Chop;spacious;;;;
371;852;2025-02-26;4111;Palmer;2020-12-06;Accent;loser;;;;
371;913;2025-10-17;508;Palmer;2020-07-08;Wise;artifact;;;;
372;38;2020-05-06;1793;Burns;2020-05-06;Land;great;;;;
372;66;2024-08-28;1257;Burns;2021-03-17;Sister;door;;;;
372;69;2022-04-14;4597;Burns;2020-01-03;College;doctor;;;;
372;180;2025-09-13;2844;Burns;2020-02-18;As;beyond;;;;
372;205;2021-02-21;1582;Burns;2020-06-28;Sweat;sweet;;;;
372;209;2020-01-06;1998;Burns;2020-01-06;Draw;adult;;;;
372;236;2020-03-31;610;Burns;2020-01-26;Equestrian;implausible;;;;
372;295;2024-08-09;968;Burns;2020-12-13;Rife;rid;;;;
372;339;2020-03-27;2623;Burns;2020-03-27;Slam;pad;;;;
372;343;2021-01-14;148;Burns;2020-01-12;Nickle;table;;;;
372;379;2025-04-27;2588;Burns;2020-01-31;Learn;husband;;;;
372;407;2022-07-08;2703;Burns;2021-03-14;Politics;tough;;;;
372;741;2022-04-04;4116;Burns;2020-01-27;Late;I;;;;
372;761;2020-02-17;2553;Burns;2020-01-26;Company;age;;;;
372;821;2025-12-15;1014;Burns;2020-07-31;Dog;decide;;;;
372;847;2021-10-12;2102;Burns;2020-01-20;No;wall;;;;
372;877;2023-09-01;2787;Burns;2020-01-27;Operation;safe;;;;
372;967;2022-11-11;141;Burns;2022-02-27;Last;enough;;;;
372;993;2021-08-12;2686;Burns;2020-11-01;Sinner;syren;;;;
372;995;2020-09-27;3589;Burns;2020-04-16;Assume;and;;;;
373;77;2023-01-26;2091;Coleman;2020-01-29;Help;together;;;;
373;134;2022-11-04;3120;Coleman;2020-02-17;Some;both;;;;
373;201;2020-08-04;2873;Coleman;2020-03-18;Let;a;;;;
373;208;2021-06-30;527;Coleman;2020-02-23;Wheal;wheel;;;;
373;229;2021-10-30;178;Coleman;2020-04-30;Alloy;bathtub;;;;
373;248;2023-10-07;3228;Coleman;2020-09-04;Landslip;landslide;;;;
373;334;2024-08-14;572;Coleman;2022-01-29;Build;term;;;;
373;355;2022-07-25;4522;Coleman;2020-03-10;Dark;future;;;;
373;539;2022-02-26;493;Coleman;2020-03-04;After;policy;;;;
373;548;2021-01-15;4783;Coleman;2020-03-31;Cooperate;operate;;;;
373;584;2023-10-26;171;Coleman;2020-03-25;Fish;sea;;;;
373;598;2025-07-29;4564;Coleman;2020-05-29;Value;key;;;;
373;640;2022-02-22;4420;Coleman;2020-01-12;Important;yes;;;;
373;662;2021-07-17;4751;Coleman;2020-12-20;Learnt;leash;;;;
373;782;2024-03-29;2591;Coleman;2021-07-15;Success;despite;;;;
373;801;2024-08-25;2403;Coleman;2020-04-08;Best;apply;;;;
373;842;2020-07-20;2957;Coleman;2020-07-20;Concern;other;;;;
373;859;2022-03-31;4628;Coleman;2020-02-12;Teach;should;;;;
373;975;2023-11-26;412;Coleman;2020-01-07;For;rather;;;;
374;26;2022-12-05;1088;Tucker-White;2021-10-15;Give;consider;77;factor;79;Impressionism
374;26;2022-12-05;1088;Tucker-White;2021-10-15;Give;consider;42;what;54;Urban Culture
374;190;2023-06-23;2716;Tucker-White;2020-10-19;During;hit;77;factor;79;Impressionism
374;190;2023-06-23;2716;Tucker-White;2020-10-19;During;hit;42;what;54;Urban Culture
374;194;2025-08-16;4239;Tucker-White;2020-03-27;Pass;physical;77;factor;79;Impressionism
374;194;2025-08-16;4239;Tucker-White;2020-03-27;Pass;physical;42;what;54;Urban Culture
374;206;2025-12-10;4057;Tucker-White;2020-01-25;He;main;77;factor;79;Impressionism
374;206;2025-12-10;4057;Tucker-White;2020-01-25;He;main;42;what;54;Urban Culture
374;223;2020-03-10;777;Tucker-White;2020-03-10;Win;antique;77;factor;79;Impressionism
374;223;2020-03-10;777;Tucker-White;2020-03-10;Win;antique;42;what;54;Urban Culture
374;259;2024-06-28;3833;Tucker-White;2020-06-20;Picture;build;77;factor;79;Impressionism
374;259;2024-06-28;3833;Tucker-White;2020-06-20;Picture;build;42;what;54;Urban Culture
374;273;2020-06-22;2848;Tucker-White;2020-01-13;Doctor;admit;77;factor;79;Impressionism
374;273;2020-06-22;2848;Tucker-White;2020-01-13;Doctor;admit;42;what;54;Urban Culture
374;427;2021-02-05;199;Tucker-White;2021-02-05;Endless;got;77;factor;79;Impressionism
374;427;2021-02-05;199;Tucker-White;2021-02-05;Endless;got;42;what;54;Urban Culture
374;459;2022-09-30;3441;Tucker-White;2020-02-01;Station;suggest;77;factor;79;Impressionism
374;459;2022-09-30;3441;Tucker-White;2020-02-01;Station;suggest;42;what;54;Urban Culture
374;560;2020-09-16;4081;Tucker-White;2020-09-16;Catastrophe;asked;77;factor;79;Impressionism
374;560;2020-09-16;4081;Tucker-White;2020-09-16;Catastrophe;asked;42;what;54;Urban Culture
374;610;2025-05-16;2380;Tucker-White;2020-07-16;Alone;band;77;factor;79;Impressionism
374;610;2025-05-16;2380;Tucker-White;2020-07-16;Alone;band;42;what;54;Urban Culture
374;635;2024-03-08;4990;Tucker-White;2021-06-02;Wild;freeing;77;factor;79;Impressionism
374;635;2024-03-08;4990;Tucker-White;2021-06-02;Wild;freeing;42;what;54;Urban Culture
374;733;2021-03-29;4100;Tucker-White;2021-03-29;Message;police;77;factor;79;Impressionism
374;733;2021-03-29;4100;Tucker-White;2021-03-29;Message;police;42;what;54;Urban Culture
374;742;2021-11-21;1602;Tucker-White;2020-05-21;Computer;range;77;factor;79;Impressionism
374;742;2021-11-21;1602;Tucker-White;2020-05-21;Computer;range;42;what;54;Urban Culture
374;777;2022-02-16;1412;Tucker-White;2020-10-12;Grain;cuddle;77;factor;79;Impressionism
374;777;2022-02-16;1412;Tucker-White;2020-10-12;Grain;cuddle;42;what;54;Urban Culture
374;915;2020-04-07;631;Tucker-White;2020-03-02;But;forget;77;factor;79;Impressionism
374;915;2020-04-07;631;Tucker-White;2020-03-02;But;forget;42;what;54;Urban Culture
374;927;2025-12-18;4650;Tucker-White;2020-03-02;English;imaginable;77;factor;79;Impressionism
374;927;2025-12-18;4650;Tucker-White;2020-03-02;English;imaginable;42;what;54;Urban Culture
374;998;2024-07-01;1611;Tucker-White;2020-06-28;Stop;clear;77;factor;79;Impressionism
374;998;2024-07-01;1611;Tucker-White;2020-06-28;Stop;clear;42;what;54;Urban Culture
375;82;2020-03-19;3194;Fowler and Sons;2020-03-19;Physical;simple;;;;
375;124;2023-09-26;2751;Fowler and Sons;2020-08-18;Friend;prevent;;;;
375;130;2021-05-12;641;Fowler and Sons;2020-08-02;Morning;real;;;;
375;152;2023-08-20;3875;Fowler and Sons;2020-07-23;Dot;impetus;;;;
375;158;2026-01-02;346;Fowler and Sons;2020-04-05;Flavor;window;;;;
375;398;2024-03-17;2143;Fowler and Sons;2020-01-06;Authority;treatment;;;;
375;418;2022-02-20;818;Fowler and Sons;2021-05-03;Method;civil;;;;
375;441;2025-10-26;4760;Fowler and Sons;2020-05-26;Passenger;side;;;;
375;450;2025-08-04;3894;Fowler and Sons;2020-02-07;After;billion;;;;
375;549;2025-11-05;2323;Fowler and Sons;2020-11-13;Job;complication;;;;
375;647;2024-09-04;1874;Fowler and Sons;2020-01-05;Maintain;coach;;;;
375;660;2021-04-30;4446;Fowler and Sons;2021-01-10;Leaf;leaflet;;;;
375;663;2025-06-03;2211;Fowler and Sons;2021-02-16;Skin;Mrs;;;;
375;678;2024-10-04;4197;Fowler and Sons;2020-05-26;Treatment;once;;;;
375;724;2020-06-05;2052;Fowler and Sons;2020-02-21;Reader;bionic;;;;
375;730;2020-07-31;551;Fowler and Sons;2020-06-15;Gin;bleach;;;;
375;831;2022-01-28;466;Fowler and Sons;2020-03-04;Available;arrive;;;;
375;921;2020-02-13;679;Fowler and Sons;2020-02-13;Local;often;;;;
375;947;2020-12-24;1914;Fowler and Sons;2020-06-13;Quite;last;;;;
376;189;2024-01-22;986;George Inc;2020-11-11;Toward;station;;;;
376;238;2025-01-16;1173;George Inc;2021-10-17;Labour;party;;;;
376;498;2021-12-08;2142;George Inc;2020-04-26;Wine;up;;;;
376;532;2020-11-23;2668;George Inc;2020-11-23;Time;town;;;;
376;646;2020-02-22;870;George Inc;2020-02-22;Lag;lawful;;;;
376;705;2023-12-11;1626;George Inc;2020-01-16;North;door;;;;
376;821;2024-04-19;2239;George Inc;2020-07-31;Dog;decide;;;;
376;838;2026-02-10;1687;George Inc;2020-02-09;Wanting;fail;;;;
376;932;2023-03-08;3623;George Inc;2020-02-29;Some;debate;;;;
376;990;2023-10-05;3230;George Inc;2020-11-28;Pilar;fib;;;;
377;52;2023-06-19;4681;Young;2020-01-05;Mary;jane;;;;
377;55;2020-07-08;3463;Young;2020-04-15;Sun;star;;;;
377;255;2023-07-24;1806;Young;2020-02-19;Music;ability;;;;
377;278;2022-03-30;4456;Young;2020-03-01;Permian;perky;;;;
377;310;2023-04-21;3162;Young;2020-10-03;Serve;provide;;;;
377;415;2024-03-08;4782;Young;2020-05-18;I;want;;;;
377;459;2025-08-03;698;Young;2020-02-01;Station;suggest;;;;
377;481;2021-03-28;1410;Young;2021-03-28;Soft;ice;;;;
377;498;2020-12-16;3070;Young;2020-04-26;Wine;up;;;;
377;633;2021-10-04;211;Young;2020-02-29;Check;reach;;;;
377;703;2024-07-13;1787;Young;2020-09-02;Form;fish;;;;
377;777;2021-04-02;1441;Young;2020-10-12;Grain;cuddle;;;;
377;832;2022-02-06;2713;Young;2020-09-08;Seek;squirt;;;;
377;844;2023-09-06;292;Young;2020-09-24;Statement;benefit;;;;
377;882;2025-04-13;3059;Young;2020-03-25;Voyage;impressionism;;;;
377;986;2023-09-29;1581;Young;2020-04-10;Appear;career;;;;
377;994;2022-10-08;2283;Young;2021-07-16;Security;challenge;;;;
378;96;2021-02-06;3386;Patrick-Shepard;2020-02-15;Like;available;;;;
378;179;2022-07-09;3642;Patrick-Shepard;2021-08-18;Organization;tree;;;;
378;350;2021-01-08;2101;Patrick-Shepard;2021-01-08;Represent;example;;;;
378;407;2021-03-14;323;Patrick-Shepard;2021-03-14;Politics;tough;;;;
378;499;2025-10-15;1466;Patrick-Shepard;2020-03-14;Bone;served;;;;
378;533;2022-03-17;2845;Patrick-Shepard;2020-06-04;Reality;drop;;;;
378;559;2020-04-13;4783;Patrick-Shepard;2020-01-16;Where;interview;;;;
378;709;2025-01-22;2536;Patrick-Shepard;2020-03-23;Improve;fact;;;;
378;735;2022-09-28;784;Patrick-Shepard;2021-01-08;Learn;lose;;;;
378;750;2024-01-12;4784;Patrick-Shepard;2020-05-08;Commons;calculator;;;;
378;760;2022-05-17;1495;Patrick-Shepard;2020-04-06;True;card;;;;
378;761;2022-04-01;1061;Patrick-Shepard;2020-01-26;Company;age;;;;
378;761;2023-03-09;3810;Patrick-Shepard;2020-01-26;Company;age;;;;
378;768;2022-03-10;4172;Patrick-Shepard;2021-11-30;Generation;claim;;;;
378;786;2021-02-10;2767;Patrick-Shepard;2020-05-06;Move;dream;;;;
378;797;2024-02-28;2641;Patrick-Shepard;2020-01-07;Quickly;top;;;;
378;822;2022-10-18;3736;Patrick-Shepard;2020-03-09;Issue;in;;;;
378;967;2022-03-06;4387;Patrick-Shepard;2022-02-27;Last;enough;;;;
379;10;2024-01-18;1945;Shaw Ltd;2020-10-08;Lease;deposit;83;life;54;Urban Culture
379;13;2022-10-31;3889;Shaw Ltd;2020-01-02;Lateral;decaf;83;life;54;Urban Culture
379;17;2025-05-11;1492;Shaw Ltd;2020-01-19;Elder;deletion;83;life;54;Urban Culture
379;31;2020-08-31;4586;Shaw Ltd;2020-08-31;Health;respond;83;life;54;Urban Culture
379;114;2020-10-08;3122;Shaw Ltd;2020-06-18;Sport;throw;83;life;54;Urban Culture
379;212;2024-01-29;3873;Shaw Ltd;2020-03-04;Outline;outrun;83;life;54;Urban Culture
379;218;2022-11-04;4832;Shaw Ltd;2022-05-22;Heart;simply;83;life;54;Urban Culture
379;219;2022-04-14;4993;Shaw Ltd;2020-01-20;Prop;back;83;life;54;Urban Culture
379;246;2020-12-06;3219;Shaw Ltd;2020-05-02;Investment;marriage;83;life;54;Urban Culture
379;264;2023-10-08;4933;Shaw Ltd;2020-12-14;Sport;case;83;life;54;Urban Culture
379;265;2020-02-24;303;Shaw Ltd;2020-02-24;Third;girl;83;life;54;Urban Culture
379;404;2022-02-20;3509;Shaw Ltd;2020-03-09;Blood;treat;83;life;54;Urban Culture
379;550;2023-01-26;3775;Shaw Ltd;2020-04-24;See;empty;83;life;54;Urban Culture
379;558;2020-04-22;3244;Shaw Ltd;2020-02-12;Prepare;wish;83;life;54;Urban Culture
379;602;2020-06-08;2657;Shaw Ltd;2020-02-12;Pop;club;83;life;54;Urban Culture
379;611;2025-05-06;146;Shaw Ltd;2020-02-01;Series;seven;83;life;54;Urban Culture
379;659;2023-03-29;4982;Shaw Ltd;2020-01-20;Table;page;83;life;54;Urban Culture
379;723;2025-05-17;2077;Shaw Ltd;2020-02-05;Take;above;83;life;54;Urban Culture
379;876;2025-11-17;3682;Shaw Ltd;2020-08-12;In;ever;83;life;54;Urban Culture
379;905;2023-04-14;1504;Shaw Ltd;2020-01-19;Future;build;83;life;54;Urban Culture
379;917;2021-09-07;4335;Shaw Ltd;2020-05-25;Artificial;insensitive;83;life;54;Urban Culture
379;966;2022-10-15;4380;Shaw Ltd;2021-02-14;Palm;stack;83;life;54;Urban Culture
380;93;2023-05-11;4217;Noble Ltd;2021-04-27;Painting;away;61;item;366;Development and Cultural Studies
380;114;2025-10-19;4670;Noble Ltd;2020-06-18;Sport;throw;61;item;366;Development and Cultural Studies
380;146;2024-01-09;1092;Noble Ltd;2021-11-06;Choose;vote;61;item;366;Development and Cultural Studies
380;179;2021-08-31;666;Noble Ltd;2021-08-18;Organization;tree;61;item;366;Development and Cultural Studies
380;252;2023-03-01;835;Noble Ltd;2021-10-16;Clear;clearly;61;item;366;Development and Cultural Studies
380;273;2024-02-12;467;Noble Ltd;2020-01-13;Doctor;admit;61;item;366;Development and Cultural Studies
380;309;2020-12-25;4293;Noble Ltd;2020-12-25;Wear;radio;61;item;366;Development and Cultural Studies
380;385;2020-02-23;2210;Noble Ltd;2020-02-23;Knowledge;at;61;item;366;Development and Cultural Studies
380;466;2025-11-02;4352;Noble Ltd;2020-02-29;Hot;computer;61;item;366;Development and Cultural Studies
380;511;2024-06-06;4147;Noble Ltd;2020-07-07;Either;much;61;item;366;Development and Cultural Studies
380;537;2021-12-03;2507;Noble Ltd;2020-04-07;Cost;outside;61;item;366;Development and Cultural Studies
380;557;2022-01-06;3188;Noble Ltd;2020-09-14;Animal;yes;61;item;366;Development and Cultural Studies
380;571;2025-11-11;4946;Noble Ltd;2020-09-07;Task;kick;61;item;366;Development and Cultural Studies
380;740;2025-11-27;1108;Noble Ltd;2020-05-18;Side;ok;61;item;366;Development and Cultural Studies
380;762;2024-01-16;4623;Noble Ltd;2020-02-25;Authority;road;61;item;366;Development and Cultural Studies
380;830;2021-09-08;2475;Noble Ltd;2021-09-08;Girl;voice;61;item;366;Development and Cultural Studies
380;874;2022-10-15;1350;Noble Ltd;2020-08-12;Authority;or;61;item;366;Development and Cultural Studies
380;885;2021-06-12;301;Noble Ltd;2021-06-12;Commercial;answer;61;item;366;Development and Cultural Studies
380;889;2023-04-10;2047;Noble Ltd;2020-10-23;Yard;white;61;item;366;Development and Cultural Studies
380;915;2025-02-21;1106;Noble Ltd;2020-03-02;But;forget;61;item;366;Development and Cultural Studies
380;941;2023-11-21;390;Noble Ltd;2020-01-29;However;require;61;item;366;Development and Cultural Studies
380;993;2023-08-07;4721;Noble Ltd;2020-11-01;Sinner;syren;61;item;366;Development and Cultural Studies
381;6;2023-12-28;1880;Lee;2020-04-23;Million;attack;;;;
381;150;2024-07-31;1530;Lee;2020-06-15;Take;do;;;;
381;197;2021-10-10;4214;Lee;2021-10-10;Ripe;swerve;;;;
381;280;2025-01-12;4028;Lee;2020-01-23;Agree;participant;;;;
381;303;2020-11-03;388;Lee;2020-10-05;Protocol;seventh;;;;
381;391;2020-02-02;2115;Lee;2020-02-02;Off;meet;;;;
381;443;2020-07-28;1757;Lee;2020-05-01;How;such;;;;
381;459;2020-02-01;4695;Lee;2020-02-01;Station;suggest;;;;
381;494;2020-01-19;3362;Lee;2020-01-19;Everything;way;;;;
381;494;2025-06-09;4065;Lee;2020-01-19;Everything;way;;;;
381;501;2024-11-19;4365;Lee;2021-04-20;Avoid;approach;;;;
381;518;2024-06-09;4809;Lee;2020-09-25;Administration;have;;;;
381;579;2023-10-30;3773;Lee;2021-06-27;Discuss;prince;;;;
381;748;2020-03-09;328;Lee;2020-03-09;People;provide;;;;
381;867;2020-07-29;4723;Lee;2020-03-11;Standard;maybe;;;;
381;874;2020-10-25;4693;Lee;2020-08-12;Authority;or;;;;
381;879;2021-11-19;1617;Lee;2020-04-26;Interesting;board;;;;
381;905;2024-08-17;3827;Lee;2020-01-19;Future;build;;;;
381;914;2020-10-10;3764;Lee;2020-03-27;School;hope;;;;
381;915;2024-01-05;4044;Lee;2020-03-02;But;forget;;;;
381;935;2025-10-19;420;Lee;2020-11-13;Part;quality;;;;
382;44;2022-10-31;1919;Gordon;2020-09-26;Sound;far;;;;
382;90;2020-09-27;4095;Gordon;2020-05-26;Work;repetition;;;;
382;177;2023-07-03;498;Gordon;2021-04-21;Second;actually;;;;
382;255;2020-02-19;3148;Gordon;2020-02-19;Music;ability;;;;
382;257;2022-12-03;4209;Gordon;2020-01-08;House;walk;;;;
382;268;2024-03-24;322;Gordon;2021-05-24;Manx;mantel;;;;
382;354;2024-05-27;3417;Gordon;2020-12-13;Aversion;sensibility;;;;
382;410;2020-04-10;1576;Gordon;2020-04-10;Evening;throughout;;;;
382;419;2023-07-24;4601;Gordon;2020-07-13;To;get;;;;
382;472;2021-01-13;2719;Gordon;2020-06-30;Senior;reality;;;;
382;475;2025-01-05;2376;Gordon;2020-10-16;Young;without;;;;
382;485;2022-11-18;1036;Gordon;2020-01-31;Answer;woman;;;;
382;558;2020-02-12;2189;Gordon;2020-02-12;Prepare;wish;;;;
382;572;2022-12-26;3573;Gordon;2020-03-13;Beyond;despite;;;;
382;668;2020-08-17;4686;Gordon;2020-08-17;League;marquis;;;;
382;695;2022-12-08;195;Gordon;2020-01-12;Fly;flight;;;;
382;701;2026-02-08;4330;Gordon;2020-11-15;Minute;hour;;;;
382;717;2021-07-16;4803;Gordon;2020-04-05;Think;future;;;;
382;753;2020-02-17;3005;Gordon;2020-02-17;Mr;clearly;;;;
382;843;2024-03-25;1368;Gordon;2020-05-26;Service;sense;;;;
382;900;2021-07-02;3466;Gordon;2021-04-05;Rule;middle;;;;
382;923;2025-07-18;886;Gordon;2020-11-08;Today;new;;;;
382;931;2022-09-05;2608;Gordon;2022-07-04;Drop;water;;;;
382;949;2023-04-09;408;Gordon;2021-06-25;Fight;agent;;;;
383;28;2020-07-06;964;Mathis;2020-01-04;What;field;;;;
383;117;2021-04-10;944;Mathis;2020-09-22;Wall;morning;;;;
383;137;2022-04-25;1959;Mathis;2020-06-23;Within;seat;;;;
383;211;2022-02-11;3559;Mathis;2021-07-05;Wholly;pull;;;;
383;224;2023-05-24;625;Mathis;2020-10-12;Tonight;brother;;;;
383;306;2023-11-29;4055;Mathis;2020-04-22;Seventy;setback;;;;
383;344;2024-11-28;792;Mathis;2020-11-09;Drawer;monkey;;;;
383;432;2021-03-07;503;Mathis;2020-03-28;Reality;dip;;;;
383;452;2024-05-19;538;Mathis;2020-02-11;Clearly;message;;;;
383;520;2021-09-03;1166;Mathis;2020-12-05;Green;cry;;;;
383;589;2024-02-18;3660;Mathis;2020-07-13;Necessary;far;;;;
383;597;2022-03-11;3998;Mathis;2021-06-13;Radio;to;;;;
383;684;2022-09-20;2289;Mathis;2022-05-04;Often;material;;;;
383;712;2024-01-26;175;Mathis;2023-03-12;Nation;nip;;;;
383;853;2024-05-08;1193;Mathis;2020-03-17;Office;eye;;;;
383;916;2025-09-30;3696;Mathis;2020-01-11;Billion;process;;;;
383;924;2021-07-07;595;Mathis;2021-04-01;Somebody;offer;;;;
384;23;2020-02-02;705;Hensley;2020-02-02;These;and;;;;
384;31;2021-05-17;3171;Hensley;2020-08-31;Health;respond;;;;
384;66;2025-12-25;1080;Hensley;2021-03-17;Sister;door;;;;
384;157;2020-03-03;795;Hensley;2020-03-03;Receive;eccentric;;;;
384;171;2020-08-14;4872;Hensley;2020-01-06;Repress;cage;;;;
384;355;2022-06-01;3150;Hensley;2020-03-10;Dark;future;;;;
384;402;2022-05-18;2615;Hensley;2020-02-05;Throughout;end;;;;
384;421;2025-02-23;2152;Hensley;2020-03-27;Top;finally;;;;
384;467;2021-05-17;497;Hensley;2020-01-08;Too;ago;;;;
384;482;2021-09-02;1060;Hensley;2020-01-11;Cream;miami;;;;
384;620;2024-08-20;1250;Hensley;2020-02-21;Bracelet;count;;;;
384;719;2025-10-06;686;Hensley;2022-04-22;Bud;nit;;;;
384;739;2025-01-07;3467;Hensley;2020-04-01;Pull;beautiful;;;;
384;746;2020-06-21;150;Hensley;2020-04-18;Shade;chambermaid;;;;
384;777;2024-10-31;4122;Hensley;2020-10-12;Grain;cuddle;;;;
384;792;2021-05-19;4737;Hensley;2020-04-25;Municipal;proper;;;;
384;827;2022-01-28;234;Hensley;2020-12-03;Soldier;throughout;;;;
384;841;2021-11-11;4925;Hensley;2020-08-05;Old;investment;;;;
384;881;2022-04-10;4658;Hensley;2020-12-13;Tendril;gossip;;;;
384;962;2025-09-10;2281;Hensley;2020-02-25;Plant;statement;;;;
385;48;2020-05-15;4175;Cole Group;2020-05-06;A;job;;;;
385;134;2024-05-05;1844;Cole Group;2020-02-17;Some;both;;;;
385;263;2023-10-28;1403;Cole Group;2020-03-22;Always;may;;;;
385;286;2021-09-05;4639;Cole Group;2021-05-16;Property;notice;;;;
385;291;2021-05-05;2583;Cole Group;2020-11-20;Customer;set;;;;
385;321;2021-07-26;2163;Cole Group;2020-06-04;Ardent;architect;;;;
385;336;2025-10-01;2782;Cole Group;2020-01-08;History;decide;;;;
385;351;2022-06-07;1578;Cole Group;2020-02-15;Identify;section;;;;
385;359;2020-09-18;335;Cole Group;2020-09-18;Like;view;;;;
385;447;2024-03-31;3118;Cole Group;2020-09-05;Argue;rock;;;;
385;460;2021-08-06;3242;Cole Group;2020-04-02;For;reach;;;;
385;510;2022-06-07;3243;Cole Group;2020-04-02;Bad;hearts;;;;
385;819;2022-07-03;1540;Cole Group;2020-11-20;Former;involve;;;;
385;883;2020-02-02;3818;Cole Group;2020-02-02;Process;Crime;;;;
385;899;2020-09-06;1400;Cole Group;2020-03-13;Fine;hundred;;;;
385;906;2022-07-02;2419;Cole Group;2020-08-26;Third;newspaper;;;;
385;988;2024-03-31;1156;Cole Group;2020-03-22;Eyelash;blink;;;;
385;989;2025-04-20;2814;Cole Group;2020-04-07;Chair;we;;;;
386;23;2022-12-17;4611;Knox-Collins;2020-02-02;These;and;;;;
386;155;2026-01-01;380;Knox-Collins;2021-10-08;Man;religious;;;;
386;380;2021-01-12;4865;Knox-Collins;2020-09-08;Note;write;;;;
386;417;2020-04-09;295;Knox-Collins;2020-04-09;Approach;interview;;;;
386;572;2022-10-25;3993;Knox-Collins;2020-03-13;Beyond;despite;;;;
386;628;2023-03-19;3382;Knox-Collins;2020-01-13;Policy;often;;;;
386;695;2023-04-12;3015;Knox-Collins;2020-01-12;Fly;flight;;;;
386;778;2024-03-04;4231;Knox-Collins;2020-03-09;Friend;do;;;;
386;836;2020-10-29;3701;Knox-Collins;2020-10-23;Benefit;accept;;;;
386;857;2025-06-04;155;Knox-Collins;2020-03-06;Operation;close;;;;
386;903;2025-03-10;2802;Knox-Collins;2020-05-02;Admit;create;;;;
386;909;2023-12-22;1324;Knox-Collins;2020-07-16;At;various;;;;
386;974;2021-11-27;3661;Knox-Collins;2021-04-16;Six;stop;;;;
386;989;2024-12-01;3799;Knox-Collins;2020-04-07;Chair;we;;;;
387;70;2023-03-20;2487;Jackson and Sons;2020-01-15;If;set;;;;
387;90;2025-07-10;737;Jackson and Sons;2020-05-26;Work;repetition;;;;
387;104;2025-01-04;1196;Jackson and Sons;2020-07-07;Concern;stay;;;;
387;128;2024-01-12;4940;Jackson and Sons;2020-10-03;Hour;out;;;;
387;133;2022-07-16;1043;Jackson and Sons;2020-11-16;Forward;market;;;;
387;214;2024-02-01;776;Jackson and Sons;2020-03-26;Moment;cut;;;;
387;223;2021-03-23;2225;Jackson and Sons;2020-03-10;Win;antique;;;;
387;274;2025-01-26;3443;Jackson and Sons;2020-01-12;Mantelpiece;march;;;;
387;347;2023-10-05;4101;Jackson and Sons;2020-09-22;Tax;perhaps;;;;
387;348;2024-11-30;1129;Jackson and Sons;2020-02-19;Almost;fine;;;;
387;369;2024-11-05;2573;Jackson and Sons;2020-04-27;This;already;;;;
387;387;2026-02-12;1137;Jackson and Sons;2020-09-24;Teacher;contain;;;;
387;611;2025-07-06;508;Jackson and Sons;2020-02-01;Series;seven;;;;
387;771;2021-12-29;1502;Jackson and Sons;2020-01-18;Should;wrong;;;;
387;858;2021-01-22;3299;Jackson and Sons;2020-02-09;Good;all;;;;
387;886;2025-01-13;1765;Jackson and Sons;2020-10-15;Some;street;;;;
387;893;2022-02-11;4040;Jackson and Sons;2020-04-08;Officer;maintain;;;;
387;950;2024-01-29;1015;Jackson and Sons;2020-03-17;Manuvre;gunpoint;;;;
388;73;2021-01-11;1498;Gill;2020-05-27;Feel;oil;;;;
388;94;2025-12-01;939;Gill;2020-05-07;Trouble;project;;;;
388;102;2024-12-27;3615;Gill;2020-06-22;We;country;;;;
388;133;2024-07-10;2352;Gill;2020-11-16;Forward;market;;;;
388;149;2021-04-28;254;Gill;2020-04-16;Perform;these;;;;
388;169;2023-01-21;531;Gill;2021-07-04;Through;military;;;;
388;302;2020-06-30;2971;Gill;2020-04-15;Army;salutary;;;;
388;317;2022-04-09;2061;Gill;2021-11-10;Surface;bit;;;;
388;384;2022-03-22;270;Gill;2020-01-29;Heavy;win;;;;
388;434;2025-09-08;351;Gill;2020-06-04;Fall;huge;;;;
388;541;2023-08-02;4506;Gill;2020-01-19;Put;foot;;;;
388;695;2020-01-12;515;Gill;2020-01-12;Fly;flight;;;;
388;726;2022-01-22;440;Gill;2020-03-18;Beyond;almost;;;;
388;741;2025-02-16;3219;Gill;2020-01-27;Late;I;;;;
388;749;2024-03-16;1392;Gill;2020-04-04;Cup;human;;;;
388;865;2024-04-08;547;Gill;2020-05-12;That;with;;;;
389;16;2025-03-03;2850;White-Vasquez;2021-01-25;Artist;young;;;;
389;93;2025-09-05;4993;White-Vasquez;2021-04-27;Painting;away;;;;
389;96;2020-12-26;1165;White-Vasquez;2020-02-15;Like;available;;;;
389;102;2023-06-21;1895;White-Vasquez;2020-06-22;We;country;;;;
389;110;2021-05-04;1798;White-Vasquez;2020-02-27;Thus;heavy;;;;
389;169;2023-03-07;1056;White-Vasquez;2021-07-04;Through;military;;;;
389;176;2020-05-08;3313;White-Vasquez;2020-05-08;Hug;muddle;;;;
389;184;2022-04-02;1302;White-Vasquez;2021-03-25;Smoothie;rode;;;;
389;192;2022-09-25;4599;White-Vasquez;2020-10-17;Doctrine;equality;;;;
389;326;2021-02-03;4189;White-Vasquez;2020-01-31;Hot;film;;;;
389;410;2023-12-30;261;White-Vasquez;2020-04-10;Evening;throughout;;;;
389;418;2021-05-03;2268;White-Vasquez;2021-05-03;Method;civil;;;;
389;436;2022-02-18;311;White-Vasquez;2020-05-13;Whatever;every;;;;
389;470;2020-09-07;483;White-Vasquez;2020-09-07;Red;against;;;;
389;492;2020-04-30;4714;White-Vasquez;2020-04-01;Staff;treatment;;;;
389;547;2024-05-04;3348;White-Vasquez;2020-07-17;President;we;;;;
389;630;2021-02-12;1217;White-Vasquez;2020-07-09;Glass;landlord;;;;
389;741;2024-02-29;3153;White-Vasquez;2020-01-27;Late;I;;;;
389;766;2021-04-04;426;White-Vasquez;2020-04-09;Penalty;bind;;;;
389;768;2021-12-22;4463;White-Vasquez;2021-11-30;Generation;claim;;;;
389;807;2023-05-11;1133;White-Vasquez;2020-06-05;Annoyance;disgrace;;;;
389;816;2020-05-30;1727;White-Vasquez;2020-05-30;They;go;;;;
389;911;2023-10-12;560;White-Vasquez;2020-11-13;Anything;plant;;;;
389;938;2024-04-14;4918;White-Vasquez;2021-08-25;American;but;;;;
389;991;2025-08-06;4278;White-Vasquez;2020-08-23;Most;today;;;;
390;20;2021-11-26;359;Harvey and Sons;2020-02-08;Road;though;;;;
390;81;2021-02-01;4405;Harvey and Sons;2020-04-20;Chair;dark;;;;
390;123;2024-05-02;935;Harvey and Sons;2021-05-28;Moment;across;;;;
390;152;2023-05-25;2547;Harvey and Sons;2020-07-23;Dot;impetus;;;;
390;314;2023-08-11;462;Harvey and Sons;2020-01-03;Follow;street;;;;
390;476;2024-06-19;1623;Harvey and Sons;2021-01-19;Salvator;limosine;;;;
390;672;2022-01-06;922;Harvey and Sons;2020-01-03;Once;yeah;;;;
390;753;2022-08-31;1195;Harvey and Sons;2020-02-17;Mr;clearly;;;;
390;797;2021-09-08;3780;Harvey and Sons;2020-01-07;Quickly;top;;;;
390;840;2021-04-12;1721;Harvey and Sons;2020-03-14;Consider;people;;;;
390;869;2024-04-03;2583;Harvey and Sons;2020-03-02;Require;herself;;;;
390;958;2024-02-27;3305;Harvey and Sons;2020-11-29;Mutual;musician;;;;
391;28;2023-07-28;2637;Johnson;2020-01-04;What;field;;;;
391;117;2020-11-15;4371;Johnson;2020-09-22;Wall;morning;;;;
391;171;2023-07-13;147;Johnson;2020-01-06;Repress;cage;;;;
391;243;2023-05-02;3701;Johnson;2020-01-31;First;population;;;;
391;288;2021-01-13;1711;Johnson;2020-01-31;Sea;understand;;;;
391;316;2024-06-01;200;Johnson;2020-06-19;Apt;arctic;;;;
391;318;2021-07-21;3262;Johnson;2020-07-01;Ardour;argentine;;;;
391;335;2025-12-31;1436;Johnson;2020-03-03;Construct;tennis;;;;
391;415;2025-11-06;3006;Johnson;2020-05-18;I;want;;;;
391;420;2023-10-14;695;Johnson;2021-08-25;With;you;;;;
391;457;2024-10-27;1495;Johnson;2021-03-01;Standard;choose;;;;
391;488;2021-01-26;4135;Johnson;2020-07-24;Street;its;;;;
391;560;2024-10-01;4501;Johnson;2020-09-16;Catastrophe;asked;;;;
391;653;2025-07-17;1421;Johnson;2021-01-19;Chaos;layman;;;;
391;874;2022-06-24;1167;Johnson;2020-08-12;Authority;or;;;;
391;965;2022-09-17;4504;Johnson;2020-02-24;Priest;wage;;;;
392;14;2024-08-20;4960;Guzman and Sons;2020-01-30;Billion;hair;;;;
392;144;2021-07-22;3809;Guzman and Sons;2020-12-11;Champagne;store;;;;
392;205;2024-05-13;4008;Guzman and Sons;2020-06-28;Sweat;sweet;;;;
392;219;2021-05-31;2854;Guzman and Sons;2020-01-20;Prop;back;;;;
392;273;2024-08-13;4304;Guzman and Sons;2020-01-13;Doctor;admit;;;;
392;360;2025-11-13;3739;Guzman and Sons;2020-03-20;Question;walk;;;;
392;370;2022-02-21;3225;Guzman and Sons;2020-04-21;Her;PM;;;;
392;427;2023-09-09;3392;Guzman and Sons;2021-02-05;Endless;got;;;;
392;537;2020-04-07;4976;Guzman and Sons;2020-04-07;Cost;outside;;;;
392;646;2020-05-29;4449;Guzman and Sons;2020-02-22;Lag;lawful;;;;
392;656;2023-12-06;1572;Guzman and Sons;2020-12-30;Person;yourself;;;;
392;762;2021-04-13;3793;Guzman and Sons;2020-02-25;Authority;road;;;;
392;820;2024-01-28;3504;Guzman and Sons;2020-03-16;Red;probably;;;;
393;6;2022-10-23;1667;Fitzgerald-Mills;2020-04-23;Million;attack;91;career;366;Development and Cultural Studies
393;65;2022-09-24;1568;Fitzgerald-Mills;2021-01-01;Possible;network;91;career;366;Development and Cultural Studies
393;78;2020-01-18;3522;Fitzgerald-Mills;2020-01-18;Sky;standard;91;career;366;Development and Cultural Studies
393;89;2024-02-24;3871;Fitzgerald-Mills;2020-04-08;Involve;term;91;career;366;Development and Cultural Studies
393;144;2025-01-24;3725;Fitzgerald-Mills;2020-12-11;Champagne;store;91;career;366;Development and Cultural Studies
393;167;2022-04-27;3625;Fitzgerald-Mills;2020-04-15;Happy;land;91;career;366;Development and Cultural Studies
393;216;2020-07-03;2720;Fitzgerald-Mills;2020-07-03;Top;likely;91;career;366;Development and Cultural Studies
393;275;2020-04-19;4068;Fitzgerald-Mills;2020-04-19;June;mar;91;career;366;Development and Cultural Studies
393;339;2021-09-24;4715;Fitzgerald-Mills;2020-03-27;Slam;pad;91;career;366;Development and Cultural Studies
393;360;2023-12-11;3351;Fitzgerald-Mills;2020-03-20;Question;walk;91;career;366;Development and Cultural Studies
393;379;2021-01-02;441;Fitzgerald-Mills;2020-01-31;Learn;husband;91;career;366;Development and Cultural Studies
393;528;2024-01-05;4557;Fitzgerald-Mills;2021-03-23;Created;monster;91;career;366;Development and Cultural Studies
393;551;2024-06-03;696;Fitzgerald-Mills;2020-03-03;Data;Republican;91;career;366;Development and Cultural Studies
393;575;2024-02-27;353;Fitzgerald-Mills;2021-09-09;Report;notice;91;career;366;Development and Cultural Studies
393;650;2020-05-07;3508;Fitzgerald-Mills;2020-05-07;Perform;entire;91;career;366;Development and Cultural Studies
393;722;2024-02-19;2418;Fitzgerald-Mills;2020-02-23;Attack;natural;91;career;366;Development and Cultural Studies
393;728;2023-05-20;4268;Fitzgerald-Mills;2020-01-30;Fine;possible;91;career;366;Development and Cultural Studies
393;881;2024-08-19;3391;Fitzgerald-Mills;2020-12-13;Tendril;gossip;91;career;366;Development and Cultural Studies
393;925;2021-01-05;3677;Fitzgerald-Mills;2020-04-15;Society;ingredient;91;career;366;Development and Cultural Studies
394;24;2025-04-16;4463;Jordan-Reyes;2021-11-19;Cut;similar;;;;
394;68;2023-08-23;348;Jordan-Reyes;2020-10-30;Century;soldier;;;;
394;127;2025-03-26;2280;Jordan-Reyes;2020-08-14;Wait;show;;;;
394;216;2023-05-12;797;Jordan-Reyes;2020-07-03;Top;likely;;;;
394;260;2020-09-12;290;Jordan-Reyes;2020-04-19;Expert;knowledge;;;;
394;432;2025-05-07;4358;Jordan-Reyes;2020-03-28;Reality;dip;;;;
394;557;2025-02-07;3529;Jordan-Reyes;2020-09-14;Animal;yes;;;;
394;600;2020-07-08;3278;Jordan-Reyes;2020-07-08;Major;four;;;;
394;638;2020-05-25;2523;Jordan-Reyes;2020-03-19;My;authority;;;;
394;653;2025-06-25;4199;Jordan-Reyes;2021-01-19;Chaos;layman;;;;
394;682;2024-05-30;2786;Jordan-Reyes;2020-06-21;Final;figure;;;;
394;694;2026-02-10;3156;Jordan-Reyes;2020-01-21;Concern;west;;;;
394;738;2025-12-02;2893;Jordan-Reyes;2020-02-26;Crime;country;;;;
394;741;2024-11-23;3334;Jordan-Reyes;2020-01-27;Late;I;;;;
394;836;2022-10-14;2353;Jordan-Reyes;2020-10-23;Benefit;accept;;;;
394;848;2021-10-12;4981;Jordan-Reyes;2020-04-28;Piece;particularly;;;;
394;853;2021-10-24;1625;Jordan-Reyes;2020-03-17;Office;eye;;;;
394;884;2023-03-16;4946;Jordan-Reyes;2020-01-29;Bar;opportunity;;;;
394;892;2023-01-13;2741;Jordan-Reyes;2020-07-15;Unexpect;inject;;;;
394;901;2023-11-01;3963;Jordan-Reyes;2020-04-07;Cabin;unwise;;;;
395;50;2023-05-16;2026;Jones;2020-01-01;Book;difference;;;;
395;111;2024-04-10;3963;Jones;2020-04-25;Empty;forgotten;;;;
395;154;2023-09-04;2330;Jones;2020-12-28;Monolith;odyssey;;;;
395;176;2024-03-26;891;Jones;2020-05-08;Hug;muddle;;;;
395;205;2023-08-29;3956;Jones;2020-06-28;Sweat;sweet;;;;
395;282;2024-11-23;4684;Jones;2020-05-05;Riot;ripen;;;;
395;294;2023-09-08;2618;Jones;2020-01-01;Ring;rink;;;;
395;307;2024-03-20;3476;Jones;2020-11-02;Second;fill;;;;
395;310;2023-05-23;2750;Jones;2020-10-03;Serve;provide;;;;
395;398;2026-02-03;3806;Jones;2020-01-06;Authority;treatment;;;;
395;449;2024-08-16;3417;Jones;2020-01-03;Get;to;;;;
395;624;2023-04-05;3377;Jones;2020-02-26;Why;professor;;;;
395;679;2022-11-24;2574;Jones;2020-04-27;Word;hard;;;;
395;772;2025-05-09;3358;Jones;2020-02-02;Fish;form;;;;
395;792;2022-02-02;4981;Jones;2020-04-25;Municipal;proper;;;;
395;798;2025-11-26;2975;Jones;2021-08-11;Cruel;goofy;;;;
395;950;2024-08-11;3973;Jones;2020-03-17;Manuvre;gunpoint;;;;
396;10;2025-09-02;2132;Gillespie Inc;2020-10-08;Lease;deposit;;;;
396;66;2021-04-11;1120;Gillespie Inc;2021-03-17;Sister;door;;;;
396;75;2023-10-08;1386;Gillespie Inc;2020-02-17;Surface;throughout;;;;
396;77;2021-09-30;2458;Gillespie Inc;2020-01-29;Help;together;;;;
396;95;2024-06-13;924;Gillespie Inc;2021-05-14;Leg;area;;;;
396;143;2022-03-08;3934;Gillespie Inc;2020-12-12;Duck;duckling;;;;
396;175;2023-04-12;2439;Gillespie Inc;2020-01-22;Grocery;recurr;;;;
396;215;2025-06-02;4775;Gillespie Inc;2020-01-05;Outmatch;progression;;;;
396;259;2021-12-05;1344;Gillespie Inc;2020-06-20;Picture;build;;;;
396;283;2025-03-19;4504;Gillespie Inc;2020-03-26;Nature;rise;;;;
396;299;2025-10-10;2556;Gillespie Inc;2021-03-01;Answer;hard;;;;
396;333;2020-01-28;3554;Gillespie Inc;2020-01-28;Over;grow;;;;
396;351;2020-02-15;3570;Gillespie Inc;2020-02-15;Identify;section;;;;
396;385;2025-12-14;1319;Gillespie Inc;2020-02-23;Knowledge;at;;;;
396;494;2022-12-17;4285;Gillespie Inc;2020-01-19;Everything;way;;;;
396;544;2025-03-30;2527;Gillespie Inc;2020-09-24;He;two;;;;
396;650;2023-09-16;434;Gillespie Inc;2020-05-07;Perform;entire;;;;
396;654;2023-02-08;529;Gillespie Inc;2021-10-26;Early;me;;;;
396;679;2022-08-02;3771;Gillespie Inc;2020-04-27;Word;hard;;;;
396;722;2022-04-13;3017;Gillespie Inc;2020-02-23;Attack;natural;;;;
396;740;2025-04-13;845;Gillespie Inc;2020-05-18;Side;ok;;;;
396;954;2020-12-15;2700;Gillespie Inc;2020-04-25;Our;face;;;;
397;3;2023-05-30;4912;Barber Ltd;2021-07-24;Unit;film;174;central;79;Impressionism
397;35;2021-12-14;3466;Barber Ltd;2020-12-30;Record;fund;174;central;79;Impressionism
397;59;2025-08-11;2850;Barber Ltd;2020-01-07;Reason;than;174;central;79;Impressionism
397;73;2021-08-30;1958;Barber Ltd;2020-05-27;Feel;oil;174;central;79;Impressionism
397;98;2024-05-25;1827;Barber Ltd;2020-04-20;Recent;kind;174;central;79;Impressionism
397;122;2024-07-21;4123;Barber Ltd;2020-04-08;Want;wind;174;central;79;Impressionism
397;176;2022-10-25;1274;Barber Ltd;2020-05-08;Hug;muddle;174;central;79;Impressionism
397;211;2023-08-26;1930;Barber Ltd;2021-07-05;Wholly;pull;174;central;79;Impressionism
397;237;2025-06-03;796;Barber Ltd;2020-01-02;Notice;war;174;central;79;Impressionism
397;262;2025-09-18;3174;Barber Ltd;2020-01-01;Kind;pick;174;central;79;Impressionism
397;276;2021-05-10;1522;Barber Ltd;2020-01-08;Chair;design;174;central;79;Impressionism
397;383;2023-02-17;2846;Barber Ltd;2020-02-17;Anything;station;174;central;79;Impressionism
397;427;2024-07-21;787;Barber Ltd;2021-02-05;Endless;got;174;central;79;Impressionism
397;477;2020-11-14;655;Barber Ltd;2020-01-21;Citizen;over;174;central;79;Impressionism
397;508;2022-01-08;3548;Barber Ltd;2020-12-12;Daughter;board;174;central;79;Impressionism
397;608;2021-12-02;2108;Barber Ltd;2020-05-15;Hard;prepare;174;central;79;Impressionism
397;630;2025-04-01;194;Barber Ltd;2020-07-09;Glass;landlord;174;central;79;Impressionism
397;671;2020-01-20;685;Barber Ltd;2020-01-20;Bloom;flow;174;central;79;Impressionism
397;699;2021-12-06;3220;Barber Ltd;2020-02-04;Championship;mender;174;central;79;Impressionism
397;759;2022-09-20;1987;Barber Ltd;2020-12-04;Once;deep;174;central;79;Impressionism
397;795;2021-06-23;3671;Barber Ltd;2021-03-09;Room;thought;174;central;79;Impressionism
397;834;2021-03-06;3006;Barber Ltd;2020-06-07;Positive;age;174;central;79;Impressionism
397;867;2024-01-11;2517;Barber Ltd;2020-03-11;Standard;maybe;174;central;79;Impressionism
397;916;2024-01-19;3592;Barber Ltd;2020-01-11;Billion;process;174;central;79;Impressionism
397;921;2020-08-24;221;Barber Ltd;2020-02-13;Local;often;174;central;79;Impressionism
398;1;2024-12-15;1657;Snow and Sons;2020-01-02;Voyeur;sneak;;;;
398;9;2021-03-18;3570;Snow and Sons;2020-01-03;Star;land;;;;
398;43;2024-05-31;2628;Snow and Sons;2020-10-01;Range;specific;;;;
398;173;2020-08-15;790;Snow and Sons;2020-03-14;Entrail;dart;;;;
398;198;2024-09-03;606;Snow and Sons;2020-11-15;Water;rise;;;;
398;262;2022-02-15;3235;Snow and Sons;2020-01-01;Kind;pick;;;;
398;329;2020-08-12;4567;Snow and Sons;2020-06-17;Hit;house;;;;
398;359;2023-12-11;1541;Snow and Sons;2020-09-18;Like;view;;;;
398;400;2020-03-28;3271;Snow and Sons;2020-03-25;Wand;Avenge;;;;
398;402;2021-07-07;2954;Snow and Sons;2020-02-05;Throughout;end;;;;
398;457;2022-08-29;1314;Snow and Sons;2021-03-01;Standard;choose;;;;
398;481;2023-08-12;846;Snow and Sons;2021-03-28;Soft;ice;;;;
398;704;2020-02-29;3199;Snow and Sons;2020-02-29;Mission;thought;;;;
398;717;2022-08-27;4100;Snow and Sons;2020-04-05;Think;future;;;;
398;787;2024-11-21;3262;Snow and Sons;2021-02-06;Struggle;charge;;;;
398;796;2023-07-25;1127;Snow and Sons;2020-03-20;Vanish;varnish;;;;
398;821;2022-04-27;3601;Snow and Sons;2020-07-31;Dog;decide;;;;
399;15;2021-09-29;3207;Martinez;2021-04-01;Rib;lorde;;;;
399;54;2022-09-23;522;Martinez;2020-05-25;Garden;tool;;;;
399;84;2020-12-06;3826;Martinez;2020-07-16;She;marriage;;;;
399;111;2025-12-21;3192;Martinez;2020-04-25;Empty;forgotten;;;;
399;135;2020-01-29;4091;Martinez;2020-01-29;Roll;queen;;;;
399;156;2022-10-05;3470;Martinez;2022-05-21;Hundred;support;;;;
399;179;2022-10-30;2158;Martinez;2021-08-18;Organization;tree;;;;
399;286;2022-09-13;2878;Martinez;2021-05-16;Property;notice;;;;
399;364;2024-02-25;433;Martinez;2020-05-25;Despite;church;;;;
399;376;2025-06-20;2891;Martinez;2020-04-12;Artist;seek;;;;
399;444;2024-08-09;4605;Martinez;2020-03-12;Development;despite;;;;
399;535;2025-02-12;4488;Martinez;2020-04-05;Feeling;red;;;;
399;547;2024-04-03;4507;Martinez;2020-07-17;President;we;;;;
399;588;2023-09-13;208;Martinez;2020-08-21;Successful;air;;;;
399;618;2020-09-30;1238;Martinez;2020-06-27;Gold;necklace;;;;
399;729;2024-09-09;2801;Martinez;2021-12-08;Store;value;;;;
399;813;2024-08-22;3363;Martinez;2020-09-22;Electrify;chemical;;;;
399;873;2025-05-24;3986;Martinez;2021-01-18;Into;ask;;;;
399;890;2020-02-10;4325;Martinez;2020-02-10;Must;technology;;;;
399;998;2025-06-05;893;Martinez;2020-06-28;Stop;clear;;;;
400;220;2025-03-05;4953;Meyer LLC;2020-02-08;Board;keep;;;;
400;373;2022-06-13;3214;Meyer LLC;2020-01-22;War;foot;;;;
400;439;2023-10-01;2659;Meyer LLC;2020-01-06;Financial;east;;;;
400;462;2020-02-09;2855;Meyer LLC;2020-02-09;Group;carry;;;;
400;464;2023-03-07;1116;Meyer LLC;2020-05-01;Ground;happen;;;;
400;491;2023-05-24;4858;Meyer LLC;2020-02-14;Year;ask;;;;
400;510;2021-06-03;2893;Meyer LLC;2020-04-02;Bad;hearts;;;;
400;572;2023-12-04;1429;Meyer LLC;2020-03-13;Beyond;despite;;;;
400;738;2021-08-05;1514;Meyer LLC;2020-02-26;Crime;country;;;;
400;794;2021-06-09;995;Meyer LLC;2020-04-20;Chop;spacious;;;;
400;802;2023-09-29;3987;Meyer LLC;2020-02-18;Hard;cost;;;;
400;863;2023-01-03;3585;Meyer LLC;2020-01-26;Scene;particular;;;;
400;883;2024-09-29;4434;Meyer LLC;2020-02-02;Process;Crime;;;;
400;921;2025-05-23;1284;Meyer LLC;2020-02-13;Local;often;;;;
400;966;2021-10-24;1889;Meyer LLC;2021-02-14;Palm;stack;;;;
400;976;2022-01-29;4604;Meyer LLC;2020-01-12;Bash;git;;;;
401;127;2022-11-22;357;George Ltd;2020-08-14;Wait;show;20;better;54;Urban Culture
401;149;2023-05-12;220;George Ltd;2020-04-16;Perform;these;20;better;54;Urban Culture
401;186;2023-10-11;2490;George Ltd;2020-07-09;Congress;song;20;better;54;Urban Culture
401;203;2023-12-16;1688;George Ltd;2020-05-29;Key;time;20;better;54;Urban Culture
401;412;2022-01-12;3419;George Ltd;2020-06-24;Night;third;20;better;54;Urban Culture
401;449;2022-09-07;4550;George Ltd;2020-01-03;Get;to;20;better;54;Urban Culture
401;471;2024-03-28;4993;George Ltd;2020-03-22;Ask;conference;20;better;54;Urban Culture
401;476;2021-01-31;512;George Ltd;2021-01-19;Salvator;limosine;20;better;54;Urban Culture
401;510;2023-06-25;1074;George Ltd;2020-04-02;Bad;hearts;20;better;54;Urban Culture
401;518;2021-11-01;3360;George Ltd;2020-09-25;Administration;have;20;better;54;Urban Culture
401;551;2024-06-22;4959;George Ltd;2020-03-03;Data;Republican;20;better;54;Urban Culture
401;560;2026-01-12;1477;George Ltd;2020-09-16;Catastrophe;asked;20;better;54;Urban Culture
401;613;2023-01-16;2353;George Ltd;2021-07-31;Hear;body;20;better;54;Urban Culture
401;680;2025-06-29;2062;George Ltd;2020-02-19;Cat;dog;20;better;54;Urban Culture
401;693;2025-11-20;1973;George Ltd;2021-03-05;Nothing;traditional;20;better;54;Urban Culture
401;726;2021-12-03;1801;George Ltd;2020-03-18;Beyond;almost;20;better;54;Urban Culture
401;736;2024-10-22;4490;George Ltd;2020-07-25;Among;official;20;better;54;Urban Culture
401;755;2020-01-22;1036;George Ltd;2020-01-22;Hand;without;20;better;54;Urban Culture
401;770;2021-11-09;4236;George Ltd;2020-12-06;Use;reach;20;better;54;Urban Culture
401;864;2026-02-12;1556;George Ltd;2020-07-03;Amount;show;20;better;54;Urban Culture
401;865;2023-06-01;1722;George Ltd;2020-05-12;That;with;20;better;54;Urban Culture
401;865;2025-08-15;1853;George Ltd;2020-05-12;That;with;20;better;54;Urban Culture
401;872;2023-01-27;2323;George Ltd;2021-01-01;Fitting;sheet;20;better;54;Urban Culture
401;964;2023-12-25;1125;George Ltd;2021-06-04;Teeth;paganism;20;better;54;Urban Culture
401;974;2021-08-27;4438;George Ltd;2021-04-16;Six;stop;20;better;54;Urban Culture
402;4;2024-12-06;2806;Morton Ltd;2020-04-21;Read;detail;;;;
402;28;2022-04-17;4166;Morton Ltd;2020-01-04;What;field;;;;
402;73;2025-09-10;366;Morton Ltd;2020-05-27;Feel;oil;;;;
402;128;2024-06-12;4342;Morton Ltd;2020-10-03;Hour;out;;;;
402;128;2022-10-27;2102;Morton Ltd;2020-10-03;Hour;out;;;;
402;147;2024-03-30;4040;Morton Ltd;2020-01-24;Echo;chamber;;;;
402;239;2025-05-16;3261;Morton Ltd;2020-02-14;Ladder;lace;;;;
402;306;2020-08-06;3395;Morton Ltd;2020-04-22;Seventy;setback;;;;
402;311;2020-01-19;1543;Morton Ltd;2020-01-19;Relationship;enough;;;;
402;339;2022-04-20;2563;Morton Ltd;2020-03-27;Slam;pad;;;;
402;418;2024-12-01;3449;Morton Ltd;2021-05-03;Method;civil;;;;
402;541;2024-11-10;1923;Morton Ltd;2020-01-19;Put;foot;;;;
402;549;2023-03-09;2800;Morton Ltd;2020-11-13;Job;complication;;;;
402;590;2023-02-14;4843;Morton Ltd;2020-01-07;Rich;thus;;;;
402;643;2024-01-27;2532;Morton Ltd;2020-05-31;Term;example;;;;
402;650;2022-08-22;2699;Morton Ltd;2020-05-07;Perform;entire;;;;
402;665;2025-06-28;904;Morton Ltd;2020-05-30;Say;reduce;;;;
402;771;2025-06-20;4716;Morton Ltd;2020-01-18;Should;wrong;;;;
402;859;2024-11-25;3308;Morton Ltd;2020-02-12;Teach;should;;;;
402;866;2021-07-22;3361;Morton Ltd;2020-08-31;Factor;physical;;;;
402;867;2024-04-29;1058;Morton Ltd;2020-03-11;Standard;maybe;;;;
402;907;2025-03-10;4208;Morton Ltd;2020-03-22;Public;change;;;;
402;907;2020-04-20;1802;Morton Ltd;2020-03-22;Public;change;;;;
402;915;2023-11-16;1532;Morton Ltd;2020-03-02;But;forget;;;;
402;953;2022-12-14;2859;Morton Ltd;2020-09-03;Involve;interest;;;;
402;963;2024-11-21;2610;Morton Ltd;2020-07-22;Food;thousand;;;;
403;142;2020-05-01;3285;Bates-James;2020-03-16;Analysis;evidence;116;test;79;Impressionism
403;199;2021-09-29;4773;Bates-James;2020-09-24;Whole;successful;116;test;79;Impressionism
403;200;2022-12-05;1812;Bates-James;2021-02-23;Produce;significant;116;test;79;Impressionism
403;222;2024-03-07;133;Bates-James;2020-11-26;Aware;award;116;test;79;Impressionism
403;222;2025-11-15;1584;Bates-James;2020-11-26;Aware;award;116;test;79;Impressionism
403;347;2022-08-14;3312;Bates-James;2020-09-22;Tax;perhaps;116;test;79;Impressionism
403;370;2021-01-16;3710;Bates-James;2020-04-21;Her;PM;116;test;79;Impressionism
403;385;2022-09-22;372;Bates-James;2020-02-23;Knowledge;at;116;test;79;Impressionism
403;409;2021-04-09;3771;Bates-James;2021-04-09;Public;he;116;test;79;Impressionism
403;438;2025-06-22;4185;Bates-James;2020-01-13;West;language;116;test;79;Impressionism
403;453;2023-12-09;4465;Bates-James;2020-02-26;Her;beautiful;116;test;79;Impressionism
403;529;2025-08-12;4809;Bates-James;2022-03-17;Speech;camera;116;test;79;Impressionism
403;582;2020-08-05;3998;Bates-James;2020-08-05;Adult;mean;116;test;79;Impressionism
403;609;2021-04-24;4180;Bates-James;2021-04-24;Specific;move;116;test;79;Impressionism
403;633;2021-05-28;3441;Bates-James;2020-02-29;Check;reach;116;test;79;Impressionism
403;705;2022-01-15;1098;Bates-James;2020-01-16;North;door;116;test;79;Impressionism
403;742;2024-08-10;912;Bates-James;2020-05-21;Computer;range;116;test;79;Impressionism
403;828;2021-01-27;4730;Bates-James;2021-01-27;Above;five;116;test;79;Impressionism
403;836;2024-06-18;3401;Bates-James;2020-10-23;Benefit;accept;116;test;79;Impressionism
403;927;2020-03-02;784;Bates-James;2020-03-02;English;imaginable;116;test;79;Impressionism
403;958;2025-12-16;1672;Bates-James;2020-11-29;Mutual;musician;116;test;79;Impressionism
403;980;2025-03-22;1773;Bates-James;2020-04-22;Meeting;who;116;test;79;Impressionism
403;983;2025-11-28;1361;Bates-James;2020-06-30;Black;thus;116;test;79;Impressionism
404;21;2022-11-26;2524;Mathews;2020-03-25;Charter;carter ;;;;
404;23;2020-11-29;626;Mathews;2020-02-02;These;and;;;;
404;156;2025-10-20;830;Mathews;2022-05-21;Hundred;support;;;;
404;228;2021-05-07;4554;Mathews;2020-01-24;Allot;archive;;;;
404;278;2020-03-01;2449;Mathews;2020-03-01;Permian;perky;;;;
404;435;2022-12-21;995;Mathews;2021-01-21;Sunset;sail;;;;
404;452;2021-11-29;4080;Mathews;2020-02-11;Clearly;message;;;;
404;468;2022-06-20;4347;Mathews;2020-08-08;Catch;horizon;;;;
404;538;2024-11-29;515;Mathews;2020-12-02;Particularly;group;;;;
404;670;2023-09-28;1059;Mathews;2020-03-01;Yellow;dress;;;;
404;923;2021-09-30;1901;Mathews;2020-11-08;Today;new;;;;
404;950;2024-11-28;4648;Mathews;2020-03-17;Manuvre;gunpoint;;;;
405;13;2020-09-21;2720;Clark;2020-01-02;Lateral;decaf;;;;
405;293;2022-03-27;2032;Clark;2020-10-14;Ripen;rioter;;;;
405;333;2023-10-09;4161;Clark;2020-01-28;Over;grow;;;;
405;383;2023-12-07;4857;Clark;2020-02-17;Anything;station;;;;
405;559;2023-08-03;2413;Clark;2020-01-16;Where;interview;;;;
405;572;2024-07-11;1926;Clark;2020-03-13;Beyond;despite;;;;
405;573;2024-07-15;2770;Clark;2020-10-28;Drug;father;;;;
405;742;2024-05-18;3340;Clark;2020-05-21;Computer;range;;;;
405;804;2020-03-05;4938;Clark;2020-03-05;Cartoon;wear;;;;
405;822;2022-06-15;4737;Clark;2020-03-09;Issue;in;;;;
405;878;2020-07-08;2491;Clark;2020-07-08;Box;newspaper;;;;
405;878;2023-05-06;4916;Clark;2020-07-08;Box;newspaper;;;;
406;103;2025-12-31;1336;Park;2020-03-24;Some;here;;;;
406;214;2021-04-06;1875;Park;2020-03-26;Moment;cut;;;;
406;262;2023-10-28;1540;Park;2020-01-01;Kind;pick;;;;
406;341;2025-01-12;1226;Park;2020-03-02;Aquarius;signal;;;;
406;400;2021-07-05;4611;Park;2020-03-25;Wand;Avenge;;;;
406;405;2020-06-22;3805;Park;2020-06-22;Time;sing;;;;
406;431;2022-03-17;679;Park;2020-04-03;Appear;agency;;;;
406;474;2023-01-29;1957;Park;2020-09-07;On;eyes;;;;
406;478;2020-10-01;2299;Park;2020-03-16;Common;cold;;;;
406;583;2023-06-12;1846;Park;2020-12-12;Data;popular;;;;
406;584;2024-02-26;2076;Park;2020-03-25;Fish;sea;;;;
406;636;2021-12-04;4240;Park;2020-04-17;Business;tell;;;;
406;650;2021-07-21;3962;Park;2020-05-07;Perform;entire;;;;
406;762;2024-04-12;998;Park;2020-02-25;Authority;road;;;;
406;861;2024-10-01;3621;Park;2020-01-12;Safe;every;;;;
406;898;2020-02-29;1765;Park;2020-02-29;Dresser;cabinet;;;;
406;917;2025-06-05;433;Park;2020-05-25;Artificial;insensitive;;;;
406;946;2025-05-26;2122;Park;2020-08-12;Quickly;sign;;;;
407;5;2023-07-19;934;Neal-Smith;2020-05-14;Champion;equalize;140;whose;54;Urban Culture
407;34;2023-10-24;1754;Neal-Smith;2021-07-02;Movie;picture;140;whose;54;Urban Culture
407;99;2025-06-05;4318;Neal-Smith;2021-04-01;Stuff;by;140;whose;54;Urban Culture
407;195;2024-09-07;112;Neal-Smith;2020-07-02;Enterprise;groom;140;whose;54;Urban Culture
407;229;2023-02-16;2799;Neal-Smith;2020-04-30;Alloy;bathtub;140;whose;54;Urban Culture
407;248;2022-01-13;3128;Neal-Smith;2020-09-04;Landslip;landslide;140;whose;54;Urban Culture
407;262;2020-05-23;2446;Neal-Smith;2020-01-01;Kind;pick;140;whose;54;Urban Culture
407;302;2020-04-15;452;Neal-Smith;2020-04-15;Army;salutary;140;whose;54;Urban Culture
407;303;2023-11-11;3319;Neal-Smith;2020-10-05;Protocol;seventh;140;whose;54;Urban Culture
407;327;2024-03-31;2882;Neal-Smith;2020-11-12;Image;style;140;whose;54;Urban Culture
407;361;2023-06-10;552;Neal-Smith;2020-04-13;Staff;radio;140;whose;54;Urban Culture
407;375;2023-05-12;2630;Neal-Smith;2020-01-13;Rose;footer;140;whose;54;Urban Culture
407;379;2024-01-24;175;Neal-Smith;2020-01-31;Learn;husband;140;whose;54;Urban Culture
407;425;2021-04-11;4991;Neal-Smith;2020-06-25;Boots;held;140;whose;54;Urban Culture
407;436;2020-05-13;2686;Neal-Smith;2020-05-13;Whatever;every;140;whose;54;Urban Culture
407;465;2024-03-14;1179;Neal-Smith;2021-08-20;Thus;choice;140;whose;54;Urban Culture
407;503;2023-12-15;4906;Neal-Smith;2020-09-10;Nurse;around;140;whose;54;Urban Culture
407;642;2021-10-06;1186;Neal-Smith;2020-01-09;Realize;financial;140;whose;54;Urban Culture
407;762;2023-05-04;3311;Neal-Smith;2020-02-25;Authority;road;140;whose;54;Urban Culture
407;766;2023-07-08;3303;Neal-Smith;2020-04-09;Penalty;bind;140;whose;54;Urban Culture
407;867;2020-03-11;1072;Neal-Smith;2020-03-11;Standard;maybe;140;whose;54;Urban Culture
407;883;2021-04-21;2531;Neal-Smith;2020-02-02;Process;Crime;140;whose;54;Urban Culture
407;925;2023-09-18;3007;Neal-Smith;2020-04-15;Society;ingredient;140;whose;54;Urban Culture
408;137;2025-01-22;1193;Pierce;2020-06-23;Within;seat;;;;
408;160;2022-12-15;572;Pierce;2020-06-12;Style;shoulder;;;;
408;174;2020-08-04;4363;Pierce;2020-02-02;East;something;;;;
408;288;2025-07-04;4730;Pierce;2020-01-31;Sea;understand;;;;
408;312;2022-07-26;4282;Pierce;2020-02-13;Sevenfold;sickle;;;;
408;333;2020-12-24;2329;Pierce;2020-01-28;Over;grow;;;;
408;352;2020-08-07;1041;Pierce;2020-08-07;Suddenly;boy;;;;
408;418;2023-04-24;163;Pierce;2021-05-03;Method;civil;;;;
408;473;2021-06-09;1045;Pierce;2020-07-24;Not;as;;;;
408;512;2020-05-17;4174;Pierce;2020-05-17;Met;through;;;;
408;522;2020-03-26;3854;Pierce;2020-01-30;Laugh;else;;;;
408;532;2024-07-30;3173;Pierce;2020-11-23;Time;town;;;;
408;549;2021-07-18;849;Pierce;2020-11-13;Job;complication;;;;
408;551;2025-03-08;690;Pierce;2020-03-03;Data;Republican;;;;
408;587;2020-12-25;4490;Pierce;2020-12-25;Arrive;different;;;;
408;687;2021-11-12;2260;Pierce;2020-04-27;Many;where;;;;
408;710;2023-06-24;1365;Pierce;2020-06-11;Mister;mow;;;;
408;733;2024-06-06;966;Pierce;2021-03-29;Message;police;;;;
408;753;2025-05-24;4672;Pierce;2020-02-17;Mr;clearly;;;;
408;779;2020-02-13;1319;Pierce;2020-02-13;Whole;street;;;;
408;909;2021-06-11;2954;Pierce;2020-07-16;At;various;;;;
408;951;2021-12-18;2739;Pierce;2020-04-11;Door;speak;;;;
409;206;2025-09-30;940;Underwood-Dodson;2020-01-25;He;main;;;;
409;219;2023-03-17;996;Underwood-Dodson;2020-01-20;Prop;back;;;;
409;256;2023-05-15;3380;Underwood-Dodson;2022-05-06;Season;writer;;;;
409;260;2021-11-20;171;Underwood-Dodson;2020-04-19;Expert;knowledge;;;;
409;318;2022-10-24;3686;Underwood-Dodson;2020-07-01;Ardour;argentine;;;;
409;345;2021-03-19;4591;Underwood-Dodson;2020-10-10;Although;place;;;;
409;355;2025-03-12;1122;Underwood-Dodson;2020-03-10;Dark;future;;;;
409;390;2025-03-11;1792;Underwood-Dodson;2020-02-25;Mind;information;;;;
409;431;2020-04-03;548;Underwood-Dodson;2020-04-03;Appear;agency;;;;
409;455;2024-03-28;4560;Underwood-Dodson;2020-07-23;Former;public;;;;
409;461;2020-11-15;986;Underwood-Dodson;2020-11-03;Issue;one;;;;
409;508;2026-02-08;905;Underwood-Dodson;2020-12-12;Daughter;board;;;;
409;583;2020-12-12;2059;Underwood-Dodson;2020-12-12;Data;popular;;;;
409;613;2024-11-22;1432;Underwood-Dodson;2021-07-31;Hear;body;;;;
409;626;2022-11-14;662;Underwood-Dodson;2020-07-09;Sign;voice;;;;
409;641;2024-08-03;1079;Underwood-Dodson;2020-03-31;Face;spend;;;;
409;684;2025-08-24;228;Underwood-Dodson;2022-05-04;Often;material;;;;
409;699;2020-04-02;1719;Underwood-Dodson;2020-02-04;Championship;mender;;;;
409;699;2025-04-30;3559;Underwood-Dodson;2020-02-04;Championship;mender;;;;
409;752;2020-09-06;3131;Underwood-Dodson;2020-08-05;South;season;;;;
409;787;2025-11-27;2341;Underwood-Dodson;2021-02-06;Struggle;charge;;;;
409;797;2020-01-07;3882;Underwood-Dodson;2020-01-07;Quickly;top;;;;
409;816;2026-02-07;3671;Underwood-Dodson;2020-05-30;They;go;;;;
409;821;2020-07-31;2352;Underwood-Dodson;2020-07-31;Dog;decide;;;;
409;933;2024-09-19;3565;Underwood-Dodson;2020-08-21;Party;success;;;;
409;961;2023-09-25;2378;Underwood-Dodson;2020-02-05;Knot;flyer;;;;
410;212;2023-09-30;955;Gonzalez;2020-03-04;Outline;outrun;;;;
410;231;2025-08-28;1787;Gonzalez;2020-12-17;Biceps;bicker;;;;
410;270;2023-05-22;107;Gonzalez;2020-03-13;Product;state;;;;
410;322;2023-03-19;3724;Gonzalez;2023-01-22;Medicin;italian;;;;
410;373;2024-01-03;3074;Gonzalez;2020-01-22;War;foot;;;;
410;434;2022-08-23;234;Gonzalez;2020-06-04;Fall;huge;;;;
410;535;2024-04-22;2060;Gonzalez;2020-04-05;Feeling;red;;;;
410;578;2022-01-31;3487;Gonzalez;2020-03-10;Stomp;techno;;;;
410;589;2024-07-01;744;Gonzalez;2020-07-13;Necessary;far;;;;
410;601;2023-09-08;482;Gonzalez;2022-02-07;Everybody;world;;;;
410;695;2023-01-21;3530;Gonzalez;2020-01-12;Fly;flight;;;;
410;738;2023-06-22;1539;Gonzalez;2020-02-26;Crime;country;;;;
410;762;2020-08-14;1347;Gonzalez;2020-02-25;Authority;road;;;;
410;766;2020-11-10;1650;Gonzalez;2020-04-09;Penalty;bind;;;;
410;840;2024-08-16;4514;Gonzalez;2020-03-14;Consider;people;;;;
411;176;2023-05-18;3992;Lopez;2020-05-08;Hug;muddle;;;;
411;207;2021-04-24;3799;Lopez;2021-04-24;Success;president;;;;
411;257;2023-05-09;2439;Lopez;2020-01-08;House;walk;;;;
411;284;2025-05-23;4596;Lopez;2023-03-10;Safe;hotel;;;;
411;311;2024-01-02;4345;Lopez;2020-01-19;Relationship;enough;;;;
411;316;2024-12-08;970;Lopez;2020-06-19;Apt;arctic;;;;
411;319;2022-04-30;788;Lopez;2020-03-15;Behavior;occur;;;;
411;415;2024-01-20;3230;Lopez;2020-05-18;I;want;;;;
411;430;2025-08-04;3291;Lopez;2020-04-03;Recent;be;;;;
411;459;2024-12-05;261;Lopez;2020-02-01;Station;suggest;;;;
411;544;2023-10-14;4987;Lopez;2020-09-24;He;two;;;;
411;574;2022-05-04;2593;Lopez;2020-03-03;Well;explain;;;;
411;613;2022-01-18;3045;Lopez;2021-07-31;Hear;body;;;;
411;630;2021-04-14;109;Lopez;2020-07-09;Glass;landlord;;;;
411;632;2025-07-20;170;Lopez;2020-02-11;Although;book;;;;
411;671;2020-09-22;3698;Lopez;2020-01-20;Bloom;flow;;;;
411;678;2023-09-10;3691;Lopez;2020-05-26;Treatment;once;;;;
411;744;2023-07-09;2579;Lopez;2020-01-29;Radio;like;;;;
411;764;2022-12-26;4396;Lopez;2020-08-04;Laugh;send;;;;
411;775;2021-12-27;1034;Lopez;2021-12-27;No;end;;;;
411;782;2021-07-15;4320;Lopez;2021-07-15;Success;despite;;;;
411;827;2024-05-18;1279;Lopez;2020-12-03;Soldier;throughout;;;;
411;879;2023-12-18;1245;Lopez;2020-04-26;Interesting;board;;;;
411;915;2022-04-20;2259;Lopez;2020-03-02;But;forget;;;;
411;997;2023-04-27;840;Lopez;2021-12-06;Pass;her;;;;
412;82;2020-07-18;2419;Wise-Matthews;2020-03-19;Physical;simple;;;;
412;106;2022-11-15;1761;Wise-Matthews;2020-01-20;Peace;add;;;;
412;123;2023-05-11;1982;Wise-Matthews;2021-05-28;Moment;across;;;;
412;170;2025-08-30;4754;Wise-Matthews;2020-01-19;Wind;top;;;;
412;212;2023-06-27;1027;Wise-Matthews;2020-03-04;Outline;outrun;;;;
412;256;2025-03-29;3281;Wise-Matthews;2022-05-06;Season;writer;;;;
412;270;2023-04-02;3997;Wise-Matthews;2020-03-13;Product;state;;;;
412;422;2025-03-16;2265;Wise-Matthews;2020-01-28;Soldier;six;;;;
412;465;2022-05-23;2814;Wise-Matthews;2021-08-20;Thus;choice;;;;
412;471;2026-02-07;2268;Wise-Matthews;2020-03-22;Ask;conference;;;;
412;532;2021-07-31;2795;Wise-Matthews;2020-11-23;Time;town;;;;
412;599;2020-11-25;2868;Wise-Matthews;2020-11-20;Population;use;;;;
412;634;2020-05-12;1400;Wise-Matthews;2020-02-11;Ever;employee;;;;
412;683;2020-10-17;4784;Wise-Matthews;2020-01-08;Away;wind;;;;
412;713;2020-11-17;2521;Wise-Matthews;2020-02-28;Drug;talk;;;;
412;722;2025-02-02;498;Wise-Matthews;2020-02-23;Attack;natural;;;;
412;823;2023-10-12;4624;Wise-Matthews;2020-04-23;Shrill;fencing;;;;
412;860;2023-09-15;639;Wise-Matthews;2020-04-07;Push;yard;;;;
412;932;2022-04-10;4874;Wise-Matthews;2020-02-29;Some;debate;;;;
412;987;2020-03-21;3877;Wise-Matthews;2020-03-21;Pierce;column;;;;
413;143;2024-10-11;1320;Johnson-Smith;2020-12-12;Duck;duckling;;;;
413;172;2023-11-28;1608;Johnson-Smith;2021-04-16;Turn;war;;;;
413;190;2021-10-13;3162;Johnson-Smith;2020-10-19;During;hit;;;;
413;190;2022-07-16;1942;Johnson-Smith;2020-10-19;During;hit;;;;
413;261;2020-02-02;1154;Johnson-Smith;2020-02-02;Marathon;mark;;;;
413;317;2025-10-10;3903;Johnson-Smith;2021-11-10;Surface;bit;;;;
413;329;2020-06-17;2347;Johnson-Smith;2020-06-17;Hit;house;;;;
413;416;2021-12-31;4931;Johnson-Smith;2020-03-13;Some;kitchen;;;;
413;461;2020-11-03;1888;Johnson-Smith;2020-11-03;Issue;one;;;;
413;465;2021-11-27;3749;Johnson-Smith;2021-08-20;Thus;choice;;;;
413;530;2024-07-01;4808;Johnson-Smith;2021-11-16;Marshall;chopped;;;;
413;530;2024-10-12;4507;Johnson-Smith;2021-11-16;Marshall;chopped;;;;
413;531;2023-06-27;4272;Johnson-Smith;2021-04-24;Commercial;relate;;;;
413;555;2022-11-12;514;Johnson-Smith;2020-02-10;Hellium;elvis;;;;
413;569;2023-10-28;3213;Johnson-Smith;2021-07-06;Degree;day;;;;
413;580;2025-05-19;4147;Johnson-Smith;2020-03-22;Feel;bad;;;;
413;604;2025-08-12;4068;Johnson-Smith;2020-02-11;Noise;noticing;;;;
413;605;2025-09-14;4488;Johnson-Smith;2020-03-30;Automation;automatic;;;;
413;634;2024-08-18;2903;Johnson-Smith;2020-02-11;Ever;employee;;;;
413;635;2021-06-02;131;Johnson-Smith;2021-06-02;Wild;freeing;;;;
413;640;2020-01-12;3733;Johnson-Smith;2020-01-12;Important;yes;;;;
413;746;2020-07-08;3956;Johnson-Smith;2020-04-18;Shade;chambermaid;;;;
413;830;2023-12-15;2862;Johnson-Smith;2021-09-08;Girl;voice;;;;
413;915;2020-03-02;2291;Johnson-Smith;2020-03-02;But;forget;;;;
413;925;2024-10-21;3885;Johnson-Smith;2020-04-15;Society;ingredient;;;;
413;996;2022-03-02;2804;Johnson-Smith;2020-05-13;Why;cover;;;;
414;18;2020-01-30;405;Olson;2020-01-30;Chase;equally;;;;
414;42;2022-05-25;4168;Olson;2020-10-01;Light;free;;;;
414;90;2025-01-18;3355;Olson;2020-05-26;Work;repetition;;;;
414;128;2022-01-09;2603;Olson;2020-10-03;Hour;out;;;;
414;221;2025-10-10;4393;Olson;2020-06-05;Move;board;;;;
414;237;2025-04-26;3864;Olson;2020-01-02;Notice;war;;;;
414;252;2025-04-29;2307;Olson;2021-10-16;Clear;clearly;;;;
414;313;2021-06-22;4151;Olson;2021-05-02;Body;bay;;;;
414;466;2022-07-01;2401;Olson;2020-02-29;Hot;computer;;;;
414;472;2022-06-02;207;Olson;2020-06-30;Senior;reality;;;;
414;494;2024-01-09;4398;Olson;2020-01-19;Everything;way;;;;
414;507;2025-11-26;1779;Olson;2020-05-07;Own;line;;;;
414;512;2022-05-21;3314;Olson;2020-05-17;Met;through;;;;
414;515;2025-05-21;1661;Olson;2020-06-01;There;dinner;;;;
414;550;2020-04-24;3645;Olson;2020-04-24;See;empty;;;;
414;667;2021-09-16;4653;Olson;2020-12-19;Apply;third;;;;
414;709;2022-05-24;447;Olson;2020-03-23;Improve;fact;;;;
414;734;2025-05-22;2674;Olson;2020-01-16;Clearly;safe;;;;
414;781;2023-12-23;522;Olson;2020-08-12;Wife;sure;;;;
414;824;2020-12-07;4198;Olson;2020-12-07;Hit;less;;;;
414;838;2021-11-19;4353;Olson;2020-02-09;Wanting;fail;;;;
414;841;2021-07-08;4304;Olson;2020-08-05;Old;investment;;;;
414;893;2025-12-22;1070;Olson;2020-04-08;Officer;maintain;;;;
414;977;2021-07-13;1158;Olson;2020-06-14;Local;look;;;;
415;174;2025-12-25;547;Dean-Herrera;2020-02-02;East;something;;;;
415;185;2025-01-03;962;Dean-Herrera;2020-10-06;Smile;player;;;;
415;201;2020-10-09;2813;Dean-Herrera;2020-03-18;Let;a;;;;
415;206;2020-01-25;1836;Dean-Herrera;2020-01-25;He;main;;;;
415;252;2024-04-26;4667;Dean-Herrera;2021-10-16;Clear;clearly;;;;
415;321;2020-06-04;2621;Dean-Herrera;2020-06-04;Ardent;architect;;;;
415;323;2024-02-11;270;Dean-Herrera;2020-01-04;Long;serve;;;;
415;405;2023-09-13;3689;Dean-Herrera;2020-06-22;Time;sing;;;;
415;504;2023-02-23;848;Dean-Herrera;2022-06-11;Baby;energy;;;;
415;625;2020-02-06;4179;Dean-Herrera;2020-02-06;Need;a;;;;
415;677;2024-01-07;4689;Dean-Herrera;2021-08-26;Bit;again;;;;
415;692;2023-03-25;3128;Dean-Herrera;2020-12-12;Street;walk;;;;
415;902;2025-08-04;3841;Dean-Herrera;2020-02-27;Eat;happy;;;;
415;971;2021-02-05;4912;Dean-Herrera;2021-02-05;Complete;final;;;;
416;14;2024-05-30;1692;Holland PLC;2020-01-30;Billion;hair;;;;
416;169;2025-12-04;2846;Holland PLC;2021-07-04;Through;military;;;;
416;267;2022-10-29;3385;Holland PLC;2020-11-19;Find;marquee;;;;
416;326;2021-01-01;2341;Holland PLC;2020-01-31;Hot;film;;;;
416;347;2025-01-23;1071;Holland PLC;2020-09-22;Tax;perhaps;;;;
416;396;2024-03-30;205;Holland PLC;2021-07-04;Also;mother;;;;
416;427;2025-05-17;2432;Holland PLC;2021-02-05;Endless;got;;;;
416;493;2025-10-01;1268;Holland PLC;2020-03-22;Born;taught;;;;
416;493;2025-08-05;3577;Holland PLC;2020-03-22;Born;taught;;;;
416;540;2020-06-27;1647;Holland PLC;2020-06-27;Seven;check;;;;
416;636;2021-05-02;787;Holland PLC;2020-04-17;Business;tell;;;;
416;672;2020-12-16;1075;Holland PLC;2020-01-03;Once;yeah;;;;
416;674;2025-11-08;3003;Holland PLC;2022-11-19;Pay;generation;;;;
416;675;2023-07-30;2509;Holland PLC;2020-04-26;Stand;likely;;;;
416;714;2020-04-21;4675;Holland PLC;2020-04-21;Standard;ahead;;;;
416;799;2020-12-04;2692;Holland PLC;2020-06-12;Unite;fasten;;;;
416;808;2021-07-08;684;Holland PLC;2020-03-21;Ahead;whose;;;;
416;853;2024-12-23;2773;Holland PLC;2020-03-17;Office;eye;;;;
416;859;2024-02-21;3461;Holland PLC;2020-02-12;Teach;should;;;;
416;893;2024-06-18;3856;Holland PLC;2020-04-08;Officer;maintain;;;;
416;984;2021-11-15;4594;Holland PLC;2020-01-04;Treatment;stage;;;;
417;7;2025-04-04;4013;Mitchell Ltd;2020-01-27;Hair;relate;;;;
417;9;2025-02-03;2295;Mitchell Ltd;2020-01-03;Star;land;;;;
417;39;2020-02-27;2695;Mitchell Ltd;2020-02-27;Amaze;rock;;;;
417;43;2023-05-21;1103;Mitchell Ltd;2020-10-01;Range;specific;;;;
417;64;2024-11-01;190;Mitchell Ltd;2020-12-06;Red;information;;;;
417;116;2022-04-04;1983;Mitchell Ltd;2020-01-31;Tell;treating;;;;
417;122;2020-04-08;2822;Mitchell Ltd;2020-04-08;Want;wind;;;;
417;133;2023-09-01;1587;Mitchell Ltd;2020-11-16;Forward;market;;;;
417;142;2023-02-07;4859;Mitchell Ltd;2020-03-16;Analysis;evidence;;;;
417;164;2020-07-06;243;Mitchell Ltd;2020-01-31;Evening;guy;;;;
417;177;2024-09-17;920;Mitchell Ltd;2021-04-21;Second;actually;;;;
417;198;2022-03-09;1541;Mitchell Ltd;2020-11-15;Water;rise;;;;
417;260;2025-11-05;2001;Mitchell Ltd;2020-04-19;Expert;knowledge;;;;
417;307;2020-11-02;2477;Mitchell Ltd;2020-11-02;Second;fill;;;;
417;314;2023-12-04;2538;Mitchell Ltd;2020-01-03;Follow;street;;;;
417;439;2022-07-12;1721;Mitchell Ltd;2020-01-06;Financial;east;;;;
417;462;2021-09-02;3202;Mitchell Ltd;2020-02-09;Group;carry;;;;
417;536;2021-09-22;2029;Mitchell Ltd;2020-03-08;Beat;factor;;;;
417;563;2025-05-10;969;Mitchell Ltd;2020-05-18;Exam;sent;;;;
417;571;2024-11-12;1886;Mitchell Ltd;2020-09-07;Task;kick;;;;
417;575;2024-01-24;1445;Mitchell Ltd;2021-09-09;Report;notice;;;;
417;624;2020-04-30;889;Mitchell Ltd;2020-02-26;Why;professor;;;;
417;630;2024-05-26;3143;Mitchell Ltd;2020-07-09;Glass;landlord;;;;
417;674;2022-11-19;2162;Mitchell Ltd;2022-11-19;Pay;generation;;;;
417;713;2022-09-25;1455;Mitchell Ltd;2020-02-28;Drug;talk;;;;
417;718;2021-11-28;3691;Mitchell Ltd;2021-04-23;Partner;ball;;;;
417;818;2020-07-24;3804;Mitchell Ltd;2020-01-31;Though;difficult;;;;
417;863;2020-01-26;110;Mitchell Ltd;2020-01-26;Scene;particular;;;;
417;883;2026-01-31;3408;Mitchell Ltd;2020-02-02;Process;Crime;;;;
418;17;2024-03-12;4434;Cooper PLC;2020-01-19;Elder;deletion;;;;
418;37;2025-05-15;4490;Cooper PLC;2020-06-18;Box;land;;;;
418;109;2020-07-10;4785;Cooper PLC;2020-07-10;Media;purpose;;;;
418;115;2020-08-31;2904;Cooper PLC;2020-08-31;Walker;mile;;;;
418;235;2022-08-26;357;Cooper PLC;2021-04-01;Down;him;;;;
418;244;2020-08-08;1420;Cooper PLC;2020-06-07;Military;level;;;;
418;246;2025-05-30;2387;Cooper PLC;2020-05-02;Investment;marriage;;;;
418;264;2024-02-08;2686;Cooper PLC;2020-12-14;Sport;case;;;;
418;315;2021-09-29;2688;Cooper PLC;2020-01-09;Majority;call;;;;
418;622;2022-12-07;1425;Cooper PLC;2020-04-24;How;buy;;;;
418;632;2025-05-31;2354;Cooper PLC;2020-02-11;Although;book;;;;
418;652;2024-12-30;464;Cooper PLC;2020-02-18;School;public;;;;
418;705;2021-02-05;4659;Cooper PLC;2020-01-16;North;door;;;;
418;742;2025-08-10;2209;Cooper PLC;2020-05-21;Computer;range;;;;
418;822;2022-12-15;835;Cooper PLC;2020-03-09;Issue;in;;;;
418;884;2022-03-28;2816;Cooper PLC;2020-01-29;Bar;opportunity;;;;
418;885;2024-12-31;4585;Cooper PLC;2021-06-12;Commercial;answer;;;;
419;42;2023-01-13;449;Cohen-Hodge;2020-10-01;Light;free;;;;
419;100;2025-12-02;129;Cohen-Hodge;2020-04-15;Best;center;;;;
419;303;2025-07-22;3203;Cohen-Hodge;2020-10-05;Protocol;seventh;;;;
419;406;2025-03-18;4255;Cohen-Hodge;2020-11-10;Fight;sometimes;;;;
419;452;2020-02-11;4865;Cohen-Hodge;2020-02-11;Clearly;message;;;;
419;494;2024-06-16;2667;Cohen-Hodge;2020-01-19;Everything;way;;;;
419;647;2020-04-09;1351;Cohen-Hodge;2020-01-05;Maintain;coach;;;;
419;694;2022-06-11;4608;Cohen-Hodge;2020-01-21;Concern;west;;;;
419;793;2024-04-01;287;Cohen-Hodge;2022-08-05;Laugh;far;;;;
419;850;2024-04-23;1335;Cohen-Hodge;2020-02-04;Four;travel;;;;
419;916;2024-01-10;1104;Cohen-Hodge;2020-01-11;Billion;process;;;;
419;968;2021-09-26;3819;Cohen-Hodge;2020-10-10;Deep;tonight;;;;
419;997;2022-04-27;2498;Cohen-Hodge;2021-12-06;Pass;her;;;;
420;124;2021-08-31;585;Lee Inc;2020-08-18;Friend;prevent;;;;
420;126;2021-08-18;4853;Lee Inc;2020-01-08;Purpose;top;;;;
420;169;2021-07-04;281;Lee Inc;2021-07-04;Through;military;;;;
420;218;2022-05-22;4436;Lee Inc;2022-05-22;Heart;simply;;;;
420;246;2023-02-12;4467;Lee Inc;2020-05-02;Investment;marriage;;;;
420;300;2022-12-26;4817;Lee Inc;2020-05-04;January;sally;;;;
420;312;2023-06-25;1031;Lee Inc;2020-02-13;Sevenfold;sickle;;;;
420;397;2023-07-01;957;Lee Inc;2020-09-11;Snake;november;;;;
420;507;2020-11-16;2240;Lee Inc;2020-05-07;Own;line;;;;
420;516;2024-09-25;1716;Lee Inc;2021-03-26;Worker;own;;;;
420;547;2023-03-24;390;Lee Inc;2020-07-17;President;we;;;;
420;550;2024-05-11;2514;Lee Inc;2020-04-24;See;empty;;;;
420;568;2020-03-06;4833;Lee Inc;2020-03-06;Prepare;great;;;;
420;602;2024-08-18;282;Lee Inc;2020-02-12;Pop;club;;;;
420;605;2020-11-14;4930;Lee Inc;2020-03-30;Automation;automatic;;;;
420;699;2022-07-04;1680;Lee Inc;2020-02-04;Championship;mender;;;;
420;724;2023-12-15;1767;Lee Inc;2020-02-21;Reader;bionic;;;;
420;748;2022-08-21;4433;Lee Inc;2020-03-09;People;provide;;;;
420;790;2023-04-11;3019;Lee Inc;2020-07-18;Pearl;sunlight;;;;
420;841;2022-08-23;4487;Lee Inc;2020-08-05;Old;investment;;;;
420;844;2021-02-07;3137;Lee Inc;2020-09-24;Statement;benefit;;;;
420;881;2022-10-13;4683;Lee Inc;2020-12-13;Tendril;gossip;;;;
421;32;2022-04-26;3142;Martinez;2022-01-20;Event;continue;;;;
421;49;2025-01-20;4063;Martinez;2020-05-21;Fill;this;;;;
421;88;2020-05-31;3447;Martinez;2020-05-31;Else;goal;;;;
421;98;2022-11-06;3674;Martinez;2020-04-20;Recent;kind;;;;
421;108;2020-04-07;152;Martinez;2020-04-07;Continue;space;;;;
421;123;2025-07-12;4446;Martinez;2021-05-28;Moment;across;;;;
421;253;2023-06-21;4838;Martinez;2021-09-02;Various;whether;;;;
421;306;2024-12-02;3914;Martinez;2020-04-22;Seventy;setback;;;;
421;314;2024-10-01;4199;Martinez;2020-01-03;Follow;street;;;;
421;487;2022-07-02;1174;Martinez;2020-07-17;Become;heavy;;;;
421;535;2021-06-05;4111;Martinez;2020-04-05;Feeling;red;;;;
421;540;2025-07-10;4169;Martinez;2020-06-27;Seven;check;;;;
421;565;2025-03-18;3464;Martinez;2020-03-09;Week;change;;;;
421;642;2025-04-04;2615;Martinez;2020-01-09;Realize;financial;;;;
421;655;2022-01-28;4229;Martinez;2021-04-23;Billion;subject;;;;
421;656;2021-09-08;604;Martinez;2020-12-30;Person;yourself;;;;
421;722;2025-05-14;3453;Martinez;2020-02-23;Attack;natural;;;;
421;912;2023-05-29;4461;Martinez;2020-09-10;Cut;young;;;;
421;913;2023-01-15;3039;Martinez;2020-07-08;Wise;artifact;;;;
421;950;2025-11-17;1926;Martinez;2020-03-17;Manuvre;gunpoint;;;;
421;968;2022-01-17;1179;Martinez;2020-10-10;Deep;tonight;;;;
421;972;2025-06-02;3470;Martinez;2020-02-14;Snoop;liner;;;;
421;988;2024-06-27;1173;Martinez;2020-03-22;Eyelash;blink;;;;
422;88;2024-08-05;3430;Mendez-Thompson;2020-05-31;Else;goal;188;type;54;Urban Culture
422;148;2023-10-22;557;Mendez-Thompson;2020-01-12;Pm;successful;188;type;54;Urban Culture
422;168;2025-11-09;1889;Mendez-Thompson;2020-03-03;Mrs;cover;188;type;54;Urban Culture
422;221;2020-06-05;3663;Mendez-Thompson;2020-06-05;Move;board;188;type;54;Urban Culture
422;254;2023-06-11;4482;Mendez-Thompson;2021-12-13;Human;because;188;type;54;Urban Culture
422;445;2025-01-13;2127;Mendez-Thompson;2020-06-26;Measure;skin;188;type;54;Urban Culture
422;493;2021-09-17;3016;Mendez-Thompson;2020-03-22;Born;taught;188;type;54;Urban Culture
422;497;2021-10-09;4486;Mendez-Thompson;2020-07-16;All;nature;188;type;54;Urban Culture
422;514;2021-07-01;4055;Mendez-Thompson;2020-08-22;Woman;satisfaction;188;type;54;Urban Culture
422;535;2024-04-27;1547;Mendez-Thompson;2020-04-05;Feeling;red;188;type;54;Urban Culture
422;583;2021-02-12;1241;Mendez-Thompson;2020-12-12;Data;popular;188;type;54;Urban Culture
422;704;2022-02-24;3917;Mendez-Thompson;2020-02-29;Mission;thought;188;type;54;Urban Culture
422;784;2022-06-04;372;Mendez-Thompson;2020-03-21;Exactly;a;188;type;54;Urban Culture
422;797;2020-10-01;3154;Mendez-Thompson;2020-01-07;Quickly;top;188;type;54;Urban Culture
422;933;2024-05-13;1259;Mendez-Thompson;2020-08-21;Party;success;188;type;54;Urban Culture
422;948;2021-12-11;2052;Mendez-Thompson;2020-04-02;Quality;successful;188;type;54;Urban Culture
422;978;2025-05-02;2553;Mendez-Thompson;2021-07-05;Listen;nature;188;type;54;Urban Culture
423;153;2020-03-14;3283;Farley PLC;2020-03-14;What;out;125;across;101;Renaissance
423;235;2022-06-02;727;Farley PLC;2021-04-01;Down;him;125;across;101;Renaissance
423;259;2021-02-11;788;Farley PLC;2020-06-20;Picture;build;125;across;101;Renaissance
423;269;2020-10-17;4252;Farley PLC;2020-03-02;But;leg;125;across;101;Renaissance
423;315;2022-06-15;2581;Farley PLC;2020-01-09;Majority;call;125;across;101;Renaissance
423;379;2021-04-04;2859;Farley PLC;2020-01-31;Learn;husband;125;across;101;Renaissance
423;391;2022-09-09;2565;Farley PLC;2020-02-02;Off;meet;125;across;101;Renaissance
423;440;2023-08-01;4562;Farley PLC;2020-01-16;Short;physical;125;across;101;Renaissance
423;500;2026-02-08;3610;Farley PLC;2020-08-31;Event;help;125;across;101;Renaissance
423;504;2024-06-01;1080;Farley PLC;2022-06-11;Baby;energy;125;across;101;Renaissance
423;515;2023-07-22;4026;Farley PLC;2020-06-01;There;dinner;125;across;101;Renaissance
423;532;2021-01-15;3688;Farley PLC;2020-11-23;Time;town;125;across;101;Renaissance
423;541;2020-01-19;4732;Farley PLC;2020-01-19;Put;foot;125;across;101;Renaissance
423;658;2022-04-30;2006;Farley PLC;2021-06-25;Decide;job;125;across;101;Renaissance
423;665;2020-05-30;2236;Farley PLC;2020-05-30;Say;reduce;125;across;101;Renaissance
423;802;2023-07-24;3901;Farley PLC;2020-02-18;Hard;cost;125;across;101;Renaissance
423;867;2023-09-05;1202;Farley PLC;2020-03-11;Standard;maybe;125;across;101;Renaissance
423;921;2026-02-15;1860;Farley PLC;2020-02-13;Local;often;125;across;101;Renaissance
423;934;2023-09-19;4985;Farley PLC;2021-01-08;itenerant;situationary;125;across;101;Renaissance
423;977;2024-12-04;3572;Farley PLC;2020-06-14;Local;look;125;across;101;Renaissance
423;990;2024-08-06;1549;Farley PLC;2020-11-28;Pilar;fib;125;across;101;Renaissance
424;257;2021-01-28;2207;Sutton-Huffman;2020-01-08;House;walk;;;;
424;264;2022-04-01;952;Sutton-Huffman;2020-12-14;Sport;case;;;;
424;288;2020-12-11;3358;Sutton-Huffman;2020-01-31;Sea;understand;;;;
424;292;2025-08-29;4104;Sutton-Huffman;2020-03-27;Card;rich;;;;
424;365;2025-12-10;207;Sutton-Huffman;2021-01-16;Order;share;;;;
424;421;2020-07-02;1269;Sutton-Huffman;2020-03-27;Top;finally;;;;
424;550;2020-10-11;4453;Sutton-Huffman;2020-04-24;See;empty;;;;
424;574;2020-03-03;2985;Sutton-Huffman;2020-03-03;Well;explain;;;;
424;736;2026-02-09;581;Sutton-Huffman;2020-07-25;Among;official;;;;
424;817;2025-02-06;2104;Sutton-Huffman;2020-02-13;Me;quite;;;;
424;836;2023-03-26;4570;Sutton-Huffman;2020-10-23;Benefit;accept;;;;
424;843;2023-03-11;2369;Sutton-Huffman;2020-05-26;Service;sense;;;;
424;957;2025-09-02;1381;Sutton-Huffman;2021-04-14;My;morning;;;;
424;978;2022-11-02;2127;Sutton-Huffman;2021-07-05;Listen;nature;;;;
424;996;2025-05-02;4013;Sutton-Huffman;2020-05-13;Why;cover;;;;
425;89;2020-09-30;572;Osborne Inc;2020-04-08;Involve;term;120;strong;79;Impressionism
425;203;2026-01-18;3945;Osborne Inc;2020-05-29;Key;time;120;strong;79;Impressionism
425;227;2024-09-20;2207;Osborne Inc;2020-11-21;Ok;air;120;strong;79;Impressionism
425;461;2022-01-09;4467;Osborne Inc;2020-11-03;Issue;one;120;strong;79;Impressionism
425;473;2024-10-20;1736;Osborne Inc;2020-07-24;Not;as;120;strong;79;Impressionism
425;490;2024-10-09;4941;Osborne Inc;2021-03-27;Road;campaign;120;strong;79;Impressionism
425;511;2021-08-26;2016;Osborne Inc;2020-07-07;Either;much;120;strong;79;Impressionism
425;540;2023-08-08;3367;Osborne Inc;2020-06-27;Seven;check;120;strong;79;Impressionism
425;563;2022-06-05;4336;Osborne Inc;2020-05-18;Exam;sent;120;strong;79;Impressionism
425;652;2024-12-16;2576;Osborne Inc;2020-02-18;School;public;120;strong;79;Impressionism
425;657;2021-08-28;1766;Osborne Inc;2020-01-16;Will;pay;120;strong;79;Impressionism
425;738;2021-03-10;2383;Osborne Inc;2020-02-26;Crime;country;120;strong;79;Impressionism
425;743;2022-05-24;1069;Osborne Inc;2020-07-21;Section;partner;120;strong;79;Impressionism
425;819;2022-08-04;3259;Osborne Inc;2020-11-20;Former;involve;120;strong;79;Impressionism
425;824;2023-10-14;3285;Osborne Inc;2020-12-07;Hit;less;120;strong;79;Impressionism
425;949;2021-06-25;786;Osborne Inc;2021-06-25;Fight;agent;120;strong;79;Impressionism
426;69;2022-03-14;520;Campbell-Rangel;2020-01-03;College;doctor;166;water;101;Renaissance
426;172;2023-11-13;4222;Campbell-Rangel;2021-04-16;Turn;war;166;water;101;Renaissance
426;419;2020-11-09;4595;Campbell-Rangel;2020-07-13;To;get;166;water;101;Renaissance
426;460;2021-07-09;4574;Campbell-Rangel;2020-04-02;For;reach;166;water;101;Renaissance
426;465;2021-12-14;4796;Campbell-Rangel;2021-08-20;Thus;choice;166;water;101;Renaissance
426;576;2025-11-14;2893;Campbell-Rangel;2020-05-20;Article;surface;166;water;101;Renaissance
426;681;2024-02-02;2206;Campbell-Rangel;2020-01-20;Fast;spend;166;water;101;Renaissance
426;725;2025-06-11;3748;Campbell-Rangel;2020-05-22;Opera;brandy;166;water;101;Renaissance
426;757;2022-08-13;929;Campbell-Rangel;2021-08-15;Grey;vernacular;166;water;101;Renaissance
426;798;2022-01-19;2187;Campbell-Rangel;2021-08-11;Cruel;goofy;166;water;101;Renaissance
426;800;2025-03-21;1520;Campbell-Rangel;2020-02-20;Focus;check;166;water;101;Renaissance
426;913;2025-04-21;297;Campbell-Rangel;2020-07-08;Wise;artifact;166;water;101;Renaissance
426;928;2022-08-26;1990;Campbell-Rangel;2020-01-24;Wonder;respond;166;water;101;Renaissance
426;991;2023-10-04;3924;Campbell-Rangel;2020-08-23;Most;today;166;water;101;Renaissance
427;2;2023-08-09;2513;Sellers PLC;2020-01-31;Benefit;key;;;;
427;77;2020-01-29;1043;Sellers PLC;2020-01-29;Help;together;;;;
427;164;2020-09-16;741;Sellers PLC;2020-01-31;Evening;guy;;;;
427;187;2022-07-10;2954;Sellers PLC;2020-06-04;Ride;systole;;;;
427;307;2023-09-19;2851;Sellers PLC;2020-11-02;Second;fill;;;;
427;362;2022-12-19;2296;Sellers PLC;2020-02-13;Memory;late;;;;
427;429;2020-06-08;3283;Sellers PLC;2020-01-19;Swimsuit;shelter;;;;
427;478;2023-11-21;1867;Sellers PLC;2020-03-16;Common;cold;;;;
427;519;2025-12-24;2361;Sellers PLC;2020-09-06;Leader;technology;;;;
427;625;2024-06-29;2752;Sellers PLC;2020-02-06;Need;a;;;;
427;705;2020-01-16;4753;Sellers PLC;2020-01-16;North;door;;;;
427;755;2025-09-20;3800;Sellers PLC;2020-01-22;Hand;without;;;;
427;841;2020-08-05;165;Sellers PLC;2020-08-05;Old;investment;;;;
427;994;2025-06-17;3678;Sellers PLC;2021-07-16;Security;challenge;;;;
428;45;2024-06-09;4256;Lester-Mcclure;2021-09-27;Play;why;;;;
428;56;2025-06-24;4199;Lester-Mcclure;2020-02-28;Moon;light;;;;
428;58;2024-07-03;284;Lester-Mcclure;2020-02-10;Sing;song;;;;
428;80;2024-05-04;4506;Lester-Mcclure;2020-03-29;Repetition;work;;;;
428;142;2020-09-14;3026;Lester-Mcclure;2020-03-16;Analysis;evidence;;;;
428;234;2021-04-03;1994;Lester-Mcclure;2020-05-19;Administration;arm;;;;
428;287;2024-02-20;4182;Lester-Mcclure;2020-05-28;Budget;understand;;;;
428;316;2021-12-27;3872;Lester-Mcclure;2020-06-19;Apt;arctic;;;;
428;363;2023-01-24;3480;Lester-Mcclure;2020-04-20;Her;foreign;;;;
428;427;2022-02-10;1336;Lester-Mcclure;2021-02-05;Endless;got;;;;
428;548;2023-06-05;930;Lester-Mcclure;2020-03-31;Cooperate;operate;;;;
428;552;2025-12-23;3350;Lester-Mcclure;2020-08-10;Lead;message;;;;
428;614;2022-04-10;4698;Lester-Mcclure;2022-04-10;Majority;myself;;;;
428;661;2020-01-27;4639;Lester-Mcclure;2020-01-27;Power;cut;;;;
428;661;2023-11-16;1050;Lester-Mcclure;2020-01-27;Power;cut;;;;
428;671;2024-11-22;1944;Lester-Mcclure;2020-01-20;Bloom;flow;;;;
428;703;2025-05-04;2358;Lester-Mcclure;2020-09-02;Form;fish;;;;
428;747;2021-08-27;2566;Lester-Mcclure;2021-08-27;White;indeed;;;;
428;754;2023-04-15;423;Lester-Mcclure;2020-08-30;That;country;;;;
428;796;2020-03-20;494;Lester-Mcclure;2020-03-20;Vanish;varnish;;;;
428;840;2020-11-26;1835;Lester-Mcclure;2020-03-14;Consider;people;;;;
428;880;2023-02-13;3991;Lester-Mcclure;2020-08-21;Rock;season;;;;
428;895;2020-09-19;3920;Lester-Mcclure;2020-01-15;Eye;husband;;;;
428;960;2022-11-02;3300;Lester-Mcclure;2021-01-02;Finally;personal;;;;
429;1;2022-11-26;2715;Nelson-Smith;2020-01-02;Voyeur;sneak;;;;
429;172;2024-04-03;1459;Nelson-Smith;2021-04-16;Turn;war;;;;
429;173;2022-04-19;256;Nelson-Smith;2020-03-14;Entrail;dart;;;;
429;182;2023-02-05;690;Nelson-Smith;2020-10-27;Old;top;;;;
429;288;2022-09-02;1123;Nelson-Smith;2020-01-31;Sea;understand;;;;
429;330;2020-03-07;3061;Nelson-Smith;2020-03-07;Out;character;;;;
429;424;2023-11-03;2887;Nelson-Smith;2020-01-29;Item;usually;;;;
429;457;2022-05-08;3127;Nelson-Smith;2021-03-01;Standard;choose;;;;
429;492;2023-01-27;2882;Nelson-Smith;2020-04-01;Staff;treatment;;;;
429;548;2022-03-28;3606;Nelson-Smith;2020-03-31;Cooperate;operate;;;;
429;573;2021-02-22;3737;Nelson-Smith;2020-10-28;Drug;father;;;;
429;624;2021-05-07;4613;Nelson-Smith;2020-02-26;Why;professor;;;;
429;679;2023-04-25;1778;Nelson-Smith;2020-04-27;Word;hard;;;;
429;703;2025-01-07;3921;Nelson-Smith;2020-09-02;Form;fish;;;;
429;714;2025-12-05;2549;Nelson-Smith;2020-04-21;Standard;ahead;;;;
429;740;2025-07-21;4916;Nelson-Smith;2020-05-18;Side;ok;;;;
429;762;2024-09-26;1934;Nelson-Smith;2020-02-25;Authority;road;;;;
429;940;2025-10-14;2642;Nelson-Smith;2020-08-08;Natural;wind;;;;
430;12;2023-07-08;645;Smith;2020-08-26;Early;arrive;;;;
430;135;2022-02-16;108;Smith;2020-01-29;Roll;queen;;;;
430;162;2023-06-08;1718;Smith;2020-12-16;Near;faraway;;;;
430;191;2022-07-05;2114;Smith;2020-06-18;Fang;concur;;;;
430;245;2021-12-24;2314;Smith;2020-01-08;Mill;run;;;;
430;283;2021-09-15;3495;Smith;2020-03-26;Nature;rise;;;;
430;404;2020-05-24;1574;Smith;2020-03-09;Blood;treat;;;;
430;531;2022-03-11;1999;Smith;2021-04-24;Commercial;relate;;;;
430;540;2021-08-12;4022;Smith;2020-06-27;Seven;check;;;;
430;582;2022-03-29;2070;Smith;2020-08-05;Adult;mean;;;;
430;759;2023-06-30;1698;Smith;2020-12-04;Once;deep;;;;
430;804;2020-10-09;853;Smith;2020-03-05;Cartoon;wear;;;;
430;805;2022-09-14;4473;Smith;2022-06-12;Begin;company;;;;
430;826;2023-09-14;4503;Smith;2021-07-01;Pacience;gutter;;;;
430;845;2026-01-23;4000;Smith;2020-12-23;They;herself;;;;
430;861;2023-07-24;2130;Smith;2020-01-12;Safe;every;;;;
430;936;2020-12-03;2401;Smith;2020-02-02;Reaction;fire;;;;
430;937;2023-07-16;272;Smith;2020-08-05;Builder;turbulent;;;;
430;975;2020-12-28;1350;Smith;2020-01-07;For;rather;;;;
430;997;2024-05-08;2387;Smith;2021-12-06;Pass;her;;;;
431;15;2021-11-22;4351;Potter-Rhodes;2021-04-01;Rib;lorde;139;treat;54;Urban Culture
431;64;2025-02-20;1314;Potter-Rhodes;2020-12-06;Red;information;139;treat;54;Urban Culture
431;161;2023-06-13;137;Potter-Rhodes;2020-02-01;Have;party;139;treat;54;Urban Culture
431;216;2022-02-06;3526;Potter-Rhodes;2020-07-03;Top;likely;139;treat;54;Urban Culture
431;224;2025-10-30;1319;Potter-Rhodes;2020-10-12;Tonight;brother;139;treat;54;Urban Culture
431;226;2022-12-19;2604;Potter-Rhodes;2020-04-30;Buy;share;139;treat;54;Urban Culture
431;278;2023-03-03;209;Potter-Rhodes;2020-03-01;Permian;perky;139;treat;54;Urban Culture
431;562;2021-09-22;759;Potter-Rhodes;2020-01-22;Nest;test;139;treat;54;Urban Culture
431;612;2025-05-05;3696;Potter-Rhodes;2020-03-10;Envelope;container;139;treat;54;Urban Culture
431;625;2025-11-16;275;Potter-Rhodes;2020-02-06;Need;a;139;treat;54;Urban Culture
431;641;2024-09-02;3167;Potter-Rhodes;2020-03-31;Face;spend;139;treat;54;Urban Culture
431;680;2020-09-11;4737;Potter-Rhodes;2020-02-19;Cat;dog;139;treat;54;Urban Culture
431;828;2022-10-26;3125;Potter-Rhodes;2021-01-27;Above;five;139;treat;54;Urban Culture
431;829;2020-01-09;2597;Potter-Rhodes;2020-01-09;Few;line;139;treat;54;Urban Culture
431;852;2022-01-31;4916;Potter-Rhodes;2020-12-06;Accent;loser;139;treat;54;Urban Culture
431;917;2021-06-03;2459;Potter-Rhodes;2020-05-25;Artificial;insensitive;139;treat;54;Urban Culture
431;917;2020-05-25;762;Potter-Rhodes;2020-05-25;Artificial;insensitive;139;treat;54;Urban Culture
431;952;2024-04-28;2472;Potter-Rhodes;2021-01-08;Fire;another;139;treat;54;Urban Culture
431;981;2021-05-09;877;Potter-Rhodes;2021-05-09;Walk;federal;139;treat;54;Urban Culture
431;992;2020-03-10;1768;Potter-Rhodes;2020-02-17;Prevent;mother;139;treat;54;Urban Culture
432;1;2020-01-02;4682;Fitzgerald-Hernandez;2020-01-02;Voyeur;sneak;;;;
432;49;2020-07-02;4262;Fitzgerald-Hernandez;2020-05-21;Fill;this;;;;
432;190;2020-10-19;2672;Fitzgerald-Hernandez;2020-10-19;During;hit;;;;
432;196;2020-12-13;683;Fitzgerald-Hernandez;2020-11-18;Pack;snail;;;;
432;233;2025-07-31;124;Fitzgerald-Hernandez;2020-02-14;Herself;water;;;;
432;364;2023-03-09;3357;Fitzgerald-Hernandez;2020-05-25;Despite;church;;;;
432;370;2022-05-04;4006;Fitzgerald-Hernandez;2020-04-21;Her;PM;;;;
432;379;2020-02-05;4887;Fitzgerald-Hernandez;2020-01-31;Learn;husband;;;;
432;386;2020-08-02;757;Fitzgerald-Hernandez;2020-08-02;Test;nothing;;;;
432;388;2021-01-25;2543;Fitzgerald-Hernandez;2021-01-25;Everyone;him;;;;
432;454;2025-09-12;2943;Fitzgerald-Hernandez;2020-02-12;Stock;responsibility;;;;
432;516;2023-10-06;860;Fitzgerald-Hernandez;2021-03-26;Worker;own;;;;
432;537;2020-12-24;2924;Fitzgerald-Hernandez;2020-04-07;Cost;outside;;;;
432;557;2021-06-27;3069;Fitzgerald-Hernandez;2020-09-14;Animal;yes;;;;
432;612;2021-11-08;1842;Fitzgerald-Hernandez;2020-03-10;Envelope;container;;;;
432;645;2022-03-09;1354;Fitzgerald-Hernandez;2020-04-29;Floret;arsenic;;;;
432;705;2024-08-19;4726;Fitzgerald-Hernandez;2020-01-16;North;door;;;;
432;717;2020-04-05;3687;Fitzgerald-Hernandez;2020-04-05;Think;future;;;;
432;738;2025-06-23;337;Fitzgerald-Hernandez;2020-02-26;Crime;country;;;;
432;750;2022-11-09;4534;Fitzgerald-Hernandez;2020-05-08;Commons;calculator;;;;
432;771;2020-03-21;3136;Fitzgerald-Hernandez;2020-01-18;Should;wrong;;;;
432;794;2025-02-05;3622;Fitzgerald-Hernandez;2020-04-20;Chop;spacious;;;;
432;800;2020-04-28;2850;Fitzgerald-Hernandez;2020-02-20;Focus;check;;;;
432;823;2021-06-06;3742;Fitzgerald-Hernandez;2020-04-23;Shrill;fencing;;;;
432;845;2023-08-07;2962;Fitzgerald-Hernandez;2020-12-23;They;herself;;;;
433;30;2020-09-19;3629;Diaz-Gonzalez;2020-03-15;Conference;product;;;;
433;45;2025-09-14;4289;Diaz-Gonzalez;2021-09-27;Play;why;;;;
433;77;2021-07-03;1005;Diaz-Gonzalez;2020-01-29;Help;together;;;;
433;102;2020-08-27;3444;Diaz-Gonzalez;2020-06-22;We;country;;;;
433;129;2023-04-09;1674;Diaz-Gonzalez;2020-01-12;Montain;dew;;;;
433;132;2021-11-15;3354;Diaz-Gonzalez;2020-08-30;Diet;village;;;;
433;192;2026-02-09;494;Diaz-Gonzalez;2020-10-17;Doctrine;equality;;;;
433;224;2023-05-14;2312;Diaz-Gonzalez;2020-10-12;Tonight;brother;;;;
433;225;2020-01-30;2619;Diaz-Gonzalez;2020-01-30;Book;quality;;;;
433;377;2021-12-02;4396;Diaz-Gonzalez;2020-04-25;Performance;state;;;;
433;402;2025-02-25;3787;Diaz-Gonzalez;2020-02-05;Throughout;end;;;;
433;413;2020-11-08;113;Diaz-Gonzalez;2020-11-08;Stop;country;;;;
433;475;2025-10-22;3684;Diaz-Gonzalez;2020-10-16;Young;without;;;;
433;494;2021-04-17;3591;Diaz-Gonzalez;2020-01-19;Everything;way;;;;
433;595;2023-01-09;3468;Diaz-Gonzalez;2021-02-15;Moderate;three;;;;
433;648;2023-11-17;282;Diaz-Gonzalez;2020-03-13;Fish;high;;;;
433;764;2021-07-22;3187;Diaz-Gonzalez;2020-08-04;Laugh;send;;;;
433;769;2020-01-23;4245;Diaz-Gonzalez;2020-01-23;Horse;chives;;;;
433;901;2020-04-07;3939;Diaz-Gonzalez;2020-04-07;Cabin;unwise;;;;
433;971;2021-06-19;3469;Diaz-Gonzalez;2021-02-05;Complete;final;;;;
433;986;2024-11-06;3554;Diaz-Gonzalez;2020-04-10;Appear;career;;;;
433;988;2023-03-05;2724;Diaz-Gonzalez;2020-03-22;Eyelash;blink;;;;
434;35;2021-12-11;3297;Harris-Duncan;2020-12-30;Record;fund;;;;
434;64;2022-07-21;3262;Harris-Duncan;2020-12-06;Red;information;;;;
434;204;2021-04-11;4161;Harris-Duncan;2021-03-12;Significant;ten;;;;
434;207;2023-05-21;1034;Harris-Duncan;2021-04-24;Success;president;;;;
434;230;2025-07-23;3024;Harris-Duncan;2020-07-26;That;there;;;;
434;294;2021-12-26;4305;Harris-Duncan;2020-01-01;Ring;rink;;;;
434;396;2021-07-04;1404;Harris-Duncan;2021-07-04;Also;mother;;;;
434;438;2020-01-13;1167;Harris-Duncan;2020-01-13;West;language;;;;
434;486;2025-12-12;3206;Harris-Duncan;2020-12-28;Try;sell;;;;
434;509;2024-08-20;4026;Harris-Duncan;2020-06-24;Leave;bone;;;;
434;585;2022-07-31;4517;Harris-Duncan;2020-06-21;Opportunity;ok;;;;
434;618;2021-10-13;2150;Harris-Duncan;2020-06-27;Gold;necklace;;;;
434;627;2022-03-09;1270;Harris-Duncan;2020-06-10;Active;equinox;;;;
434;629;2022-10-12;2752;Harris-Duncan;2020-05-12;Implant;glitch;;;;
434;676;2025-10-12;3028;Harris-Duncan;2020-12-11;Manage;same;;;;
434;689;2024-12-14;3856;Harris-Duncan;2020-07-29;Growth;sport;;;;
434;704;2024-12-05;4777;Harris-Duncan;2020-02-29;Mission;thought;;;;
434;755;2023-02-17;2983;Harris-Duncan;2020-01-22;Hand;without;;;;
434;917;2024-10-09;4358;Harris-Duncan;2020-05-25;Artificial;insensitive;;;;
434;929;2023-04-25;3793;Harris-Duncan;2020-09-25;Environmental;quality;;;;
435;33;2020-11-14;712;Stewart;2020-04-27;Around;argue;;;;
435;167;2023-11-12;763;Stewart;2020-04-15;Happy;land;;;;
435;343;2020-11-27;742;Stewart;2020-01-12;Nickle;table;;;;
435;346;2020-09-27;4624;Stewart;2020-07-15;Yard;member;;;;
435;460;2025-09-11;4619;Stewart;2020-04-02;For;reach;;;;
435;512;2021-10-17;3940;Stewart;2020-05-17;Met;through;;;;
435;675;2020-04-26;4980;Stewart;2020-04-26;Stand;likely;;;;
435;703;2020-11-26;1598;Stewart;2020-09-02;Form;fish;;;;
435;714;2020-12-15;3723;Stewart;2020-04-21;Standard;ahead;;;;
435;816;2022-09-05;4617;Stewart;2020-05-30;They;go;;;;
435;819;2020-11-20;4126;Stewart;2020-11-20;Former;involve;;;;
435;838;2025-09-26;4038;Stewart;2020-02-09;Wanting;fail;;;;
435;875;2022-06-25;346;Stewart;2020-04-29;Thumb;match;;;;
435;948;2020-04-02;3601;Stewart;2020-04-02;Quality;successful;;;;
435;978;2023-08-26;2546;Stewart;2021-07-05;Listen;nature;;;;
436;337;2020-12-22;3505;Beltran-Cooper;2020-12-22;Example;chance;;;;
436;344;2025-02-19;2579;Beltran-Cooper;2020-11-09;Drawer;monkey;;;;
436;372;2020-11-11;2749;Beltran-Cooper;2020-01-18;Field;flower;;;;
436;374;2025-02-18;4091;Beltran-Cooper;2020-12-31;Imagine;like;;;;
436;415;2020-12-22;1230;Beltran-Cooper;2020-05-18;I;want;;;;
436;607;2023-08-18;2020;Beltran-Cooper;2021-03-06;Much;alone;;;;
436;637;2025-04-12;728;Beltran-Cooper;2020-08-23;Swim;lancelot;;;;
436;643;2020-11-23;3309;Beltran-Cooper;2020-05-31;Term;example;;;;
436;694;2023-12-19;2899;Beltran-Cooper;2020-01-21;Concern;west;;;;
436;759;2024-08-30;4625;Beltran-Cooper;2020-12-04;Once;deep;;;;
436;801;2025-11-13;4032;Beltran-Cooper;2020-04-08;Best;apply;;;;
436;904;2021-09-09;4627;Beltran-Cooper;2020-12-22;Sometimes;mean;;;;
437;41;2022-08-14;4627;Solis;2020-10-25;Hail;marry;;;;
437;48;2021-02-22;4318;Solis;2020-05-06;A;job;;;;
437;78;2020-09-20;739;Solis;2020-01-18;Sky;standard;;;;
437;98;2021-01-21;160;Solis;2020-04-20;Recent;kind;;;;
437;99;2022-05-17;2838;Solis;2021-04-01;Stuff;by;;;;
437;125;2022-05-24;732;Solis;2021-04-10;Boy;yellow;;;;
437;134;2025-04-14;4662;Solis;2020-02-17;Some;both;;;;
437;335;2023-09-10;3881;Solis;2020-03-03;Construct;tennis;;;;
437;359;2023-09-10;789;Solis;2020-09-18;Like;view;;;;
437;474;2023-10-19;4623;Solis;2020-09-07;On;eyes;;;;
437;578;2020-03-10;2955;Solis;2020-03-10;Stomp;techno;;;;
437;603;2021-02-05;4921;Solis;2020-06-05;Golf;racket;;;;
437;617;2025-01-29;2635;Solis;2020-02-25;Run;sold;;;;
437;645;2025-03-04;2030;Solis;2020-04-29;Floret;arsenic;;;;
437;650;2025-11-13;2267;Solis;2020-05-07;Perform;entire;;;;
437;654;2026-01-29;2749;Solis;2021-10-26;Early;me;;;;
437;690;2023-01-03;891;Solis;2020-02-28;South;attention;;;;
438;9;2021-08-10;4990;Shelton;2020-01-03;Star;land;;;;
438;141;2024-03-29;295;Shelton;2021-09-16;King;plot;;;;
438;252;2022-07-11;4486;Shelton;2021-10-16;Clear;clearly;;;;
438;311;2022-03-25;4649;Shelton;2020-01-19;Relationship;enough;;;;
438;357;2021-02-20;3976;Shelton;2020-02-03;Point;laser;;;;
438;367;2024-03-20;2964;Shelton;2021-01-24;Event;soon;;;;
438;411;2020-07-28;2889;Shelton;2020-07-28;Board;ground;;;;
438;424;2022-08-16;2766;Shelton;2020-01-29;Item;usually;;;;
438;459;2023-01-19;3836;Shelton;2020-02-01;Station;suggest;;;;
438;469;2023-01-27;4428;Shelton;2022-03-02;Individual;whatever;;;;
438;512;2022-03-19;301;Shelton;2020-05-17;Met;through;;;;
438;694;2022-08-07;3805;Shelton;2020-01-21;Concern;west;;;;
438;719;2024-02-23;395;Shelton;2022-04-22;Bud;nit;;;;
438;821;2022-10-12;3773;Shelton;2020-07-31;Dog;decide;;;;
438;860;2022-06-15;4951;Shelton;2020-04-07;Push;yard;;;;
438;880;2020-08-21;3377;Shelton;2020-08-21;Rock;season;;;;
438;955;2020-06-12;3161;Shelton;2020-02-13;Recollection;sugary;;;;
438;982;2021-06-23;889;Shelton;2021-01-25;Operation;time;;;;
439;17;2020-01-19;4291;Bradshaw;2020-01-19;Elder;deletion;;;;
439;78;2024-09-23;919;Bradshaw;2020-01-18;Sky;standard;;;;
439;175;2024-04-17;1724;Bradshaw;2020-01-22;Grocery;recurr;;;;
439;242;2025-09-06;544;Bradshaw;2020-03-31;Arsenic;lad;;;;
439;247;2020-08-12;1102;Bradshaw;2020-04-27;Never;allow;;;;
439;256;2022-05-06;2290;Bradshaw;2022-05-06;Season;writer;;;;
439;268;2023-09-18;4599;Bradshaw;2021-05-24;Manx;mantel;;;;
439;354;2020-12-13;4828;Bradshaw;2020-12-13;Aversion;sensibility;;;;
439;422;2022-04-12;330;Bradshaw;2020-01-28;Soldier;six;;;;
439;447;2023-01-26;4433;Bradshaw;2020-09-05;Argue;rock;;;;
439;510;2024-09-11;4589;Bradshaw;2020-04-02;Bad;hearts;;;;
439;555;2025-08-19;4108;Bradshaw;2020-02-10;Hellium;elvis;;;;
439;636;2022-12-29;3579;Bradshaw;2020-04-17;Business;tell;;;;
439;721;2022-07-28;2456;Bradshaw;2021-03-30;Tight;null;;;;
439;740;2024-04-16;4532;Bradshaw;2020-05-18;Side;ok;;;;
439;929;2024-05-06;3542;Bradshaw;2020-09-25;Environmental;quality;;;;
440;42;2024-03-08;4133;Edwards Inc;2020-10-01;Light;free;;;;
440;70;2024-07-13;1262;Edwards Inc;2020-01-15;If;set;;;;
440;137;2025-08-13;3195;Edwards Inc;2020-06-23;Within;seat;;;;
440;212;2024-11-19;1776;Edwards Inc;2020-03-04;Outline;outrun;;;;
440;214;2024-06-13;2654;Edwards Inc;2020-03-26;Moment;cut;;;;
440;245;2020-01-08;4410;Edwards Inc;2020-01-08;Mill;run;;;;
440;282;2021-03-30;3217;Edwards Inc;2020-05-05;Riot;ripen;;;;
440;295;2024-09-16;196;Edwards Inc;2020-12-13;Rife;rid;;;;
440;373;2023-09-06;310;Edwards Inc;2020-01-22;War;foot;;;;
440;464;2022-02-18;4878;Edwards Inc;2020-05-01;Ground;happen;;;;
440;535;2026-02-11;3353;Edwards Inc;2020-04-05;Feeling;red;;;;
440;586;2024-11-07;3963;Edwards Inc;2020-02-08;Close;wherever;;;;
440;588;2024-10-09;3420;Edwards Inc;2020-08-21;Successful;air;;;;
440;598;2026-01-23;1240;Edwards Inc;2020-05-29;Value;key;;;;
440;604;2020-02-11;2191;Edwards Inc;2020-02-11;Noise;noticing;;;;
440;686;2024-02-09;1378;Edwards Inc;2020-10-10;Human;vote;;;;
440;710;2025-06-16;3373;Edwards Inc;2020-06-11;Mister;mow;;;;
440;757;2025-11-05;969;Edwards Inc;2021-08-15;Grey;vernacular;;;;
440;856;2023-10-05;4317;Edwards Inc;2020-03-23;Likely;city;;;;
440;884;2021-07-04;2323;Edwards Inc;2020-01-29;Bar;opportunity;;;;
440;889;2025-01-14;3510;Edwards Inc;2020-10-23;Yard;white;;;;
440;895;2024-10-08;2364;Edwards Inc;2020-01-15;Eye;husband;;;;
440;931;2022-07-04;511;Edwards Inc;2022-07-04;Drop;water;;;;
440;933;2025-08-01;1095;Edwards Inc;2020-08-21;Party;success;;;;
440;944;2022-09-08;3509;Edwards Inc;2020-01-03;Sort;stage;;;;
441;85;2025-09-18;2411;Reed PLC;2020-03-14;Cell;however;;;;
441;163;2022-07-16;1057;Reed PLC;2020-03-04;Treat;majority;;;;
441;319;2025-08-18;4057;Reed PLC;2020-03-15;Behavior;occur;;;;
441;331;2023-10-18;215;Reed PLC;2020-02-23;Hope;technology;;;;
441;344;2024-07-11;339;Reed PLC;2020-11-09;Drawer;monkey;;;;
441;377;2023-11-24;1109;Reed PLC;2020-04-25;Performance;state;;;;
441;410;2024-07-07;682;Reed PLC;2020-04-10;Evening;throughout;;;;
441;424;2022-12-01;2658;Reed PLC;2020-01-29;Item;usually;;;;
441;441;2024-10-02;2816;Reed PLC;2020-05-26;Passenger;side;;;;
441;515;2025-08-28;491;Reed PLC;2020-06-01;There;dinner;;;;
441;530;2023-09-16;3140;Reed PLC;2021-11-16;Marshall;chopped;;;;
441;575;2023-06-06;2395;Reed PLC;2021-09-09;Report;notice;;;;
441;618;2023-08-16;4305;Reed PLC;2020-06-27;Gold;necklace;;;;
441;708;2024-10-20;1817;Reed PLC;2020-04-07;Wife;far;;;;
441;758;2025-03-13;2251;Reed PLC;2021-01-16;Tape;chesnut;;;;
441;902;2024-10-17;3654;Reed PLC;2020-02-27;Eat;happy;;;;
441;936;2020-02-02;2639;Reed PLC;2020-02-02;Reaction;fire;;;;
441;951;2022-07-09;1910;Reed PLC;2020-04-11;Door;speak;;;;
441;961;2022-05-27;4066;Reed PLC;2020-02-05;Knot;flyer;;;;
442;34;2024-10-11;4385;Williams-Crawford;2021-07-02;Movie;picture;;;;
442;77;2021-03-27;158;Williams-Crawford;2020-01-29;Help;together;;;;
442;98;2021-11-01;2022;Williams-Crawford;2020-04-20;Recent;kind;;;;
442;126;2024-08-07;4333;Williams-Crawford;2020-01-08;Purpose;top;;;;
442;156;2024-09-12;2319;Williams-Crawford;2022-05-21;Hundred;support;;;;
442;164;2020-02-04;2936;Williams-Crawford;2020-01-31;Evening;guy;;;;
442;187;2020-06-04;2398;Williams-Crawford;2020-06-04;Ride;systole;;;;
442;213;2021-04-02;284;Williams-Crawford;2020-11-06;Yet;product;;;;
442;230;2023-01-08;4409;Williams-Crawford;2020-07-26;That;there;;;;
442;278;2025-12-14;1725;Williams-Crawford;2020-03-01;Permian;perky;;;;
442;279;2021-07-03;2714;Williams-Crawford;2021-07-03;These;news;;;;
442;320;2021-02-04;3415;Williams-Crawford;2021-02-04;Happy;American;;;;
442;378;2025-02-19;2422;Williams-Crawford;2020-02-23;Support;rather;;;;
442;400;2025-03-19;356;Williams-Crawford;2020-03-25;Wand;Avenge;;;;
442;584;2025-09-13;2454;Williams-Crawford;2020-03-25;Fish;sea;;;;
442;625;2024-03-30;4683;Williams-Crawford;2020-02-06;Need;a;;;;
442;665;2025-01-16;3487;Williams-Crawford;2020-05-30;Say;reduce;;;;
442;701;2020-11-15;4494;Williams-Crawford;2020-11-15;Minute;hour;;;;
442;719;2024-12-25;279;Williams-Crawford;2022-04-22;Bud;nit;;;;
442;737;2022-03-15;4960;Williams-Crawford;2020-02-12;Sound;and;;;;
442;743;2023-05-28;440;Williams-Crawford;2020-07-21;Section;partner;;;;
442;853;2020-07-20;1543;Williams-Crawford;2020-03-17;Office;eye;;;;
442;950;2020-10-10;1085;Williams-Crawford;2020-03-17;Manuvre;gunpoint;;;;
442;976;2021-08-10;2979;Williams-Crawford;2020-01-12;Bash;git;;;;
443;77;2024-02-12;4702;Lopez-Richardson;2020-01-29;Help;together;;;;
443;104;2021-08-09;3684;Lopez-Richardson;2020-07-07;Concern;stay;;;;
443;126;2024-04-03;4026;Lopez-Richardson;2020-01-08;Purpose;top;;;;
443;162;2024-02-02;599;Lopez-Richardson;2020-12-16;Near;faraway;;;;
443;188;2021-01-19;1657;Lopez-Richardson;2020-12-31;Post;communication;;;;
443;189;2022-10-31;598;Lopez-Richardson;2020-11-11;Toward;station;;;;
443;198;2024-11-30;299;Lopez-Richardson;2020-11-15;Water;rise;;;;
443;224;2021-02-26;532;Lopez-Richardson;2020-10-12;Tonight;brother;;;;
443;388;2025-05-23;712;Lopez-Richardson;2021-01-25;Everyone;him;;;;
443;430;2023-11-07;1063;Lopez-Richardson;2020-04-03;Recent;be;;;;
443;461;2022-02-12;1016;Lopez-Richardson;2020-11-03;Issue;one;;;;
443;556;2022-11-03;733;Lopez-Richardson;2020-03-08;Prisioners;airway;;;;
443;678;2020-12-24;1115;Lopez-Richardson;2020-05-26;Treatment;once;;;;
443;707;2024-01-02;2521;Lopez-Richardson;2020-06-18;Mischief;minion;;;;
443;716;2024-08-10;4929;Lopez-Richardson;2020-06-29;Person;race;;;;
443;801;2021-09-20;3132;Lopez-Richardson;2020-04-08;Best;apply;;;;
443;885;2022-03-22;4243;Lopez-Richardson;2021-06-12;Commercial;answer;;;;
443;955;2024-07-09;120;Lopez-Richardson;2020-02-13;Recollection;sugary;;;;
444;59;2021-03-06;2899;Davidson;2020-01-07;Reason;than;;;;
444;97;2024-02-28;3477;Davidson;2020-03-31;Edge;use;;;;
444;150;2023-09-15;4881;Davidson;2020-06-15;Take;do;;;;
444;187;2020-10-27;4725;Davidson;2020-06-04;Ride;systole;;;;
444;288;2020-01-31;2010;Davidson;2020-01-31;Sea;understand;;;;
444;291;2025-07-14;906;Davidson;2020-11-20;Customer;set;;;;
444;338;2024-04-29;1326;Davidson;2022-06-03;Present;positive;;;;
444;469;2022-03-02;1117;Davidson;2022-03-02;Individual;whatever;;;;
444;518;2023-04-30;2833;Davidson;2020-09-25;Administration;have;;;;
444;546;2025-04-29;1685;Davidson;2022-12-18;Liquor;heart;;;;
444;818;2025-06-30;504;Davidson;2020-01-31;Though;difficult;;;;
444;963;2023-05-25;4604;Davidson;2020-07-22;Food;thousand;;;;
445;67;2020-10-09;2090;Norman-Bender;2020-10-09;If;and;;;;
445;131;2026-02-06;3987;Norman-Bender;2021-07-02;List;perhaps;;;;
445;213;2021-06-30;1059;Norman-Bender;2020-11-06;Yet;product;;;;
445;311;2025-09-16;737;Norman-Bender;2020-01-19;Relationship;enough;;;;
445;339;2022-09-04;3874;Norman-Bender;2020-03-27;Slam;pad;;;;
445;376;2020-08-29;2035;Norman-Bender;2020-04-12;Artist;seek;;;;
445;404;2025-07-15;3432;Norman-Bender;2020-03-09;Blood;treat;;;;
445;453;2026-01-14;2736;Norman-Bender;2020-02-26;Her;beautiful;;;;
445;472;2022-01-30;2539;Norman-Bender;2020-06-30;Senior;reality;;;;
445;564;2021-04-21;3949;Norman-Bender;2020-08-16;Contain;force;;;;
445;618;2022-06-26;2200;Norman-Bender;2020-06-27;Gold;necklace;;;;
445;642;2022-04-01;992;Norman-Bender;2020-01-09;Realize;financial;;;;
445;730;2022-05-28;2861;Norman-Bender;2020-06-15;Gin;bleach;;;;
445;776;2022-02-26;588;Norman-Bender;2020-08-06;Daddle;ceramic;;;;
445;857;2024-07-28;1469;Norman-Bender;2020-03-06;Operation;close;;;;
445;874;2020-10-06;3397;Norman-Bender;2020-08-12;Authority;or;;;;
445;962;2020-12-13;2954;Norman-Bender;2020-02-25;Plant;statement;;;;
446;1;2023-10-05;2537;Ellis;2020-01-02;Voyeur;sneak;;;;
446;108;2022-07-28;1256;Ellis;2020-04-07;Continue;space;;;;
446;213;2025-06-21;3033;Ellis;2020-11-06;Yet;product;;;;
446;293;2023-12-28;1116;Ellis;2020-10-14;Ripen;rioter;;;;
446;402;2025-10-04;2540;Ellis;2020-02-05;Throughout;end;;;;
446;511;2020-07-07;4957;Ellis;2020-07-07;Either;much;;;;
446;573;2026-01-19;2187;Ellis;2020-10-28;Drug;father;;;;
446;580;2020-03-22;4024;Ellis;2020-03-22;Feel;bad;;;;
446;606;2021-03-08;3299;Ellis;2020-12-26;Average;grade;;;;
446;612;2024-09-08;851;Ellis;2020-03-10;Envelope;container;;;;
446;645;2020-04-29;4243;Ellis;2020-04-29;Floret;arsenic;;;;
446;677;2021-11-09;632;Ellis;2021-08-26;Bit;again;;;;
446;707;2025-09-28;1836;Ellis;2020-06-18;Mischief;minion;;;;
446;735;2021-01-08;4910;Ellis;2021-01-08;Learn;lose;;;;
446;776;2023-02-25;1893;Ellis;2020-08-06;Daddle;ceramic;;;;
446;821;2022-02-01;3430;Ellis;2020-07-31;Dog;decide;;;;
446;852;2025-11-16;1917;Ellis;2020-12-06;Accent;loser;;;;
446;912;2025-07-16;256;Ellis;2020-09-10;Cut;young;;;;
446;938;2024-08-19;4230;Ellis;2021-08-25;American;but;;;;
447;18;2020-04-22;1543;Chapman;2020-01-30;Chase;equally;;;;
447;44;2022-02-26;3006;Chapman;2020-09-26;Sound;far;;;;
447;91;2022-11-22;3911;Chapman;2020-07-25;Billion;tend;;;;
447;106;2023-01-29;3087;Chapman;2020-01-20;Peace;add;;;;
447;212;2023-08-16;4246;Chapman;2020-03-04;Outline;outrun;;;;
447;217;2021-03-21;578;Chapman;2020-06-14;Administration;create;;;;
447;444;2020-03-12;1280;Chapman;2020-03-12;Development;despite;;;;
447;487;2024-07-24;1775;Chapman;2020-07-17;Become;heavy;;;;
447;627;2022-04-26;4443;Chapman;2020-06-10;Active;equinox;;;;
447;731;2022-10-16;376;Chapman;2020-04-29;High;central;;;;
447;889;2024-02-03;2919;Chapman;2020-10-23;Yard;white;;;;
447;987;2024-02-12;3555;Chapman;2020-03-21;Pierce;column;;;;
448;46;2023-02-28;3156;White Ltd;2021-01-26;Authority;artist;;;;
448;248;2020-09-04;2468;White Ltd;2020-09-04;Landslip;landslide;;;;
448;296;2023-09-05;3636;White Ltd;2022-02-08;Pass;safe;;;;
448;360;2024-01-06;1473;White Ltd;2020-03-20;Question;walk;;;;
448;361;2022-08-03;1155;White Ltd;2020-04-13;Staff;radio;;;;
448;380;2024-01-06;3663;White Ltd;2020-09-08;Note;write;;;;
448;419;2024-02-22;4820;White Ltd;2020-07-13;To;get;;;;
448;450;2022-09-09;1224;White Ltd;2020-02-07;After;billion;;;;
448;462;2023-12-08;4240;White Ltd;2020-02-09;Group;carry;;;;
448;465;2023-03-22;1475;White Ltd;2021-08-20;Thus;choice;;;;
448;505;2023-03-02;2245;White Ltd;2020-01-31;Raise;them;;;;
448;517;2020-09-16;2109;White Ltd;2020-09-16;Real;name;;;;
448;546;2023-11-09;639;White Ltd;2022-12-18;Liquor;heart;;;;
448;592;2022-02-20;2598;White Ltd;2021-03-03;Teacher;themselves;;;;
448;659;2020-01-20;3880;White Ltd;2020-01-20;Table;page;;;;
448;678;2022-09-07;4248;White Ltd;2020-05-26;Treatment;once;;;;
448;746;2024-05-03;2892;White Ltd;2020-04-18;Shade;chambermaid;;;;
448;765;2021-04-22;1637;White Ltd;2020-11-08;Song;anyone;;;;
448;766;2023-08-21;3818;White Ltd;2020-04-09;Penalty;bind;;;;
448;786;2024-04-22;4060;White Ltd;2020-05-06;Move;dream;;;;
448;857;2024-10-24;1235;White Ltd;2020-03-06;Operation;close;;;;
448;927;2022-01-31;4060;White Ltd;2020-03-02;English;imaginable;;;;
449;65;2025-08-19;4200;Young-Aguirre;2021-01-01;Possible;network;;;;
449;82;2022-05-01;4494;Young-Aguirre;2020-03-19;Physical;simple;;;;
449;195;2023-10-18;922;Young-Aguirre;2020-07-02;Enterprise;groom;;;;
449;262;2023-07-21;2690;Young-Aguirre;2020-01-01;Kind;pick;;;;
449;269;2024-03-15;514;Young-Aguirre;2020-03-02;But;leg;;;;
449;285;2022-02-07;3571;Young-Aguirre;2020-02-11;Kitchen;two;;;;
449;515;2020-06-01;2845;Young-Aguirre;2020-06-01;There;dinner;;;;
449;563;2020-05-18;3825;Young-Aguirre;2020-05-18;Exam;sent;;;;
449;637;2021-05-08;358;Young-Aguirre;2020-08-23;Swim;lancelot;;;;
449;702;2025-05-04;584;Young-Aguirre;2020-01-23;He;desCribe;;;;
449;704;2020-08-01;3806;Young-Aguirre;2020-02-29;Mission;thought;;;;
449;707;2021-11-14;3402;Young-Aguirre;2020-06-18;Mischief;minion;;;;
449;784;2023-05-23;2937;Young-Aguirre;2020-03-21;Exactly;a;;;;
449;822;2024-11-18;1821;Young-Aguirre;2020-03-09;Issue;in;;;;
449;863;2021-05-06;3451;Young-Aguirre;2020-01-26;Scene;particular;;;;
449;911;2025-12-10;1657;Young-Aguirre;2020-11-13;Anything;plant;;;;
449;980;2025-06-23;1756;Young-Aguirre;2020-04-22;Meeting;who;;;;
450;44;2024-02-04;1159;Cannon-Blankenship;2020-09-26;Sound;far;;;;
450;150;2022-07-31;1306;Cannon-Blankenship;2020-06-15;Take;do;;;;
450;233;2025-01-19;2987;Cannon-Blankenship;2020-02-14;Herself;water;;;;
450;273;2022-11-27;1861;Cannon-Blankenship;2020-01-13;Doctor;admit;;;;
450;383;2024-11-27;342;Cannon-Blankenship;2020-02-17;Anything;station;;;;
450;497;2022-07-25;4770;Cannon-Blankenship;2020-07-16;All;nature;;;;
450;546;2025-02-04;1920;Cannon-Blankenship;2022-12-18;Liquor;heart;;;;
450;555;2021-11-07;4998;Cannon-Blankenship;2020-02-10;Hellium;elvis;;;;
450;649;2022-12-22;2022;Cannon-Blankenship;2021-01-06;Us;group;;;;
450;683;2020-01-08;295;Cannon-Blankenship;2020-01-08;Away;wind;;;;
450;712;2023-04-28;1354;Cannon-Blankenship;2023-03-12;Nation;nip;;;;
450;737;2021-07-01;1702;Cannon-Blankenship;2020-02-12;Sound;and;;;;
450;816;2020-08-22;2631;Cannon-Blankenship;2020-05-30;They;go;;;;
450;837;2021-01-13;2815;Cannon-Blankenship;2021-01-13;Space;specificity;;;;
450;843;2023-08-27;2939;Cannon-Blankenship;2020-05-26;Service;sense;;;;
450;872;2023-04-08;1665;Cannon-Blankenship;2021-01-01;Fitting;sheet;;;;
450;925;2023-05-22;4378;Cannon-Blankenship;2020-04-15;Society;ingredient;;;;
450;986;2023-04-07;2493;Cannon-Blankenship;2020-04-10;Appear;career;;;;
451;84;2022-12-01;3259;Abbott-Shannon;2020-07-16;She;marriage;;;;
451;87;2025-05-13;4455;Abbott-Shannon;2020-02-02;Responsibility;dream;;;;
451;393;2024-12-22;2536;Abbott-Shannon;2022-01-18;Snail;slow;;;;
451;404;2021-02-20;1836;Abbott-Shannon;2020-03-09;Blood;treat;;;;
451;407;2022-06-23;851;Abbott-Shannon;2021-03-14;Politics;tough;;;;
451;432;2022-06-12;2725;Abbott-Shannon;2020-03-28;Reality;dip;;;;
451;480;2021-06-14;3343;Abbott-Shannon;2020-04-23;Love;now;;;;
451;556;2022-02-06;1937;Abbott-Shannon;2020-03-08;Prisioners;airway;;;;
451;846;2025-08-28;335;Abbott-Shannon;2020-01-22;Can;various;;;;
451;923;2022-11-06;2196;Abbott-Shannon;2020-11-08;Today;new;;;;
451;923;2020-11-08;3515;Abbott-Shannon;2020-11-08;Today;new;;;;
451;948;2025-07-06;4515;Abbott-Shannon;2020-04-02;Quality;successful;;;;
452;15;2021-08-08;3916;Myers Group;2021-04-01;Rib;lorde;;;;
452;19;2025-04-03;1925;Myers Group;2020-05-13;Ever;hope;;;;
452;82;2024-02-12;2673;Myers Group;2020-03-19;Physical;simple;;;;
452;103;2022-07-13;2267;Myers Group;2020-03-24;Some;here;;;;
452;113;2021-08-08;1471;Myers Group;2020-12-30;Feel;simply;;;;
452;133;2025-03-26;3095;Myers Group;2020-11-16;Forward;market;;;;
452;192;2021-08-20;912;Myers Group;2020-10-17;Doctrine;equality;;;;
452;207;2023-08-03;2539;Myers Group;2021-04-24;Success;president;;;;
452;275;2024-06-01;2590;Myers Group;2020-04-19;June;mar;;;;
452;313;2024-09-09;958;Myers Group;2021-05-02;Body;bay;;;;
452;336;2020-01-25;4684;Myers Group;2020-01-08;History;decide;;;;
452;337;2022-07-13;4253;Myers Group;2020-12-22;Example;chance;;;;
452;353;2024-03-13;1028;Myers Group;2020-05-01;Kitchen;sign;;;;
452;459;2025-07-10;1348;Myers Group;2020-02-01;Station;suggest;;;;
452;497;2020-10-10;4207;Myers Group;2020-07-16;All;nature;;;;
452;559;2020-03-31;2182;Myers Group;2020-01-16;Where;interview;;;;
452;569;2024-02-09;2343;Myers Group;2021-07-06;Degree;day;;;;
452;616;2022-08-02;4900;Myers Group;2020-01-02;Clear;reveal;;;;
452;633;2022-08-02;445;Myers Group;2020-02-29;Check;reach;;;;
452;657;2020-01-16;4971;Myers Group;2020-01-16;Will;pay;;;;
452;663;2024-03-15;1260;Myers Group;2021-02-16;Skin;Mrs;;;;
452;731;2026-01-26;3410;Myers Group;2020-04-29;High;central;;;;
452;752;2020-08-18;797;Myers Group;2020-08-05;South;season;;;;
452;774;2025-04-29;429;Myers Group;2021-12-13;Start;area;;;;
452;840;2025-11-26;114;Myers Group;2020-03-14;Consider;people;;;;
452;856;2025-07-23;2493;Myers Group;2020-03-23;Likely;city;;;;
452;877;2023-05-01;1589;Myers Group;2020-01-27;Operation;safe;;;;
452;881;2024-09-04;3786;Myers Group;2020-12-13;Tendril;gossip;;;;
452;893;2023-05-09;894;Myers Group;2020-04-08;Officer;maintain;;;;
452;922;2021-10-15;1718;Myers Group;2020-04-29;Price;threat;;;;
452;934;2021-01-08;2044;Myers Group;2021-01-08;itenerant;situationary;;;;
452;962;2023-01-26;1568;Myers Group;2020-02-25;Plant;statement;;;;
452;999;2023-12-04;3371;Myers Group;2021-01-17;Public;late;;;;
453;5;2020-05-14;3034;Peterson LLC;2020-05-14;Champion;equalize;;;;
453;8;2024-07-18;2539;Peterson LLC;2020-03-22;White;build;;;;
453;67;2024-01-13;2270;Peterson LLC;2020-10-09;If;and;;;;
453;116;2023-08-04;995;Peterson LLC;2020-01-31;Tell;treating;;;;
453;145;2021-05-23;2551;Peterson LLC;2020-12-29;Bag;character;;;;
453;215;2020-09-23;4124;Peterson LLC;2020-01-05;Outmatch;progression;;;;
453;261;2021-09-03;4695;Peterson LLC;2020-02-02;Marathon;mark;;;;
453;316;2025-11-08;543;Peterson LLC;2020-06-19;Apt;arctic;;;;
453;341;2025-09-09;3606;Peterson LLC;2020-03-02;Aquarius;signal;;;;
453;361;2022-02-03;4623;Peterson LLC;2020-04-13;Staff;radio;;;;
453;395;2020-08-22;4970;Peterson LLC;2020-08-22;Subject;raise;;;;
453;485;2022-07-19;4945;Peterson LLC;2020-01-31;Answer;woman;;;;
453;496;2021-01-09;3997;Peterson LLC;2020-03-11;Lady;dancer;;;;
453;607;2022-08-30;1584;Peterson LLC;2021-03-06;Much;alone;;;;
453;608;2024-02-19;2446;Peterson LLC;2020-05-15;Hard;prepare;;;;
453;635;2023-07-23;1064;Peterson LLC;2021-06-02;Wild;freeing;;;;
453;672;2023-12-23;2022;Peterson LLC;2020-01-03;Once;yeah;;;;
453;673;2025-05-25;824;Peterson LLC;2021-08-18;If;need;;;;
453;723;2022-04-07;3173;Peterson LLC;2020-02-05;Take;above;;;;
453;746;2024-01-01;1809;Peterson LLC;2020-04-18;Shade;chambermaid;;;;
453;784;2024-01-18;2817;Peterson LLC;2020-03-21;Exactly;a;;;;
453;785;2022-04-28;2567;Peterson LLC;2020-05-28;Entire;close;;;;
453;832;2025-02-05;859;Peterson LLC;2020-09-08;Seek;squirt;;;;
453;857;2022-11-29;1955;Peterson LLC;2020-03-06;Operation;close;;;;
453;918;2021-09-23;4827;Peterson LLC;2020-04-16;Social;iniciative;;;;
454;13;2020-01-02;2813;Smith Ltd;2020-01-02;Lateral;decaf;;;;
454;137;2024-11-02;4204;Smith Ltd;2020-06-23;Within;seat;;;;
454;236;2020-06-27;4710;Smith Ltd;2020-01-26;Equestrian;implausible;;;;
454;293;2022-07-12;124;Smith Ltd;2020-10-14;Ripen;rioter;;;;
454;322;2025-05-05;4560;Smith Ltd;2023-01-22;Medicin;italian;;;;
454;370;2020-04-21;4149;Smith Ltd;2020-04-21;Her;PM;;;;
454;419;2023-05-01;2990;Smith Ltd;2020-07-13;To;get;;;;
454;514;2025-08-02;3390;Smith Ltd;2020-08-22;Woman;satisfaction;;;;
454;547;2020-07-17;3346;Smith Ltd;2020-07-17;President;we;;;;
454;639;2021-07-23;4963;Smith Ltd;2021-07-23;Policy;into;;;;
454;653;2025-09-05;4186;Smith Ltd;2021-01-19;Chaos;layman;;;;
454;710;2024-02-02;187;Smith Ltd;2020-06-11;Mister;mow;;;;
454;860;2026-01-23;3467;Smith Ltd;2020-04-07;Push;yard;;;;
454;895;2020-01-15;492;Smith Ltd;2020-01-15;Eye;husband;;;;
454;903;2023-06-22;2643;Smith Ltd;2020-05-02;Admit;create;;;;
454;924;2021-04-01;4107;Smith Ltd;2021-04-01;Somebody;offer;;;;
454;926;2021-06-23;3035;Smith Ltd;2020-07-31;Health;born;;;;
454;968;2024-11-11;2099;Smith Ltd;2020-10-10;Deep;tonight;;;;
454;992;2021-05-18;3084;Smith Ltd;2020-02-17;Prevent;mother;;;;
455;217;2025-03-09;788;Dickerson-Smith;2020-06-14;Administration;create;;;;
455;340;2022-08-09;4152;Dickerson-Smith;2020-06-29;Morning;reflect;;;;
455;352;2024-08-23;3418;Dickerson-Smith;2020-08-07;Suddenly;boy;;;;
455;353;2021-04-05;2977;Dickerson-Smith;2020-05-01;Kitchen;sign;;;;
455;392;2021-01-04;233;Dickerson-Smith;2021-01-04;Budget;because;;;;
455;423;2021-12-22;4703;Dickerson-Smith;2020-10-08;Arabella;interstellar;;;;
455;465;2026-01-29;2860;Dickerson-Smith;2021-08-20;Thus;choice;;;;
455;588;2020-08-21;4168;Dickerson-Smith;2020-08-21;Successful;air;;;;
455;605;2024-01-26;4823;Dickerson-Smith;2020-03-30;Automation;automatic;;;;
455;631;2021-11-16;2179;Dickerson-Smith;2020-08-14;Landylady;dandy;;;;
455;711;2025-06-23;1617;Dickerson-Smith;2021-04-21;Naught;necessary;;;;
455;746;2021-08-10;1252;Dickerson-Smith;2020-04-18;Shade;chambermaid;;;;
455;768;2021-12-01;2494;Dickerson-Smith;2021-11-30;Generation;claim;;;;
455;778;2023-04-30;580;Dickerson-Smith;2020-03-09;Friend;do;;;;
455;799;2025-02-26;2017;Dickerson-Smith;2020-06-12;Unite;fasten;;;;
455;928;2020-06-24;1797;Dickerson-Smith;2020-01-24;Wonder;respond;;;;
456;37;2024-07-27;1155;Gonzalez Ltd;2020-06-18;Box;land;;;;
456;58;2024-05-06;1426;Gonzalez Ltd;2020-02-10;Sing;song;;;;
456;59;2023-12-07;1367;Gonzalez Ltd;2020-01-07;Reason;than;;;;
456;180;2022-08-07;784;Gonzalez Ltd;2020-02-18;As;beyond;;;;
456;302;2021-09-18;892;Gonzalez Ltd;2020-04-15;Army;salutary;;;;
456;577;2021-06-10;1952;Gonzalez Ltd;2021-06-10;Strong;seek;;;;
456;693;2022-12-07;2682;Gonzalez Ltd;2021-03-05;Nothing;traditional;;;;
456;836;2020-10-23;3854;Gonzalez Ltd;2020-10-23;Benefit;accept;;;;
456;884;2020-01-29;1073;Gonzalez Ltd;2020-01-29;Bar;opportunity;;;;
456;891;2024-09-16;4048;Gonzalez Ltd;2023-06-25;Impress;delay;;;;
456;985;2022-12-18;4553;Gonzalez Ltd;2021-08-25;Detail;speech;;;;
457;42;2021-08-05;3129;Johnson Ltd;2020-10-01;Light;free;;;;
457;60;2020-06-13;3426;Johnson Ltd;2020-02-15;Musical;oxford;;;;
457;91;2025-05-07;4197;Johnson Ltd;2020-07-25;Billion;tend;;;;
457;106;2025-08-29;3678;Johnson Ltd;2020-01-20;Peace;add;;;;
457;164;2024-04-13;3579;Johnson Ltd;2020-01-31;Evening;guy;;;;
457;233;2024-01-23;4171;Johnson Ltd;2020-02-14;Herself;water;;;;
457;251;2025-10-23;370;Johnson Ltd;2020-01-13;Establish;green;;;;
457;290;2023-07-05;4552;Johnson Ltd;2020-05-30;During;agree;;;;
457;295;2021-08-18;3544;Johnson Ltd;2020-12-13;Rife;rid;;;;
457;299;2021-03-01;1824;Johnson Ltd;2021-03-01;Answer;hard;;;;
457;405;2024-02-02;3172;Johnson Ltd;2020-06-22;Time;sing;;;;
457;460;2025-05-14;2158;Johnson Ltd;2020-04-02;For;reach;;;;
457;512;2023-04-10;1630;Johnson Ltd;2020-05-17;Met;through;;;;
457;721;2022-02-07;2177;Johnson Ltd;2021-03-30;Tight;null;;;;
457;749;2025-09-29;890;Johnson Ltd;2020-04-04;Cup;human;;;;
457;760;2020-04-06;3948;Johnson Ltd;2020-04-06;True;card;;;;
457;839;2022-03-15;4739;Johnson Ltd;2021-08-21;General;growth;;;;
457;904;2025-04-20;1509;Johnson Ltd;2020-12-22;Sometimes;mean;;;;
457;911;2025-02-12;4425;Johnson Ltd;2020-11-13;Anything;plant;;;;
457;974;2025-05-30;1967;Johnson Ltd;2021-04-16;Six;stop;;;;
458;42;2024-06-16;481;Davidson and Sons;2020-10-01;Light;free;11;player;79;Impressionism
458;49;2022-01-17;3930;Davidson and Sons;2020-05-21;Fill;this;11;player;79;Impressionism
458;101;2025-08-30;351;Davidson and Sons;2020-01-12;Single;well;11;player;79;Impressionism
458;227;2023-03-25;492;Davidson and Sons;2020-11-21;Ok;air;11;player;79;Impressionism
458;340;2022-07-24;4324;Davidson and Sons;2020-06-29;Morning;reflect;11;player;79;Impressionism
458;347;2021-05-21;2013;Davidson and Sons;2020-09-22;Tax;perhaps;11;player;79;Impressionism
458;696;2024-01-07;2033;Davidson and Sons;2020-08-31;Fight;into;11;player;79;Impressionism
458;707;2025-01-08;3609;Davidson and Sons;2020-06-18;Mischief;minion;11;player;79;Impressionism
458;863;2020-02-26;4713;Davidson and Sons;2020-01-26;Scene;particular;11;player;79;Impressionism
458;912;2022-12-09;3766;Davidson and Sons;2020-09-10;Cut;young;11;player;79;Impressionism
458;929;2021-01-25;2654;Davidson and Sons;2020-09-25;Environmental;quality;11;player;79;Impressionism
459;30;2024-09-02;566;Turner;2020-03-15;Conference;product;;;;
459;116;2020-01-31;622;Turner;2020-01-31;Tell;treating;;;;
459;154;2020-12-28;554;Turner;2020-12-28;Monolith;odyssey;;;;
459;198;2024-10-11;4455;Turner;2020-11-15;Water;rise;;;;
459;249;2020-05-25;700;Turner;2020-05-25;Member;skin;;;;
459;251;2021-07-14;2491;Turner;2020-01-13;Establish;green;;;;
459;371;2024-07-08;3617;Turner;2020-09-19;South;return;;;;
459;431;2023-05-22;2513;Turner;2020-04-03;Appear;agency;;;;
459;563;2021-09-03;3032;Turner;2020-05-18;Exam;sent;;;;
459;566;2020-03-17;4837;Turner;2020-03-17;Different;husband;;;;
459;572;2020-05-26;456;Turner;2020-03-13;Beyond;despite;;;;
459;734;2023-11-20;489;Turner;2020-01-16;Clearly;safe;;;;
459;781;2023-11-13;4644;Turner;2020-08-12;Wife;sure;;;;
459;805;2022-10-17;569;Turner;2022-06-12;Begin;company;;;;
459;865;2025-05-23;3729;Turner;2020-05-12;That;with;;;;
459;875;2024-11-19;4144;Turner;2020-04-29;Thumb;match;;;;
459;878;2023-11-11;3474;Turner;2020-07-08;Box;newspaper;;;;
459;907;2023-04-27;223;Turner;2020-03-22;Public;change;;;;
459;916;2024-12-07;4992;Turner;2020-01-11;Billion;process;;;;
459;931;2025-06-18;1877;Turner;2022-07-04;Drop;water;;;;
459;986;2023-08-15;2019;Turner;2020-04-10;Appear;career;;;;
460;14;2024-07-24;648;Ramirez Inc;2020-01-30;Billion;hair;;;;
460;168;2025-06-28;2213;Ramirez Inc;2020-03-03;Mrs;cover;;;;
460;178;2024-11-03;2270;Ramirez Inc;2020-01-30;Animal;huge;;;;
460;393;2025-03-30;4057;Ramirez Inc;2022-01-18;Snail;slow;;;;
460;415;2022-12-14;1807;Ramirez Inc;2020-05-18;I;want;;;;
460;450;2020-06-23;4930;Ramirez Inc;2020-02-07;After;billion;;;;
460;486;2023-08-17;1420;Ramirez Inc;2020-12-28;Try;sell;;;;
460;561;2021-09-12;501;Ramirez Inc;2021-04-14;Splinter;winter;;;;
460;587;2023-03-06;1911;Ramirez Inc;2020-12-25;Arrive;different;;;;
460;630;2025-09-07;1624;Ramirez Inc;2020-07-09;Glass;landlord;;;;
460;646;2024-08-10;1675;Ramirez Inc;2020-02-22;Lag;lawful;;;;
460;823;2021-11-17;3798;Ramirez Inc;2020-04-23;Shrill;fencing;;;;
460;847;2020-01-20;4792;Ramirez Inc;2020-01-20;No;wall;;;;
460;867;2021-03-29;175;Ramirez Inc;2020-03-11;Standard;maybe;;;;
460;882;2025-01-06;149;Ramirez Inc;2020-03-25;Voyage;impressionism;;;;
460;895;2023-07-23;3621;Ramirez Inc;2020-01-15;Eye;husband;;;;
460;927;2024-02-28;1456;Ramirez Inc;2020-03-02;English;imaginable;;;;
460;979;2025-10-20;2417;Ramirez Inc;2021-01-08;Row;person;;;;
461;46;2024-04-15;2817;Lee;2021-01-26;Authority;artist;;;;
461;119;2023-10-19;4114;Lee;2020-03-31;Although;bring;;;;
461;135;2021-12-15;4914;Lee;2020-01-29;Roll;queen;;;;
461;143;2025-08-01;785;Lee;2020-12-12;Duck;duckling;;;;
461;169;2021-10-20;3030;Lee;2021-07-04;Through;military;;;;
461;173;2025-08-02;4840;Lee;2020-03-14;Entrail;dart;;;;
461;177;2025-12-31;3021;Lee;2021-04-21;Second;actually;;;;
461;312;2021-12-22;2343;Lee;2020-02-13;Sevenfold;sickle;;;;
461;374;2022-07-07;1784;Lee;2020-12-31;Imagine;like;;;;
461;388;2024-09-17;4575;Lee;2021-01-25;Everyone;him;;;;
461;456;2024-02-14;3114;Lee;2020-03-03;Save;put;;;;
461;498;2020-05-15;2084;Lee;2020-04-26;Wine;up;;;;
461;506;2020-09-05;1713;Lee;2020-07-11;Joy;found;;;;
461;519;2020-09-06;4675;Lee;2020-09-06;Leader;technology;;;;
461;553;2024-07-24;2895;Lee;2020-12-20;Claim;news;;;;
461;574;2022-07-03;1365;Lee;2020-03-03;Well;explain;;;;
461;622;2021-07-18;1943;Lee;2020-04-24;How;buy;;;;
461;637;2023-04-29;1527;Lee;2020-08-23;Swim;lancelot;;;;
461;659;2024-04-13;2901;Lee;2020-01-20;Table;page;;;;
461;719;2023-05-25;3913;Lee;2022-04-22;Bud;nit;;;;
461;764;2024-09-28;1766;Lee;2020-08-04;Laugh;send;;;;
461;818;2020-01-31;326;Lee;2020-01-31;Though;difficult;;;;
461;852;2025-01-29;2756;Lee;2020-12-06;Accent;loser;;;;
461;881;2021-10-20;265;Lee;2020-12-13;Tendril;gossip;;;;
461;945;2020-04-15;736;Lee;2020-04-15;Manual;trick;;;;
462;26;2023-04-12;3647;Gonzales-Houston;2021-10-15;Give;consider;;;;
462;30;2021-03-28;2670;Gonzales-Houston;2020-03-15;Conference;product;;;;
462;39;2021-10-14;1435;Gonzales-Houston;2020-02-27;Amaze;rock;;;;
462;160;2022-10-04;1466;Gonzales-Houston;2020-06-12;Style;shoulder;;;;
462;171;2024-09-25;3813;Gonzales-Houston;2020-01-06;Repress;cage;;;;
462;315;2023-06-11;1277;Gonzales-Houston;2020-01-09;Majority;call;;;;
462;324;2024-05-12;2788;Gonzales-Houston;2020-04-11;Daughter;radio;;;;
462;523;2022-04-13;3872;Gonzales-Houston;2020-03-19;Base;remember;;;;
462;536;2020-06-12;3925;Gonzales-Houston;2020-03-08;Beat;factor;;;;
462;556;2021-01-14;2390;Gonzales-Houston;2020-03-08;Prisioners;airway;;;;
462;708;2020-04-07;3723;Gonzales-Houston;2020-04-07;Wife;far;;;;
462;807;2023-01-11;4711;Gonzales-Houston;2020-06-05;Annoyance;disgrace;;;;
462;872;2022-11-20;2912;Gonzales-Houston;2021-01-01;Fitting;sheet;;;;
462;928;2020-03-11;3792;Gonzales-Houston;2020-01-24;Wonder;respond;;;;
462;940;2025-11-26;3725;Gonzales-Houston;2020-08-08;Natural;wind;;;;
463;103;2021-07-03;1759;Clark Ltd;2020-03-24;Some;here;;;;
463;120;2022-08-30;898;Clark Ltd;2021-03-13;Follow;democratic;;;;
463;123;2025-11-20;3344;Clark Ltd;2021-05-28;Moment;across;;;;
463;259;2022-12-01;3027;Clark Ltd;2020-06-20;Picture;build;;;;
463;262;2025-12-05;4262;Clark Ltd;2020-01-01;Kind;pick;;;;
463;502;2024-08-18;3868;Clark Ltd;2020-10-13;Yours;pretty;;;;
463;560;2025-02-04;3462;Clark Ltd;2020-09-16;Catastrophe;asked;;;;
463;628;2020-01-13;2932;Clark Ltd;2020-01-13;Policy;often;;;;
463;643;2021-02-12;4768;Clark Ltd;2020-05-31;Term;example;;;;
463;713;2025-01-18;4441;Clark Ltd;2020-02-28;Drug;talk;;;;
463;873;2024-10-14;3105;Clark Ltd;2021-01-18;Into;ask;;;;
463;874;2021-06-07;1263;Clark Ltd;2020-08-12;Authority;or;;;;
463;914;2021-09-17;2582;Clark Ltd;2020-03-27;School;hope;;;;
463;950;2020-04-18;4305;Clark Ltd;2020-03-17;Manuvre;gunpoint;;;;
463;991;2021-09-16;4666;Clark Ltd;2020-08-23;Most;today;;;;
463;999;2023-03-11;2231;Clark Ltd;2021-01-17;Public;late;;;;
464;3;2026-01-19;1754;CArter LLC;2021-07-24;Unit;film;144;important;79;Impressionism
464;9;2024-07-06;4243;CArter LLC;2020-01-03;Star;land;144;important;79;Impressionism
464;165;2023-08-16;1070;CArter LLC;2020-09-22;Flat;inform;144;important;79;Impressionism
464;188;2025-05-17;4482;CArter LLC;2020-12-31;Post;communication;144;important;79;Impressionism
464;246;2021-05-16;886;CArter LLC;2020-05-02;Investment;marriage;144;important;79;Impressionism
464;269;2025-01-01;2110;CArter LLC;2020-03-02;But;leg;144;important;79;Impressionism
464;388;2023-08-20;2977;CArter LLC;2021-01-25;Everyone;him;144;important;79;Impressionism
464;421;2022-07-26;2889;CArter LLC;2020-03-27;Top;finally;144;important;79;Impressionism
464;556;2020-07-16;1657;CArter LLC;2020-03-08;Prisioners;airway;144;important;79;Impressionism
464;607;2024-02-17;2469;CArter LLC;2021-03-06;Much;alone;144;important;79;Impressionism
464;678;2020-05-26;4750;CArter LLC;2020-05-26;Treatment;once;144;important;79;Impressionism
464;818;2021-10-01;1469;CArter LLC;2020-01-31;Though;difficult;144;important;79;Impressionism
464;841;2021-04-26;1394;CArter LLC;2020-08-05;Old;investment;144;important;79;Impressionism
464;843;2023-04-23;4723;CArter LLC;2020-05-26;Service;sense;144;important;79;Impressionism
464;845;2021-01-22;4081;CArter LLC;2020-12-23;They;herself;144;important;79;Impressionism
464;951;2023-10-04;370;CArter LLC;2020-04-11;Door;speak;144;important;79;Impressionism
464;969;2026-02-11;4050;CArter LLC;2020-02-10;Request;Pedestrian;144;important;79;Impressionism
464;989;2020-12-26;2763;CArter LLC;2020-04-07;Chair;we;144;important;79;Impressionism
465;47;2023-07-10;2309;White Inc;2020-02-27;Four;Crime;75;significant;101;Renaissance
465;76;2024-01-18;1851;White Inc;2020-05-12;Rest;would;75;significant;101;Renaissance
465;110;2025-04-05;2974;White Inc;2020-02-27;Thus;heavy;75;significant;101;Renaissance
465;155;2024-09-10;3123;White Inc;2021-10-08;Man;religious;75;significant;101;Renaissance
465;164;2024-09-25;1750;White Inc;2020-01-31;Evening;guy;75;significant;101;Renaissance
465;185;2023-05-09;3598;White Inc;2020-10-06;Smile;player;75;significant;101;Renaissance
465;423;2021-11-13;4308;White Inc;2020-10-08;Arabella;interstellar;75;significant;101;Renaissance
465;522;2024-06-24;3758;White Inc;2020-01-30;Laugh;else;75;significant;101;Renaissance
465;531;2024-02-04;4757;White Inc;2021-04-24;Commercial;relate;75;significant;101;Renaissance
465;536;2024-07-11;230;White Inc;2020-03-08;Beat;factor;75;significant;101;Renaissance
465;538;2023-02-07;4757;White Inc;2020-12-02;Particularly;group;75;significant;101;Renaissance
465;617;2020-02-25;303;White Inc;2020-02-25;Run;sold;75;significant;101;Renaissance
465;729;2025-10-21;151;White Inc;2021-12-08;Store;value;75;significant;101;Renaissance
465;783;2020-06-06;188;White Inc;2020-06-06;Withered;class;75;significant;101;Renaissance
465;814;2020-09-22;263;White Inc;2020-05-03;Thrill;proud;75;significant;101;Renaissance
465;814;2021-09-29;2952;White Inc;2020-05-03;Thrill;proud;75;significant;101;Renaissance
465;848;2020-07-20;520;White Inc;2020-04-28;Piece;particularly;75;significant;101;Renaissance
465;942;2024-03-31;1583;White Inc;2020-01-10;Invencible;atrium;75;significant;101;Renaissance
466;185;2024-07-20;3794;Hall-Ryan;2020-10-06;Smile;player;;;;
466;203;2024-07-17;3616;Hall-Ryan;2020-05-29;Key;time;;;;
466;241;2024-02-17;600;Hall-Ryan;2021-06-10;Clearly;serious;;;;
466;308;2021-04-03;4969;Hall-Ryan;2020-03-21;Customer;apply;;;;
466;399;2020-09-09;2444;Hall-Ryan;2020-09-09;Home;difficult;;;;
466;474;2020-09-07;4481;Hall-Ryan;2020-09-07;On;eyes;;;;
466;485;2020-11-09;2500;Hall-Ryan;2020-01-31;Answer;woman;;;;
466;558;2024-04-15;2585;Hall-Ryan;2020-02-12;Prepare;wish;;;;
466;702;2020-02-22;2998;Hall-Ryan;2020-01-23;He;desCribe;;;;
466;760;2022-08-28;3746;Hall-Ryan;2020-04-06;True;card;;;;
466;766;2021-01-29;3343;Hall-Ryan;2020-04-09;Penalty;bind;;;;
466;838;2026-02-01;1111;Hall-Ryan;2020-02-09;Wanting;fail;;;;
466;846;2020-12-07;4752;Hall-Ryan;2020-01-22;Can;various;;;;
466;869;2020-08-29;3995;Hall-Ryan;2020-03-02;Require;herself;;;;
466;892;2025-05-27;3698;Hall-Ryan;2020-07-15;Unexpect;inject;;;;
466;944;2020-07-25;3455;Hall-Ryan;2020-01-03;Sort;stage;;;;
466;966;2023-12-17;194;Hall-Ryan;2021-02-14;Palm;stack;;;;
466;996;2021-10-27;2695;Hall-Ryan;2020-05-13;Why;cover;;;;
467;11;2021-07-25;3278;Shields-Mullen;2021-06-09;This;face;;;;
467;90;2025-01-07;4833;Shields-Mullen;2020-05-26;Work;repetition;;;;
467;156;2022-05-21;483;Shields-Mullen;2022-05-21;Hundred;support;;;;
467;170;2025-02-11;4153;Shields-Mullen;2020-01-19;Wind;top;;;;
467;175;2023-11-30;1126;Shields-Mullen;2020-01-22;Grocery;recurr;;;;
467;192;2022-08-29;656;Shields-Mullen;2020-10-17;Doctrine;equality;;;;
467;214;2025-01-27;350;Shields-Mullen;2020-03-26;Moment;cut;;;;
467;306;2024-11-30;947;Shields-Mullen;2020-04-22;Seventy;setback;;;;
467;324;2022-03-24;3920;Shields-Mullen;2020-04-11;Daughter;radio;;;;
467;346;2025-06-18;3588;Shields-Mullen;2020-07-15;Yard;member;;;;
467;580;2023-12-25;2577;Shields-Mullen;2020-03-22;Feel;bad;;;;
467;582;2024-05-20;3587;Shields-Mullen;2020-08-05;Adult;mean;;;;
467;706;2020-01-28;206;Shields-Mullen;2020-01-02;Paper;record;;;;
467;839;2021-10-16;1331;Shields-Mullen;2021-08-21;General;growth;;;;
467;860;2025-01-15;1566;Shields-Mullen;2020-04-07;Push;yard;;;;
467;895;2020-07-02;1288;Shields-Mullen;2020-01-15;Eye;husband;;;;
467;973;2021-07-16;3470;Shields-Mullen;2020-05-01;Hub;loot;;;;
468;28;2026-02-10;321;Kirk-Ward;2020-01-04;What;field;;;;
468;64;2024-05-12;238;Kirk-Ward;2020-12-06;Red;information;;;;
468;123;2021-07-13;316;Kirk-Ward;2021-05-28;Moment;across;;;;
468;131;2024-09-17;3809;Kirk-Ward;2021-07-02;List;perhaps;;;;
468;195;2024-10-02;4179;Kirk-Ward;2020-07-02;Enterprise;groom;;;;
468;262;2022-03-01;4397;Kirk-Ward;2020-01-01;Kind;pick;;;;
468;500;2022-02-08;311;Kirk-Ward;2020-08-31;Event;help;;;;
468;527;2020-11-20;208;Kirk-Ward;2020-11-20;Important;available;;;;
468;548;2025-08-13;2857;Kirk-Ward;2020-03-31;Cooperate;operate;;;;
468;602;2023-07-29;2595;Kirk-Ward;2020-02-12;Pop;club;;;;
468;777;2024-10-08;1271;Kirk-Ward;2020-10-12;Grain;cuddle;;;;
468;856;2021-10-27;4181;Kirk-Ward;2020-03-23;Likely;city;;;;
468;969;2023-12-19;1430;Kirk-Ward;2020-02-10;Request;Pedestrian;;;;
468;989;2025-11-15;2705;Kirk-Ward;2020-04-07;Chair;we;;;;
468;993;2022-01-08;1385;Kirk-Ward;2020-11-01;Sinner;syren;;;;
469;74;2022-02-01;4530;Johnson-Ellis;2021-11-19;Federal;forward;;;;
469;132;2025-11-29;2697;Johnson-Ellis;2020-08-30;Diet;village;;;;
469;180;2023-04-03;1712;Johnson-Ellis;2020-02-18;As;beyond;;;;
469;273;2022-07-31;3220;Johnson-Ellis;2020-01-13;Doctor;admit;;;;
469;293;2022-11-04;862;Johnson-Ellis;2020-10-14;Ripen;rioter;;;;
469;297;2023-08-12;870;Johnson-Ellis;2020-11-20;Salvage;samba;;;;
469;299;2025-11-24;2766;Johnson-Ellis;2021-03-01;Answer;hard;;;;
469;328;2020-09-10;2595;Johnson-Ellis;2020-03-03;Painting;laugh;;;;
469;380;2022-01-25;4073;Johnson-Ellis;2020-09-08;Note;write;;;;
469;383;2022-06-21;4009;Johnson-Ellis;2020-02-17;Anything;station;;;;
469;597;2025-06-12;922;Johnson-Ellis;2021-06-13;Radio;to;;;;
469;681;2020-09-13;3815;Johnson-Ellis;2020-01-20;Fast;spend;;;;
469;703;2021-02-09;4170;Johnson-Ellis;2020-09-02;Form;fish;;;;
469;785;2023-01-31;2085;Johnson-Ellis;2020-05-28;Entire;close;;;;
469;793;2025-10-26;3156;Johnson-Ellis;2022-08-05;Laugh;far;;;;
469;893;2021-10-11;3694;Johnson-Ellis;2020-04-08;Officer;maintain;;;;
469;899;2021-05-17;2157;Johnson-Ellis;2020-03-13;Fine;hundred;;;;
470;17;2025-10-23;1644;Taylor-Chavez;2020-01-19;Elder;deletion;;;;
470;119;2020-03-31;4133;Taylor-Chavez;2020-03-31;Although;bring;;;;
470;121;2024-07-11;1795;Taylor-Chavez;2021-01-16;Avoid;probably;;;;
470;201;2023-04-08;1234;Taylor-Chavez;2020-03-18;Let;a;;;;
470;228;2025-10-22;630;Taylor-Chavez;2020-01-24;Allot;archive;;;;
470;264;2024-12-31;3167;Taylor-Chavez;2020-12-14;Sport;case;;;;
470;276;2022-02-05;4692;Taylor-Chavez;2020-01-08;Chair;design;;;;
470;300;2020-10-15;2330;Taylor-Chavez;2020-05-04;January;sally;;;;
470;410;2020-11-29;3607;Taylor-Chavez;2020-04-10;Evening;throughout;;;;
470;418;2023-07-22;1303;Taylor-Chavez;2021-05-03;Method;civil;;;;
470;421;2020-03-27;1022;Taylor-Chavez;2020-03-27;Top;finally;;;;
470;434;2023-05-06;3244;Taylor-Chavez;2020-06-04;Fall;huge;;;;
470;524;2021-02-28;3432;Taylor-Chavez;2021-02-28;Seven;rate;;;;
470;557;2020-09-14;2371;Taylor-Chavez;2020-09-14;Animal;yes;;;;
470;560;2025-01-18;2541;Taylor-Chavez;2020-09-16;Catastrophe;asked;;;;
470;593;2024-07-14;3082;Taylor-Chavez;2020-01-27;Yet;nothing;;;;
470;616;2020-07-20;1579;Taylor-Chavez;2020-01-02;Clear;reveal;;;;
470;623;2023-06-21;4990;Taylor-Chavez;2022-05-28;Economy;talker;;;;
470;632;2020-08-13;3258;Taylor-Chavez;2020-02-11;Although;book;;;;
470;736;2020-07-25;3428;Taylor-Chavez;2020-07-25;Among;official;;;;
470;742;2022-04-04;182;Taylor-Chavez;2020-05-21;Computer;range;;;;
470;749;2023-10-06;4958;Taylor-Chavez;2020-04-04;Cup;human;;;;
470;802;2024-09-26;1770;Taylor-Chavez;2020-02-18;Hard;cost;;;;
470;809;2021-09-11;3131;Taylor-Chavez;2020-04-29;Distinguish;essay;;;;
470;832;2025-11-26;2454;Taylor-Chavez;2020-09-08;Seek;squirt;;;;
470;888;2025-10-05;3977;Taylor-Chavez;2020-04-03;History;appear;;;;
470;903;2021-05-26;2673;Taylor-Chavez;2020-05-02;Admit;create;;;;
470;917;2024-01-17;4815;Taylor-Chavez;2020-05-25;Artificial;insensitive;;;;
470;972;2023-03-31;3805;Taylor-Chavez;2020-02-14;Snoop;liner;;;;
471;82;2020-11-18;3740;Price Group;2020-03-19;Physical;simple;;;;
471;82;2022-08-26;2636;Price Group;2020-03-19;Physical;simple;;;;
471;193;2022-01-11;558;Price Group;2020-09-28;Weapon;imense;;;;
471;272;2022-02-21;1808;Price Group;2020-04-25;Glass;outside;;;;
471;356;2026-01-11;753;Price Group;2020-09-26;Emma;arrow;;;;
471;455;2024-08-27;4464;Price Group;2020-07-23;Former;public;;;;
471;475;2023-08-30;930;Price Group;2020-10-16;Young;without;;;;
471;508;2022-05-26;2740;Price Group;2020-12-12;Daughter;board;;;;
471;570;2022-05-24;484;Price Group;2020-06-05;Rather;professional;;;;
471;659;2026-01-21;3264;Price Group;2020-01-20;Table;page;;;;
471;668;2025-01-11;4525;Price Group;2020-08-17;League;marquis;;;;
471;672;2025-06-17;1545;Price Group;2020-01-03;Once;yeah;;;;
471;676;2024-02-05;3618;Price Group;2020-12-11;Manage;same;;;;
471;774;2024-07-14;2620;Price Group;2021-12-13;Start;area;;;;
471;796;2024-08-13;4936;Price Group;2020-03-20;Vanish;varnish;;;;
471;827;2023-12-02;503;Price Group;2020-12-03;Soldier;throughout;;;;
471;986;2020-04-10;3184;Price Group;2020-04-10;Appear;career;;;;
472;1;2025-12-21;3663;Robinson;2020-01-02;Voyeur;sneak;;;;
472;46;2022-05-15;4902;Robinson;2021-01-26;Authority;artist;;;;
472;66;2024-08-03;938;Robinson;2021-03-17;Sister;door;;;;
472;75;2025-05-02;4662;Robinson;2020-02-17;Surface;throughout;;;;
472;159;2021-11-01;3058;Robinson;2021-11-01;Help;activity;;;;
472;277;2024-08-14;1243;Robinson;2020-11-10;July;map;;;;
472;337;2023-06-30;2861;Robinson;2020-12-22;Example;chance;;;;
472;524;2022-02-20;2532;Robinson;2021-02-28;Seven;rate;;;;
472;555;2023-01-08;3530;Robinson;2020-02-10;Hellium;elvis;;;;
472;557;2024-01-07;4810;Robinson;2020-09-14;Animal;yes;;;;
472;586;2020-02-08;523;Robinson;2020-02-08;Close;wherever;;;;
472;726;2021-03-27;1067;Robinson;2020-03-18;Beyond;almost;;;;
472;795;2024-06-24;2716;Robinson;2021-03-09;Room;thought;;;;
472;802;2024-05-29;1004;Robinson;2020-02-18;Hard;cost;;;;
472;913;2025-12-21;360;Robinson;2020-07-08;Wise;artifact;;;;
473;70;2023-01-17;196;Alvarez;2020-01-15;If;set;;;;
473;137;2021-01-24;946;Alvarez;2020-06-23;Within;seat;;;;
473;142;2020-12-09;3068;Alvarez;2020-03-16;Analysis;evidence;;;;
473;147;2023-05-13;1909;Alvarez;2020-01-24;Echo;chamber;;;;
473;182;2024-09-11;1923;Alvarez;2020-10-27;Old;top;;;;
473;186;2025-03-16;2649;Alvarez;2020-07-09;Congress;song;;;;
473;245;2020-01-18;568;Alvarez;2020-01-08;Mill;run;;;;
473;250;2022-04-02;3987;Alvarez;2020-12-18;Marble;maple;;;;
473;297;2023-01-17;2645;Alvarez;2020-11-20;Salvage;samba;;;;
473;349;2025-12-03;815;Alvarez;2021-07-16;Arcane;arcade;;;;
473;371;2022-01-26;3918;Alvarez;2020-09-19;South;return;;;;
473;373;2026-01-23;275;Alvarez;2020-01-22;War;foot;;;;
473;499;2020-03-14;2596;Alvarez;2020-03-14;Bone;served;;;;
473;532;2024-11-18;4177;Alvarez;2020-11-23;Time;town;;;;
473;572;2025-02-25;920;Alvarez;2020-03-13;Beyond;despite;;;;
473;619;2022-07-05;4992;Alvarez;2020-04-14;Silver;earring;;;;
473;684;2023-03-03;3229;Alvarez;2022-05-04;Often;material;;;;
473;690;2024-03-01;1524;Alvarez;2020-02-28;South;attention;;;;
473;741;2021-09-27;4027;Alvarez;2020-01-27;Late;I;;;;
473;755;2025-11-24;3515;Alvarez;2020-01-22;Hand;without;;;;
473;780;2024-02-05;3818;Alvarez;2020-12-21;Agitate;dry;;;;
473;818;2025-11-29;4776;Alvarez;2020-01-31;Though;difficult;;;;
473;874;2022-09-29;4863;Alvarez;2020-08-12;Authority;or;;;;
473;884;2025-02-09;698;Alvarez;2020-01-29;Bar;opportunity;;;;
473;889;2020-11-13;3772;Alvarez;2020-10-23;Yard;white;;;;
473;908;2025-04-12;945;Alvarez;2020-08-19;All;during;;;;
473;909;2021-12-12;1088;Alvarez;2020-07-16;At;various;;;;
474;31;2023-09-16;2342;Johnson-Green;2020-08-31;Health;respond;;;;
474;43;2024-04-28;1051;Johnson-Green;2020-10-01;Range;specific;;;;
474;184;2021-03-25;1242;Johnson-Green;2021-03-25;Smoothie;rode;;;;
474;262;2023-07-29;3402;Johnson-Green;2020-01-01;Kind;pick;;;;
474;371;2020-12-24;4487;Johnson-Green;2020-09-19;South;return;;;;
474;379;2020-05-05;3380;Johnson-Green;2020-01-31;Learn;husband;;;;
474;422;2022-12-16;3750;Johnson-Green;2020-01-28;Soldier;six;;;;
474;443;2021-02-12;3748;Johnson-Green;2020-05-01;How;such;;;;
474;503;2026-02-15;2394;Johnson-Green;2020-09-10;Nurse;around;;;;
474;594;2021-02-05;3377;Johnson-Green;2020-01-26;Imagination;moderation;;;;
474;692;2024-10-02;1296;Johnson-Green;2020-12-12;Street;walk;;;;
474;761;2024-09-13;3802;Johnson-Green;2020-01-26;Company;age;;;;
474;779;2024-07-24;4109;Johnson-Green;2020-02-13;Whole;street;;;;
474;807;2021-05-06;4931;Johnson-Green;2020-06-05;Annoyance;disgrace;;;;
474;818;2025-12-24;4144;Johnson-Green;2020-01-31;Though;difficult;;;;
474;969;2024-02-26;2752;Johnson-Green;2020-02-10;Request;Pedestrian;;;;
474;989;2023-09-04;2163;Johnson-Green;2020-04-07;Chair;we;;;;
474;994;2025-12-08;2198;Johnson-Green;2021-07-16;Security;challenge;;;;
475;21;2021-02-07;2972;Mitchell;2020-03-25;Charter;carter ;;;;
475;85;2024-03-23;2038;Mitchell;2020-03-14;Cell;however;;;;
475;116;2025-10-23;2195;Mitchell;2020-01-31;Tell;treating;;;;
475;135;2023-07-27;4710;Mitchell;2020-01-29;Roll;queen;;;;
475;198;2024-04-24;3434;Mitchell;2020-11-15;Water;rise;;;;
475;424;2022-08-14;3297;Mitchell;2020-01-29;Item;usually;;;;
475;481;2024-09-02;1021;Mitchell;2021-03-28;Soft;ice;;;;
475;495;2026-01-12;3784;Mitchell;2020-05-06;Spring;standard;;;;
475;544;2020-12-18;3828;Mitchell;2020-09-24;He;two;;;;
475;547;2024-03-14;103;Mitchell;2020-07-17;President;we;;;;
475;564;2021-02-08;3532;Mitchell;2020-08-16;Contain;force;;;;
475;594;2021-08-12;2231;Mitchell;2020-01-26;Imagination;moderation;;;;
475;600;2024-04-22;4929;Mitchell;2020-07-08;Major;four;;;;
475;635;2024-10-29;2729;Mitchell;2021-06-02;Wild;freeing;;;;
475;641;2023-06-11;1453;Mitchell;2020-03-31;Face;spend;;;;
475;675;2025-06-26;971;Mitchell;2020-04-26;Stand;likely;;;;
475;701;2024-01-27;4768;Mitchell;2020-11-15;Minute;hour;;;;
475;813;2023-10-07;2859;Mitchell;2020-09-22;Electrify;chemical;;;;
475;823;2020-04-23;698;Mitchell;2020-04-23;Shrill;fencing;;;;
475;827;2025-05-07;3146;Mitchell;2020-12-03;Soldier;throughout;;;;
475;858;2020-12-14;520;Mitchell;2020-02-09;Good;all;;;;
476;83;2024-10-19;2171;Lynch;2020-09-21;Past;offer;;;;
476;158;2020-04-05;1294;Lynch;2020-04-05;Flavor;window;;;;
476;160;2023-05-30;2921;Lynch;2020-06-12;Style;shoulder;;;;
476;179;2022-10-15;2362;Lynch;2021-08-18;Organization;tree;;;;
476;230;2023-09-01;4158;Lynch;2020-07-26;That;there;;;;
476;265;2023-05-07;1039;Lynch;2020-02-24;Third;girl;;;;
476;300;2021-02-04;2400;Lynch;2020-05-04;January;sally;;;;
476;342;2024-10-31;3779;Lynch;2020-09-09;Words;argon;;;;
476;440;2023-02-06;4921;Lynch;2020-01-16;Short;physical;;;;
476;447;2024-01-14;2934;Lynch;2020-09-05;Argue;rock;;;;
476;528;2021-09-05;223;Lynch;2021-03-23;Created;monster;;;;
476;528;2023-02-15;2462;Lynch;2021-03-23;Created;monster;;;;
476;642;2024-01-25;4036;Lynch;2020-01-09;Realize;financial;;;;
476;656;2021-02-09;3136;Lynch;2020-12-30;Person;yourself;;;;
476;675;2025-09-24;451;Lynch;2020-04-26;Stand;likely;;;;
476;708;2020-12-14;1871;Lynch;2020-04-07;Wife;far;;;;
476;738;2022-10-17;715;Lynch;2020-02-26;Crime;country;;;;
476;746;2024-11-18;2484;Lynch;2020-04-18;Shade;chambermaid;;;;
476;749;2020-04-04;566;Lynch;2020-04-04;Cup;human;;;;
476;792;2024-03-26;985;Lynch;2020-04-25;Municipal;proper;;;;
476;812;2021-08-03;2894;Lynch;2020-03-20;Elementary;appeal;;;;
476;935;2021-02-11;4299;Lynch;2020-11-13;Part;quality;;;;
477;9;2023-05-29;2064;Hampton-Wilson;2020-01-03;Star;land;;;;
477;122;2020-04-13;241;Hampton-Wilson;2020-04-08;Want;wind;;;;
477;190;2023-06-28;3257;Hampton-Wilson;2020-10-19;During;hit;;;;
477;227;2025-10-18;4578;Hampton-Wilson;2020-11-21;Ok;air;;;;
477;228;2023-10-06;1191;Hampton-Wilson;2020-01-24;Allot;archive;;;;
477;254;2024-09-05;562;Hampton-Wilson;2021-12-13;Human;because;;;;
477;261;2022-01-11;2619;Hampton-Wilson;2020-02-02;Marathon;mark;;;;
477;271;2022-04-25;3763;Hampton-Wilson;2021-03-10;Create;garden;;;;
477;273;2021-08-14;3224;Hampton-Wilson;2020-01-13;Doctor;admit;;;;
477;565;2023-08-27;4161;Hampton-Wilson;2020-03-09;Week;change;;;;
477;602;2021-06-14;4385;Hampton-Wilson;2020-02-12;Pop;club;;;;
477;625;2023-08-14;2359;Hampton-Wilson;2020-02-06;Need;a;;;;
477;670;2025-06-24;3721;Hampton-Wilson;2020-03-01;Yellow;dress;;;;
477;679;2022-06-07;3333;Hampton-Wilson;2020-04-27;Word;hard;;;;
477;801;2022-08-10;4951;Hampton-Wilson;2020-04-08;Best;apply;;;;
477;949;2023-08-15;2060;Hampton-Wilson;2021-06-25;Fight;agent;;;;
477;967;2024-11-24;1241;Hampton-Wilson;2022-02-27;Last;enough;;;;
477;981;2024-12-29;569;Hampton-Wilson;2021-05-09;Walk;federal;;;;
478;15;2021-04-01;4331;Hunt Ltd;2021-04-01;Rib;lorde;;;;
478;119;2025-12-27;1514;Hunt Ltd;2020-03-31;Although;bring;;;;
478;149;2020-04-16;488;Hunt Ltd;2020-04-16;Perform;these;;;;
478;225;2023-08-04;4560;Hunt Ltd;2020-01-30;Book;quality;;;;
478;225;2024-11-09;3840;Hunt Ltd;2020-01-30;Book;quality;;;;
478;303;2024-01-14;2370;Hunt Ltd;2020-10-05;Protocol;seventh;;;;
478;303;2020-10-18;1099;Hunt Ltd;2020-10-05;Protocol;seventh;;;;
478;322;2023-01-22;2377;Hunt Ltd;2023-01-22;Medicin;italian;;;;
478;341;2024-07-16;3845;Hunt Ltd;2020-03-02;Aquarius;signal;;;;
478;355;2026-02-07;4315;Hunt Ltd;2020-03-10;Dark;future;;;;
478;363;2024-06-05;2121;Hunt Ltd;2020-04-20;Her;foreign;;;;
478;430;2024-03-20;4101;Hunt Ltd;2020-04-03;Recent;be;;;;
478;462;2024-08-24;1218;Hunt Ltd;2020-02-09;Group;carry;;;;
478;545;2023-04-15;1822;Hunt Ltd;2020-03-03;Yes;plant;;;;
478;563;2020-10-17;2822;Hunt Ltd;2020-05-18;Exam;sent;;;;
478;682;2023-01-22;4513;Hunt Ltd;2020-06-21;Final;figure;;;;
478;746;2022-04-20;4574;Hunt Ltd;2020-04-18;Shade;chambermaid;;;;
478;888;2021-09-02;2809;Hunt Ltd;2020-04-03;History;appear;;;;
478;905;2022-04-15;228;Hunt Ltd;2020-01-19;Future;build;;;;
478;907;2021-07-07;1787;Hunt Ltd;2020-03-22;Public;change;;;;
478;924;2022-03-29;4749;Hunt Ltd;2021-04-01;Somebody;offer;;;;
478;937;2021-03-07;4223;Hunt Ltd;2020-08-05;Builder;turbulent;;;;
479;36;2020-10-29;608;Smith and Sons;2020-10-29;General;body;162;good;79;Impressionism
479;36;2020-10-29;608;Smith and Sons;2020-10-29;General;body;14;how;101;Renaissance
479;62;2021-03-03;3947;Smith and Sons;2020-05-20;Show;wonder;162;good;79;Impressionism
479;62;2021-03-03;3947;Smith and Sons;2020-05-20;Show;wonder;14;how;101;Renaissance
479;63;2022-06-09;1001;Smith and Sons;2020-02-18;Blue;sky;162;good;79;Impressionism
479;63;2022-06-09;1001;Smith and Sons;2020-02-18;Blue;sky;14;how;101;Renaissance
479;88;2021-10-06;979;Smith and Sons;2020-05-31;Else;goal;162;good;79;Impressionism
479;88;2021-10-06;979;Smith and Sons;2020-05-31;Else;goal;14;how;101;Renaissance
479;91;2024-04-18;2969;Smith and Sons;2020-07-25;Billion;tend;162;good;79;Impressionism
479;91;2024-04-18;2969;Smith and Sons;2020-07-25;Billion;tend;14;how;101;Renaissance
479;147;2020-09-25;1993;Smith and Sons;2020-01-24;Echo;chamber;162;good;79;Impressionism
479;147;2020-09-25;1993;Smith and Sons;2020-01-24;Echo;chamber;14;how;101;Renaissance
479;291;2022-04-24;4383;Smith and Sons;2020-11-20;Customer;set;162;good;79;Impressionism
479;291;2022-04-24;4383;Smith and Sons;2020-11-20;Customer;set;14;how;101;Renaissance
479;545;2022-01-07;4439;Smith and Sons;2020-03-03;Yes;plant;162;good;79;Impressionism
479;545;2022-01-07;4439;Smith and Sons;2020-03-03;Yes;plant;14;how;101;Renaissance
479;574;2021-02-19;2521;Smith and Sons;2020-03-03;Well;explain;162;good;79;Impressionism
479;574;2021-02-19;2521;Smith and Sons;2020-03-03;Well;explain;14;how;101;Renaissance
479;593;2020-05-08;654;Smith and Sons;2020-01-27;Yet;nothing;162;good;79;Impressionism
479;593;2020-05-08;654;Smith and Sons;2020-01-27;Yet;nothing;14;how;101;Renaissance
479;693;2022-10-06;4730;Smith and Sons;2021-03-05;Nothing;traditional;162;good;79;Impressionism
479;693;2022-10-06;4730;Smith and Sons;2021-03-05;Nothing;traditional;14;how;101;Renaissance
479;699;2020-05-05;3290;Smith and Sons;2020-02-04;Championship;mender;162;good;79;Impressionism
479;699;2020-05-05;3290;Smith and Sons;2020-02-04;Championship;mender;14;how;101;Renaissance
480;50;2022-10-10;3556;Adams;2020-01-01;Book;difference;;;;
480;151;2024-09-16;3082;Adams;2020-09-14;Risk;picture;;;;
480;586;2024-09-29;4992;Adams;2020-02-08;Close;wherever;;;;
480;604;2022-07-11;3023;Adams;2020-02-11;Noise;noticing;;;;
480;637;2024-02-07;3488;Adams;2020-08-23;Swim;lancelot;;;;
480;638;2020-04-23;4350;Adams;2020-03-19;My;authority;;;;
480;678;2025-03-16;175;Adams;2020-05-26;Treatment;once;;;;
480;691;2024-08-26;2557;Adams;2020-11-06;Rate;ground;;;;
480;715;2025-02-13;643;Adams;2020-07-06;Walk;ahead;;;;
480;717;2023-02-28;2861;Adams;2020-04-05;Think;future;;;;
480;739;2021-12-22;4088;Adams;2020-04-01;Pull;beautiful;;;;
480;861;2022-06-03;4074;Adams;2020-01-12;Safe;every;;;;
480;912;2024-06-22;4663;Adams;2020-09-10;Cut;young;;;;
480;941;2021-12-21;3642;Adams;2020-01-29;However;require;;;;
480;995;2022-10-26;1722;Adams;2020-04-16;Assume;and;;;;
481;71;2024-08-21;686;Koch-Carr;2020-04-04;Bank;standard;193;kid;101;Renaissance
481;195;2022-11-26;3415;Koch-Carr;2020-07-02;Enterprise;groom;193;kid;101;Renaissance
481;323;2022-05-05;1909;Koch-Carr;2020-01-04;Long;serve;193;kid;101;Renaissance
481;365;2025-05-11;630;Koch-Carr;2021-01-16;Order;share;193;kid;101;Renaissance
481;375;2025-09-01;1186;Koch-Carr;2020-01-13;Rose;footer;193;kid;101;Renaissance
481;392;2024-10-09;2635;Koch-Carr;2021-01-04;Budget;because;193;kid;101;Renaissance
481;403;2022-11-28;3405;Koch-Carr;2020-01-30;Goal;interest;193;kid;101;Renaissance
481;487;2025-06-08;4195;Koch-Carr;2020-07-17;Become;heavy;193;kid;101;Renaissance
481;582;2021-10-15;3319;Koch-Carr;2020-08-05;Adult;mean;193;kid;101;Renaissance
481;656;2025-08-22;2538;Koch-Carr;2020-12-30;Person;yourself;193;kid;101;Renaissance
481;702;2020-02-27;107;Koch-Carr;2020-01-23;He;desCribe;193;kid;101;Renaissance
481;714;2026-01-21;4630;Koch-Carr;2020-04-21;Standard;ahead;193;kid;101;Renaissance
481;729;2024-06-30;3758;Koch-Carr;2021-12-08;Store;value;193;kid;101;Renaissance
481;730;2020-06-15;104;Koch-Carr;2020-06-15;Gin;bleach;193;kid;101;Renaissance
481;744;2020-01-29;4585;Koch-Carr;2020-01-29;Radio;like;193;kid;101;Renaissance
481;812;2023-11-25;4283;Koch-Carr;2020-03-20;Elementary;appeal;193;kid;101;Renaissance
481;887;2021-09-06;4577;Koch-Carr;2021-01-03;Away;bill;193;kid;101;Renaissance
481;935;2023-07-17;2567;Koch-Carr;2020-11-13;Part;quality;193;kid;101;Renaissance
482;3;2023-04-09;2164;Roberts-Caldwell;2021-07-24;Unit;film;;;;
482;190;2025-03-13;1152;Roberts-Caldwell;2020-10-19;During;hit;;;;
482;237;2023-08-11;2891;Roberts-Caldwell;2020-01-02;Notice;war;;;;
482;293;2024-05-08;3652;Roberts-Caldwell;2020-10-14;Ripen;rioter;;;;
482;365;2021-02-25;454;Roberts-Caldwell;2021-01-16;Order;share;;;;
482;446;2024-06-04;514;Roberts-Caldwell;2020-10-01;Establish;one;;;;
482;472;2020-06-30;4552;Roberts-Caldwell;2020-06-30;Senior;reality;;;;
482;532;2023-10-05;3820;Roberts-Caldwell;2020-11-23;Time;town;;;;
482;561;2022-01-30;1192;Roberts-Caldwell;2021-04-14;Splinter;winter;;;;
482;580;2023-07-30;3000;Roberts-Caldwell;2020-03-22;Feel;bad;;;;
482;675;2023-09-11;1708;Roberts-Caldwell;2020-04-26;Stand;likely;;;;
482;677;2025-11-21;4869;Roberts-Caldwell;2021-08-26;Bit;again;;;;
482;734;2025-08-20;609;Roberts-Caldwell;2020-01-16;Clearly;safe;;;;
482;751;2025-03-29;1066;Roberts-Caldwell;2020-04-28;Report;turn;;;;
482;774;2024-09-29;4097;Roberts-Caldwell;2021-12-13;Start;area;;;;
482;777;2021-06-08;114;Roberts-Caldwell;2020-10-12;Grain;cuddle;;;;
482;796;2025-01-17;3726;Roberts-Caldwell;2020-03-20;Vanish;varnish;;;;
482;828;2024-01-18;1200;Roberts-Caldwell;2021-01-27;Above;five;;;;
482;887;2023-01-21;4928;Roberts-Caldwell;2021-01-03;Away;bill;;;;
482;911;2025-01-23;1984;Roberts-Caldwell;2020-11-13;Anything;plant;;;;
482;972;2020-06-01;305;Roberts-Caldwell;2020-02-14;Snoop;liner;;;;
482;999;2022-11-11;2940;Roberts-Caldwell;2021-01-17;Public;late;;;;
483;125;2021-10-30;4147;Ayala;2021-04-10;Boy;yellow;;;;
483;258;2023-05-16;1874;Ayala;2021-04-12;Enough;buy;;;;
483;259;2022-10-04;1033;Ayala;2020-06-20;Picture;build;;;;
483;312;2020-06-13;4168;Ayala;2020-02-13;Sevenfold;sickle;;;;
483;543;2022-02-18;2487;Ayala;2020-01-03;Rule;lay;;;;
483;566;2022-01-01;4507;Ayala;2020-03-17;Different;husband;;;;
483;615;2021-05-22;3109;Ayala;2020-03-16;Unit;area;;;;
483;890;2024-10-16;629;Ayala;2020-02-10;Must;technology;;;;
483;981;2022-04-05;3665;Ayala;2021-05-09;Walk;federal;;;;
484;94;2020-07-18;934;Norman Ltd;2020-05-07;Trouble;project;178;training;54;Urban Culture
484;110;2024-05-23;2499;Norman Ltd;2020-02-27;Thus;heavy;178;training;54;Urban Culture
484;256;2023-06-15;753;Norman Ltd;2022-05-06;Season;writer;178;training;54;Urban Culture
484;270;2020-03-13;1446;Norman Ltd;2020-03-13;Product;state;178;training;54;Urban Culture
484;285;2020-02-11;2630;Norman Ltd;2020-02-11;Kitchen;two;178;training;54;Urban Culture
484;330;2021-03-20;3977;Norman Ltd;2020-03-07;Out;character;178;training;54;Urban Culture
484;520;2025-04-30;3629;Norman Ltd;2020-12-05;Green;cry;178;training;54;Urban Culture
484;574;2022-05-28;1113;Norman Ltd;2020-03-03;Well;explain;178;training;54;Urban Culture
484;670;2023-05-12;2004;Norman Ltd;2020-03-01;Yellow;dress;178;training;54;Urban Culture
484;719;2025-01-07;3981;Norman Ltd;2022-04-22;Bud;nit;178;training;54;Urban Culture
484;777;2023-03-29;2005;Norman Ltd;2020-10-12;Grain;cuddle;178;training;54;Urban Culture
484;843;2023-01-01;4922;Norman Ltd;2020-05-26;Service;sense;178;training;54;Urban Culture
484;869;2023-01-07;4668;Norman Ltd;2020-03-02;Require;herself;178;training;54;Urban Culture
484;876;2025-12-06;750;Norman Ltd;2020-08-12;In;ever;178;training;54;Urban Culture
484;886;2020-10-15;551;Norman Ltd;2020-10-15;Some;street;178;training;54;Urban Culture
484;943;2021-07-08;1959;Norman Ltd;2020-03-20;Culture;goal;178;training;54;Urban Culture
485;38;2025-07-13;4908;Gomez Group;2020-05-06;Land;great;;;;
485;70;2020-01-15;175;Gomez Group;2020-01-15;If;set;;;;
485;118;2024-02-03;1853;Gomez Group;2021-05-17;Ever;which;;;;
485;232;2024-04-02;4398;Gomez Group;2020-09-03;Bid;entrust;;;;
485;233;2021-09-01;333;Gomez Group;2020-02-14;Herself;water;;;;
485;271;2022-11-19;1358;Gomez Group;2021-03-10;Create;garden;;;;
485;276;2020-03-07;2942;Gomez Group;2020-01-08;Chair;design;;;;
485;316;2024-09-13;724;Gomez Group;2020-06-19;Apt;arctic;;;;
485;319;2020-03-18;4660;Gomez Group;2020-03-15;Behavior;occur;;;;
485;453;2023-05-26;446;Gomez Group;2020-02-26;Her;beautiful;;;;
485;475;2023-12-30;3508;Gomez Group;2020-10-16;Young;without;;;;
485;553;2023-04-17;3093;Gomez Group;2020-12-20;Claim;news;;;;
485;744;2020-09-24;4798;Gomez Group;2020-01-29;Radio;like;;;;
485;757;2021-10-19;4603;Gomez Group;2021-08-15;Grey;vernacular;;;;
485;822;2023-10-05;2876;Gomez Group;2020-03-09;Issue;in;;;;
485;877;2023-08-31;2271;Gomez Group;2020-01-27;Operation;safe;;;;
485;921;2024-12-16;3420;Gomez Group;2020-02-13;Local;often;;;;
485;925;2025-07-06;3047;Gomez Group;2020-04-15;Society;ingredient;;;;
485;953;2023-08-02;4995;Gomez Group;2020-09-03;Involve;interest;;;;
486;39;2025-05-21;4177;Smith;2020-02-27;Amaze;rock;;;;
486;131;2022-03-20;4844;Smith;2021-07-02;List;perhaps;;;;
486;182;2024-06-01;4344;Smith;2020-10-27;Old;top;;;;
486;224;2021-01-22;1350;Smith;2020-10-12;Tonight;brother;;;;
486;313;2025-12-09;2414;Smith;2021-05-02;Body;bay;;;;
486;339;2023-09-24;331;Smith;2020-03-27;Slam;pad;;;;
486;351;2022-09-21;2844;Smith;2020-02-15;Identify;section;;;;
486;368;2024-03-08;4829;Smith;2020-01-07;Any;important;;;;
486;462;2020-09-06;4718;Smith;2020-02-09;Group;carry;;;;
486;492;2022-07-02;2907;Smith;2020-04-01;Staff;treatment;;;;
486;502;2024-06-03;2584;Smith;2020-10-13;Yours;pretty;;;;
486;538;2024-09-19;1353;Smith;2020-12-02;Particularly;group;;;;
486;568;2025-11-15;4213;Smith;2020-03-06;Prepare;great;;;;
486;572;2021-01-28;1026;Smith;2020-03-13;Beyond;despite;;;;
486;588;2021-02-15;140;Smith;2020-08-21;Successful;air;;;;
486;762;2025-04-10;1835;Smith;2020-02-25;Authority;road;;;;
486;821;2022-07-04;4292;Smith;2020-07-31;Dog;decide;;;;
486;847;2020-04-19;912;Smith;2020-01-20;No;wall;;;;
486;854;2023-06-24;3565;Smith;2022-02-01;Knife;fator;;;;
486;859;2024-08-09;1854;Smith;2020-02-12;Teach;should;;;;
486;872;2021-10-25;1925;Smith;2021-01-01;Fitting;sheet;;;;
486;882;2023-09-17;1376;Smith;2020-03-25;Voyage;impressionism;;;;
486;889;2022-07-28;1619;Smith;2020-10-23;Yard;white;;;;
486;902;2023-03-11;4951;Smith;2020-02-27;Eat;happy;;;;
486;904;2023-10-13;3897;Smith;2020-12-22;Sometimes;mean;;;;
486;925;2021-11-19;4496;Smith;2020-04-15;Society;ingredient;;;;
486;971;2024-02-06;1635;Smith;2021-02-05;Complete;final;;;;
487;27;2025-09-26;4523;Summers;2021-05-12;Agree;open;;;;
487;68;2020-10-30;3192;Summers;2020-10-30;Century;soldier;;;;
487;152;2023-06-14;321;Summers;2020-07-23;Dot;impetus;;;;
487;194;2023-12-19;1914;Summers;2020-03-27;Pass;physical;;;;
487;205;2025-10-10;2210;Summers;2020-06-28;Sweat;sweet;;;;
487;208;2021-08-16;193;Summers;2020-02-23;Wheal;wheel;;;;
487;392;2023-05-22;3018;Summers;2021-01-04;Budget;because;;;;
487;395;2025-10-21;3834;Summers;2020-08-22;Subject;raise;;;;
487;403;2025-06-14;3945;Summers;2020-01-30;Goal;interest;;;;
487;421;2021-10-09;987;Summers;2020-03-27;Top;finally;;;;
487;435;2024-04-18;1137;Summers;2021-01-21;Sunset;sail;;;;
487;458;2022-11-17;4242;Summers;2020-04-29;Decide;morning;;;;
487;516;2026-01-02;1510;Summers;2021-03-26;Worker;own;;;;
487;532;2024-07-11;324;Summers;2020-11-23;Time;town;;;;
487;748;2023-05-16;311;Summers;2020-03-09;People;provide;;;;
487;757;2025-06-24;496;Summers;2021-08-15;Grey;vernacular;;;;
487;772;2023-06-05;3289;Summers;2020-02-02;Fish;form;;;;
487;784;2020-03-21;3070;Summers;2020-03-21;Exactly;a;;;;
487;818;2025-05-06;3086;Summers;2020-01-31;Though;difficult;;;;
488;77;2020-04-13;720;Little;2020-01-29;Help;together;;;;
488;110;2023-01-21;3769;Little;2020-02-27;Thus;heavy;;;;
488;127;2023-06-22;3786;Little;2020-08-14;Wait;show;;;;
488;140;2023-10-05;686;Little;2021-03-11;Strategy;cover;;;;
488;149;2022-09-14;1880;Little;2020-04-16;Perform;these;;;;
488;243;2025-03-01;1473;Little;2020-01-31;First;population;;;;
488;456;2020-03-03;4111;Little;2020-03-03;Save;put;;;;
488;491;2024-01-20;271;Little;2020-02-14;Year;ask;;;;
488;678;2022-11-06;870;Little;2020-05-26;Treatment;once;;;;
488;709;2020-03-23;3746;Little;2020-03-23;Improve;fact;;;;
488;736;2024-02-24;4332;Little;2020-07-25;Among;official;;;;
488;927;2022-09-02;1741;Little;2020-03-02;English;imaginable;;;;
488;951;2023-12-26;4498;Little;2020-04-11;Door;speak;;;;
489;97;2025-07-04;3726;Martin;2020-03-31;Edge;use;;;;
489;146;2022-11-08;3881;Martin;2021-11-06;Choose;vote;;;;
489;163;2024-07-09;1486;Martin;2020-03-04;Treat;majority;;;;
489;175;2021-03-17;4754;Martin;2020-01-22;Grocery;recurr;;;;
489;388;2024-01-20;3937;Martin;2021-01-25;Everyone;him;;;;
489;452;2025-12-02;4922;Martin;2020-02-11;Clearly;message;;;;
489;713;2024-06-09;2525;Martin;2020-02-28;Drug;talk;;;;
489;727;2025-08-17;233;Martin;2020-08-01;Allow;peace;;;;
489;753;2025-06-25;446;Martin;2020-02-17;Mr;clearly;;;;
489;763;2021-03-11;1631;Martin;2020-12-06;Homely;domestic;;;;
489;816;2025-03-06;1933;Martin;2020-05-30;They;go;;;;
489;860;2021-02-25;1251;Martin;2020-04-07;Push;yard;;;;
489;871;2023-02-22;1841;Martin;2021-04-13;Applaud;off;;;;
489;872;2024-04-16;3459;Martin;2021-01-01;Fitting;sheet;;;;
489;892;2023-10-06;1850;Martin;2020-07-15;Unexpect;inject;;;;
489;925;2023-07-18;3597;Martin;2020-04-15;Society;ingredient;;;;
489;942;2022-12-21;2164;Martin;2020-01-10;Invencible;atrium;;;;
489;958;2022-07-03;1717;Martin;2020-11-29;Mutual;musician;;;;
490;13;2024-03-03;3597;Allison-Reed;2020-01-02;Lateral;decaf;36;evidence;54;Urban Culture
490;95;2024-02-23;4938;Allison-Reed;2021-05-14;Leg;area;36;evidence;54;Urban Culture
490;146;2021-11-06;2418;Allison-Reed;2021-11-06;Choose;vote;36;evidence;54;Urban Culture
490;149;2023-11-16;2224;Allison-Reed;2020-04-16;Perform;these;36;evidence;54;Urban Culture
490;154;2025-10-09;4079;Allison-Reed;2020-12-28;Monolith;odyssey;36;evidence;54;Urban Culture
490;157;2023-06-11;3051;Allison-Reed;2020-03-03;Receive;eccentric;36;evidence;54;Urban Culture
490;162;2024-01-23;914;Allison-Reed;2020-12-16;Near;faraway;36;evidence;54;Urban Culture
490;180;2021-06-12;446;Allison-Reed;2020-02-18;As;beyond;36;evidence;54;Urban Culture
490;259;2025-11-25;3329;Allison-Reed;2020-06-20;Picture;build;36;evidence;54;Urban Culture
490;273;2020-12-13;105;Allison-Reed;2020-01-13;Doctor;admit;36;evidence;54;Urban Culture
490;287;2024-01-17;223;Allison-Reed;2020-05-28;Budget;understand;36;evidence;54;Urban Culture
490;378;2021-11-08;4578;Allison-Reed;2020-02-23;Support;rather;36;evidence;54;Urban Culture
490;381;2023-11-10;1572;Allison-Reed;2020-02-04;Miles;spider;36;evidence;54;Urban Culture
490;463;2021-05-16;1815;Allison-Reed;2020-03-25;Money;rate;36;evidence;54;Urban Culture
490;572;2025-10-17;4382;Allison-Reed;2020-03-13;Beyond;despite;36;evidence;54;Urban Culture
490;663;2024-09-17;4841;Allison-Reed;2021-02-16;Skin;Mrs;36;evidence;54;Urban Culture
490;672;2021-03-18;2552;Allison-Reed;2020-01-03;Once;yeah;36;evidence;54;Urban Culture
490;699;2024-12-01;4352;Allison-Reed;2020-02-04;Championship;mender;36;evidence;54;Urban Culture
490;742;2025-05-10;905;Allison-Reed;2020-05-21;Computer;range;36;evidence;54;Urban Culture
490;840;2021-02-21;4858;Allison-Reed;2020-03-14;Consider;people;36;evidence;54;Urban Culture
490;864;2020-07-03;3035;Allison-Reed;2020-07-03;Amount;show;36;evidence;54;Urban Culture
490;953;2025-03-19;3099;Allison-Reed;2020-09-03;Involve;interest;36;evidence;54;Urban Culture
490;985;2023-04-18;2766;Allison-Reed;2021-08-25;Detail;speech;36;evidence;54;Urban Culture
491;101;2024-12-11;3045;Davis-Garrett;2020-01-12;Single;well;8;we;366;Development and Cultural Studies
491;146;2024-02-05;1205;Davis-Garrett;2021-11-06;Choose;vote;8;we;366;Development and Cultural Studies
491;158;2025-03-20;1381;Davis-Garrett;2020-04-05;Flavor;window;8;we;366;Development and Cultural Studies
491;184;2024-01-01;1270;Davis-Garrett;2021-03-25;Smoothie;rode;8;we;366;Development and Cultural Studies
491;190;2025-11-11;3768;Davis-Garrett;2020-10-19;During;hit;8;we;366;Development and Cultural Studies
491;217;2021-08-12;1216;Davis-Garrett;2020-06-14;Administration;create;8;we;366;Development and Cultural Studies
491;226;2023-11-02;1279;Davis-Garrett;2020-04-30;Buy;share;8;we;366;Development and Cultural Studies
491;281;2025-10-07;1224;Davis-Garrett;2020-02-03;Persuasive;ripple;8;we;366;Development and Cultural Studies
491;394;2021-12-21;2485;Davis-Garrett;2021-12-21;My;contain;8;we;366;Development and Cultural Studies
491;415;2021-02-04;1702;Davis-Garrett;2020-05-18;I;want;8;we;366;Development and Cultural Studies
491;443;2023-06-27;2819;Davis-Garrett;2020-05-01;How;such;8;we;366;Development and Cultural Studies
491;444;2023-09-22;4869;Davis-Garrett;2020-03-12;Development;despite;8;we;366;Development and Cultural Studies
491;451;2026-01-03;3736;Davis-Garrett;2020-03-03;Sign;face;8;we;366;Development and Cultural Studies
491;499;2024-04-03;4817;Davis-Garrett;2020-03-14;Bone;served;8;we;366;Development and Cultural Studies
491;512;2023-10-28;3287;Davis-Garrett;2020-05-17;Met;through;8;we;366;Development and Cultural Studies
491;569;2022-07-31;4683;Davis-Garrett;2021-07-06;Degree;day;8;we;366;Development and Cultural Studies
491;603;2024-09-23;194;Davis-Garrett;2020-06-05;Golf;racket;8;we;366;Development and Cultural Studies
491;648;2021-12-01;4018;Davis-Garrett;2020-03-13;Fish;high;8;we;366;Development and Cultural Studies
491;675;2022-08-23;2874;Davis-Garrett;2020-04-26;Stand;likely;8;we;366;Development and Cultural Studies
491;746;2023-12-06;1934;Davis-Garrett;2020-04-18;Shade;chambermaid;8;we;366;Development and Cultural Studies
491;763;2021-12-06;911;Davis-Garrett;2020-12-06;Homely;domestic;8;we;366;Development and Cultural Studies
491;808;2023-10-30;4709;Davis-Garrett;2020-03-21;Ahead;whose;8;we;366;Development and Cultural Studies
491;821;2022-11-22;3584;Davis-Garrett;2020-07-31;Dog;decide;8;we;366;Development and Cultural Studies
491;824;2023-09-13;1129;Davis-Garrett;2020-12-07;Hit;less;8;we;366;Development and Cultural Studies
491;883;2022-10-26;2048;Davis-Garrett;2020-02-02;Process;Crime;8;we;366;Development and Cultural Studies
491;944;2023-06-02;3832;Davis-Garrett;2020-01-03;Sort;stage;8;we;366;Development and Cultural Studies
491;950;2023-04-10;2323;Davis-Garrett;2020-03-17;Manuvre;gunpoint;8;we;366;Development and Cultural Studies
492;147;2020-08-08;2100;Porter-Williams;2020-01-24;Echo;chamber;;;;
492;166;2025-02-11;338;Porter-Williams;2020-10-25;Director;feel;;;;
492;199;2025-04-08;4242;Porter-Williams;2020-09-24;Whole;successful;;;;
492;201;2025-04-02;3728;Porter-Williams;2020-03-18;Let;a;;;;
492;268;2024-01-19;4084;Porter-Williams;2021-05-24;Manx;mantel;;;;
492;273;2024-01-06;614;Porter-Williams;2020-01-13;Doctor;admit;;;;
492;296;2022-04-19;2253;Porter-Williams;2022-02-08;Pass;safe;;;;
492;386;2021-09-07;669;Porter-Williams;2020-08-02;Test;nothing;;;;
492;424;2023-02-15;4470;Porter-Williams;2020-01-29;Item;usually;;;;
492;435;2023-02-04;1565;Porter-Williams;2021-01-21;Sunset;sail;;;;
492;528;2021-10-28;164;Porter-Williams;2021-03-23;Created;monster;;;;
492;548;2022-07-05;3862;Porter-Williams;2020-03-31;Cooperate;operate;;;;
492;597;2024-11-08;3167;Porter-Williams;2021-06-13;Radio;to;;;;
492;669;2022-11-02;2219;Porter-Williams;2021-12-17;Messanger;memory;;;;
492;819;2023-01-21;4345;Porter-Williams;2020-11-20;Former;involve;;;;
492;927;2024-08-02;3550;Porter-Williams;2020-03-02;English;imaginable;;;;
493;9;2024-05-05;1609;Wilson Inc;2020-01-03;Star;land;88;get;101;Renaissance
493;42;2024-05-23;920;Wilson Inc;2020-10-01;Light;free;88;get;101;Renaissance
493;112;2025-02-28;1912;Wilson Inc;2020-04-30;Example;lose;88;get;101;Renaissance
493;149;2020-04-25;4506;Wilson Inc;2020-04-16;Perform;these;88;get;101;Renaissance
493;180;2023-08-20;229;Wilson Inc;2020-02-18;As;beyond;88;get;101;Renaissance
493;200;2024-07-14;2450;Wilson Inc;2021-02-23;Produce;significant;88;get;101;Renaissance
493;255;2024-11-22;4092;Wilson Inc;2020-02-19;Music;ability;88;get;101;Renaissance
493;384;2020-06-01;1550;Wilson Inc;2020-01-29;Heavy;win;88;get;101;Renaissance
493;561;2024-05-09;1459;Wilson Inc;2021-04-14;Splinter;winter;88;get;101;Renaissance
493;603;2020-06-05;1198;Wilson Inc;2020-06-05;Golf;racket;88;get;101;Renaissance
493;652;2021-03-27;661;Wilson Inc;2020-02-18;School;public;88;get;101;Renaissance
493;704;2020-05-15;3855;Wilson Inc;2020-02-29;Mission;thought;88;get;101;Renaissance
493;776;2021-08-03;1098;Wilson Inc;2020-08-06;Daddle;ceramic;88;get;101;Renaissance
493;812;2020-03-20;2703;Wilson Inc;2020-03-20;Elementary;appeal;88;get;101;Renaissance
493;879;2021-06-25;3107;Wilson Inc;2020-04-26;Interesting;board;88;get;101;Renaissance
493;912;2020-11-12;3620;Wilson Inc;2020-09-10;Cut;young;88;get;101;Renaissance
493;916;2020-02-11;2492;Wilson Inc;2020-01-11;Billion;process;88;get;101;Renaissance
494;60;2023-07-24;1876;Hall LLC;2020-02-15;Musical;oxford;136;would;54;Urban Culture
494;175;2022-05-04;1236;Hall LLC;2020-01-22;Grocery;recurr;136;would;54;Urban Culture
494;221;2023-02-17;1057;Hall LLC;2020-06-05;Move;board;136;would;54;Urban Culture
494;478;2024-12-31;4606;Hall LLC;2020-03-16;Common;cold;136;would;54;Urban Culture
494;556;2020-08-17;1448;Hall LLC;2020-03-08;Prisioners;airway;136;would;54;Urban Culture
494;681;2023-08-31;1858;Hall LLC;2020-01-20;Fast;spend;136;would;54;Urban Culture
494;708;2023-07-14;1334;Hall LLC;2020-04-07;Wife;far;136;would;54;Urban Culture
494;770;2025-05-29;3313;Hall LLC;2020-12-06;Use;reach;136;would;54;Urban Culture
494;798;2021-08-11;2166;Hall LLC;2021-08-11;Cruel;goofy;136;would;54;Urban Culture
494;801;2025-03-11;131;Hall LLC;2020-04-08;Best;apply;136;would;54;Urban Culture
494;841;2022-05-20;3705;Hall LLC;2020-08-05;Old;investment;136;would;54;Urban Culture
494;947;2020-07-14;454;Hall LLC;2020-06-13;Quite;last;136;would;54;Urban Culture
495;27;2024-05-13;3779;Hancock-Ward;2021-05-12;Agree;open;;;;
495;39;2023-08-04;3292;Hancock-Ward;2020-02-27;Amaze;rock;;;;
495;68;2024-06-23;326;Hancock-Ward;2020-10-30;Century;soldier;;;;
495;147;2025-10-03;868;Hancock-Ward;2020-01-24;Echo;chamber;;;;
495;186;2023-04-09;3485;Hancock-Ward;2020-07-09;Congress;song;;;;
495;200;2021-10-15;2118;Hancock-Ward;2021-02-23;Produce;significant;;;;
495;311;2024-10-06;3339;Hancock-Ward;2020-01-19;Relationship;enough;;;;
495;318;2022-01-17;3487;Hancock-Ward;2020-07-01;Ardour;argentine;;;;
495;342;2020-09-09;979;Hancock-Ward;2020-09-09;Words;argon;;;;
495;343;2024-08-08;2790;Hancock-Ward;2020-01-12;Nickle;table;;;;
495;383;2020-11-08;4850;Hancock-Ward;2020-02-17;Anything;station;;;;
495;421;2025-02-05;4203;Hancock-Ward;2020-03-27;Top;finally;;;;
495;437;2022-01-14;1821;Hancock-Ward;2020-04-29;Behind;lady;;;;
495;437;2020-04-29;3654;Hancock-Ward;2020-04-29;Behind;lady;;;;
495;453;2025-03-09;1056;Hancock-Ward;2020-02-26;Her;beautiful;;;;
495;471;2021-08-10;1514;Hancock-Ward;2020-03-22;Ask;conference;;;;
495;532;2022-10-15;680;Hancock-Ward;2020-11-23;Time;town;;;;
495;536;2021-05-23;2756;Hancock-Ward;2020-03-08;Beat;factor;;;;
495;613;2022-02-09;1579;Hancock-Ward;2021-07-31;Hear;body;;;;
495;614;2023-01-25;3786;Hancock-Ward;2022-04-10;Majority;myself;;;;
495;692;2020-12-12;1716;Hancock-Ward;2020-12-12;Street;walk;;;;
495;849;2020-02-01;1341;Hancock-Ward;2020-02-01;Mistake;error;;;;
495;853;2025-10-17;1834;Hancock-Ward;2020-03-17;Office;eye;;;;
495;865;2020-05-12;2345;Hancock-Ward;2020-05-12;That;with;;;;
495;969;2023-01-18;2166;Hancock-Ward;2020-02-10;Request;Pedestrian;;;;
495;994;2021-07-16;1293;Hancock-Ward;2021-07-16;Security;challenge;;;;
496;12;2023-01-20;4553;Bishop;2020-08-26;Early;arrive;;;;
496;29;2020-09-13;3321;Bishop;2020-02-10;Film;action;;;;
496;272;2025-08-19;4117;Bishop;2020-04-25;Glass;outside;;;;
496;323;2024-10-09;1501;Bishop;2020-01-04;Long;serve;;;;
496;371;2020-12-31;3233;Bishop;2020-09-19;South;return;;;;
496;372;2020-08-03;3039;Bishop;2020-01-18;Field;flower;;;;
496;406;2022-12-28;349;Bishop;2020-11-10;Fight;sometimes;;;;
496;487;2020-11-28;1676;Bishop;2020-07-17;Become;heavy;;;;
496;550;2020-07-27;3236;Bishop;2020-04-24;See;empty;;;;
496;563;2023-12-24;1873;Bishop;2020-05-18;Exam;sent;;;;
496;580;2023-02-23;2317;Bishop;2020-03-22;Feel;bad;;;;
496;596;2025-08-09;1847;Bishop;2022-10-03;Wheat;cereal;;;;
496;608;2023-05-30;1461;Bishop;2020-05-15;Hard;prepare;;;;
496;618;2023-11-24;3189;Bishop;2020-06-27;Gold;necklace;;;;
496;641;2022-02-13;3388;Bishop;2020-03-31;Face;spend;;;;
496;660;2025-07-07;662;Bishop;2021-01-10;Leaf;leaflet;;;;
496;664;2024-12-13;4983;Bishop;2020-03-01;Yes;keep;;;;
496;891;2025-03-09;4935;Bishop;2023-06-25;Impress;delay;;;;
496;955;2020-06-06;1668;Bishop;2020-02-13;Recollection;sugary;;;;
497;19;2025-08-08;4581;Carr;2020-05-13;Ever;hope;;;;
497;21;2020-03-25;508;Carr;2020-03-25;Charter;carter ;;;;
497;91;2020-07-25;1037;Carr;2020-07-25;Billion;tend;;;;
497;194;2026-01-30;2183;Carr;2020-03-27;Pass;physical;;;;
497;310;2021-12-25;2990;Carr;2020-10-03;Serve;provide;;;;
497;333;2021-11-03;117;Carr;2020-01-28;Over;grow;;;;
497;442;2025-08-15;3556;Carr;2020-08-29;Less;picturing;;;;
497;499;2020-07-18;2024;Carr;2020-03-14;Bone;served;;;;
497;569;2022-06-13;2774;Carr;2021-07-06;Degree;day;;;;
497;591;2022-07-24;2543;Carr;2022-02-23;Are;imagine;;;;
497;601;2023-05-04;491;Carr;2022-02-07;Everybody;world;;;;
497;606;2020-12-26;1643;Carr;2020-12-26;Average;grade;;;;
497;610;2022-08-13;4573;Carr;2020-07-16;Alone;band;;;;
497;683;2024-02-26;2306;Carr;2020-01-08;Away;wind;;;;
497;779;2026-02-10;854;Carr;2020-02-13;Whole;street;;;;
498;28;2025-07-03;4880;Monroe;2020-01-04;What;field;;;;
498;32;2023-08-17;432;Monroe;2022-01-20;Event;continue;;;;
498;55;2025-07-11;3683;Monroe;2020-04-15;Sun;star;;;;
498;89;2021-03-09;2478;Monroe;2020-04-08;Involve;term;;;;
498;91;2022-02-27;646;Monroe;2020-07-25;Billion;tend;;;;
498;233;2021-12-21;4834;Monroe;2020-02-14;Herself;water;;;;
498;236;2022-04-02;4004;Monroe;2020-01-26;Equestrian;implausible;;;;
498;239;2020-08-11;1246;Monroe;2020-02-14;Ladder;lace;;;;
498;250;2021-12-25;615;Monroe;2020-12-18;Marble;maple;;;;
498;293;2024-04-18;376;Monroe;2020-10-14;Ripen;rioter;;;;
498;372;2020-01-18;3829;Monroe;2020-01-18;Field;flower;;;;
498;387;2024-03-30;1133;Monroe;2020-09-24;Teacher;contain;;;;
498;403;2025-04-26;1478;Monroe;2020-01-30;Goal;interest;;;;
498;439;2021-09-10;1085;Monroe;2020-01-06;Financial;east;;;;
498;488;2020-07-24;2086;Monroe;2020-07-24;Street;its;;;;
498;496;2023-12-29;2396;Monroe;2020-03-11;Lady;dancer;;;;
498;555;2023-12-01;4640;Monroe;2020-02-10;Hellium;elvis;;;;
498;658;2024-06-24;2744;Monroe;2021-06-25;Decide;job;;;;
498;661;2022-03-24;4674;Monroe;2020-01-27;Power;cut;;;;
498;673;2022-03-18;1136;Monroe;2021-08-18;If;need;;;;
498;723;2024-01-21;4818;Monroe;2020-02-05;Take;above;;;;
498;751;2020-04-28;3214;Monroe;2020-04-28;Report;turn;;;;
498;792;2024-11-08;3189;Monroe;2020-04-25;Municipal;proper;;;;
498;827;2022-10-12;4794;Monroe;2020-12-03;Soldier;throughout;;;;
498;852;2022-07-28;2074;Monroe;2020-12-06;Accent;loser;;;;
499;7;2022-01-16;4685;Hubbard;2020-01-27;Hair;relate;;;;
499;8;2024-03-22;4025;Hubbard;2020-03-22;White;build;;;;
499;64;2024-03-10;1071;Hubbard;2020-12-06;Red;information;;;;
499;184;2022-01-05;1854;Hubbard;2021-03-25;Smoothie;rode;;;;
499;185;2020-10-06;1142;Hubbard;2020-10-06;Smile;player;;;;
499;204;2021-03-12;3450;Hubbard;2021-03-12;Significant;ten;;;;
499;219;2024-12-14;2599;Hubbard;2020-01-20;Prop;back;;;;
499;317;2024-09-26;2954;Hubbard;2021-11-10;Surface;bit;;;;
499;336;2022-12-26;2485;Hubbard;2020-01-08;History;decide;;;;
499;411;2020-11-04;3947;Hubbard;2020-07-28;Board;ground;;;;
499;468;2021-11-24;4429;Hubbard;2020-08-08;Catch;horizon;;;;
499;857;2026-01-05;1250;Hubbard;2020-03-06;Operation;close;;;;
499;999;2022-07-09;3707;Hubbard;2021-01-17;Public;late;;;;
500;29;2022-11-29;3613;Mckinney Ltd;2020-02-10;Film;action;194;year;101;Renaissance
500;270;2023-05-02;3279;Mckinney Ltd;2020-03-13;Product;state;194;year;101;Renaissance
500;295;2022-11-10;4602;Mckinney Ltd;2020-12-13;Rife;rid;194;year;101;Renaissance
500;421;2021-03-31;2406;Mckinney Ltd;2020-03-27;Top;finally;194;year;101;Renaissance
500;438;2020-09-02;4267;Mckinney Ltd;2020-01-13;West;language;194;year;101;Renaissance
500;551;2020-03-03;1098;Mckinney Ltd;2020-03-03;Data;Republican;194;year;101;Renaissance
500;570;2023-10-08;2564;Mckinney Ltd;2020-06-05;Rather;professional;194;year;101;Renaissance
500;676;2024-06-18;4899;Mckinney Ltd;2020-12-11;Manage;same;194;year;101;Renaissance
500;679;2023-06-28;2478;Mckinney Ltd;2020-04-27;Word;hard;194;year;101;Renaissance
500;704;2024-02-09;514;Mckinney Ltd;2020-02-29;Mission;thought;194;year;101;Renaissance
500;737;2022-06-23;2985;Mckinney Ltd;2020-02-12;Sound;and;194;year;101;Renaissance
500;767;2025-09-23;2752;Mckinney Ltd;2020-09-09;Artist;wait;194;year;101;Renaissance
500;919;2021-02-27;2670;Mckinney Ltd;2020-06-04;Low;word;194;year;101;Renaissance
500;933;2024-01-18;262;Mckinney Ltd;2020-08-21;Party;success;194;year;101;Renaissance
500;968;2025-02-09;4186;Mckinney Ltd;2020-10-10;Deep;tonight;194;year;101;Renaissance
500;969;2021-07-22;233;Mckinney Ltd;2020-02-10;Request;Pedestrian;194;year;101;Renaissance
