museum_id;exhibit_id;end_date;visitors_number;name;creation_date;title;category;curator_id;extra_info;specialty_id;curator_specialty
1;16;25/01/2021;956;Edwards;25/01/2021;Artist;young;;;;
1;54;26/09/2023;384;Edwards;25/05/2020;;;;;;
1;55;05/04/2024;1791;Edwards;15/04/2020;;;;;;
1;59;21/04/2023;4837;Edwards;07/01/2020;Reason;than;;;;
1;76;12/05/2020;1813;Edwards;12/05/2020;Rest;would;;;;
1;110;08/02/2024;2332;Edwards;27/02/2020;Thus;heavy;;;;
1;300;04/05/2020;3906;Edwards;04/05/2020;;;;;;
1;333;26/02/2020;143;Edwards;28/01/2020;Over;grow;;;;
1;342;20/11/2022;1131;Edwards;09/09/2020;;;;;;
1;420;27/07/2024;217;Edwards;25/08/2021;;;;;;
1;563;30/11/2020;576;Edwards;18/05/2020;;;;;;
1;628;06/05/2023;4032;Edwards;13/01/2020;Policy;often;;;;
1;653;26/09/2022;1498;Edwards;19/01/2021;;;;;;
1;687;27/04/2020;3044;Edwards;27/04/2020;Many;where;;;;
1;786;10/11/2023;1695;Edwards;06/05/2020;Move;dream;;;;
1;913;08/07/2020;4517;Edwards;08/07/2020;;;;;;
1;946;12/05/2025;3282;Edwards;12/08/2020;Quickly;sign;;;;
2;10;05/06/2023;940;Bell-Diaz;08/10/2020;;;;;;
2;66;13/01/2022;4051;Bell-Diaz;17/03/2021;Sister;door;;;;
2;85;26/12/2020;3232;Bell-Diaz;14/03/2020;Cell;however;;;;
2;88;15/06/2023;636;Bell-Diaz;31/05/2020;Else;goal;;;;
2;103;19/02/2024;2165;Bell-Diaz;24/03/2020;Some;here;;;;
2;137;23/06/2020;1796;Bell-Diaz;23/06/2020;Within;seat;;;;
2;225;18/11/2023;1373;Bell-Diaz;30/01/2020;Book;quality;;;;
2;275;09/10/2024;2242;Bell-Diaz;19/04/2020;;;;;;
2;292;29/09/2025;4793;Bell-Diaz;27/03/2020;Card;rich;;;;
2;310;04/06/2021;774;Bell-Diaz;03/10/2020;;;;;;
2;467;09/12/2021;4917;Bell-Diaz;08/01/2020;Too;ago;;;;
2;495;06/05/2020;1269;Bell-Diaz;06/05/2020;Spring;standard;;;;
2;509;28/02/2022;1418;Bell-Diaz;24/06/2020;;;;;;
2;568;01/09/2024;2548;Bell-Diaz;06/03/2020;Prepare;great;;;;
2;572;07/11/2023;546;Bell-Diaz;13/03/2020;Beyond;despite;;;;
2;762;20/08/2024;3162;Bell-Diaz;25/02/2020;Authority;road;;;;
2;765;02/01/2025;1991;Bell-Diaz;08/11/2020;Song;anyone;;;;
2;839;08/03/2023;3371;Bell-Diaz;21/08/2021;General;growth;;;;
3;3;02/12/2023;2824;Montoya-Yang;24/07/2021;Unit;film;;;;
3;21;04/04/2022;3480;Montoya-Yang;25/03/2020;;;;;;
3;64;13/09/2022;2505;Montoya-Yang;06/12/2020;Red;information;;;;
3;120;04/01/2024;3602;Montoya-Yang;13/03/2021;Follow;democratic;;;;
3;177;30/04/2021;1463;Montoya-Yang;21/04/2021;Second;actually;;;;
3;189;20/08/2022;973;Montoya-Yang;11/11/2020;Toward;station;;;;
3;238;27/02/2023;1087;Montoya-Yang;17/10/2021;;;;;;
3;412;10/01/2023;4144;Montoya-Yang;24/06/2020;Night;third;;;;
3;455;29/04/2021;3117;Montoya-Yang;23/07/2020;Former;public;;;;
3;531;24/10/2024;2073;Montoya-Yang;24/04/2021;Commercial;relate;;;;
3;544;07/05/2023;1389;Montoya-Yang;24/09/2020;He;two;;;;
3;704;29/08/2023;2508;Montoya-Yang;29/02/2020;Mission;thought;;;;
3;718;14/07/2024;3697;Montoya-Yang;23/04/2021;Partner;ball;;;;
3;783;18/02/2023;1744;Montoya-Yang;06/06/2020;;;;;;
3;936;19/12/2021;3525;Montoya-Yang;02/02/2020;;;;;;
4;20;05/04/2022;942;Dunn-Velez;08/02/2020;Road;though;;;;
4;61;15/11/2024;4095;Dunn-Velez;01/10/2020;After;degree;;;;
4;75;25/04/2022;1805;Dunn-Velez;17/02/2020;Surface;throughout;;;;
4;146;27/01/2026;916;Dunn-Velez;06/11/2021;Choose;vote;;;;
4;260;18/06/2022;3626;Dunn-Velez;19/04/2020;Expert;knowledge;;;;
4;294;31/08/2021;1112;Dunn-Velez;01/01/2020;;;;;;
4;316;11/11/2025;2279;Dunn-Velez;19/06/2020;;;;;;
4;397;18/06/2023;954;Dunn-Velez;11/09/2020;;;;;;
4;397;26/08/2023;3636;Dunn-Velez;11/09/2020;;;;;;
4;487;31/01/2023;4181;Dunn-Velez;17/07/2020;Become;heavy;;;;
4;582;17/01/2022;2275;Dunn-Velez;05/08/2020;Adult;mean;;;;
4;616;28/07/2021;3457;Dunn-Velez;02/01/2020;Clear;reveal;;;;
4;659;31/01/2023;2044;Dunn-Velez;20/01/2020;Table;page;;;;
4;664;29/06/2024;3955;Dunn-Velez;01/03/2020;Yes;keep;;;;
4;677;01/08/2022;277;Dunn-Velez;26/08/2021;Bit;again;;;;
4;696;27/04/2025;208;Dunn-Velez;31/08/2020;Fight;into;;;;
4;702;27/09/2021;4947;Dunn-Velez;23/01/2020;He;desCribe;;;;
4;807;05/06/2020;3033;Dunn-Velez;05/06/2020;;;;;;
4;894;04/02/2025;1297;Dunn-Velez;11/09/2020;Scientist;tax;;;;
4;895;01/02/2021;4966;Dunn-Velez;15/01/2020;Eye;husband;;;;
4;918;24/11/2022;1721;Dunn-Velez;16/04/2020;;;;;;
5;159;23/08/2025;867;Murphy;01/11/2021;Help;activity;;;;
5;386;23/05/2021;2359;Murphy;02/08/2020;Test;nothing;;;;
5;535;09/06/2021;4214;Murphy;05/04/2020;Feeling;red;;;;
5;615;16/03/2020;4753;Murphy;16/03/2020;Unit;area;;;;
5;643;30/06/2024;827;Murphy;31/05/2020;Term;example;;;;
5;663;02/08/2023;270;Murphy;16/02/2021;Skin;Mrs;;;;
5;743;11/11/2024;3376;Murphy;21/07/2020;Section;partner;;;;
5;781;01/01/2021;886;Murphy;12/08/2020;Wife;sure;;;;
5;798;01/10/2025;3373;Murphy;11/08/2021;;;;;;
5;852;20/04/2023;2863;Murphy;06/12/2020;;;;;;
5;972;29/07/2022;4566;Murphy;14/02/2020;;;;;;
6;36;17/10/2024;3681;Thomas;29/10/2020;General;body;;;;
6;80;13/12/2023;4333;Thomas;29/03/2020;;;;;;
6;207;24/05/2025;3396;Thomas;24/04/2021;Success;president;;;;
6;208;02/08/2024;1597;Thomas;23/02/2020;;;;;;
6;301;10/05/2022;4309;Thomas;30/11/2020;Image;TV;;;;
6;333;11/10/2021;2974;Thomas;28/01/2020;Over;grow;;;;
6;335;22/06/2024;635;Thomas;03/03/2020;;;;;;
6;399;03/04/2021;3136;Thomas;09/09/2020;Home;difficult;;;;
6;418;13/04/2022;3638;Thomas;03/05/2021;Method;civil;;;;
6;724;28/10/2020;1541;Thomas;21/02/2020;;;;;;
6;750;06/06/2025;251;Thomas;08/05/2020;;;;;;
6;778;23/08/2025;4819;Thomas;09/03/2020;Friend;do;;;;
6;892;15/07/2020;627;Thomas;15/07/2020;;;;;;
6;909;27/11/2020;4210;Thomas;16/07/2020;At;various;;;;
6;960;28/08/2023;1913;Thomas;02/01/2021;Finally;personal;;;;
6;986;15/10/2020;3906;Thomas;10/04/2020;Appear;career;;;;
7;65;01/10/2024;4229;Long Ltd;01/01/2021;Possible;network;72;interesting;101;Arte Contemporânea
7;175;27/05/2024;2036;Long Ltd;22/01/2020;;;72;interesting;101;Arte Contemporânea
7;202;31/03/2021;3932;Long Ltd;20/10/2020;Number;news;72;interesting;101;Arte Contemporânea
7;203;29/05/2020;2133;Long Ltd;29/05/2020;Key;time;72;interesting;101;Arte Contemporânea
7;221;21/10/2022;2703;Long Ltd;05/06/2020;Move;board;72;interesting;101;Arte Contemporânea
7;251;13/01/2020;2120;Long Ltd;13/01/2020;Establish;green;72;interesting;101;Arte Contemporânea
7;257;05/05/2024;1159;Long Ltd;08/01/2020;House;walk;72;interesting;101;Arte Contemporânea
7;281;26/07/2024;4765;Long Ltd;03/02/2020;;;72;interesting;101;Arte Contemporânea
7;429;31/03/2021;1782;Long Ltd;19/01/2020;;;72;interesting;101;Arte Contemporânea
7;456;05/12/2022;4307;Long Ltd;03/03/2020;Save;put;72;interesting;101;Arte Contemporânea
7;477;21/01/2020;2668;Long Ltd;21/01/2020;Citizen;over;72;interesting;101;Arte Contemporânea
7;522;17/06/2025;1653;Long Ltd;30/01/2020;Laugh;else;72;interesting;101;Arte Contemporânea
7;586;22/11/2023;3677;Long Ltd;08/02/2020;;;72;interesting;101;Arte Contemporânea
7;627;20/06/2024;757;Long Ltd;10/06/2020;;;72;interesting;101;Arte Contemporânea
7;658;05/06/2024;4045;Long Ltd;25/06/2021;Decide;job;72;interesting;101;Arte Contemporânea
7;661;26/12/2023;4263;Long Ltd;27/01/2020;Power;cut;72;interesting;101;Arte Contemporânea
7;668;18/12/2023;4120;Long Ltd;17/08/2020;;;72;interesting;101;Arte Contemporânea
7;717;02/07/2023;3744;Long Ltd;05/04/2020;Think;future;72;interesting;101;Arte Contemporânea
7;733;08/01/2025;4909;Long Ltd;29/03/2021;Message;police;72;interesting;101;Arte Contemporânea
7;740;02/10/2020;630;Long Ltd;18/05/2020;Side;ok;72;interesting;101;Arte Contemporânea
7;845;04/08/2023;3799;Long Ltd;23/12/2020;They;herself;72;interesting;101;Arte Contemporânea
7;942;10/01/2020;1804;Long Ltd;10/01/2020;;;72;interesting;101;Arte Contemporânea
8;58;10/02/2020;576;Nguyen Group;10/02/2020;;;43;amount;54;Cultura Urbana
8;58;10/02/2020;576;Nguyen Group;10/02/2020;;;55;truth;101;Arte Contemporânea
8;62;20/05/2020;2264;Nguyen Group;20/05/2020;;;43;amount;54;Cultura Urbana
8;62;20/05/2020;2264;Nguyen Group;20/05/2020;;;55;truth;101;Arte Contemporânea
8;77;02/11/2021;4868;Nguyen Group;29/01/2020;Help;together;43;amount;54;Cultura Urbana
8;77;02/11/2021;4868;Nguyen Group;29/01/2020;Help;together;55;truth;101;Arte Contemporânea
8;184;18/09/2025;4896;Nguyen Group;25/03/2021;;;43;amount;54;Cultura Urbana
8;184;18/09/2025;4896;Nguyen Group;25/03/2021;;;55;truth;101;Arte Contemporânea
8;262;20/01/2026;4733;Nguyen Group;01/01/2020;Kind;pick;43;amount;54;Cultura Urbana
8;262;20/01/2026;4733;Nguyen Group;01/01/2020;Kind;pick;55;truth;101;Arte Contemporânea
8;276;26/01/2021;595;Nguyen Group;08/01/2020;Chair;design;43;amount;54;Cultura Urbana
8;276;26/01/2021;595;Nguyen Group;08/01/2020;Chair;design;55;truth;101;Arte Contemporânea
8;276;16/06/2024;1346;Nguyen Group;08/01/2020;Chair;design;43;amount;54;Cultura Urbana
8;276;16/06/2024;1346;Nguyen Group;08/01/2020;Chair;design;55;truth;101;Arte Contemporânea
8;342;24/05/2023;1245;Nguyen Group;09/09/2020;;;43;amount;54;Cultura Urbana
8;342;24/05/2023;1245;Nguyen Group;09/09/2020;;;55;truth;101;Arte Contemporânea
8;412;21/09/2020;3381;Nguyen Group;24/06/2020;Night;third;43;amount;54;Cultura Urbana
8;412;21/09/2020;3381;Nguyen Group;24/06/2020;Night;third;55;truth;101;Arte Contemporânea
8;424;27/11/2025;1752;Nguyen Group;29/01/2020;Item;usually;43;amount;54;Cultura Urbana
8;424;27/11/2025;1752;Nguyen Group;29/01/2020;Item;usually;55;truth;101;Arte Contemporânea
8;514;22/08/2020;2192;Nguyen Group;22/08/2020;;;43;amount;54;Cultura Urbana
8;514;22/08/2020;2192;Nguyen Group;22/08/2020;;;55;truth;101;Arte Contemporânea
8;535;06/08/2021;2253;Nguyen Group;05/04/2020;Feeling;red;43;amount;54;Cultura Urbana
8;535;06/08/2021;2253;Nguyen Group;05/04/2020;Feeling;red;55;truth;101;Arte Contemporânea
8;669;28/08/2024;2047;Nguyen Group;17/12/2021;;;43;amount;54;Cultura Urbana
8;669;28/08/2024;2047;Nguyen Group;17/12/2021;;;55;truth;101;Arte Contemporânea
8;728;30/11/2022;369;Nguyen Group;30/01/2020;Fine;possible;43;amount;54;Cultura Urbana
8;728;30/11/2022;369;Nguyen Group;30/01/2020;Fine;possible;55;truth;101;Arte Contemporânea
8;828;05/03/2024;376;Nguyen Group;27/01/2021;Above;five;43;amount;54;Cultura Urbana
8;828;05/03/2024;376;Nguyen Group;27/01/2021;Above;five;55;truth;101;Arte Contemporânea
8;886;13/02/2025;1392;Nguyen Group;15/10/2020;Some;street;43;amount;54;Cultura Urbana
8;886;13/02/2025;1392;Nguyen Group;15/10/2020;Some;street;55;truth;101;Arte Contemporânea
8;903;02/08/2023;2467;Nguyen Group;02/05/2020;Admit;create;43;amount;54;Cultura Urbana
8;903;02/08/2023;2467;Nguyen Group;02/05/2020;Admit;create;55;truth;101;Arte Contemporânea
8;905;19/01/2020;3281;Nguyen Group;19/01/2020;Future;build;43;amount;54;Cultura Urbana
8;905;19/01/2020;3281;Nguyen Group;19/01/2020;Future;build;55;truth;101;Arte Contemporânea
8;984;20/04/2024;4980;Nguyen Group;04/01/2020;Treatment;stage;43;amount;54;Cultura Urbana
8;984;20/04/2024;4980;Nguyen Group;04/01/2020;Treatment;stage;55;truth;101;Arte Contemporânea
8;989;01/07/2025;2408;Nguyen Group;07/04/2020;Chair;we;43;amount;54;Cultura Urbana
8;989;01/07/2025;2408;Nguyen Group;07/04/2020;Chair;we;55;truth;101;Arte Contemporânea
8;993;18/07/2021;2050;Nguyen Group;01/11/2020;;;43;amount;54;Cultura Urbana
8;993;18/07/2021;2050;Nguyen Group;01/11/2020;;;55;truth;101;Arte Contemporânea
9;22;11/09/2020;2640;Simon-Atkinson;10/04/2020;;;;;;
9;52;02/12/2023;256;Simon-Atkinson;05/01/2020;;;;;;
9;62;09/02/2024;2852;Simon-Atkinson;20/05/2020;;;;;;
9;118;17/05/2021;2335;Simon-Atkinson;17/05/2021;Ever;which;;;;
9;171;05/08/2025;3783;Simon-Atkinson;06/01/2020;;;;;;
9;205;22/07/2022;4859;Simon-Atkinson;28/06/2020;;;;;;
9;213;07/03/2023;1948;Simon-Atkinson;06/11/2020;Yet;product;;;;
9;268;04/01/2026;1611;Simon-Atkinson;24/05/2021;;;;;;
9;283;05/11/2020;995;Simon-Atkinson;26/03/2020;Nature;rise;;;;
9;295;17/06/2022;2557;Simon-Atkinson;13/12/2020;;;;;;
9;310;27/09/2021;1278;Simon-Atkinson;03/10/2020;;;;;;
9;559;24/03/2021;2599;Simon-Atkinson;16/01/2020;Where;interview;;;;
9;576;20/05/2020;2381;Simon-Atkinson;20/05/2020;Article;surface;;;;
9;624;14/12/2022;2574;Simon-Atkinson;26/02/2020;Why;professor;;;;
9;651;12/04/2024;2380;Simon-Atkinson;23/09/2020;Relate;offer;;;;
9;781;12/08/2020;1929;Simon-Atkinson;12/08/2020;Wife;sure;;;;
9;785;26/03/2025;4748;Simon-Atkinson;28/05/2020;Entire;close;;;;
9;896;15/01/2020;566;Simon-Atkinson;15/01/2020;;;;;;
9;911;01/11/2022;667;Simon-Atkinson;13/11/2020;Anything;plant;;;;
9;980;31/10/2020;3141;Simon-Atkinson;22/04/2020;Meeting;who;;;;
10;116;13/01/2022;3059;Johnson;31/01/2020;;;;;;
10;123;27/06/2023;4288;Johnson;28/05/2021;Moment;across;;;;
10;137;10/01/2022;1742;Johnson;23/06/2020;Within;seat;;;;
10;232;09/02/2026;774;Johnson;03/09/2020;;;;;;
10;275;11/12/2025;382;Johnson;19/04/2020;;;;;;
10;301;15/11/2023;4471;Johnson;30/11/2020;Image;TV;;;;
10;316;20/03/2024;3358;Johnson;19/06/2020;;;;;;
10;398;18/12/2022;4826;Johnson;06/01/2020;Authority;treatment;;;;
10;440;14/07/2022;432;Johnson;16/01/2020;Short;physical;;;;
10;495;19/06/2020;4206;Johnson;06/05/2020;Spring;standard;;;;
10;567;14/04/2021;3873;Johnson;14/04/2021;;;;;;
10;578;27/07/2023;3622;Johnson;10/03/2020;;;;;;
10;591;29/07/2025;3346;Johnson;23/02/2022;;;;;;
10;663;05/02/2024;356;Johnson;16/02/2021;Skin;Mrs;;;;
10;701;27/05/2021;3991;Johnson;15/11/2020;;;;;;
10;771;04/12/2020;1401;Johnson;18/01/2020;Should;wrong;;;;
10;852;18/10/2022;2932;Johnson;06/12/2020;;;;;;
10;858;02/11/2023;3878;Johnson;09/02/2020;Good;all;;;;
10;993;30/11/2025;4504;Johnson;01/11/2020;;;;;;
11;98;11/03/2023;483;Conley Ltd;20/04/2020;Recent;kind;;;;
11;210;03/06/2023;4055;Conley Ltd;08/01/2022;Stage;they;;;;
11;228;28/08/2024;145;Conley Ltd;24/01/2020;;;;;;
11;267;27/05/2025;2749;Conley Ltd;19/11/2020;;;;;;
11;298;05/06/2025;159;Conley Ltd;15/01/2021;;;;;;
11;342;21/08/2023;4851;Conley Ltd;09/09/2020;;;;;;
11;371;17/12/2021;2408;Conley Ltd;19/09/2020;South;return;;;;
11;443;30/05/2020;1856;Conley Ltd;01/05/2020;How;such;;;;
11;486;18/12/2022;3644;Conley Ltd;28/12/2020;Try;sell;;;;
11;541;31/01/2026;4008;Conley Ltd;19/01/2020;Put;foot;;;;
11;636;24/05/2024;631;Conley Ltd;17/04/2020;Business;tell;;;;
11;834;27/08/2023;3039;Conley Ltd;07/06/2020;Positive;age;;;;
11;930;01/02/2020;1169;Conley Ltd;01/02/2020;;;;;;
11;951;13/01/2023;3054;Conley Ltd;11/04/2020;Door;speak;;;;
11;960;10/11/2022;604;Conley Ltd;02/01/2021;Finally;personal;;;;
12;79;22/03/2025;2798;Brewer;28/06/2020;Worry;yard;;;;
12;86;19/10/2024;1192;Brewer;04/10/2020;;;;;;
12;87;02/02/2020;3455;Brewer;02/02/2020;Responsibility;dream;;;;
12;121;03/09/2023;2530;Brewer;16/01/2021;Avoid;probably;;;;
12;302;21/03/2024;4336;Brewer;15/04/2020;;;;;;
12;351;05/06/2021;4586;Brewer;15/02/2020;Identify;section;;;;
12;380;30/09/2025;1125;Brewer;08/09/2020;;;;;;
12;496;07/04/2024;540;Brewer;11/03/2020;;;;;;
12;504;23/09/2022;2470;Brewer;11/06/2022;Baby;energy;;;;
12;560;02/11/2025;642;Brewer;16/09/2020;;;;;;
12;583;07/08/2024;4573;Brewer;12/12/2020;Data;popular;;;;
12;605;06/01/2023;520;Brewer;30/03/2020;;;;;;
12;724;20/08/2023;1214;Brewer;21/02/2020;;;;;;
12;927;19/02/2022;3903;Brewer;02/03/2020;;;;;;
12;977;16/07/2024;3232;Brewer;14/06/2020;Local;look;;;;
13;42;13/09/2022;3928;Knight;01/10/2020;Light;free;;;;
13;62;11/06/2024;4983;Knight;20/05/2020;;;;;;
13;86;31/05/2024;348;Knight;04/10/2020;;;;;;
13;143;13/08/2022;2665;Knight;12/12/2020;;;;;;
13;173;25/10/2020;258;Knight;14/03/2020;;;;;;
13;218;27/04/2025;2646;Knight;22/05/2022;Heart;simply;;;;
13;272;18/06/2023;3003;Knight;25/04/2020;Glass;outside;;;;
13;278;09/09/2021;831;Knight;01/03/2020;;;;;;
13;294;30/01/2020;2542;Knight;01/01/2020;;;;;;
13;328;03/03/2020;1607;Knight;03/03/2020;Painting;laugh;;;;
13;362;17/07/2023;1343;Knight;13/02/2020;Memory;late;;;;
13;402;13/05/2023;300;Knight;05/02/2020;Throughout;end;;;;
13;470;13/09/2021;2763;Knight;07/09/2020;Red;against;;;;
13;477;24/10/2020;1361;Knight;21/01/2020;Citizen;over;;;;
13;509;24/07/2025;2987;Knight;24/06/2020;;;;;;
13;560;19/08/2023;4901;Knight;16/09/2020;;;;;;
13;599;09/01/2021;2392;Knight;20/11/2020;Population;use;;;;
13;602;12/02/2020;1543;Knight;12/02/2020;;;;;;
13;645;02/12/2025;3193;Knight;29/04/2020;;;;;;
13;712;01/10/2025;3793;Knight;12/03/2023;;;;;;
13;778;16/05/2024;3165;Knight;09/03/2020;Friend;do;;;;
13;824;07/04/2024;1661;Knight;07/12/2020;Hit;less;;;;
13;905;23/06/2025;1980;Knight;19/01/2020;Future;build;;;;
13;977;09/06/2025;1030;Knight;14/06/2020;Local;look;;;;
14;44;29/09/2023;874;Smith-Adams;26/09/2020;Sound;far;;;;
14;155;21/10/2025;2870;Smith-Adams;08/10/2021;Man;religious;;;;
14;246;02/05/2020;1360;Smith-Adams;02/05/2020;Investment;marriage;;;;
14;250;08/11/2021;2717;Smith-Adams;18/12/2020;;;;;;
14;262;18/02/2021;2601;Smith-Adams;01/01/2020;Kind;pick;;;;
14;276;11/03/2021;1311;Smith-Adams;08/01/2020;Chair;design;;;;
14;307;19/05/2021;1234;Smith-Adams;02/11/2020;Second;fill;;;;
14;318;19/12/2025;3294;Smith-Adams;01/07/2020;;;;;;
14;373;22/01/2020;3054;Smith-Adams;22/01/2020;War;foot;;;;
14;408;17/08/2020;3687;Smith-Adams;27/02/2020;Color;really;;;;
14;420;03/08/2022;517;Smith-Adams;25/08/2021;;;;;;
14;437;02/10/2021;4774;Smith-Adams;29/04/2020;;;;;;
14;444;02/11/2020;2080;Smith-Adams;12/03/2020;Development;despite;;;;
14;483;22/01/2022;2938;Smith-Adams;10/07/2021;Line;than;;;;
14;589;23/03/2023;344;Smith-Adams;13/07/2020;Necessary;far;;;;
14;622;16/06/2022;2930;Smith-Adams;24/04/2020;How;buy;;;;
14;685;16/01/2021;4358;Smith-Adams;16/01/2021;Manage;situation;;;;
14;736;09/11/2022;1037;Smith-Adams;25/07/2020;Among;official;;;;
14;743;29/10/2023;2663;Smith-Adams;21/07/2020;Section;partner;;;;
14;757;09/06/2022;3136;Smith-Adams;15/08/2021;;;;;;
14;809;29/04/2020;2395;Smith-Adams;29/04/2020;;;;;;
14;858;09/02/2020;1046;Smith-Adams;09/02/2020;Good;all;;;;
14;910;16/04/2023;3976;Smith-Adams;05/07/2021;Rise;according;;;;
14;933;16/04/2025;4995;Smith-Adams;21/08/2020;Party;success;;;;
14;937;05/08/2020;3869;Smith-Adams;05/08/2020;;;;;;
14;988;25/11/2024;3448;Smith-Adams;22/03/2020;;;;;;
14;992;05/11/2023;4323;Smith-Adams;17/02/2020;Prevent;mother;;;;
15;83;08/08/2023;1601;Cook-Brown;21/09/2020;Past;offer;;;;
15;96;19/04/2023;441;Cook-Brown;15/02/2020;Like;available;;;;
15;109;18/09/2021;1510;Cook-Brown;10/07/2020;Media;purpose;;;;
15;121;03/11/2023;4949;Cook-Brown;16/01/2021;Avoid;probably;;;;
15;157;21/08/2021;3586;Cook-Brown;03/03/2020;;;;;;
15;177;05/02/2023;2498;Cook-Brown;21/04/2021;Second;actually;;;;
15;212;02/01/2022;3069;Cook-Brown;04/03/2020;;;;;;
15;350;21/04/2024;1005;Cook-Brown;08/01/2021;Represent;example;;;;
15;379;13/11/2021;287;Cook-Brown;31/01/2020;Learn;husband;;;;
15;393;23/04/2023;884;Cook-Brown;18/01/2022;;;;;;
15;544;13/05/2022;2967;Cook-Brown;24/09/2020;He;two;;;;
15;631;25/11/2020;1253;Cook-Brown;14/08/2020;;;;;;
15;635;06/07/2023;3450;Cook-Brown;02/06/2021;;;;;;
15;688;27/12/2025;408;Cook-Brown;02/06/2020;Skin;player;;;;
15;839;18/12/2022;3258;Cook-Brown;21/08/2021;General;growth;;;;
15;848;17/12/2021;3070;Cook-Brown;28/04/2020;Piece;particularly;;;;
16;75;10/03/2022;3261;Villarreal;17/02/2020;Surface;throughout;;;;
16;80;29/03/2020;4244;Villarreal;29/03/2020;;;;;;
16;113;09/02/2025;1356;Villarreal;30/12/2020;Feel;simply;;;;
16;147;24/01/2020;3132;Villarreal;24/01/2020;;;;;;
16;218;02/08/2023;3977;Villarreal;22/05/2022;Heart;simply;;;;
16;249;17/07/2025;3460;Villarreal;25/05/2020;Member;skin;;;;
16;280;28/08/2020;1055;Villarreal;23/01/2020;Agree;participant;;;;
16;459;22/10/2021;2259;Villarreal;01/02/2020;Station;suggest;;;;
16;556;17/08/2023;1716;Villarreal;08/03/2020;;;;;;
16;573;10/01/2024;3231;Villarreal;28/10/2020;Drug;father;;;;
16;585;29/03/2022;2546;Villarreal;21/06/2020;Opportunity;ok;;;;
16;636;28/11/2022;458;Villarreal;17/04/2020;Business;tell;;;;
16;647;05/01/2020;4629;Villarreal;05/01/2020;Maintain;coach;;;;
16;668;07/12/2020;4778;Villarreal;17/08/2020;;;;;;
16;669;27/02/2025;3185;Villarreal;17/12/2021;;;;;;
16;669;12/01/2022;1903;Villarreal;17/12/2021;;;;;;
16;725;15/09/2020;555;Villarreal;22/05/2020;;;;;;
16;726;06/02/2024;4907;Villarreal;18/03/2020;Beyond;almost;;;;
16;727;19/08/2022;3360;Villarreal;01/08/2020;Allow;peace;;;;
16;834;07/06/2020;4201;Villarreal;07/06/2020;Positive;age;;;;
16;837;11/08/2022;174;Villarreal;13/01/2021;;;;;;
16;937;04/10/2022;204;Villarreal;05/08/2020;;;;;;
16;982;24/02/2024;1095;Villarreal;25/01/2021;Operation;time;;;;
17;27;17/01/2025;794;Griffin;12/05/2021;Agree;open;;;;
17;42;13/11/2025;3100;Griffin;01/10/2020;Light;free;;;;
17;103;31/08/2024;3100;Griffin;24/03/2020;Some;here;;;;
17;114;23/07/2021;3524;Griffin;18/06/2020;Sport;throw;;;;
17;164;20/08/2020;1197;Griffin;31/01/2020;Evening;guy;;;;
17;165;27/10/2020;2872;Griffin;22/09/2020;;;;;;
17;181;13/06/2023;549;Griffin;22/11/2020;;;;;;
17;185;21/12/2025;1819;Griffin;06/10/2020;Smile;player;;;;
17;189;14/03/2022;2214;Griffin;11/11/2020;Toward;station;;;;
17;197;15/12/2022;2773;Griffin;10/10/2021;;;;;;
17;259;28/12/2022;1277;Griffin;20/06/2020;Picture;build;;;;
17;303;24/12/2025;1264;Griffin;05/10/2020;;;;;;
17;303;24/10/2022;979;Griffin;05/10/2020;;;;;;
17;324;10/06/2020;577;Griffin;11/04/2020;Daughter;radio;;;;
17;346;13/09/2023;2489;Griffin;15/07/2020;Yard;member;;;;
17;360;04/02/2024;4861;Griffin;20/03/2020;Question;walk;;;;
17;361;29/11/2020;487;Griffin;13/04/2020;Staff;radio;;;;
17;384;21/04/2020;1766;Griffin;29/01/2020;Heavy;win;;;;
17;431;07/04/2020;4335;Griffin;03/04/2020;Appear;agency;;;;
17;513;01/07/2025;297;Griffin;27/05/2020;;;;;;
17;514;03/04/2022;1766;Griffin;22/08/2020;;;;;;
17;534;16/06/2020;2029;Griffin;16/06/2020;Mother;citizen;;;;
17;643;08/03/2025;1577;Griffin;31/05/2020;Term;example;;;;
17;723;05/02/2020;995;Griffin;05/02/2020;Take;above;;;;
17;725;28/07/2025;3965;Griffin;22/05/2020;;;;;;
17;770;22/05/2021;186;Griffin;06/12/2020;Use;reach;;;;
17;836;17/01/2022;2708;Griffin;23/10/2020;Benefit;accept;;;;
17;846;19/11/2023;3135;Griffin;22/01/2020;Can;various;;;;
17;896;01/02/2026;385;Griffin;15/01/2020;;;;;;
18;3;26/04/2022;157;Giles-Smith;24/07/2021;Unit;film;;;;
18;54;27/03/2025;996;Giles-Smith;25/05/2020;;;;;;
18;127;27/06/2024;1152;Giles-Smith;14/08/2020;Wait;show;;;;
18;155;18/02/2024;1916;Giles-Smith;08/10/2021;Man;religious;;;;
18;204;18/12/2022;2745;Giles-Smith;12/03/2021;Significant;ten;;;;
18;273;16/11/2023;2367;Giles-Smith;13/01/2020;Doctor;admit;;;;
18;273;10/12/2021;1002;Giles-Smith;13/01/2020;Doctor;admit;;;;
18;279;20/01/2022;3473;Giles-Smith;03/07/2021;These;news;;;;
18;311;22/12/2021;1605;Giles-Smith;19/01/2020;Relationship;enough;;;;
18;475;12/03/2023;2881;Giles-Smith;16/10/2020;Young;without;;;;
18;475;20/06/2024;3713;Giles-Smith;16/10/2020;Young;without;;;;
18;489;01/05/2023;1641;Giles-Smith;19/08/2020;;;;;;
18;599;03/12/2024;1410;Giles-Smith;20/11/2020;Population;use;;;;
18;626;14/11/2025;4897;Giles-Smith;09/07/2020;Sign;voice;;;;
18;683;19/09/2022;4777;Giles-Smith;08/01/2020;Away;wind;;;;
18;691;12/05/2021;3644;Giles-Smith;06/11/2020;Rate;ground;;;;
18;763;08/04/2021;4452;Giles-Smith;06/12/2020;;;;;;
18;800;20/02/2020;2283;Giles-Smith;20/02/2020;Focus;check;;;;
18;839;26/03/2024;3671;Giles-Smith;21/08/2021;General;growth;;;;
18;930;29/11/2020;258;Giles-Smith;01/02/2020;;;;;;
18;945;08/10/2021;2888;Giles-Smith;15/04/2020;;;;;;
19;55;13/04/2021;1264;Little-Carrillo;15/04/2020;;;;;;
19;66;05/04/2025;536;Little-Carrillo;17/03/2021;Sister;door;;;;
19;74;13/08/2025;772;Little-Carrillo;19/11/2021;Federal;forward;;;;
19;93;19/04/2024;413;Little-Carrillo;27/04/2021;Painting;away;;;;
19;138;08/01/2022;1311;Little-Carrillo;31/05/2021;Kind;choose;;;;
19;158;21/12/2020;2673;Little-Carrillo;05/04/2020;;;;;;
19;281;02/12/2025;816;Little-Carrillo;03/02/2020;;;;;;
19;289;22/07/2020;3676;Little-Carrillo;22/07/2020;Action;very;;;;
19;330;17/01/2023;236;Little-Carrillo;07/03/2020;Out;character;;;;
19;353;29/11/2021;156;Little-Carrillo;01/05/2020;Kitchen;sign;;;;
19;423;04/05/2025;225;Little-Carrillo;08/10/2020;;;;;;
19;475;15/02/2022;4569;Little-Carrillo;16/10/2020;Young;without;;;;
19;495;27/02/2024;1327;Little-Carrillo;06/05/2020;Spring;standard;;;;
19;554;11/07/2023;1354;Little-Carrillo;01/03/2021;;;;;;
19;611;18/10/2022;1132;Little-Carrillo;01/02/2020;Series;seven;;;;
19;636;23/10/2023;2715;Little-Carrillo;17/04/2020;Business;tell;;;;
19;638;25/09/2020;3951;Little-Carrillo;19/03/2020;My;authority;;;;
19;688;14/02/2022;3970;Little-Carrillo;02/06/2020;Skin;player;;;;
19;713;28/02/2020;770;Little-Carrillo;28/02/2020;Drug;talk;;;;
19;743;06/10/2023;3126;Little-Carrillo;21/07/2020;Section;partner;;;;
19;846;15/02/2023;4588;Little-Carrillo;22/01/2020;Can;various;;;;
19;933;11/02/2025;4229;Little-Carrillo;21/08/2020;Party;success;;;;
19;995;08/07/2022;4630;Little-Carrillo;16/04/2020;Assume;and;;;;
20;48;20/11/2023;3903;Rodriguez-Hall;06/05/2020;A;job;169;actually;54;Cultura Urbana
20;65;11/11/2023;304;Rodriguez-Hall;01/01/2021;Possible;network;169;actually;54;Cultura Urbana
20;156;08/05/2023;3463;Rodriguez-Hall;21/05/2022;Hundred;support;169;actually;54;Cultura Urbana
20;160;03/05/2025;1319;Rodriguez-Hall;12/06/2020;Style;shoulder;169;actually;54;Cultura Urbana
20;185;28/02/2023;618;Rodriguez-Hall;06/10/2020;Smile;player;169;actually;54;Cultura Urbana
20;279;25/08/2024;2250;Rodriguez-Hall;03/07/2021;These;news;169;actually;54;Cultura Urbana
20;283;27/12/2025;4811;Rodriguez-Hall;26/03/2020;Nature;rise;169;actually;54;Cultura Urbana
20;314;03/01/2020;4383;Rodriguez-Hall;03/01/2020;Follow;street;169;actually;54;Cultura Urbana
20;333;04/04/2022;2115;Rodriguez-Hall;28/01/2020;Over;grow;169;actually;54;Cultura Urbana
20;357;09/06/2021;4297;Rodriguez-Hall;03/02/2020;;;169;actually;54;Cultura Urbana
20;361;10/11/2022;765;Rodriguez-Hall;13/04/2020;Staff;radio;169;actually;54;Cultura Urbana
20;486;25/09/2025;2128;Rodriguez-Hall;28/12/2020;Try;sell;169;actually;54;Cultura Urbana
20;603;22/04/2022;2323;Rodriguez-Hall;05/06/2020;;;169;actually;54;Cultura Urbana
20;605;01/02/2021;4945;Rodriguez-Hall;30/03/2020;;;169;actually;54;Cultura Urbana
20;667;02/07/2022;3340;Rodriguez-Hall;19/12/2020;Apply;third;169;actually;54;Cultura Urbana
20;695;17/07/2020;2114;Rodriguez-Hall;12/01/2020;;;169;actually;54;Cultura Urbana
20;736;13/03/2022;3365;Rodriguez-Hall;25/07/2020;Among;official;169;actually;54;Cultura Urbana
20;790;27/05/2025;4190;Rodriguez-Hall;18/07/2020;;;169;actually;54;Cultura Urbana
20;822;01/09/2021;1996;Rodriguez-Hall;09/03/2020;Issue;in;169;actually;54;Cultura Urbana
20;825;15/01/2024;1098;Rodriguez-Hall;01/01/2020;;;169;actually;54;Cultura Urbana
20;889;02/05/2024;2558;Rodriguez-Hall;23/10/2020;Yard;white;169;actually;54;Cultura Urbana
20;907;30/07/2023;3662;Rodriguez-Hall;22/03/2020;Public;change;169;actually;54;Cultura Urbana
20;970;24/08/2023;3018;Rodriguez-Hall;27/04/2020;Onto;peace;169;actually;54;Cultura Urbana
20;971;11/10/2021;2780;Rodriguez-Hall;05/02/2021;;;169;actually;54;Cultura Urbana
20;978;05/07/2021;1430;Rodriguez-Hall;05/07/2021;Listen;nature;169;actually;54;Cultura Urbana
21;81;20/04/2020;4597;Mitchell Inc;20/04/2020;Chair;dark;;;;
21;197;25/12/2022;4494;Mitchell Inc;10/10/2021;;;;;;
21;361;15/02/2023;858;Mitchell Inc;13/04/2020;Staff;radio;;;;
21;388;30/11/2022;2521;Mitchell Inc;25/01/2021;Everyone;him;;;;
21;532;03/08/2024;3307;Mitchell Inc;23/11/2020;Time;town;;;;
21;532;08/12/2022;4485;Mitchell Inc;23/11/2020;Time;town;;;;
21;585;21/06/2020;3015;Mitchell Inc;21/06/2020;Opportunity;ok;;;;
21;731;17/10/2022;1082;Mitchell Inc;29/04/2020;High;central;;;;
21;776;05/01/2025;3701;Mitchell Inc;06/08/2020;;;;;;
21;810;12/04/2022;3250;Mitchell Inc;12/04/2022;;;;;;
21;821;01/05/2024;4303;Mitchell Inc;31/07/2020;Dog;decide;;;;
21;851;21/01/2020;3550;Mitchell Inc;12/01/2020;Simple;itself;;;;
21;881;01/01/2022;663;Mitchell Inc;13/12/2020;;;;;;
21;928;19/03/2024;4635;Mitchell Inc;24/01/2020;Wonder;respond;;;;
21;957;23/08/2025;2587;Mitchell Inc;14/04/2021;My;morning;;;;
21;982;25/09/2022;3268;Mitchell Inc;25/01/2021;Operation;time;;;;
22;112;11/12/2021;3559;Nguyen-Garcia;30/04/2020;Example;lose;;;;
22;227;18/03/2024;4244;Nguyen-Garcia;21/11/2020;Ok;air;;;;
22;229;13/04/2023;4534;Nguyen-Garcia;30/04/2020;;;;;;
22;242;19/09/2020;1341;Nguyen-Garcia;31/03/2020;;;;;;
22;280;07/11/2024;3452;Nguyen-Garcia;23/01/2020;Agree;participant;;;;
22;300;15/01/2023;1440;Nguyen-Garcia;04/05/2020;;;;;;
22;308;08/08/2020;4795;Nguyen-Garcia;21/03/2020;Customer;apply;;;;
22;342;12/09/2023;1478;Nguyen-Garcia;09/09/2020;;;;;;
22;360;20/06/2021;2528;Nguyen-Garcia;20/03/2020;Question;walk;;;;
22;434;30/07/2020;947;Nguyen-Garcia;04/06/2020;Fall;huge;;;;
22;436;29/11/2025;472;Nguyen-Garcia;13/05/2020;Whatever;every;;;;
22;457;15/09/2024;3453;Nguyen-Garcia;01/03/2021;Standard;choose;;;;
22;629;04/02/2024;696;Nguyen-Garcia;12/05/2020;;;;;;
22;658;13/06/2023;4092;Nguyen-Garcia;25/06/2021;Decide;job;;;;
22;685;05/01/2025;1788;Nguyen-Garcia;16/01/2021;Manage;situation;;;;
22;725;08/10/2024;4576;Nguyen-Garcia;22/05/2020;;;;;;
22;804;30/03/2021;4692;Nguyen-Garcia;05/03/2020;;;;;;
22;815;07/09/2021;3265;Nguyen-Garcia;18/10/2020;;;;;;
22;826;20/04/2025;4346;Nguyen-Garcia;01/07/2021;;;;;;
22;834;06/08/2024;2981;Nguyen-Garcia;07/06/2020;Positive;age;;;;
23;19;03/05/2024;2103;Snow;13/05/2020;Ever;hope;;;;
23;144;27/07/2025;2478;Snow;11/12/2020;;;;;;
23;164;31/01/2020;1927;Snow;31/01/2020;Evening;guy;;;;
23;173;02/08/2022;2589;Snow;14/03/2020;;;;;;
23;229;02/06/2025;1017;Snow;30/04/2020;;;;;;
23;284;04/06/2025;2814;Snow;10/03/2023;Safe;hotel;;;;
23;304;27/03/2022;119;Snow;11/07/2021;;;;;;
23;313;29/10/2023;2069;Snow;02/05/2021;;;;;;
23;363;30/05/2020;2735;Snow;20/04/2020;Her;foreign;;;;
23;587;27/11/2023;2146;Snow;25/12/2020;Arrive;different;;;;
23;701;30/11/2021;470;Snow;15/11/2020;;;;;;
23;764;12/10/2023;4448;Snow;04/08/2020;Laugh;send;;;;
23;854;05/11/2023;2927;Snow;01/02/2022;;;;;;
23;910;13/07/2025;4950;Snow;05/07/2021;Rise;according;;;;
23;920;01/03/2024;2535;Snow;05/05/2020;Issue;suffer;;;;
23;926;31/07/2020;2409;Snow;31/07/2020;Health;born;;;;
23;951;03/02/2025;1668;Snow;11/04/2020;Door;speak;;;;
23;965;14/07/2025;1573;Snow;24/02/2020;;;;;;
23;981;11/04/2022;2637;Snow;09/05/2021;Walk;federal;;;;
24;91;14/09/2023;1883;Lee;25/07/2020;Billion;tend;;;;
24;106;18/09/2022;2981;Lee;20/01/2020;Peace;add;;;;
24;115;11/08/2021;130;Lee;31/08/2020;;;;;;
24;133;16/11/2020;3908;Lee;16/11/2020;Forward;market;;;;
24;185;24/04/2024;4024;Lee;06/10/2020;Smile;player;;;;
24;211;20/03/2023;1649;Lee;05/07/2021;;;;;;
24;219;13/01/2026;779;Lee;20/01/2020;;;;;;
24;269;05/01/2023;4564;Lee;02/03/2020;But;leg;;;;
24;295;24/04/2024;905;Lee;13/12/2020;;;;;;
24;306;22/04/2020;1168;Lee;22/04/2020;;;;;;
24;336;21/02/2021;1401;Lee;08/01/2020;History;decide;;;;
24;363;31/12/2024;4032;Lee;20/04/2020;Her;foreign;;;;
24;419;22/03/2021;1641;Lee;13/07/2020;;;;;;
24;491;24/07/2023;3433;Lee;14/02/2020;Year;ask;;;;
24;508;18/12/2022;3201;Lee;12/12/2020;Daughter;board;;;;
24;518;11/08/2021;4170;Lee;25/09/2020;Administration;have;;;;
24;596;03/10/2022;351;Lee;03/10/2022;;;;;;
24;636;12/09/2025;1490;Lee;17/04/2020;Business;tell;;;;
24;658;25/06/2021;3943;Lee;25/06/2021;Decide;job;;;;
24;679;24/05/2022;136;Lee;27/04/2020;Word;hard;;;;
24;680;22/03/2024;1420;Lee;19/02/2020;;;;;;
24;772;02/02/2020;2082;Lee;02/02/2020;Fish;form;;;;
24;837;16/11/2021;2457;Lee;13/01/2021;;;;;;
24;902;25/07/2024;4345;Lee;27/02/2020;Eat;happy;;;;
24;914;31/10/2024;4139;Lee;27/03/2020;School;hope;;;;
24;916;15/03/2025;1632;Lee;11/01/2020;Billion;process;;;;
24;955;13/02/2020;4663;Lee;13/02/2020;;;;;;
24;976;03/08/2023;266;Lee;12/01/2020;;;;;;
25;13;20/01/2020;4270;Smith PLC;02/01/2020;;;;;;
25;80;28/12/2022;4758;Smith PLC;29/03/2020;;;;;;
25;88;09/07/2020;1797;Smith PLC;31/05/2020;Else;goal;;;;
25;176;11/11/2023;1818;Smith PLC;08/05/2020;;;;;;
25;350;23/10/2021;1247;Smith PLC;08/01/2021;Represent;example;;;;
25;562;24/09/2023;4748;Smith PLC;22/01/2020;;;;;;
25;581;17/02/2026;2259;Smith PLC;23/05/2020;;;;;;
25;599;20/11/2020;1378;Smith PLC;20/11/2020;Population;use;;;;
25;649;01/07/2021;592;Smith PLC;06/01/2021;Us;group;;;;
25;663;16/02/2021;869;Smith PLC;16/02/2021;Skin;Mrs;;;;
25;676;22/12/2023;3952;Smith PLC;11/12/2020;Manage;same;;;;
25;681;27/06/2025;1777;Smith PLC;20/01/2020;Fast;spend;;;;
25;724;13/05/2021;850;Smith PLC;21/02/2020;;;;;;
25;764;13/01/2021;903;Smith PLC;04/08/2020;Laugh;send;;;;
25;832;08/09/2020;986;Smith PLC;08/09/2020;;;;;;
25;915;27/06/2023;3607;Smith PLC;02/03/2020;But;forget;;;;
25;978;19/11/2024;3833;Smith PLC;05/07/2021;Listen;nature;;;;
26;56;01/01/2025;1028;Kelley;28/02/2020;;;;;;
26;110;22/04/2023;4888;Kelley;27/02/2020;Thus;heavy;;;;
26;137;10/12/2025;444;Kelley;23/06/2020;Within;seat;;;;
26;303;05/06/2022;4660;Kelley;05/10/2020;;;;;;
26;349;16/07/2021;2228;Kelley;16/07/2021;;;;;;
26;486;14/04/2022;1624;Kelley;28/12/2020;Try;sell;;;;
26;506;24/03/2025;1903;Kelley;11/07/2020;;;;;;
26;559;11/11/2020;4927;Kelley;16/01/2020;Where;interview;;;;
26;562;20/01/2023;524;Kelley;22/01/2020;;;;;;
26;644;04/07/2023;1397;Kelley;30/11/2020;;;;;;
26;673;09/11/2022;1950;Kelley;18/08/2021;If;need;;;;
26;764;15/01/2025;3228;Kelley;04/08/2020;Laugh;send;;;;
26;814;30/04/2023;2125;Kelley;03/05/2020;;;;;;
26;820;15/06/2023;919;Kelley;16/03/2020;Red;probably;;;;
26;889;08/12/2021;1377;Kelley;23/10/2020;Yard;white;;;;
26;915;07/02/2023;886;Kelley;02/03/2020;But;forget;;;;
26;920;05/05/2020;1294;Kelley;05/05/2020;Issue;suffer;;;;
27;49;10/10/2021;2165;Peters;21/05/2020;;;;;;
27;82;09/06/2021;3659;Peters;19/03/2020;Physical;simple;;;;
27;98;11/08/2021;2950;Peters;20/04/2020;Recent;kind;;;;
27;111;28/04/2020;258;Peters;25/04/2020;;;;;;
27;205;04/06/2024;1335;Peters;28/06/2020;;;;;;
27;292;09/04/2021;2088;Peters;27/03/2020;Card;rich;;;;
27;302;30/12/2023;4346;Peters;15/04/2020;;;;;;
27;446;02/12/2022;2510;Peters;01/10/2020;Establish;one;;;;
27;537;21/04/2025;3233;Peters;07/04/2020;Cost;outside;;;;
27;578;27/05/2024;2907;Peters;10/03/2020;;;;;;
27;584;19/11/2024;1316;Peters;25/03/2020;;;;;;
27;698;08/10/2024;1718;Peters;07/06/2020;;;;;;
27;707;18/06/2020;1135;Peters;18/06/2020;;;;;;
27;710;26/06/2022;3268;Peters;11/06/2020;;;;;;
27;724;23/11/2022;612;Peters;21/02/2020;;;;;;
27;872;06/11/2022;4473;Peters;01/01/2021;;;;;;
27;922;29/12/2021;4241;Peters;29/04/2020;Price;threat;;;;
27;952;18/02/2021;4803;Peters;08/01/2021;Fire;another;;;;
28;33;21/05/2022;920;Mcconnell;27/04/2020;;;;;;
28;52;13/11/2022;2030;Mcconnell;05/01/2020;;;;;;
28;75;30/01/2023;2396;Mcconnell;17/02/2020;Surface;throughout;;;;
28;191;04/08/2022;1042;Mcconnell;18/06/2020;;;;;;
28;222;13/08/2021;693;Mcconnell;26/11/2020;;;;;;
28;282;16/02/2024;919;Mcconnell;05/05/2020;;;;;;
28;314;12/07/2024;3219;Mcconnell;03/01/2020;Follow;street;;;;
28;386;20/11/2025;4001;Mcconnell;02/08/2020;Test;nothing;;;;
28;393;18/01/2022;1971;Mcconnell;18/01/2022;;;;;;
28;400;05/06/2021;4761;Mcconnell;25/03/2020;;;;;;
28;433;28/04/2024;4159;Mcconnell;23/10/2020;;;;;;
28;464;01/05/2020;1051;Mcconnell;01/05/2020;Ground;happen;;;;
28;479;06/10/2021;3041;Mcconnell;28/01/2020;;;;;;
28;524;13/05/2023;2783;Mcconnell;28/02/2021;Seven;rate;;;;
28;544;06/03/2025;3666;Mcconnell;24/09/2020;He;two;;;;
28;569;10/12/2022;4908;Mcconnell;06/07/2021;Degree;day;;;;
28;611;11/09/2021;3779;Mcconnell;01/02/2020;Series;seven;;;;
28;622;25/04/2023;184;Mcconnell;24/04/2020;How;buy;;;;
28;775;02/04/2022;2830;Mcconnell;27/12/2021;No;end;;;;
28;819;09/01/2022;3622;Mcconnell;20/11/2020;Former;involve;;;;
28;833;26/12/2025;3351;Mcconnell;31/10/2020;Mr;seek;;;;
28;891;25/06/2023;4247;Mcconnell;25/06/2023;;;;;;
28;992;03/12/2020;3661;Mcconnell;17/02/2020;Prevent;mother;;;;
29;69;01/11/2022;3437;Fowler Ltd;03/01/2020;College;doctor;;;;
29;145;25/11/2025;510;Fowler Ltd;29/12/2020;Bag;character;;;;
29;159;14/11/2022;4885;Fowler Ltd;01/11/2021;Help;activity;;;;
29;198;15/11/2020;4801;Fowler Ltd;15/11/2020;Water;rise;;;;
29;303;09/11/2023;4970;Fowler Ltd;05/10/2020;;;;;;
29;325;26/02/2023;657;Fowler Ltd;04/12/2020;Management;defense;;;;
29;357;25/12/2020;2912;Fowler Ltd;03/02/2020;;;;;;
29;388;10/03/2025;3482;Fowler Ltd;25/01/2021;Everyone;him;;;;
29;436;26/09/2022;4867;Fowler Ltd;13/05/2020;Whatever;every;;;;
29;489;16/10/2025;4254;Fowler Ltd;19/08/2020;;;;;;
29;522;15/07/2020;972;Fowler Ltd;30/01/2020;Laugh;else;;;;
29;530;31/12/2024;2933;Fowler Ltd;16/11/2021;;;;;;
29;544;24/09/2020;3830;Fowler Ltd;24/09/2020;He;two;;;;
29;553;20/12/2020;2642;Fowler Ltd;20/12/2020;Claim;news;;;;
29;585;05/08/2025;1850;Fowler Ltd;21/06/2020;Opportunity;ok;;;;
29;586;24/09/2024;505;Fowler Ltd;08/02/2020;;;;;;
29;637;24/06/2022;138;Fowler Ltd;23/08/2020;;;;;;
29;659;22/12/2023;2839;Fowler Ltd;20/01/2020;Table;page;;;;
29;681;19/01/2023;2167;Fowler Ltd;20/01/2020;Fast;spend;;;;
29;774;23/12/2025;3024;Fowler Ltd;13/12/2021;Start;area;;;;
29;858;09/12/2024;122;Fowler Ltd;09/02/2020;Good;all;;;;
29;871;16/10/2021;567;Fowler Ltd;13/04/2021;;;;;;
29;908;11/09/2024;3100;Fowler Ltd;19/08/2020;All;during;;;;
30;86;04/10/2020;2260;Black-Francis;04/10/2020;;;1;successful;101;Arte Contemporânea
30;97;15/11/2025;594;Black-Francis;31/03/2020;Edge;use;1;successful;101;Arte Contemporânea
30;144;11/12/2020;691;Black-Francis;11/12/2020;;;1;successful;101;Arte Contemporânea
30;145;24/07/2025;3508;Black-Francis;29/12/2020;Bag;character;1;successful;101;Arte Contemporânea
30;173;20/12/2020;4726;Black-Francis;14/03/2020;;;1;successful;101;Arte Contemporânea
30;199;04/11/2021;3785;Black-Francis;24/09/2020;Whole;successful;1;successful;101;Arte Contemporânea
30;214;26/03/2020;4915;Black-Francis;26/03/2020;Moment;cut;1;successful;101;Arte Contemporânea
30;217;02/01/2023;4265;Black-Francis;14/06/2020;Administration;create;1;successful;101;Arte Contemporânea
30;219;26/11/2024;3726;Black-Francis;20/01/2020;;;1;successful;101;Arte Contemporânea
30;264;14/01/2022;978;Black-Francis;14/12/2020;Sport;case;1;successful;101;Arte Contemporânea
30;364;18/06/2022;1383;Black-Francis;25/05/2020;Despite;church;1;successful;101;Arte Contemporânea
30;404;16/11/2020;493;Black-Francis;09/03/2020;Blood;treat;1;successful;101;Arte Contemporânea
30;464;22/06/2025;2767;Black-Francis;01/05/2020;Ground;happen;1;successful;101;Arte Contemporânea
30;468;28/12/2023;2222;Black-Francis;08/08/2020;;;1;successful;101;Arte Contemporânea
30;482;18/04/2022;1238;Black-Francis;11/01/2020;;;1;successful;101;Arte Contemporânea
30;511;24/12/2021;1761;Black-Francis;07/07/2020;Either;much;1;successful;101;Arte Contemporânea
30;574;31/12/2022;2428;Black-Francis;03/03/2020;Well;explain;1;successful;101;Arte Contemporânea
30;575;14/12/2021;3720;Black-Francis;09/09/2021;Report;notice;1;successful;101;Arte Contemporânea
30;620;21/10/2021;2846;Black-Francis;21/02/2020;;;1;successful;101;Arte Contemporânea
30;653;15/12/2024;1415;Black-Francis;19/01/2021;;;1;successful;101;Arte Contemporânea
30;656;30/12/2020;2284;Black-Francis;30/12/2020;Person;yourself;1;successful;101;Arte Contemporânea
30;783;02/05/2021;4487;Black-Francis;06/06/2020;;;1;successful;101;Arte Contemporânea
30;804;21/03/2021;2706;Black-Francis;05/03/2020;;;1;successful;101;Arte Contemporânea
31;102;04/08/2025;605;Mckee Ltd;22/06/2020;We;country;;;;
31;169;12/05/2025;3886;Mckee Ltd;04/07/2021;Through;military;;;;
31;275;30/03/2022;1672;Mckee Ltd;19/04/2020;;;;;;
31;426;20/12/2022;3145;Mckee Ltd;11/01/2021;;;;;;
31;558;14/01/2022;1470;Mckee Ltd;12/02/2020;Prepare;wish;;;;
31;562;07/10/2023;336;Mckee Ltd;22/01/2020;;;;;;
31;588;09/12/2023;4041;Mckee Ltd;21/08/2020;Successful;air;;;;
31;617;09/07/2022;1424;Mckee Ltd;25/02/2020;;;;;;
31;626;05/03/2022;2080;Mckee Ltd;09/07/2020;Sign;voice;;;;
31;742;28/01/2021;861;Mckee Ltd;21/05/2020;Computer;range;;;;
31;751;08/07/2022;3010;Mckee Ltd;28/04/2020;Report;turn;;;;
31;800;01/10/2023;4764;Mckee Ltd;20/02/2020;Focus;check;;;;
31;833;25/03/2022;2289;Mckee Ltd;31/10/2020;Mr;seek;;;;
31;840;22/06/2023;2289;Mckee Ltd;14/03/2020;Consider;people;;;;
31;851;28/06/2020;3871;Mckee Ltd;12/01/2020;Simple;itself;;;;
31;857;11/02/2023;4855;Mckee Ltd;06/03/2020;Operation;close;;;;
31;875;10/05/2025;1931;Mckee Ltd;29/04/2020;;;;;;
31;885;29/09/2025;3970;Mckee Ltd;12/06/2021;Commercial;answer;;;;
31;942;18/01/2026;771;Mckee Ltd;10/01/2020;;;;;;
31;956;16/11/2021;744;Mckee Ltd;10/05/2020;;;;;;
31;992;02/10/2021;3922;Mckee Ltd;17/02/2020;Prevent;mother;;;;
32;2;07/07/2021;4771;Wilson;31/01/2020;Benefit;key;;;;
32;13;13/02/2023;4168;Wilson;02/01/2020;;;;;;
32;48;22/10/2022;3602;Wilson;06/05/2020;A;job;;;;
32;59;07/01/2020;3455;Wilson;07/01/2020;Reason;than;;;;
32;87;19/06/2023;3732;Wilson;02/02/2020;Responsibility;dream;;;;
32;158;16/02/2026;2494;Wilson;05/04/2020;;;;;;
32;230;29/07/2024;3285;Wilson;26/07/2020;That;there;;;;
32;357;01/11/2021;1153;Wilson;03/02/2020;;;;;;
32;432;22/09/2020;1430;Wilson;28/03/2020;;;;;;
32;442;07/02/2026;2968;Wilson;29/08/2020;;;;;;
32;541;29/03/2022;533;Wilson;19/01/2020;Put;foot;;;;
32;603;19/06/2025;1026;Wilson;05/06/2020;;;;;;
32;680;07/08/2025;1581;Wilson;19/02/2020;;;;;;
32;724;02/07/2023;1024;Wilson;21/02/2020;;;;;;
32;757;15/03/2023;1164;Wilson;15/08/2021;;;;;;
32;775;04/07/2024;4115;Wilson;27/12/2021;No;end;;;;
32;776;15/12/2024;2752;Wilson;06/08/2020;;;;;;
32;850;04/02/2020;1513;Wilson;04/02/2020;Four;travel;;;;
32;907;26/10/2024;475;Wilson;22/03/2020;Public;change;;;;
32;929;08/06/2025;3945;Wilson;25/09/2020;Environmental;quality;;;;
33;11;09/06/2021;1962;Joseph PLC;09/06/2021;This;face;;;;
33;53;19/03/2023;2778;Joseph PLC;29/11/2021;Become;themselves;;;;
33;55;18/02/2023;1033;Joseph PLC;15/04/2020;;;;;;
33;241;05/06/2022;2521;Joseph PLC;10/06/2021;Clearly;serious;;;;
33;252;13/02/2026;2616;Joseph PLC;16/10/2021;Clear;clearly;;;;
33;257;21/12/2025;2147;Joseph PLC;08/01/2020;House;walk;;;;
33;296;01/07/2022;4629;Joseph PLC;08/02/2022;Pass;safe;;;;
33;327;18/02/2022;3530;Joseph PLC;12/11/2020;Image;style;;;;
33;432;30/09/2021;4132;Joseph PLC;28/03/2020;;;;;;
33;451;06/06/2024;3035;Joseph PLC;03/03/2020;Sign;face;;;;
33;454;04/09/2022;3645;Joseph PLC;12/02/2020;Stock;responsibility;;;;
33;533;23/09/2020;4301;Joseph PLC;04/06/2020;Reality;drop;;;;
33;535;02/04/2022;3377;Joseph PLC;05/04/2020;Feeling;red;;;;
33;595;21/07/2021;3294;Joseph PLC;15/02/2021;;;;;;
33;863;24/04/2023;1465;Joseph PLC;26/01/2020;Scene;particular;;;;
33;885;04/06/2024;683;Joseph PLC;12/06/2021;Commercial;answer;;;;
33;907;01/10/2020;425;Joseph PLC;22/03/2020;Public;change;;;;
33;970;27/04/2020;3892;Joseph PLC;27/04/2020;Onto;peace;;;;
33;998;05/05/2022;3919;Joseph PLC;28/06/2020;Stop;clear;;;;
34;2;29/11/2021;3388;Thomas;31/01/2020;Benefit;key;;;;
34;13;12/05/2020;928;Thomas;02/01/2020;;;;;;
34;46;23/11/2022;4562;Thomas;26/01/2021;Authority;artist;;;;
34;100;16/10/2023;383;Thomas;15/04/2020;Best;center;;;;
34;105;18/04/2021;2971;Thomas;02/04/2020;Same;nation;;;;
34;190;10/12/2021;4200;Thomas;19/10/2020;During;hit;;;;
34;314;14/04/2020;2754;Thomas;03/01/2020;Follow;street;;;;
34;524;04/07/2021;4043;Thomas;28/02/2021;Seven;rate;;;;
34;535;15/11/2022;2733;Thomas;05/04/2020;Feeling;red;;;;
34;540;06/08/2020;183;Thomas;27/06/2020;Seven;check;;;;
34;550;07/03/2025;924;Thomas;24/04/2020;;;;;;
34;680;08/04/2022;1836;Thomas;19/02/2020;;;;;;
34;700;22/08/2022;2125;Thomas;28/02/2022;;;;;;
34;700;16/05/2024;4412;Thomas;28/02/2022;;;;;;
34;721;08/11/2023;1239;Thomas;30/03/2021;;;;;;
34;776;11/04/2023;794;Thomas;06/08/2020;;;;;;
34;827;03/12/2020;2695;Thomas;03/12/2020;Soldier;throughout;;;;
34;835;11/06/2020;2262;Thomas;12/02/2020;;;;;;
34;863;23/05/2022;4456;Thomas;26/01/2020;Scene;particular;;;;
34;934;26/05/2022;4861;Thomas;08/01/2021;;;;;;
35;39;03/08/2020;4643;Mclean;27/02/2020;;;;;;
35;55;30/11/2022;3065;Mclean;15/04/2020;;;;;;
35;89;21/09/2020;4539;Mclean;08/04/2020;Involve;term;;;;
35;101;07/03/2020;555;Mclean;12/01/2020;Single;well;;;;
35;245;20/08/2025;3331;Mclean;08/01/2020;;;;;;
35;250;29/10/2022;1076;Mclean;18/12/2020;;;;;;
35;295;23/08/2023;4989;Mclean;13/12/2020;;;;;;
35;307;19/12/2022;3692;Mclean;02/11/2020;Second;fill;;;;
35;373;21/02/2022;2419;Mclean;22/01/2020;War;foot;;;;
35;420;22/12/2025;1750;Mclean;25/08/2021;;;;;;
35;465;20/08/2021;1962;Mclean;20/08/2021;Thus;choice;;;;
35;621;06/11/2025;4542;Mclean;15/09/2020;;;;;;
35;729;08/12/2021;4235;Mclean;08/12/2021;Store;value;;;;
35;758;10/09/2023;1324;Mclean;16/01/2021;;;;;;
35;888;03/04/2020;4677;Mclean;03/04/2020;History;appear;;;;
35;986;08/02/2026;629;Mclean;10/04/2020;Appear;career;;;;
36;84;15/08/2025;1864;Martinez PLC;16/07/2020;She;marriage;109;behavior;101;Arte Contemporânea
36;115;04/05/2022;3415;Martinez PLC;31/08/2020;;;109;behavior;101;Arte Contemporânea
36;151;14/09/2020;3579;Martinez PLC;14/09/2020;Risk;picture;109;behavior;101;Arte Contemporânea
36;213;27/08/2023;468;Martinez PLC;06/11/2020;Yet;product;109;behavior;101;Arte Contemporânea
36;244;12/01/2022;2669;Martinez PLC;07/06/2020;Military;level;109;behavior;101;Arte Contemporânea
36;247;09/09/2022;4465;Martinez PLC;27/04/2020;Never;allow;109;behavior;101;Arte Contemporânea
36;291;01/05/2022;2138;Martinez PLC;20/11/2020;Customer;set;109;behavior;101;Arte Contemporânea
36;358;06/03/2023;753;Martinez PLC;23/11/2020;Including;similar;109;behavior;101;Arte Contemporânea
36;468;20/08/2025;3523;Martinez PLC;08/08/2020;;;109;behavior;101;Arte Contemporânea
36;538;05/09/2024;3844;Martinez PLC;02/12/2020;Particularly;group;109;behavior;101;Arte Contemporânea
36;555;23/01/2021;809;Martinez PLC;10/02/2020;;;109;behavior;101;Arte Contemporânea
36;608;08/01/2023;823;Martinez PLC;15/05/2020;Hard;prepare;109;behavior;101;Arte Contemporânea
36;632;04/09/2025;766;Martinez PLC;11/02/2020;Although;book;109;behavior;101;Arte Contemporânea
36;672;16/12/2025;4578;Martinez PLC;03/01/2020;Once;yeah;109;behavior;101;Arte Contemporânea
36;690;22/12/2024;311;Martinez PLC;28/02/2020;South;attention;109;behavior;101;Arte Contemporânea
36;766;07/09/2025;1835;Martinez PLC;09/04/2020;;;109;behavior;101;Arte Contemporânea
36;789;07/04/2020;4865;Martinez PLC;07/04/2020;Dinner;upon;109;behavior;101;Arte Contemporânea
36;827;17/10/2022;3150;Martinez PLC;03/12/2020;Soldier;throughout;109;behavior;101;Arte Contemporânea
36;966;02/01/2026;1304;Martinez PLC;14/02/2021;;;109;behavior;101;Arte Contemporânea
36;983;25/01/2021;1810;Martinez PLC;30/06/2020;Black;thus;109;behavior;101;Arte Contemporânea
37;37;22/11/2022;4257;Carr;18/06/2020;Box;land;;;;
37;84;18/03/2022;4263;Carr;16/07/2020;She;marriage;;;;
37;84;11/09/2023;4146;Carr;16/07/2020;She;marriage;;;;
37;174;13/05/2021;3031;Carr;02/02/2020;East;something;;;;
37;226;24/09/2020;2696;Carr;30/04/2020;Buy;share;;;;
37;289;19/12/2025;360;Carr;22/07/2020;Action;very;;;;
37;418;23/01/2022;3122;Carr;03/05/2021;Method;civil;;;;
37;477;10/09/2023;1385;Carr;21/01/2020;Citizen;over;;;;
37;561;14/04/2021;4407;Carr;14/04/2021;;;;;;
37;677;10/02/2026;3127;Carr;26/08/2021;Bit;again;;;;
37;770;13/02/2024;186;Carr;06/12/2020;Use;reach;;;;
37;778;29/04/2024;4226;Carr;09/03/2020;Friend;do;;;;
37;800;28/01/2026;2007;Carr;20/02/2020;Focus;check;;;;
37;804;17/08/2020;4226;Carr;05/03/2020;;;;;;
37;944;17/12/2022;3704;Carr;03/01/2020;Sort;stage;;;;
37;974;16/04/2021;2476;Carr;16/04/2021;Six;stop;;;;
37;975;30/05/2024;4009;Carr;07/01/2020;For;rather;;;;
37;988;20/11/2023;4160;Carr;22/03/2020;;;;;;
38;8;22/03/2020;4515;Miles-Cook;22/03/2020;White;build;;;;
38;75;18/07/2022;933;Miles-Cook;17/02/2020;Surface;throughout;;;;
38;128;03/02/2026;4262;Miles-Cook;03/10/2020;Hour;out;;;;
38;341;05/01/2022;777;Miles-Cook;02/03/2020;;;;;;
38;345;02/12/2024;798;Miles-Cook;10/10/2020;Although;place;;;;
38;391;26/03/2023;2469;Miles-Cook;02/02/2020;Off;meet;;;;
38;416;07/09/2022;2559;Miles-Cook;13/03/2020;Some;kitchen;;;;
38;430;09/02/2024;4274;Miles-Cook;03/04/2020;Recent;be;;;;
38;453;14/11/2020;978;Miles-Cook;26/02/2020;Her;beautiful;;;;
38;494;20/12/2022;3892;Miles-Cook;19/01/2020;;;;;;
38;520;03/10/2024;2949;Miles-Cook;05/12/2020;Green;cultural;;;;
38;590;07/01/2020;2410;Miles-Cook;07/01/2020;Rich;thus;;;;
38;714;21/11/2023;3765;Miles-Cook;21/04/2020;Standard;ahead;;;;
38;827;22/12/2025;3328;Miles-Cook;03/12/2020;Soldier;throughout;;;;
38;835;21/12/2024;2593;Miles-Cook;12/02/2020;;;;;;
38;844;27/11/2021;4914;Miles-Cook;24/09/2020;Statement;benefit;;;;
38;901;21/08/2020;4605;Miles-Cook;07/04/2020;;;;;;
38;904;20/05/2025;4363;Miles-Cook;22/12/2020;Sometimes;mean;;;;
38;910;29/09/2023;505;Miles-Cook;05/07/2021;Rise;according;;;;
38;938;25/03/2025;2689;Miles-Cook;25/08/2021;American;but;;;;
39;27;24/07/2024;1103;Walsh-Gonzalez;12/05/2021;Agree;open;9;relate;79;Critica da Arte
39;172;16/10/2024;1260;Walsh-Gonzalez;16/04/2021;Turn;war;9;relate;79;Critica da Arte
39;252;31/07/2023;2868;Walsh-Gonzalez;16/10/2021;Clear;clearly;9;relate;79;Critica da Arte
39;275;29/05/2020;1666;Walsh-Gonzalez;19/04/2020;;;9;relate;79;Critica da Arte
39;295;27/11/2024;347;Walsh-Gonzalez;13/12/2020;;;9;relate;79;Critica da Arte
39;310;29/08/2021;3753;Walsh-Gonzalez;03/10/2020;;;9;relate;79;Critica da Arte
39;397;15/01/2022;3954;Walsh-Gonzalez;11/09/2020;;;9;relate;79;Critica da Arte
39;413;24/06/2023;2241;Walsh-Gonzalez;08/11/2020;Stop;country;9;relate;79;Critica da Arte
39;456;24/01/2022;1793;Walsh-Gonzalez;03/03/2020;Save;put;9;relate;79;Critica da Arte
39;482;14/10/2023;4493;Walsh-Gonzalez;11/01/2020;;;9;relate;79;Critica da Arte
39;514;06/03/2023;1233;Walsh-Gonzalez;22/08/2020;;;9;relate;79;Critica da Arte
39;520;07/11/2024;3604;Walsh-Gonzalez;05/12/2020;Green;cultural;9;relate;79;Critica da Arte
39;520;11/05/2023;802;Walsh-Gonzalez;05/12/2020;Green;cultural;9;relate;79;Critica da Arte
39;532;03/01/2023;169;Walsh-Gonzalez;23/11/2020;Time;town;9;relate;79;Critica da Arte
39;556;19/08/2025;256;Walsh-Gonzalez;08/03/2020;;;9;relate;79;Critica da Arte
39;570;23/09/2021;1879;Walsh-Gonzalez;05/06/2020;Rather;professional;9;relate;79;Critica da Arte
39;612;30/12/2024;2171;Walsh-Gonzalez;10/03/2020;;;9;relate;79;Critica da Arte
39;623;27/05/2023;3775;Walsh-Gonzalez;28/05/2022;;;9;relate;79;Critica da Arte
39;656;05/06/2023;3755;Walsh-Gonzalez;30/12/2020;Person;yourself;9;relate;79;Critica da Arte
39;704;25/03/2020;4350;Walsh-Gonzalez;29/02/2020;Mission;thought;9;relate;79;Critica da Arte
39;738;02/09/2022;4149;Walsh-Gonzalez;26/02/2020;Crime;country;9;relate;79;Critica da Arte
39;799;12/06/2020;1526;Walsh-Gonzalez;12/06/2020;;;9;relate;79;Critica da Arte
39;947;29/10/2023;185;Walsh-Gonzalez;13/06/2020;Quite;last;9;relate;79;Critica da Arte
40;14;05/09/2020;2708;Flores-Bradshaw;30/01/2020;Billion;hair;93;actually;101;Arte Contemporânea
40;14;05/09/2020;2708;Flores-Bradshaw;30/01/2020;Billion;hair;85;environmental;366;Desenvolvimento e Estudos Culturais
40;45;27/09/2021;509;Flores-Bradshaw;27/09/2021;Play;why;93;actually;101;Arte Contemporânea
40;45;27/09/2021;509;Flores-Bradshaw;27/09/2021;Play;why;85;environmental;366;Desenvolvimento e Estudos Culturais
40;224;06/06/2021;1923;Flores-Bradshaw;12/10/2020;Tonight;brother;93;actually;101;Arte Contemporânea
40;224;06/06/2021;1923;Flores-Bradshaw;12/10/2020;Tonight;brother;85;environmental;366;Desenvolvimento e Estudos Culturais
40;362;02/06/2023;3843;Flores-Bradshaw;13/02/2020;Memory;late;93;actually;101;Arte Contemporânea
40;362;02/06/2023;3843;Flores-Bradshaw;13/02/2020;Memory;late;85;environmental;366;Desenvolvimento e Estudos Culturais
40;469;23/03/2025;4832;Flores-Bradshaw;02/03/2022;Individual;whatever;93;actually;101;Arte Contemporânea
40;469;23/03/2025;4832;Flores-Bradshaw;02/03/2022;Individual;whatever;85;environmental;366;Desenvolvimento e Estudos Culturais
40;589;07/09/2022;1116;Flores-Bradshaw;13/07/2020;Necessary;far;93;actually;101;Arte Contemporânea
40;589;07/09/2022;1116;Flores-Bradshaw;13/07/2020;Necessary;far;85;environmental;366;Desenvolvimento e Estudos Culturais
40;590;10/03/2022;1603;Flores-Bradshaw;07/01/2020;Rich;thus;93;actually;101;Arte Contemporânea
40;590;10/03/2022;1603;Flores-Bradshaw;07/01/2020;Rich;thus;85;environmental;366;Desenvolvimento e Estudos Culturais
40;594;01/10/2022;3346;Flores-Bradshaw;26/01/2020;;;93;actually;101;Arte Contemporânea
40;594;01/10/2022;3346;Flores-Bradshaw;26/01/2020;;;85;environmental;366;Desenvolvimento e Estudos Culturais
40;607;14/07/2025;2742;Flores-Bradshaw;06/03/2021;Much;alone;93;actually;101;Arte Contemporânea
40;607;14/07/2025;2742;Flores-Bradshaw;06/03/2021;Much;alone;85;environmental;366;Desenvolvimento e Estudos Culturais
40;661;29/01/2021;4553;Flores-Bradshaw;27/01/2020;Power;cut;93;actually;101;Arte Contemporânea
40;661;29/01/2021;4553;Flores-Bradshaw;27/01/2020;Power;cut;85;environmental;366;Desenvolvimento e Estudos Culturais
40;691;10/08/2024;2442;Flores-Bradshaw;06/11/2020;Rate;ground;93;actually;101;Arte Contemporânea
40;691;10/08/2024;2442;Flores-Bradshaw;06/11/2020;Rate;ground;85;environmental;366;Desenvolvimento e Estudos Culturais
40;739;24/11/2025;4547;Flores-Bradshaw;01/04/2020;Pull;beautiful;93;actually;101;Arte Contemporânea
40;739;24/11/2025;4547;Flores-Bradshaw;01/04/2020;Pull;beautiful;85;environmental;366;Desenvolvimento e Estudos Culturais
40;772;26/07/2025;742;Flores-Bradshaw;02/02/2020;Fish;form;93;actually;101;Arte Contemporânea
40;772;26/07/2025;742;Flores-Bradshaw;02/02/2020;Fish;form;85;environmental;366;Desenvolvimento e Estudos Culturais
40;777;07/01/2021;2650;Flores-Bradshaw;12/10/2020;;;93;actually;101;Arte Contemporânea
40;777;07/01/2021;2650;Flores-Bradshaw;12/10/2020;;;85;environmental;366;Desenvolvimento e Estudos Culturais
40;813;15/08/2023;249;Flores-Bradshaw;22/09/2020;;;93;actually;101;Arte Contemporânea
40;813;15/08/2023;249;Flores-Bradshaw;22/09/2020;;;85;environmental;366;Desenvolvimento e Estudos Culturais
40;932;06/02/2023;3682;Flores-Bradshaw;29/02/2020;Some;debate;93;actually;101;Arte Contemporânea
40;932;06/02/2023;3682;Flores-Bradshaw;29/02/2020;Some;debate;85;environmental;366;Desenvolvimento e Estudos Culturais
40;941;16/01/2025;2295;Flores-Bradshaw;29/01/2020;However;require;93;actually;101;Arte Contemporânea
40;941;16/01/2025;2295;Flores-Bradshaw;29/01/2020;However;require;85;environmental;366;Desenvolvimento e Estudos Culturais
40;998;09/05/2021;4574;Flores-Bradshaw;28/06/2020;Stop;clear;93;actually;101;Arte Contemporânea
40;998;09/05/2021;4574;Flores-Bradshaw;28/06/2020;Stop;clear;85;environmental;366;Desenvolvimento e Estudos Culturais
41;96;15/02/2020;3343;Henry Group;15/02/2020;Like;available;;;;
41;101;14/03/2022;3287;Henry Group;12/01/2020;Single;well;;;;
41;203;17/12/2025;1612;Henry Group;29/05/2020;Key;time;;;;
41;426;01/12/2022;730;Henry Group;11/01/2021;;;;;;
41;430;06/02/2025;2854;Henry Group;03/04/2020;Recent;be;;;;
41;526;23/11/2024;1841;Henry Group;23/09/2020;Accept;strong;;;;
41;616;27/01/2023;1954;Henry Group;02/01/2020;Clear;reveal;;;;
41;646;11/02/2026;224;Henry Group;22/02/2020;;;;;;
41;728;05/02/2026;1011;Henry Group;30/01/2020;Fine;possible;;;;
41;763;20/12/2024;1461;Henry Group;06/12/2020;;;;;;
41;784;08/01/2022;275;Henry Group;21/03/2020;Exactly;a;;;;
41;832;28/09/2021;3951;Henry Group;08/09/2020;;;;;;
42;106;20/01/2020;4554;Summers LLC;20/01/2020;Peace;add;;;;
42;136;26/07/2024;1234;Summers LLC;22/08/2020;Reason;early;;;;
42;186;04/02/2026;1687;Summers LLC;09/07/2020;Congress;song;;;;
42;218;24/05/2023;4109;Summers LLC;22/05/2022;Heart;simply;;;;
42;278;14/03/2022;4140;Summers LLC;01/03/2020;;;;;;
42;326;02/07/2023;3210;Summers LLC;31/01/2020;Hot;film;;;;
42;400;07/08/2025;2585;Summers LLC;25/03/2020;;;;;;
42;484;15/10/2022;2088;Summers LLC;25/03/2020;Maybe;possible;;;;
42;608;02/11/2021;3612;Summers LLC;15/05/2020;Hard;prepare;;;;
42;612;19/07/2024;1460;Summers LLC;10/03/2020;;;;;;
42;778;01/08/2021;2415;Summers LLC;09/03/2020;Friend;do;;;;
42;785;03/11/2022;1304;Summers LLC;28/05/2020;Entire;close;;;;
42;849;12/09/2020;4156;Summers LLC;01/02/2020;;;;;;
42;897;20/02/2021;1992;Summers LLC;26/05/2020;;;;;;
42;916;07/03/2021;2122;Summers LLC;11/01/2020;Billion;process;;;;
42;927;27/12/2022;3557;Summers LLC;02/03/2020;;;;;;
42;951;16/11/2023;2584;Summers LLC;11/04/2020;Door;speak;;;;
43;38;23/05/2022;3955;Miller;06/05/2020;;;;;;
43;48;25/11/2021;145;Miller;06/05/2020;A;job;;;;
43;59;01/06/2020;924;Miller;07/01/2020;Reason;than;;;;
43;94;18/11/2021;1628;Miller;07/05/2020;Trouble;project;;;;
43;128;22/12/2023;4378;Miller;03/10/2020;Hour;out;;;;
43;145;31/12/2021;458;Miller;29/12/2020;Bag;character;;;;
43;152;19/07/2021;1763;Miller;23/07/2020;;;;;;
43;156;08/01/2026;3425;Miller;21/05/2022;Hundred;support;;;;
43;228;24/01/2020;138;Miller;24/01/2020;;;;;;
43;266;18/02/2022;2819;Miller;13/03/2020;Seek;boy;;;;
43;272;08/06/2021;4169;Miller;25/04/2020;Glass;outside;;;;
43;275;15/05/2024;251;Miller;19/04/2020;;;;;;
43;333;11/07/2021;3944;Miller;28/01/2020;Over;grow;;;;
43;381;01/08/2023;2589;Miller;04/02/2020;;;;;;
43;601;02/01/2023;3175;Miller;07/02/2022;Everybody;world;;;;
43;639;08/10/2024;2207;Miller;23/07/2021;Policy;into;;;;
43;653;04/07/2023;1053;Miller;19/01/2021;;;;;;
43;725;10/02/2026;2257;Miller;22/05/2020;;;;;;
43;812;13/06/2024;126;Miller;20/03/2020;;;;;;
43;813;18/03/2024;4203;Miller;22/09/2020;;;;;;
43;875;04/11/2021;1546;Miller;29/04/2020;;;;;;
44;4;22/03/2021;2673;Webb;21/04/2020;Read;detail;;;;
44;183;28/11/2020;1598;Webb;12/03/2020;;;;;;
44;191;15/04/2022;3401;Webb;18/06/2020;;;;;;
44;274;02/09/2021;1384;Webb;12/01/2020;;;;;;
44;307;05/08/2021;1692;Webb;02/11/2020;Second;fill;;;;
44;313;12/06/2023;4649;Webb;02/05/2021;;;;;;
44;466;28/03/2020;1345;Webb;29/02/2020;Hot;computer;;;;
44;521;01/02/2022;4711;Webb;14/03/2020;;;;;;
44;561;19/01/2023;1838;Webb;14/04/2021;;;;;;
44;603;23/01/2021;1843;Webb;05/06/2020;;;;;;
44;635;28/07/2022;4729;Webb;02/06/2021;;;;;;
44;659;03/10/2021;2877;Webb;20/01/2020;Table;page;;;;
44;710;15/09/2025;4937;Webb;11/06/2020;;;;;;
44;715;18/02/2025;2132;Webb;06/07/2020;Walk;ahead;;;;
44;776;06/08/2020;443;Webb;06/08/2020;;;;;;
44;973;01/05/2020;2260;Webb;01/05/2020;;;;;;
45;94;12/10/2025;2344;Reyes-Watson;07/05/2020;Trouble;project;;;;
45;103;01/01/2022;1266;Reyes-Watson;24/03/2020;Some;here;;;;
45;143;12/12/2020;1637;Reyes-Watson;12/12/2020;;;;;;
45;184;25/09/2023;4509;Reyes-Watson;25/03/2021;;;;;;
45;203;11/01/2021;1466;Reyes-Watson;29/05/2020;Key;time;;;;
45;274;17/04/2022;1636;Reyes-Watson;12/01/2020;;;;;;
45;370;11/09/2025;4869;Reyes-Watson;21/04/2020;Her;PM;;;;
45;487;05/08/2020;2362;Reyes-Watson;17/07/2020;Become;heavy;;;;
45;564;16/08/2020;1227;Reyes-Watson;16/08/2020;Contain;force;;;;
45;574;12/04/2020;1105;Reyes-Watson;03/03/2020;Well;explain;;;;
45;644;10/03/2024;3937;Reyes-Watson;30/11/2020;;;;;;
45;732;18/11/2020;4507;Reyes-Watson;30/03/2020;Happy;early;;;;
45;772;07/10/2020;147;Reyes-Watson;02/02/2020;Fish;form;;;;
45;923;25/12/2022;1253;Reyes-Watson;08/11/2020;Today;new;;;;
45;1000;23/07/2022;4170;Reyes-Watson;09/05/2020;Behavior;offer;;;;
46;8;16/07/2025;4277;Rodriguez;22/03/2020;White;build;;;;
46;64;22/10/2023;3492;Rodriguez;06/12/2020;Red;information;;;;
46;79;28/06/2020;1553;Rodriguez;28/06/2020;Worry;yard;;;;
46;182;28/07/2021;2394;Rodriguez;27/10/2020;Old;top;;;;
46;196;26/07/2022;2819;Rodriguez;18/11/2020;;;;;;
46;250;07/05/2021;2673;Rodriguez;18/12/2020;;;;;;
46;265;18/01/2021;1634;Rodriguez;24/02/2020;Third;girl;;;;
46;305;09/05/2025;3190;Rodriguez;25/07/2023;Despite;protect;;;;
46;347;04/07/2023;3156;Rodriguez;22/09/2020;Tax;perhaps;;;;
46;364;25/05/2020;2566;Rodriguez;25/05/2020;Despite;church;;;;
46;389;17/09/2023;4702;Rodriguez;15/01/2021;Where;house;;;;
46;430;23/11/2021;2974;Rodriguez;03/04/2020;Recent;be;;;;
46;451;16/09/2025;3934;Rodriguez;03/03/2020;Sign;face;;;;
46;453;24/03/2025;1423;Rodriguez;26/02/2020;Her;beautiful;;;;
46;556;08/03/2020;1079;Rodriguez;08/03/2020;;;;;;
46;566;06/09/2024;3044;Rodriguez;17/03/2020;Different;husband;;;;
46;625;04/06/2025;1028;Rodriguez;06/02/2020;Need;a;;;;
46;635;05/11/2023;2793;Rodriguez;02/06/2021;;;;;;
46;678;12/07/2020;2448;Rodriguez;26/05/2020;Treatment;once;;;;
46;724;20/11/2024;3561;Rodriguez;21/02/2020;;;;;;
46;796;16/10/2024;2798;Rodriguez;20/03/2020;;;;;;
46;799;17/01/2021;1936;Rodriguez;12/06/2020;;;;;;
46;804;30/06/2021;1935;Rodriguez;05/03/2020;;;;;;
46;835;18/07/2022;1928;Rodriguez;12/02/2020;;;;;;
46;886;14/07/2021;2470;Rodriguez;15/10/2020;Some;street;;;;
46;944;11/02/2023;4704;Rodriguez;03/01/2020;Sort;stage;;;;
46;973;03/12/2020;2815;Rodriguez;01/05/2020;;;;;;
47;74;18/05/2023;701;Perkins-Camacho;19/11/2021;Federal;forward;;;;
47;88;22/06/2021;2719;Perkins-Camacho;31/05/2020;Else;goal;;;;
47;93;21/01/2024;1603;Perkins-Camacho;27/04/2021;Painting;away;;;;
47;193;12/09/2021;4859;Perkins-Camacho;28/09/2020;;;;;;
47;213;25/07/2021;2707;Perkins-Camacho;06/11/2020;Yet;product;;;;
47;219;20/01/2020;3804;Perkins-Camacho;20/01/2020;;;;;;
47;219;04/04/2021;2245;Perkins-Camacho;20/01/2020;;;;;;
47;313;02/05/2021;4654;Perkins-Camacho;02/05/2021;;;;;;
47;335;15/06/2022;3224;Perkins-Camacho;03/03/2020;;;;;;
47;340;16/11/2024;4079;Perkins-Camacho;29/06/2020;Morning;reflect;;;;
47;431;05/04/2023;2931;Perkins-Camacho;03/04/2020;Appear;agency;;;;
47;440;16/01/2020;504;Perkins-Camacho;16/01/2020;Short;physical;;;;
47;490;07/07/2025;4948;Perkins-Camacho;27/03/2021;Road;campaign;;;;
47;502;14/11/2025;2842;Perkins-Camacho;13/10/2020;;;;;;
47;585;23/01/2021;4042;Perkins-Camacho;21/06/2020;Opportunity;ok;;;;
47;631;14/08/2020;3478;Perkins-Camacho;14/08/2020;;;;;;
47;634;13/06/2023;3606;Perkins-Camacho;11/02/2020;Ever;employee;;;;
47;640;25/01/2025;2352;Perkins-Camacho;12/01/2020;Important;yes;;;;
47;640;15/11/2024;1098;Perkins-Camacho;12/01/2020;Important;yes;;;;
47;767;30/06/2022;4483;Perkins-Camacho;09/09/2020;Artist;wait;;;;
47;829;06/10/2022;161;Perkins-Camacho;09/01/2020;Few;line;;;;
47;842;01/11/2022;4018;Perkins-Camacho;20/07/2020;Concern;other;;;;
47;913;09/04/2023;3486;Perkins-Camacho;08/07/2020;;;;;;
47;933;21/08/2020;4296;Perkins-Camacho;21/08/2020;Party;success;;;;
47;945;07/07/2023;1419;Perkins-Camacho;15/04/2020;;;;;;
47;974;01/07/2022;3827;Perkins-Camacho;16/04/2021;Six;stop;;;;
47;978;31/07/2025;2097;Perkins-Camacho;05/07/2021;Listen;nature;;;;
47;989;07/04/2020;4797;Perkins-Camacho;07/04/2020;Chair;we;;;;
48;44;26/09/2020;2570;Mcdaniel;26/09/2020;Sound;far;;;;
48;47;30/09/2021;1336;Mcdaniel;27/02/2020;Four;Crime;;;;
48;72;29/01/2025;4516;Mcdaniel;22/02/2020;How;white;;;;
48;111;31/08/2021;731;Mcdaniel;25/04/2020;;;;;;
48;126;28/11/2025;111;Mcdaniel;08/01/2020;Purpose;top;;;;
48;178;20/09/2022;2089;Mcdaniel;30/01/2020;Animal;huge;;;;
48;244;23/07/2025;3045;Mcdaniel;07/06/2020;Military;level;;;;
48;318;06/07/2020;4748;Mcdaniel;01/07/2020;;;;;;
48;371;09/06/2025;1877;Mcdaniel;19/09/2020;South;return;;;;
48;411;02/10/2024;321;Mcdaniel;28/07/2020;Board;ground;;;;
48;473;28/04/2022;4968;Mcdaniel;24/07/2020;;;;;;
48;499;05/09/2022;1765;Mcdaniel;14/03/2020;;;;;;
48;509;05/08/2024;2816;Mcdaniel;24/06/2020;;;;;;
48;518;02/11/2022;1549;Mcdaniel;25/09/2020;Administration;have;;;;
48;519;23/12/2021;2969;Mcdaniel;06/09/2020;Leader;technology;;;;
48;532;09/07/2021;4547;Mcdaniel;23/11/2020;Time;town;;;;
48;663;21/12/2025;1783;Mcdaniel;16/02/2021;Skin;Mrs;;;;
48;703;23/02/2025;591;Mcdaniel;02/09/2020;Form;fish;;;;
48;806;19/02/2022;1577;Mcdaniel;14/05/2021;Prevent;national;;;;
48;823;25/11/2022;3593;Mcdaniel;23/04/2020;;;;;;
48;858;18/07/2022;2977;Mcdaniel;09/02/2020;Good;all;;;;
48;915;21/07/2022;2392;Mcdaniel;02/03/2020;But;forget;;;;
48;925;24/03/2023;2797;Mcdaniel;15/04/2020;;;;;;
49;73;22/12/2020;4737;Christian-Aguilar;27/05/2020;Feel;oil;;;;
49;77;07/05/2025;357;Christian-Aguilar;29/01/2020;Help;together;;;;
49;94;26/09/2022;4872;Christian-Aguilar;07/05/2020;Trouble;project;;;;
49;99;06/08/2022;4209;Christian-Aguilar;01/04/2021;Stuff;by;;;;
49;119;16/10/2021;2713;Christian-Aguilar;31/03/2020;Although;bring;;;;
49;198;13/11/2021;3965;Christian-Aguilar;15/11/2020;Water;rise;;;;
49;281;06/02/2025;449;Christian-Aguilar;03/02/2020;;;;;;
49;377;13/05/2025;4326;Christian-Aguilar;25/04/2020;Performance;state;;;;
49;456;18/02/2025;1903;Christian-Aguilar;03/03/2020;Save;put;;;;
49;513;02/10/2022;4469;Christian-Aguilar;27/05/2020;;;;;;
49;515;14/04/2023;1231;Christian-Aguilar;01/06/2020;There;dinner;;;;
49;629;13/01/2023;4411;Christian-Aguilar;12/05/2020;;;;;;
49;687;13/02/2022;4739;Christian-Aguilar;27/04/2020;Many;where;;;;
49;714;30/08/2025;2690;Christian-Aguilar;21/04/2020;Standard;ahead;;;;
49;734;22/03/2022;3454;Christian-Aguilar;16/01/2020;Clearly;safe;;;;
49;820;20/06/2023;3559;Christian-Aguilar;16/03/2020;Red;probably;;;;
49;828;02/01/2023;3620;Christian-Aguilar;27/01/2021;Above;five;;;;
49;856;27/02/2025;4640;Christian-Aguilar;23/03/2020;Likely;city;;;;
49;868;21/11/2024;1575;Christian-Aguilar;06/06/2020;;;;;;
49;883;11/09/2020;2165;Christian-Aguilar;02/02/2020;Process;Crime;;;;
50;89;05/06/2024;627;Jones;08/04/2020;Involve;term;;;;
50;149;28/10/2020;3641;Jones;16/04/2020;Perform;these;;;;
50;310;26/11/2020;1074;Jones;03/10/2020;;;;;;
50;413;16/07/2022;3968;Jones;08/11/2020;Stop;country;;;;
50;428;17/06/2020;4147;Jones;03/03/2020;Me;across;;;;
50;489;24/02/2024;2064;Jones;19/08/2020;;;;;;
50;586;22/04/2020;3139;Jones;08/02/2020;;;;;;
50;604;02/12/2023;2120;Jones;11/02/2020;;;;;;
50;701;24/01/2022;2017;Jones;15/11/2020;;;;;;
50;716;14/08/2025;3994;Jones;29/06/2020;Person;race;;;;
50;760;07/12/2024;472;Jones;06/04/2020;;;;;;
50;804;26/06/2025;2132;Jones;05/03/2020;;;;;;
50;828;18/10/2021;2141;Jones;27/01/2021;Above;five;;;;
50;889;22/12/2022;1895;Jones;23/10/2020;Yard;white;;;;
50;915;11/12/2020;1015;Jones;02/03/2020;But;forget;;;;
50;955;01/04/2022;4099;Jones;13/02/2020;;;;;;
50;963;28/05/2021;1171;Jones;22/07/2020;Food;thousand;;;;
51;35;01/08/2025;3473;Patton-Montgomery;30/12/2020;Record;fund;;;;
51;67;11/10/2025;1355;Patton-Montgomery;09/10/2020;If;and;;;;
51;108;17/11/2022;4013;Patton-Montgomery;07/04/2020;;;;;;
51;286;21/01/2023;3049;Patton-Montgomery;16/05/2021;Property;notice;;;;
51;287;12/12/2022;1237;Patton-Montgomery;28/05/2020;Budget;understand;;;;
51;418;06/12/2024;3759;Patton-Montgomery;03/05/2021;Method;civil;;;;
51;503;15/09/2021;2339;Patton-Montgomery;10/09/2020;;;;;;
51;640;07/10/2021;1066;Patton-Montgomery;12/01/2020;Important;yes;;;;
51;663;22/02/2024;4287;Patton-Montgomery;16/02/2021;Skin;Mrs;;;;
51;838;09/02/2020;4808;Patton-Montgomery;09/02/2020;;;;;;
51;848;17/09/2025;1437;Patton-Montgomery;28/04/2020;Piece;particularly;;;;
51;848;09/11/2020;2646;Patton-Montgomery;28/04/2020;Piece;particularly;;;;
51;948;19/11/2024;3691;Patton-Montgomery;02/04/2020;Quality;successful;;;;
51;949;02/03/2025;2750;Patton-Montgomery;25/06/2021;Fight;agent;;;;
52;5;24/08/2020;2336;Torres;14/05/2020;;;;;;
52;44;27/03/2021;2571;Torres;26/09/2020;Sound;far;;;;
52;245;18/11/2022;2507;Torres;08/01/2020;;;;;;
52;258;01/11/2023;2581;Torres;12/04/2021;Enough;buy;;;;
52;259;07/07/2023;3900;Torres;20/06/2020;Picture;build;;;;
52;260;07/09/2024;2611;Torres;19/04/2020;Expert;knowledge;;;;
52;298;15/01/2021;2790;Torres;15/01/2021;;;;;;
52;360;18/12/2020;1026;Torres;20/03/2020;Question;walk;;;;
52;408;07/09/2022;1314;Torres;27/02/2020;Color;really;;;;
52;487;19/07/2023;4225;Torres;17/07/2020;Become;heavy;;;;
52;554;14/06/2022;2854;Torres;01/03/2021;;;;;;
52;574;25/08/2021;3191;Torres;03/03/2020;Well;explain;;;;
52;656;17/03/2022;3826;Torres;30/12/2020;Person;yourself;;;;
52;714;19/08/2021;944;Torres;21/04/2020;Standard;ahead;;;;
52;728;09/02/2023;698;Torres;30/01/2020;Fine;possible;;;;
52;827;22/09/2024;567;Torres;03/12/2020;Soldier;throughout;;;;
52;996;05/12/2020;3803;Torres;13/05/2020;Why;cover;;;;
53;20;10/11/2022;488;Mccormick and Sons;08/02/2020;Road;though;;;;
53;164;22/04/2020;4036;Mccormick and Sons;31/01/2020;Evening;guy;;;;
53;191;18/06/2025;3716;Mccormick and Sons;18/06/2020;;;;;;
53;250;21/11/2025;3800;Mccormick and Sons;18/12/2020;;;;;;
53;272;05/08/2021;3492;Mccormick and Sons;25/04/2020;Glass;outside;;;;
53;447;24/03/2021;4658;Mccormick and Sons;05/09/2020;Argue;rock;;;;
53;563;11/11/2021;364;Mccormick and Sons;18/05/2020;;;;;;
53;574;31/05/2023;4479;Mccormick and Sons;03/03/2020;Well;explain;;;;
53;604;12/12/2022;1967;Mccormick and Sons;11/02/2020;;;;;;
53;611;06/09/2023;1230;Mccormick and Sons;01/02/2020;Series;seven;;;;
53;623;07/08/2023;1418;Mccormick and Sons;28/05/2022;;;;;;
53;677;25/01/2023;4869;Mccormick and Sons;26/08/2021;Bit;again;;;;
53;828;10/05/2025;1724;Mccormick and Sons;27/01/2021;Above;five;;;;
53;882;25/03/2020;4921;Mccormick and Sons;25/03/2020;;;;;;
53;908;02/01/2025;4935;Mccormick and Sons;19/08/2020;All;during;;;;
54;80;26/06/2023;2017;Perkins;29/03/2020;;;;;;
54;96;21/07/2025;3936;Perkins;15/02/2020;Like;available;;;;
54;136;22/08/2020;3372;Perkins;22/08/2020;Reason;early;;;;
54;157;21/05/2020;2448;Perkins;03/03/2020;;;;;;
54;182;06/09/2021;700;Perkins;27/10/2020;Old;top;;;;
54;194;09/03/2025;4366;Perkins;27/03/2020;Pass;physical;;;;
54;200;17/09/2021;272;Perkins;23/02/2021;Produce;significant;;;;
54;226;19/08/2025;2300;Perkins;30/04/2020;Buy;share;;;;
54;261;15/05/2022;4438;Perkins;02/02/2020;;;;;;
54;333;27/09/2025;2522;Perkins;28/01/2020;Over;grow;;;;
54;356;23/12/2020;1669;Perkins;26/09/2020;;;;;;
54;364;15/12/2024;2359;Perkins;25/05/2020;Despite;church;;;;
54;433;09/09/2025;3864;Perkins;23/10/2020;;;;;;
54;480;26/10/2020;239;Perkins;23/04/2020;;;;;;
54;513;31/05/2021;2234;Perkins;27/05/2020;;;;;;
54;522;22/01/2025;1776;Perkins;30/01/2020;Laugh;else;;;;
54;601;16/09/2022;2222;Perkins;07/02/2022;Everybody;world;;;;
54;629;05/01/2021;1834;Perkins;12/05/2020;;;;;;
54;649;06/01/2021;3795;Perkins;06/01/2021;Us;group;;;;
54;666;21/11/2023;3883;Perkins;30/06/2021;;;;;;
54;686;23/05/2021;671;Perkins;10/10/2020;Human;vote;;;;
54;720;10/09/2020;1003;Perkins;10/09/2020;Rock;woman;;;;
54;750;20/02/2024;1018;Perkins;08/05/2020;;;;;;
54;782;17/02/2022;2101;Perkins;15/07/2021;Success;despite;;;;
54;799;17/09/2023;4058;Perkins;12/06/2020;;;;;;
54;944;17/11/2021;3643;Perkins;03/01/2020;Sort;stage;;;;
55;168;12/01/2025;1310;Smith Ltd;03/03/2020;Mrs;cover;;;;
55;199;18/01/2025;4697;Smith Ltd;24/09/2020;Whole;successful;;;;
55;357;12/05/2024;2426;Smith Ltd;03/02/2020;;;;;;
55;536;23/09/2023;1045;Smith Ltd;08/03/2020;Beat;factor;;;;
55;541;03/07/2022;4082;Smith Ltd;19/01/2020;Put;foot;;;;
55;558;25/07/2021;2571;Smith Ltd;12/02/2020;Prepare;wish;;;;
55;730;31/05/2021;4713;Smith Ltd;15/06/2020;;;;;;
55;827;14/06/2023;396;Smith Ltd;03/12/2020;Soldier;throughout;;;;
55;832;16/02/2022;3515;Smith Ltd;08/09/2020;;;;;;
55;865;08/09/2024;932;Smith Ltd;12/05/2020;That;with;;;;
55;910;01/03/2023;1899;Smith Ltd;05/07/2021;Rise;according;;;;
55;996;14/12/2023;3826;Smith Ltd;13/05/2020;Why;cover;;;;
56;74;11/06/2024;3720;Leach-Pearson;19/11/2021;Federal;forward;;;;
56;106;18/06/2020;3411;Leach-Pearson;20/01/2020;Peace;add;;;;
56;112;05/08/2021;776;Leach-Pearson;30/04/2020;Example;lose;;;;
56;183;01/06/2023;247;Leach-Pearson;12/03/2020;;;;;;
56;292;09/07/2021;3924;Leach-Pearson;27/03/2020;Card;rich;;;;
56;392;05/07/2023;4180;Leach-Pearson;04/01/2021;Budget;because;;;;
56;405;31/08/2024;1832;Leach-Pearson;22/06/2020;Time;sing;;;;
56;469;10/03/2023;919;Leach-Pearson;02/03/2022;Individual;whatever;;;;
56;486;25/06/2024;4543;Leach-Pearson;28/12/2020;Try;sell;;;;
56;507;29/07/2025;2960;Leach-Pearson;07/05/2020;Own;line;;;;
56;559;11/01/2024;4215;Leach-Pearson;16/01/2020;Where;interview;;;;
56;568;26/04/2025;3840;Leach-Pearson;06/03/2020;Prepare;great;;;;
56;602;09/01/2022;3958;Leach-Pearson;12/02/2020;;;;;;
56;622;26/11/2022;1637;Leach-Pearson;24/04/2020;How;buy;;;;
56;633;26/06/2025;4593;Leach-Pearson;29/02/2020;Check;reach;;;;
56;707;06/03/2024;212;Leach-Pearson;18/06/2020;;;;;;
56;824;09/09/2022;1758;Leach-Pearson;07/12/2020;Hit;less;;;;
56;884;20/04/2021;1939;Leach-Pearson;29/01/2020;Bar;opportunity;;;;
56;969;09/12/2023;4979;Leach-Pearson;10/02/2020;;;;;;
56;980;22/03/2023;2687;Leach-Pearson;22/04/2020;Meeting;who;;;;
56;988;14/02/2022;2980;Leach-Pearson;22/03/2020;;;;;;
56;998;28/06/2020;2504;Leach-Pearson;28/06/2020;Stop;clear;;;;
57;23;19/08/2024;3752;White Group;02/02/2020;These;and;;;;
57;55;22/10/2024;1671;White Group;15/04/2020;;;;;;
57;73;27/05/2020;1864;White Group;27/05/2020;Feel;oil;;;;
57;94;01/11/2021;379;White Group;07/05/2020;Trouble;project;;;;
57;156;12/11/2022;2915;White Group;21/05/2022;Hundred;support;;;;
57;194;22/06/2020;4138;White Group;27/03/2020;Pass;physical;;;;
57;227;18/08/2021;4208;White Group;21/11/2020;Ok;air;;;;
57;292;27/03/2020;3196;White Group;27/03/2020;Card;rich;;;;
57;314;21/08/2023;1211;White Group;03/01/2020;Follow;street;;;;
57;354;30/01/2026;2016;White Group;13/12/2020;;;;;;
57;414;03/03/2023;1365;White Group;06/04/2020;;;;;;
57;486;04/07/2023;4453;White Group;28/12/2020;Try;sell;;;;
57;529;01/09/2024;4087;White Group;17/03/2022;Speech;camera;;;;
57;543;21/08/2024;2231;White Group;03/01/2020;Rule;lay;;;;
57;552;19/08/2021;151;White Group;10/08/2020;Lead;message;;;;
57;716;26/06/2023;341;White Group;29/06/2020;Person;race;;;;
57;915;14/04/2023;580;White Group;02/03/2020;But;forget;;;;
57;949;30/01/2022;3442;White Group;25/06/2021;Fight;agent;;;;
57;1000;01/09/2023;696;White Group;09/05/2020;Behavior;offer;;;;
58;39;13/09/2025;817;Fernandez Ltd;27/02/2020;;;79;effort;79;Critica da Arte
58;222;05/02/2026;3776;Fernandez Ltd;26/11/2020;;;79;effort;79;Critica da Arte
58;248;19/08/2023;1039;Fernandez Ltd;04/09/2020;;;79;effort;79;Critica da Arte
58;266;13/03/2020;1391;Fernandez Ltd;13/03/2020;Seek;boy;79;effort;79;Critica da Arte
58;476;25/12/2025;1859;Fernandez Ltd;19/01/2021;;;79;effort;79;Critica da Arte
58;548;28/01/2023;341;Fernandez Ltd;31/03/2020;;;79;effort;79;Critica da Arte
58;925;12/03/2022;2839;Fernandez Ltd;15/04/2020;;;79;effort;79;Critica da Arte
58;938;30/01/2025;4303;Fernandez Ltd;25/08/2021;American;but;79;effort;79;Critica da Arte
59;4;23/08/2021;4269;Page PLC;21/04/2020;Read;detail;;;;
59;87;07/02/2022;287;Page PLC;02/02/2020;Responsibility;dream;;;;
59;106;23/01/2022;1410;Page PLC;20/01/2020;Peace;add;;;;
59;346;12/12/2023;4121;Page PLC;15/07/2020;Yard;member;;;;
59;353;01/05/2020;3717;Page PLC;01/05/2020;Kitchen;sign;;;;
59;398;06/01/2020;715;Page PLC;06/01/2020;Authority;treatment;;;;
59;461;12/07/2024;2258;Page PLC;03/11/2020;Issue;one;;;;
59;510;23/12/2024;3377;Page PLC;02/04/2020;;;;;;
59;517;04/02/2021;1416;Page PLC;16/09/2020;;;;;;
59;545;09/11/2020;4052;Page PLC;03/03/2020;Yes;plant;;;;
59;553;06/06/2025;4427;Page PLC;20/12/2020;Claim;news;;;;
59;554;01/03/2021;1843;Page PLC;01/03/2021;;;;;;
59;650;06/08/2025;3058;Page PLC;07/05/2020;Perform;entire;;;;
59;712;16/02/2026;706;Page PLC;12/03/2023;;;;;;
59;828;30/05/2021;2272;Page PLC;27/01/2021;Above;five;;;;
59;828;02/02/2024;4422;Page PLC;27/01/2021;Above;five;;;;
59;870;03/03/2024;2759;Page PLC;24/09/2022;Cold;also;;;;
59;877;16/04/2025;3357;Page PLC;27/01/2020;Operation;safe;;;;
59;906;13/10/2024;1862;Page PLC;26/08/2020;Third;newspaper;;;;
59;943;22/11/2023;3286;Page PLC;20/03/2020;Culture;goal;;;;
59;953;11/12/2020;513;Page PLC;03/09/2020;Involve;interest;;;;
59;987;13/08/2025;3985;Page PLC;21/03/2020;;;;;;
60;183;12/03/2020;761;Cox Ltd;12/03/2020;;;;;;
60;223;28/09/2025;3595;Cox Ltd;10/03/2020;;;;;;
60;276;08/01/2020;1296;Cox Ltd;08/01/2020;Chair;design;;;;
60;282;27/08/2021;4411;Cox Ltd;05/05/2020;;;;;;
60;418;29/05/2022;1147;Cox Ltd;03/05/2021;Method;civil;;;;
60;444;28/08/2022;4209;Cox Ltd;12/03/2020;Development;despite;;;;
60;446;01/10/2020;4768;Cox Ltd;01/10/2020;Establish;one;;;;
60;479;12/01/2026;4870;Cox Ltd;28/01/2020;;;;;;
60;483;17/05/2024;1664;Cox Ltd;10/07/2021;Line;than;;;;
60;541;06/02/2022;3406;Cox Ltd;19/01/2020;Put;foot;;;;
60;677;30/09/2023;1113;Cox Ltd;26/08/2021;Bit;again;;;;
60;861;18/07/2022;287;Cox Ltd;12/01/2020;Safe;every;;;;
60;908;20/01/2023;3527;Cox Ltd;19/08/2020;All;during;;;;
61;133;25/10/2023;3438;Myers Group;16/11/2020;Forward;market;195;particular;366;Desenvolvimento e Estudos Culturais
61;161;01/02/2020;3516;Myers Group;01/02/2020;Have;party;195;particular;366;Desenvolvimento e Estudos Culturais
61;192;07/09/2025;1005;Myers Group;17/10/2020;;;195;particular;366;Desenvolvimento e Estudos Culturais
61;211;11/08/2021;3225;Myers Group;05/07/2021;;;195;particular;366;Desenvolvimento e Estudos Culturais
61;221;06/03/2022;230;Myers Group;05/06/2020;Move;board;195;particular;366;Desenvolvimento e Estudos Culturais
61;222;26/03/2023;2524;Myers Group;26/11/2020;;;195;particular;366;Desenvolvimento e Estudos Culturais
61;293;24/07/2021;3554;Myers Group;14/10/2020;;;195;particular;366;Desenvolvimento e Estudos Culturais
61;307;29/03/2025;3907;Myers Group;02/11/2020;Second;fill;195;particular;366;Desenvolvimento e Estudos Culturais
61;320;26/01/2026;3760;Myers Group;04/02/2021;Happy;American;195;particular;366;Desenvolvimento e Estudos Culturais
61;367;29/06/2025;3390;Myers Group;24/01/2021;Event;soon;195;particular;366;Desenvolvimento e Estudos Culturais
61;406;14/10/2024;1272;Myers Group;10/11/2020;Fight;sometimes;195;particular;366;Desenvolvimento e Estudos Culturais
61;412;27/08/2023;688;Myers Group;24/06/2020;Night;third;195;particular;366;Desenvolvimento e Estudos Culturais
61;490;18/11/2023;1614;Myers Group;27/03/2021;Road;campaign;195;particular;366;Desenvolvimento e Estudos Culturais
61;501;20/04/2021;4206;Myers Group;20/04/2021;Avoid;approach;195;particular;366;Desenvolvimento e Estudos Culturais
61;510;25/01/2022;194;Myers Group;02/04/2020;;;195;particular;366;Desenvolvimento e Estudos Culturais
61;572;20/09/2021;1992;Myers Group;13/03/2020;Beyond;despite;195;particular;366;Desenvolvimento e Estudos Culturais
61;588;04/09/2020;2798;Myers Group;21/08/2020;Successful;air;195;particular;366;Desenvolvimento e Estudos Culturais
61;616;02/01/2020;150;Myers Group;02/01/2020;Clear;reveal;195;particular;366;Desenvolvimento e Estudos Culturais
61;618;27/06/2020;2285;Myers Group;27/06/2020;;;195;particular;366;Desenvolvimento e Estudos Culturais
61;656;06/06/2025;1838;Myers Group;30/12/2020;Person;yourself;195;particular;366;Desenvolvimento e Estudos Culturais
61;720;11/12/2021;946;Myers Group;10/09/2020;Rock;woman;195;particular;366;Desenvolvimento e Estudos Culturais
61;768;30/12/2023;4042;Myers Group;30/11/2021;Generation;claim;195;particular;366;Desenvolvimento e Estudos Culturais
61;792;02/03/2022;4645;Myers Group;25/04/2020;;;195;particular;366;Desenvolvimento e Estudos Culturais
61;820;16/03/2020;841;Myers Group;16/03/2020;Red;probably;195;particular;366;Desenvolvimento e Estudos Culturais
61;844;13/03/2021;3381;Myers Group;24/09/2020;Statement;benefit;195;particular;366;Desenvolvimento e Estudos Culturais
61;941;11/03/2023;2906;Myers Group;29/01/2020;However;require;195;particular;366;Desenvolvimento e Estudos Culturais
62;15;30/03/2024;834;Ortiz PLC;01/04/2021;;;;;;
62;83;07/05/2023;2032;Ortiz PLC;21/09/2020;Past;offer;;;;
62;115;21/07/2024;3705;Ortiz PLC;31/08/2020;;;;;;
62;144;19/01/2022;4983;Ortiz PLC;11/12/2020;;;;;;
62;157;02/05/2025;4649;Ortiz PLC;03/03/2020;;;;;;
62;174;15/02/2022;3131;Ortiz PLC;02/02/2020;East;something;;;;
62;249;05/06/2020;2784;Ortiz PLC;25/05/2020;Member;skin;;;;
62;258;12/04/2021;2859;Ortiz PLC;12/04/2021;Enough;buy;;;;
62;282;12/08/2021;318;Ortiz PLC;05/05/2020;;;;;;
62;599;30/06/2021;3279;Ortiz PLC;20/11/2020;Population;use;;;;
62;745;10/03/2024;4745;Ortiz PLC;14/01/2020;But;song;;;;
62;893;05/07/2023;4082;Ortiz PLC;08/04/2020;Officer;maintain;;;;
62;900;28/09/2025;3151;Ortiz PLC;05/04/2021;Rule;middle;;;;
62;910;11/05/2025;2640;Ortiz PLC;05/07/2021;Rise;according;;;;
62;913;12/06/2023;3185;Ortiz PLC;08/07/2020;;;;;;
62;989;04/12/2025;3427;Ortiz PLC;07/04/2020;Chair;we;;;;
63;123;17/10/2023;3955;Montes;28/05/2021;Moment;across;;;;
63;151;03/04/2023;2902;Montes;14/09/2020;Risk;picture;;;;
63;428;23/01/2023;194;Montes;03/03/2020;Me;across;;;;
63;433;13/03/2022;4873;Montes;23/10/2020;;;;;;
63;452;06/04/2024;4005;Montes;11/02/2020;Clearly;message;;;;
63;522;19/08/2023;3245;Montes;30/01/2020;Laugh;else;;;;
63;678;26/11/2020;3362;Montes;26/05/2020;Treatment;once;;;;
63;746;18/04/2020;4782;Montes;18/04/2020;;;;;;
63;796;25/12/2022;4691;Montes;20/03/2020;;;;;;
63;813;08/04/2024;1229;Montes;22/09/2020;;;;;;
63;826;31/07/2024;1479;Montes;01/07/2021;;;;;;
63;841;11/05/2024;3121;Montes;05/08/2020;Old;investment;;;;
63;923;31/08/2021;877;Montes;08/11/2020;Today;new;;;;
63;987;05/07/2022;3578;Montes;21/03/2020;;;;;;
64;88;01/01/2023;2555;Hicks and Sons;31/05/2020;Else;goal;;;;
64;91;22/10/2024;3914;Hicks and Sons;25/07/2020;Billion;tend;;;;
64;94;20/11/2025;3487;Hicks and Sons;07/05/2020;Trouble;project;;;;
64;112;02/01/2024;4556;Hicks and Sons;30/04/2020;Example;lose;;;;
64;130;07/04/2023;4520;Hicks and Sons;02/08/2020;Morning;real;;;;
64;133;08/02/2023;612;Hicks and Sons;16/11/2020;Forward;market;;;;
64;145;18/10/2023;4979;Hicks and Sons;29/12/2020;Bag;character;;;;
64;145;26/02/2022;4155;Hicks and Sons;29/12/2020;Bag;character;;;;
64;170;19/05/2023;1664;Hicks and Sons;19/01/2020;Wind;top;;;;
64;173;08/12/2025;1234;Hicks and Sons;14/03/2020;;;;;;
64;204;25/11/2025;3236;Hicks and Sons;12/03/2021;Significant;ten;;;;
64;220;05/08/2025;545;Hicks and Sons;08/02/2020;Board;keep;;;;
64;224;12/10/2020;753;Hicks and Sons;12/10/2020;Tonight;brother;;;;
64;396;18/06/2023;732;Hicks and Sons;04/07/2021;Also;mother;;;;
64;451;21/10/2025;4400;Hicks and Sons;03/03/2020;Sign;face;;;;
64;474;09/11/2021;1646;Hicks and Sons;07/09/2020;;;;;;
64;483;31/05/2022;3927;Hicks and Sons;10/07/2021;Line;than;;;;
64;487;09/04/2024;3047;Hicks and Sons;17/07/2020;Become;heavy;;;;
64;506;23/08/2024;4397;Hicks and Sons;11/07/2020;;;;;;
64;510;06/08/2021;2893;Hicks and Sons;02/04/2020;;;;;;
64;529;17/03/2022;3137;Hicks and Sons;17/03/2022;Speech;camera;;;;
64;624;01/07/2020;2405;Hicks and Sons;26/02/2020;Why;professor;;;;
64;678;26/11/2023;1813;Hicks and Sons;26/05/2020;Treatment;once;;;;
64;702;21/08/2022;4929;Hicks and Sons;23/01/2020;He;desCribe;;;;
64;702;23/01/2020;2378;Hicks and Sons;23/01/2020;He;desCribe;;;;
64;704;27/05/2022;3188;Hicks and Sons;29/02/2020;Mission;thought;;;;
64;776;20/07/2024;843;Hicks and Sons;06/08/2020;;;;;;
64;828;01/06/2024;2997;Hicks and Sons;27/01/2021;Above;five;;;;
64;862;19/03/2023;4407;Hicks and Sons;13/11/2021;;;;;;
64;952;04/01/2026;749;Hicks and Sons;08/01/2021;Fire;another;;;;
64;961;11/03/2020;2219;Hicks and Sons;05/02/2020;;;;;;
65;259;10/12/2024;3246;Kelley;20/06/2020;Picture;build;;;;
65;267;27/02/2024;959;Kelley;19/11/2020;;;;;;
65;369;04/07/2022;4909;Kelley;27/04/2020;This;already;;;;
65;379;11/09/2023;3110;Kelley;31/01/2020;Learn;husband;;;;
65;425;25/06/2020;3519;Kelley;25/06/2020;;;;;;
65;509;24/06/2020;3793;Kelley;24/06/2020;;;;;;
65;553;22/01/2022;3082;Kelley;20/12/2020;Claim;news;;;;
65;555;13/03/2023;3909;Kelley;10/02/2020;;;;;;
65;637;23/08/2020;1476;Kelley;23/08/2020;;;;;;
65;647;11/07/2021;4012;Kelley;05/01/2020;Maintain;coach;;;;
65;683;25/03/2020;1592;Kelley;08/01/2020;Away;wind;;;;
65;879;31/12/2020;1568;Kelley;26/04/2020;Interesting;board;;;;
65;905;13/02/2026;2873;Kelley;19/01/2020;Future;build;;;;
65;919;02/08/2024;3587;Kelley;04/06/2020;Low;word;;;;
65;959;20/05/2020;3607;Kelley;20/05/2020;Their;read;;;;
65;989;09/03/2021;4822;Kelley;07/04/2020;Chair;we;;;;
66;48;02/06/2022;2807;Crosby Ltd;06/05/2020;A;job;;;;
66;50;07/04/2022;925;Crosby Ltd;01/01/2020;Book;difference;;;;
66;56;28/02/2020;578;Crosby Ltd;28/02/2020;;;;;;
66;77;02/02/2022;4431;Crosby Ltd;29/01/2020;Help;together;;;;
66;92;14/11/2024;4130;Crosby Ltd;07/07/2020;Read;fly;;;;
66;103;24/03/2020;3227;Crosby Ltd;24/03/2020;Some;here;;;;
66;127;24/01/2023;330;Crosby Ltd;14/08/2020;Wait;show;;;;
66;182;27/10/2020;1273;Crosby Ltd;27/10/2020;Old;top;;;;
66;411;24/09/2022;506;Crosby Ltd;28/07/2020;Board;ground;;;;
66;616;24/01/2025;2718;Crosby Ltd;02/01/2020;Clear;reveal;;;;
66;671;20/03/2020;1428;Crosby Ltd;20/01/2020;;;;;;
66;735;22/03/2023;260;Crosby Ltd;08/01/2021;Learn;lose;;;;
66;761;04/02/2022;4180;Crosby Ltd;26/01/2020;Company;age;;;;
66;803;13/01/2026;1180;Crosby Ltd;28/06/2020;Also;source;;;;
66;868;30/10/2022;1700;Crosby Ltd;06/06/2020;;;;;;
66;876;27/07/2024;2227;Crosby Ltd;12/08/2020;In;ever;;;;
66;903;09/02/2026;3651;Crosby Ltd;02/05/2020;Admit;create;;;;
66;953;07/01/2021;2176;Crosby Ltd;03/09/2020;Involve;interest;;;;
66;1000;04/01/2023;1911;Crosby Ltd;09/05/2020;Behavior;offer;;;;
67;46;14/12/2021;2866;Fowler;26/01/2021;Authority;artist;;;;
67;141;01/03/2023;3062;Fowler;16/09/2021;;;;;;
67;153;11/06/2022;1610;Fowler;14/03/2020;What;out;;;;
67;176;15/09/2025;3129;Fowler;08/05/2020;;;;;;
67;191;16/06/2024;4342;Fowler;18/06/2020;;;;;;
67;204;10/09/2021;3359;Fowler;12/03/2021;Significant;ten;;;;
67;405;21/08/2025;3567;Fowler;22/06/2020;Time;sing;;;;
67;538;05/01/2024;4964;Fowler;02/12/2020;Particularly;group;;;;
67;541;12/08/2023;775;Fowler;19/01/2020;Put;foot;;;;
67;562;10/07/2022;1648;Fowler;22/01/2020;;;;;;
67;583;28/07/2021;2875;Fowler;12/12/2020;Data;popular;;;;
67;650;14/07/2021;3664;Fowler;07/05/2020;Perform;entire;;;;
67;744;23/02/2023;3000;Fowler;29/01/2020;Radio;like;;;;
67;837;12/01/2022;714;Fowler;13/01/2021;;;;;;
68;186;09/07/2020;4140;Jackson Ltd;09/07/2020;Congress;song;;;;
68;230;24/05/2023;521;Jackson Ltd;26/07/2020;That;there;;;;
68;323;30/01/2025;3366;Jackson Ltd;04/01/2020;Long;serve;;;;
68;371;13/03/2022;4888;Jackson Ltd;19/09/2020;South;return;;;;
68;425;01/02/2024;826;Jackson Ltd;25/06/2020;;;;;;
68;443;20/05/2025;4195;Jackson Ltd;01/05/2020;How;such;;;;
68;573;27/01/2022;4925;Jackson Ltd;28/10/2020;Drug;father;;;;
68;640;14/02/2021;2484;Jackson Ltd;12/01/2020;Important;yes;;;;
68;669;10/01/2024;1974;Jackson Ltd;17/12/2021;;;;;;
68;723;01/07/2022;1756;Jackson Ltd;05/02/2020;Take;above;;;;
68;725;23/08/2025;3504;Jackson Ltd;22/05/2020;;;;;;
68;734;13/06/2024;2353;Jackson Ltd;16/01/2020;Clearly;safe;;;;
68;747;19/02/2024;1309;Jackson Ltd;27/08/2021;White;indeed;;;;
68;755;22/08/2021;134;Jackson Ltd;22/01/2020;Hand;without;;;;
68;786;13/10/2021;2659;Jackson Ltd;06/05/2020;Move;dream;;;;
68;904;21/01/2025;243;Jackson Ltd;22/12/2020;Sometimes;mean;;;;
68;970;04/07/2022;4376;Jackson Ltd;27/04/2020;Onto;peace;;;;
68;985;21/09/2022;251;Jackson Ltd;25/08/2021;Detail;speech;;;;
69;31;29/07/2024;1749;Miller LLC;31/08/2020;Health;respond;183;make;366;Desenvolvimento e Estudos Culturais
69;58;29/02/2024;2784;Miller LLC;10/02/2020;;;183;make;366;Desenvolvimento e Estudos Culturais
69;78;22/05/2024;3521;Miller LLC;18/01/2020;;;183;make;366;Desenvolvimento e Estudos Culturais
69;102;04/07/2025;3804;Miller LLC;22/06/2020;We;country;183;make;366;Desenvolvimento e Estudos Culturais
69;111;04/04/2021;2137;Miller LLC;25/04/2020;;;183;make;366;Desenvolvimento e Estudos Culturais
69;180;11/11/2023;3700;Miller LLC;18/02/2020;As;beyond;183;make;366;Desenvolvimento e Estudos Culturais
69;220;11/03/2020;1774;Miller LLC;08/02/2020;Board;keep;183;make;366;Desenvolvimento e Estudos Culturais
69;238;02/08/2025;1768;Miller LLC;17/10/2021;;;183;make;366;Desenvolvimento e Estudos Culturais
69;285;16/02/2021;4781;Miller LLC;11/02/2020;Kitchen;two;183;make;366;Desenvolvimento e Estudos Culturais
69;331;23/02/2020;1320;Miller LLC;23/02/2020;Hope;technology;183;make;366;Desenvolvimento e Estudos Culturais
69;358;30/12/2022;397;Miller LLC;23/11/2020;Including;similar;183;make;366;Desenvolvimento e Estudos Culturais
69;564;23/11/2023;4122;Miller LLC;16/08/2020;Contain;force;183;make;366;Desenvolvimento e Estudos Culturais
69;742;21/05/2020;3435;Miller LLC;21/05/2020;Computer;range;183;make;366;Desenvolvimento e Estudos Culturais
69;806;29/12/2022;4545;Miller LLC;14/05/2021;Prevent;national;183;make;366;Desenvolvimento e Estudos Culturais
69;812;17/01/2026;1770;Miller LLC;20/03/2020;;;183;make;366;Desenvolvimento e Estudos Culturais
69;844;24/09/2020;3094;Miller LLC;24/09/2020;Statement;benefit;183;make;366;Desenvolvimento e Estudos Culturais
69;864;28/07/2020;4402;Miller LLC;03/07/2020;Amount;show;183;make;366;Desenvolvimento e Estudos Culturais
69;904;09/12/2023;2441;Miller LLC;22/12/2020;Sometimes;mean;183;make;366;Desenvolvimento e Estudos Culturais
69;948;27/09/2022;1791;Miller LLC;02/04/2020;Quality;successful;183;make;366;Desenvolvimento e Estudos Culturais
69;954;24/09/2024;4764;Miller LLC;25/04/2020;Our;face;183;make;366;Desenvolvimento e Estudos Culturais
69;981;09/10/2024;500;Miller LLC;09/05/2021;Walk;federal;183;make;366;Desenvolvimento e Estudos Culturais
70;1;28/12/2025;274;Allen;02/01/2020;;;;;;
70;61;08/06/2025;1891;Allen;01/10/2020;After;degree;;;;
70;100;05/12/2024;2408;Allen;15/04/2020;Best;center;;;;
70;181;18/11/2021;4420;Allen;22/11/2020;;;;;;
70;190;22/12/2025;2236;Allen;19/10/2020;During;hit;;;;
70;212;26/02/2024;365;Allen;04/03/2020;;;;;;
70;225;19/08/2021;810;Allen;30/01/2020;Book;quality;;;;
70;262;08/10/2024;994;Allen;01/01/2020;Kind;pick;;;;
70;286;23/06/2024;1279;Allen;16/05/2021;Property;notice;;;;
70;518;25/09/2020;2389;Allen;25/09/2020;Administration;have;;;;
70;559;19/05/2023;2826;Allen;16/01/2020;Where;interview;;;;
70;578;16/11/2020;454;Allen;10/03/2020;;;;;;
70;607;30/12/2022;1863;Allen;06/03/2021;Much;alone;;;;
70;614;07/05/2022;1866;Allen;10/04/2022;Majority;myself;;;;
70;717;15/07/2020;3068;Allen;05/04/2020;Think;future;;;;
70;754;23/10/2023;3682;Allen;30/08/2020;That;country;;;;
70;761;04/06/2022;4086;Allen;26/01/2020;Company;age;;;;
70;900;02/09/2022;3639;Allen;05/04/2021;Rule;middle;;;;
70;903;27/06/2022;3018;Allen;02/05/2020;Admit;create;;;;
70;906;23/12/2024;3476;Allen;26/08/2020;Third;newspaper;;;;
70;961;05/02/2020;103;Allen;05/02/2020;;;;;;
70;965;12/03/2021;2953;Allen;24/02/2020;;;;;;
71;14;26/12/2024;949;Rush;30/01/2020;Billion;hair;;;;
71;81;23/04/2021;1606;Rush;20/04/2020;Chair;dark;;;;
71;112;28/06/2023;331;Rush;30/04/2020;Example;lose;;;;
71;128;28/09/2025;3066;Rush;03/10/2020;Hour;out;;;;
71;200;19/08/2022;812;Rush;23/02/2021;Produce;significant;;;;
71;239;05/04/2020;1580;Rush;14/02/2020;;;;;;
71;292;21/03/2025;1006;Rush;27/03/2020;Card;rich;;;;
71;308;21/03/2020;3477;Rush;21/03/2020;Customer;apply;;;;
71;362;30/07/2024;2022;Rush;13/02/2020;Memory;late;;;;
71;381;21/02/2022;2216;Rush;04/02/2020;;;;;;
71;424;01/10/2020;4795;Rush;29/01/2020;Item;usually;;;;
71;478;30/09/2025;3852;Rush;16/03/2020;Common;cold;;;;
71;625;23/09/2022;3288;Rush;06/02/2020;Need;a;;;;
71;648;09/06/2022;3118;Rush;13/03/2020;Fish;high;;;;
71;789;07/02/2026;3494;Rush;07/04/2020;Dinner;upon;;;;
71;797;10/03/2022;4224;Rush;07/01/2020;Quickly;top;;;;
71;831;12/03/2020;3836;Rush;04/03/2020;Available;arrive;;;;
71;836;01/02/2021;765;Rush;23/10/2020;Benefit;accept;;;;
71;901;01/01/2023;1145;Rush;07/04/2020;;;;;;
71;945;15/09/2020;3837;Rush;15/04/2020;;;;;;
71;951;02/09/2020;1338;Rush;11/04/2020;Door;speak;;;;
71;973;06/05/2020;3486;Rush;01/05/2020;;;;;;
71;988;04/04/2020;3606;Rush;22/03/2020;;;;;;
71;993;16/02/2023;3092;Rush;01/11/2020;;;;;;
72;24;30/08/2025;3818;Austin-Mcfarland;19/11/2021;Cut;similar;165;might;366;Desenvolvimento e Estudos Culturais
72;24;30/08/2025;3818;Austin-Mcfarland;19/11/2021;Cut;similar;21;perform;366;Desenvolvimento e Estudos Culturais
72;67;30/10/2021;757;Austin-Mcfarland;09/10/2020;If;and;165;might;366;Desenvolvimento e Estudos Culturais
72;67;30/10/2021;757;Austin-Mcfarland;09/10/2020;If;and;21;perform;366;Desenvolvimento e Estudos Culturais
72;71;23/01/2026;3590;Austin-Mcfarland;04/04/2020;Bank;standard;165;might;366;Desenvolvimento e Estudos Culturais
72;71;23/01/2026;3590;Austin-Mcfarland;04/04/2020;Bank;standard;21;perform;366;Desenvolvimento e Estudos Culturais
72;186;03/11/2025;1671;Austin-Mcfarland;09/07/2020;Congress;song;165;might;366;Desenvolvimento e Estudos Culturais
72;186;03/11/2025;1671;Austin-Mcfarland;09/07/2020;Congress;song;21;perform;366;Desenvolvimento e Estudos Culturais
72;231;04/06/2023;1741;Austin-Mcfarland;17/12/2020;;;165;might;366;Desenvolvimento e Estudos Culturais
72;231;04/06/2023;1741;Austin-Mcfarland;17/12/2020;;;21;perform;366;Desenvolvimento e Estudos Culturais
72;255;21/09/2021;4523;Austin-Mcfarland;19/02/2020;Music;ability;165;might;366;Desenvolvimento e Estudos Culturais
72;255;21/09/2021;4523;Austin-Mcfarland;19/02/2020;Music;ability;21;perform;366;Desenvolvimento e Estudos Culturais
72;297;03/08/2021;1419;Austin-Mcfarland;20/11/2020;;;165;might;366;Desenvolvimento e Estudos Culturais
72;297;03/08/2021;1419;Austin-Mcfarland;20/11/2020;;;21;perform;366;Desenvolvimento e Estudos Culturais
72;333;07/02/2022;1724;Austin-Mcfarland;28/01/2020;Over;grow;165;might;366;Desenvolvimento e Estudos Culturais
72;333;07/02/2022;1724;Austin-Mcfarland;28/01/2020;Over;grow;21;perform;366;Desenvolvimento e Estudos Culturais
72;442;20/07/2022;817;Austin-Mcfarland;29/08/2020;;;165;might;366;Desenvolvimento e Estudos Culturais
72;442;20/07/2022;817;Austin-Mcfarland;29/08/2020;;;21;perform;366;Desenvolvimento e Estudos Culturais
72;581;30/03/2025;4380;Austin-Mcfarland;23/05/2020;;;165;might;366;Desenvolvimento e Estudos Culturais
72;581;30/03/2025;4380;Austin-Mcfarland;23/05/2020;;;21;perform;366;Desenvolvimento e Estudos Culturais
72;640;15/11/2025;2722;Austin-Mcfarland;12/01/2020;Important;yes;165;might;366;Desenvolvimento e Estudos Culturais
72;640;15/11/2025;2722;Austin-Mcfarland;12/01/2020;Important;yes;21;perform;366;Desenvolvimento e Estudos Culturais
72;660;07/12/2024;3732;Austin-Mcfarland;10/01/2021;;;165;might;366;Desenvolvimento e Estudos Culturais
72;660;07/12/2024;3732;Austin-Mcfarland;10/01/2021;;;21;perform;366;Desenvolvimento e Estudos Culturais
72;686;28/04/2025;1523;Austin-Mcfarland;10/10/2020;Human;vote;165;might;366;Desenvolvimento e Estudos Culturais
72;686;28/04/2025;1523;Austin-Mcfarland;10/10/2020;Human;vote;21;perform;366;Desenvolvimento e Estudos Culturais
72;707;27/04/2023;3097;Austin-Mcfarland;18/06/2020;;;165;might;366;Desenvolvimento e Estudos Culturais
72;707;27/04/2023;3097;Austin-Mcfarland;18/06/2020;;;21;perform;366;Desenvolvimento e Estudos Culturais
72;763;20/08/2024;4493;Austin-Mcfarland;06/12/2020;;;165;might;366;Desenvolvimento e Estudos Culturais
72;763;20/08/2024;4493;Austin-Mcfarland;06/12/2020;;;21;perform;366;Desenvolvimento e Estudos Culturais
72;766;21/11/2020;2647;Austin-Mcfarland;09/04/2020;;;165;might;366;Desenvolvimento e Estudos Culturais
72;766;21/11/2020;2647;Austin-Mcfarland;09/04/2020;;;21;perform;366;Desenvolvimento e Estudos Culturais
72;771;18/04/2020;1239;Austin-Mcfarland;18/01/2020;Should;wrong;165;might;366;Desenvolvimento e Estudos Culturais
72;771;18/04/2020;1239;Austin-Mcfarland;18/01/2020;Should;wrong;21;perform;366;Desenvolvimento e Estudos Culturais
72;778;25/05/2025;4263;Austin-Mcfarland;09/03/2020;Friend;do;165;might;366;Desenvolvimento e Estudos Culturais
72;778;25/05/2025;4263;Austin-Mcfarland;09/03/2020;Friend;do;21;perform;366;Desenvolvimento e Estudos Culturais
72;914;07/04/2023;4150;Austin-Mcfarland;27/03/2020;School;hope;165;might;366;Desenvolvimento e Estudos Culturais
72;914;07/04/2023;4150;Austin-Mcfarland;27/03/2020;School;hope;21;perform;366;Desenvolvimento e Estudos Culturais
72;921;11/11/2025;1693;Austin-Mcfarland;13/02/2020;Local;often;165;might;366;Desenvolvimento e Estudos Culturais
72;921;11/11/2025;1693;Austin-Mcfarland;13/02/2020;Local;often;21;perform;366;Desenvolvimento e Estudos Culturais
72;992;17/02/2020;1190;Austin-Mcfarland;17/02/2020;Prevent;mother;165;might;366;Desenvolvimento e Estudos Culturais
72;992;17/02/2020;1190;Austin-Mcfarland;17/02/2020;Prevent;mother;21;perform;366;Desenvolvimento e Estudos Culturais
73;32;26/10/2023;843;Graham-Luna;20/01/2022;Event;continue;;;;
73;58;22/02/2021;190;Graham-Luna;10/02/2020;;;;;;
73;98;22/09/2022;1923;Graham-Luna;20/04/2020;Recent;kind;;;;
73;190;28/03/2024;2937;Graham-Luna;19/10/2020;During;hit;;;;
73;264;01/02/2024;503;Graham-Luna;14/12/2020;Sport;case;;;;
73;269;28/07/2024;3749;Graham-Luna;02/03/2020;But;leg;;;;
73;272;23/07/2025;436;Graham-Luna;25/04/2020;Glass;outside;;;;
73;276;09/02/2025;3961;Graham-Luna;08/01/2020;Chair;design;;;;
73;303;15/10/2022;3188;Graham-Luna;05/10/2020;;;;;;
73;321;27/06/2020;2710;Graham-Luna;04/06/2020;;;;;;
73;408;22/02/2021;284;Graham-Luna;27/02/2020;Color;really;;;;
73;417;06/03/2025;2305;Graham-Luna;09/04/2020;Approach;interview;;;;
73;512;26/10/2025;2020;Graham-Luna;17/05/2020;;;;;;
73;723;16/01/2026;2574;Graham-Luna;05/02/2020;Take;above;;;;
73;769;09/05/2021;4705;Graham-Luna;23/01/2020;;;;;;
73;869;30/05/2021;3945;Graham-Luna;02/03/2020;Require;herself;;;;
73;889;08/04/2023;4770;Graham-Luna;23/10/2020;Yard;white;;;;
74;47;24/04/2021;2129;Smith-White;27/02/2020;Four;Crime;;;;
74;76;16/11/2021;4385;Smith-White;12/05/2020;Rest;would;;;;
74;119;15/05/2020;2278;Smith-White;31/03/2020;Although;bring;;;;
74;124;12/12/2023;741;Smith-White;18/08/2020;Friend;prevent;;;;
74;159;21/09/2022;4223;Smith-White;01/11/2021;Help;activity;;;;
74;244;13/07/2023;1048;Smith-White;07/06/2020;Military;level;;;;
74;255;29/10/2022;2008;Smith-White;19/02/2020;Music;ability;;;;
74;353;04/12/2023;3810;Smith-White;01/05/2020;Kitchen;sign;;;;
74;378;04/12/2020;1782;Smith-White;23/02/2020;Support;rather;;;;
74;416;10/01/2021;4311;Smith-White;13/03/2020;Some;kitchen;;;;
74;417;20/11/2025;845;Smith-White;09/04/2020;Approach;interview;;;;
74;425;17/09/2020;1929;Smith-White;25/06/2020;;;;;;
74;443;23/12/2021;1174;Smith-White;01/05/2020;How;such;;;;
74;493;10/10/2023;1106;Smith-White;22/03/2020;;;;;;
74;523;24/11/2021;4091;Smith-White;19/03/2020;Base;remember;;;;
74;593;20/05/2021;449;Smith-White;27/01/2020;Yet;nothing;;;;
74;600;11/06/2024;475;Smith-White;08/07/2020;;;;;;
74;604;17/06/2024;539;Smith-White;11/02/2020;;;;;;
74;662;20/12/2020;2484;Smith-White;20/12/2020;;;;;;
74;667;19/12/2020;4956;Smith-White;19/12/2020;Apply;third;;;;
74;670;05/12/2021;3696;Smith-White;01/03/2020;;;;;;
74;713;26/03/2025;185;Smith-White;28/02/2020;Drug;talk;;;;
74;725;22/05/2020;4094;Smith-White;22/05/2020;;;;;;
74;771;20/06/2023;2052;Smith-White;18/01/2020;Should;wrong;;;;
74;860;17/10/2022;682;Smith-White;07/04/2020;Push;yard;;;;
74;899;22/02/2024;642;Smith-White;13/03/2020;Fine;hundred;;;;
74;916;18/08/2020;2586;Smith-White;11/01/2020;Billion;process;;;;
75;125;24/02/2025;3549;Khan;10/04/2021;;;;;;
75;163;03/12/2024;3764;Khan;04/03/2020;Treat;majority;;;;
75;217;22/06/2022;2975;Khan;14/06/2020;Administration;create;;;;
75;238;10/07/2022;614;Khan;17/10/2021;;;;;;
75;312;21/12/2024;1927;Khan;13/02/2020;;;;;;
75;459;31/07/2024;889;Khan;01/02/2020;Station;suggest;;;;
75;495;02/10/2024;4692;Khan;06/05/2020;Spring;standard;;;;
75;521;17/12/2022;957;Khan;14/03/2020;;;;;;
75;619;14/04/2022;3945;Khan;14/04/2020;;;;;;
75;634;16/09/2025;3307;Khan;11/02/2020;Ever;employee;;;;
75;646;07/11/2021;3643;Khan;22/02/2020;;;;;;
75;723;04/03/2021;2421;Khan;05/02/2020;Take;above;;;;
75;746;29/01/2021;4604;Khan;18/04/2020;;;;;;
75;899;10/05/2021;2420;Khan;13/03/2020;Fine;hundred;;;;
75;961;15/05/2022;4305;Khan;05/02/2020;;;;;;
76;83;03/07/2023;283;Evans PLC;21/09/2020;Past;offer;197;above;79;Critica da Arte
76;162;18/01/2025;2239;Evans PLC;16/12/2020;;;197;above;79;Critica da Arte
76;233;15/11/2025;2657;Evans PLC;14/02/2020;Herself;water;197;above;79;Critica da Arte
76;279;01/07/2022;335;Evans PLC;03/07/2021;These;news;197;above;79;Critica da Arte
76;315;19/06/2021;3131;Evans PLC;09/01/2020;Majority;call;197;above;79;Critica da Arte
76;329;24/07/2020;2418;Evans PLC;17/06/2020;Hit;house;197;above;79;Critica da Arte
76;376;12/04/2020;3724;Evans PLC;12/04/2020;Artist;seek;197;above;79;Critica da Arte
76;536;29/06/2025;4726;Evans PLC;08/03/2020;Beat;factor;197;above;79;Critica da Arte
76;545;03/03/2020;2175;Evans PLC;03/03/2020;Yes;plant;197;above;79;Critica da Arte
76;550;10/12/2023;4971;Evans PLC;24/04/2020;;;197;above;79;Critica da Arte
76;601;23/12/2023;494;Evans PLC;07/02/2022;Everybody;world;197;above;79;Critica da Arte
76;616;03/06/2022;1731;Evans PLC;02/01/2020;Clear;reveal;197;above;79;Critica da Arte
76;640;06/11/2025;4922;Evans PLC;12/01/2020;Important;yes;197;above;79;Critica da Arte
76;671;20/06/2020;2930;Evans PLC;20/01/2020;;;197;above;79;Critica da Arte
76;740;29/04/2021;4762;Evans PLC;18/05/2020;Side;ok;197;above;79;Critica da Arte
76;805;17/02/2026;2626;Evans PLC;12/06/2022;Begin;company;197;above;79;Critica da Arte
76;813;30/01/2022;1687;Evans PLC;22/09/2020;;;197;above;79;Critica da Arte
76;919;27/07/2022;567;Evans PLC;04/06/2020;Low;word;197;above;79;Critica da Arte
76;949;01/08/2023;644;Evans PLC;25/06/2021;Fight;agent;197;above;79;Critica da Arte
77;111;04/04/2025;4370;Spencer-Rivera;25/04/2020;;;;;;
77;182;28/10/2025;2793;Spencer-Rivera;27/10/2020;Old;top;;;;
77;230;22/07/2022;2356;Spencer-Rivera;26/07/2020;That;there;;;;
77;241;21/11/2022;3963;Spencer-Rivera;10/06/2021;Clearly;serious;;;;
77;421;20/08/2020;4889;Spencer-Rivera;27/03/2020;Top;finally;;;;
77;463;16/01/2026;2966;Spencer-Rivera;25/03/2020;Money;rate;;;;
77;508;21/02/2025;1064;Spencer-Rivera;12/12/2020;Daughter;board;;;;
77;535;22/07/2020;2245;Spencer-Rivera;05/04/2020;Feeling;red;;;;
77;544;05/02/2026;1824;Spencer-Rivera;24/09/2020;He;two;;;;
77;608;02/04/2021;3682;Spencer-Rivera;15/05/2020;Hard;prepare;;;;
77;676;17/07/2022;1990;Spencer-Rivera;11/12/2020;Manage;same;;;;
77;686;14/01/2025;2383;Spencer-Rivera;10/10/2020;Human;vote;;;;
77;775;22/02/2023;3835;Spencer-Rivera;27/12/2021;No;end;;;;
77;894;11/09/2020;3566;Spencer-Rivera;11/09/2020;Scientist;tax;;;;
77;899;27/02/2022;2370;Spencer-Rivera;13/03/2020;Fine;hundred;;;;
77;927;16/04/2021;442;Spencer-Rivera;02/03/2020;;;;;;
77;979;21/11/2025;2808;Spencer-Rivera;08/01/2021;;;;;;
77;980;18/10/2022;2878;Spencer-Rivera;22/04/2020;Meeting;who;;;;
78;23;07/04/2024;713;Rodriguez-Chapman;02/02/2020;These;and;;;;
78;140;11/03/2021;3167;Rodriguez-Chapman;11/03/2021;Strategy;cover;;;;
78;163;04/03/2020;2382;Rodriguez-Chapman;04/03/2020;Treat;majority;;;;
78;171;06/01/2020;3424;Rodriguez-Chapman;06/01/2020;;;;;;
78;251;21/09/2024;2182;Rodriguez-Chapman;13/01/2020;Establish;green;;;;
78;299;04/10/2023;3326;Rodriguez-Chapman;01/03/2021;Answer;hard;;;;
78;344;12/04/2024;4963;Rodriguez-Chapman;09/11/2020;;;;;;
78;379;14/05/2021;1766;Rodriguez-Chapman;31/01/2020;Learn;husband;;;;
78;408;27/02/2020;503;Rodriguez-Chapman;27/02/2020;Color;really;;;;
78;435;21/05/2025;884;Rodriguez-Chapman;21/01/2021;;;;;;
78;507;25/12/2022;4169;Rodriguez-Chapman;07/05/2020;Own;line;;;;
78;578;30/06/2020;1275;Rodriguez-Chapman;10/03/2020;;;;;;
78;615;23/11/2024;1154;Rodriguez-Chapman;16/03/2020;Unit;area;;;;
78;702;15/07/2021;4812;Rodriguez-Chapman;23/01/2020;He;desCribe;;;;
78;758;16/01/2021;2156;Rodriguez-Chapman;16/01/2021;;;;;;
78;782;25/11/2025;726;Rodriguez-Chapman;15/07/2021;Success;despite;;;;
78;821;30/09/2020;1829;Rodriguez-Chapman;31/07/2020;Dog;decide;;;;
78;903;08/11/2025;2168;Rodriguez-Chapman;02/05/2020;Admit;create;;;;
79;17;02/02/2026;4579;Nichols;19/01/2020;;;;;;
79;36;16/09/2023;4082;Nichols;29/10/2020;General;body;;;;
79;38;03/01/2022;4233;Nichols;06/05/2020;;;;;;
79;43;07/08/2025;3391;Nichols;01/10/2020;Range;specific;;;;
79;80;25/06/2022;2632;Nichols;29/03/2020;;;;;;
79;151;12/07/2025;2108;Nichols;14/09/2020;Risk;picture;;;;
79;254;14/12/2024;3862;Nichols;13/12/2021;Human;because;;;;
79;278;02/02/2026;3847;Nichols;01/03/2020;;;;;;
79;282;05/02/2021;4314;Nichols;05/05/2020;;;;;;
79;425;11/06/2023;268;Nichols;25/06/2020;;;;;;
79;445;07/02/2023;624;Nichols;26/06/2020;Measure;skin;;;;
79;548;29/05/2021;4988;Nichols;31/03/2020;;;;;;
79;548;07/04/2023;3967;Nichols;31/03/2020;;;;;;
79;670;01/03/2020;4899;Nichols;01/03/2020;;;;;;
79;787;05/04/2022;3433;Nichols;06/02/2021;;;;;;
79;851;07/11/2021;1681;Nichols;12/01/2020;Simple;itself;;;;
79;853;29/06/2023;3307;Nichols;17/03/2020;Office;eye;;;;
79;860;01/10/2020;3503;Nichols;07/04/2020;Push;yard;;;;
79;878;16/02/2022;2615;Nichols;08/07/2020;;;;;;
79;969;17/04/2023;1405;Nichols;10/02/2020;;;;;;
80;49;13/10/2022;4871;Medina;21/05/2020;;;;;;
80;108;02/06/2022;3146;Medina;07/04/2020;;;;;;
80;113;15/12/2024;772;Medina;30/12/2020;Feel;simply;;;;
80;130;13/12/2022;3262;Medina;02/08/2020;Morning;real;;;;
80;138;31/05/2021;943;Medina;31/05/2021;Kind;choose;;;;
80;140;12/11/2023;2816;Medina;11/03/2021;Strategy;cover;;;;
80;208;21/03/2023;4926;Medina;23/02/2020;;;;;;
80;306;11/06/2025;705;Medina;22/04/2020;;;;;;
80;312;24/01/2025;144;Medina;13/02/2020;;;;;;
80;351;14/11/2022;2305;Medina;15/02/2020;Identify;section;;;;
80;397;04/12/2024;955;Medina;11/09/2020;;;;;;
80;426;11/01/2021;1815;Medina;11/01/2021;;;;;;
80;498;08/07/2021;283;Medina;26/04/2020;;;;;;
80;521;04/04/2021;3480;Medina;14/03/2020;;;;;;
80;552;10/08/2020;1841;Medina;10/08/2020;Lead;message;;;;
80;892;21/04/2022;918;Medina;15/07/2020;;;;;;
80;895;21/06/2024;2469;Medina;15/01/2020;Eye;husband;;;;
80;912;08/01/2024;3460;Medina;10/09/2020;Cut;young;;;;
80;930;25/01/2023;1717;Medina;01/02/2020;;;;;;
80;945;02/01/2024;4939;Medina;15/04/2020;;;;;;
80;963;09/02/2025;1797;Medina;22/07/2020;Food;thousand;;;;
81;25;08/05/2024;3709;Green LLC;04/09/2022;Upon;sport;;;;
81;55;06/02/2024;1588;Green LLC;15/04/2020;;;;;;
81;75;06/12/2020;1490;Green LLC;17/02/2020;Surface;throughout;;;;
81;160;03/11/2021;1617;Green LLC;12/06/2020;Style;shoulder;;;;
81;222;26/11/2020;3343;Green LLC;26/11/2020;;;;;;
81;225;22/12/2024;1237;Green LLC;30/01/2020;Book;quality;;;;
81;252;04/03/2023;1806;Green LLC;16/10/2021;Clear;clearly;;;;
81;252;13/04/2025;2593;Green LLC;16/10/2021;Clear;clearly;;;;
81;322;06/02/2025;3953;Green LLC;22/01/2023;;;;;;
81;346;30/09/2020;263;Green LLC;15/07/2020;Yard;member;;;;
81;428;04/09/2024;409;Green LLC;03/03/2020;Me;across;;;;
81;435;17/10/2025;2822;Green LLC;21/01/2021;;;;;;
81;443;01/05/2020;4518;Green LLC;01/05/2020;How;such;;;;
81;444;29/12/2020;3128;Green LLC;12/03/2020;Development;despite;;;;
81;466;15/02/2024;4069;Green LLC;29/02/2020;Hot;computer;;;;
81;511;29/04/2021;3893;Green LLC;07/07/2020;Either;much;;;;
81;537;05/10/2022;1375;Green LLC;07/04/2020;Cost;outside;;;;
81;561;21/10/2023;3370;Green LLC;14/04/2021;;;;;;
81;643;09/02/2025;1487;Green LLC;31/05/2020;Term;example;;;;
81;679;10/11/2020;801;Green LLC;27/04/2020;Word;hard;;;;
81;686;22/07/2024;1404;Green LLC;10/10/2020;Human;vote;;;;
81;743;17/04/2023;483;Green LLC;21/07/2020;Section;partner;;;;
81;759;23/12/2024;4335;Green LLC;04/12/2020;Once;deep;;;;
81;765;27/12/2020;752;Green LLC;08/11/2020;Song;anyone;;;;
81;789;02/01/2025;2116;Green LLC;07/04/2020;Dinner;upon;;;;
81;818;16/10/2025;2928;Green LLC;31/01/2020;Though;difficult;;;;
81;913;27/06/2025;1989;Green LLC;08/07/2020;;;;;;
81;921;23/05/2024;1334;Green LLC;13/02/2020;Local;often;;;;
81;935;19/08/2025;830;Green LLC;13/11/2020;Part;quality;;;;
81;947;20/04/2024;4178;Green LLC;13/06/2020;Quite;last;;;;
81;959;20/02/2025;537;Green LLC;20/05/2020;Their;read;;;;
82;87;13/01/2026;3840;Li-Harris;02/02/2020;Responsibility;dream;;;;
82;114;10/06/2023;3832;Li-Harris;18/06/2020;Sport;throw;;;;
82;186;08/06/2023;175;Li-Harris;09/07/2020;Congress;song;;;;
82;188;04/11/2023;3146;Li-Harris;31/12/2020;;;;;;
82;249;04/03/2021;3242;Li-Harris;25/05/2020;Member;skin;;;;
82;280;16/03/2023;2517;Li-Harris;23/01/2020;Agree;participant;;;;
82;318;01/07/2020;4077;Li-Harris;01/07/2020;;;;;;
82;376;06/01/2022;2578;Li-Harris;12/04/2020;Artist;seek;;;;
82;398;16/12/2020;4488;Li-Harris;06/01/2020;Authority;treatment;;;;
82;442;29/08/2020;2023;Li-Harris;29/08/2020;;;;;;
82;453;21/03/2020;2515;Li-Harris;26/02/2020;Her;beautiful;;;;
82;462;18/07/2021;1654;Li-Harris;09/02/2020;Group;carry;;;;
82;668;04/11/2023;1918;Li-Harris;17/08/2020;;;;;;
82;691;24/12/2020;2575;Li-Harris;06/11/2020;Rate;ground;;;;
82;709;22/04/2023;1920;Li-Harris;23/03/2020;Improve;fact;;;;
82;710;14/05/2024;1497;Li-Harris;11/06/2020;;;;;;
82;711;02/06/2021;4631;Li-Harris;21/04/2021;;;;;;
82;773;04/04/2023;4129;Li-Harris;22/04/2020;;;;;;
82;801;07/09/2023;3451;Li-Harris;08/04/2020;Best;apply;;;;
82;808;04/01/2023;4458;Li-Harris;21/03/2020;Ahead;whose;;;;
82;838;24/10/2020;870;Li-Harris;09/02/2020;;;;;;
82;841;08/09/2023;480;Li-Harris;05/08/2020;Old;investment;;;;
82;889;23/10/2020;4088;Li-Harris;23/10/2020;Yard;white;;;;
83;39;19/10/2025;1262;Hardin-Murray;27/02/2020;;;;;;
83;71;04/01/2022;3680;Hardin-Murray;04/04/2020;Bank;standard;;;;
83;157;04/04/2020;1831;Hardin-Murray;03/03/2020;;;;;;
83;166;23/12/2021;1047;Hardin-Murray;25/10/2020;Director;feel;;;;
83;166;30/05/2022;2898;Hardin-Murray;25/10/2020;Director;feel;;;;
83;189;21/05/2024;2216;Hardin-Murray;11/11/2020;Toward;station;;;;
83;225;13/01/2021;1888;Hardin-Murray;30/01/2020;Book;quality;;;;
83;303;29/06/2024;768;Hardin-Murray;05/10/2020;;;;;;
83;342;13/02/2024;2815;Hardin-Murray;09/09/2020;;;;;;
83;420;25/08/2021;1357;Hardin-Murray;25/08/2021;;;;;;
83;486;08/07/2025;1964;Hardin-Murray;28/12/2020;Try;sell;;;;
83;597;18/11/2024;2298;Hardin-Murray;13/06/2021;Radio;to;;;;
83;638;21/01/2024;4412;Hardin-Murray;19/03/2020;My;authority;;;;
83;660;10/01/2021;3791;Hardin-Murray;10/01/2021;;;;;;
83;779;31/08/2023;2914;Hardin-Murray;13/02/2020;Whole;street;;;;
83;783;31/07/2024;2747;Hardin-Murray;06/06/2020;;;;;;
83;789;27/09/2021;4443;Hardin-Murray;07/04/2020;Dinner;upon;;;;
83;798;22/08/2021;2843;Hardin-Murray;11/08/2021;;;;;;
83;820;04/02/2021;2503;Hardin-Murray;16/03/2020;Red;probably;;;;
83;840;14/03/2020;2929;Hardin-Murray;14/03/2020;Consider;people;;;;
83;850;20/06/2025;4829;Hardin-Murray;04/02/2020;Four;travel;;;;
84;287;05/05/2021;335;Alvarado;28/05/2020;Budget;understand;;;;
84;331;15/10/2025;4307;Alvarado;23/02/2020;Hope;technology;;;;
84;343;27/09/2020;2026;Alvarado;12/01/2020;;;;;;
84;363;20/06/2023;3757;Alvarado;20/04/2020;Her;foreign;;;;
84;386;22/02/2024;1459;Alvarado;02/08/2020;Test;nothing;;;;
84;387;11/05/2024;4725;Alvarado;24/09/2020;Teacher;contain;;;;
84;461;29/08/2025;700;Alvarado;03/11/2020;Issue;one;;;;
84;472;03/08/2021;3726;Alvarado;30/06/2020;Senior;reality;;;;
84;487;18/07/2023;2300;Alvarado;17/07/2020;Become;heavy;;;;
84;507;18/11/2021;2135;Alvarado;07/05/2020;Own;line;;;;
84;523;08/08/2025;857;Alvarado;19/03/2020;Base;remember;;;;
84;563;24/10/2024;396;Alvarado;18/05/2020;;;;;;
84;687;09/04/2024;465;Alvarado;27/04/2020;Many;where;;;;
84;788;14/04/2022;453;Alvarado;07/08/2021;Throughout;popular;;;;
84;802;25/11/2025;4733;Alvarado;18/02/2020;Hard;cost;;;;
84;887;27/07/2025;1279;Alvarado;03/01/2021;Away;bill;;;;
84;905;12/08/2023;1279;Alvarado;19/01/2020;Future;build;;;;
84;953;03/09/2020;2893;Alvarado;03/09/2020;Involve;interest;;;;
85;7;01/03/2023;4756;Hill Group;27/01/2020;Hair;relate;122;apply;366;Desenvolvimento e Estudos Culturais
85;25;01/01/2023;919;Hill Group;04/09/2022;Upon;sport;122;apply;366;Desenvolvimento e Estudos Culturais
85;46;26/06/2022;718;Hill Group;26/01/2021;Authority;artist;122;apply;366;Desenvolvimento e Estudos Culturais
85;120;30/10/2021;4695;Hill Group;13/03/2021;Follow;democratic;122;apply;366;Desenvolvimento e Estudos Culturais
85;157;20/07/2021;2794;Hill Group;03/03/2020;;;122;apply;366;Desenvolvimento e Estudos Culturais
85;200;20/04/2021;3427;Hill Group;23/02/2021;Produce;significant;122;apply;366;Desenvolvimento e Estudos Culturais
85;249;01/12/2021;812;Hill Group;25/05/2020;Member;skin;122;apply;366;Desenvolvimento e Estudos Culturais
85;277;10/11/2020;183;Hill Group;10/11/2020;;;122;apply;366;Desenvolvimento e Estudos Culturais
85;293;22/02/2024;4922;Hill Group;14/10/2020;;;122;apply;366;Desenvolvimento e Estudos Culturais
85;298;27/09/2024;3701;Hill Group;15/01/2021;;;122;apply;366;Desenvolvimento e Estudos Culturais
85;301;02/09/2024;4632;Hill Group;30/11/2020;Image;TV;122;apply;366;Desenvolvimento e Estudos Culturais
85;427;08/01/2023;1707;Hill Group;05/02/2021;;;122;apply;366;Desenvolvimento e Estudos Culturais
85;488;29/08/2025;1562;Hill Group;24/07/2020;Street;its;122;apply;366;Desenvolvimento e Estudos Culturais
85;539;03/12/2025;4106;Hill Group;04/03/2020;After;policy;122;apply;366;Desenvolvimento e Estudos Culturais
85;601;16/01/2023;4700;Hill Group;07/02/2022;Everybody;world;122;apply;366;Desenvolvimento e Estudos Culturais
85;615;26/12/2020;2548;Hill Group;16/03/2020;Unit;area;122;apply;366;Desenvolvimento e Estudos Culturais
85;618;06/05/2024;2324;Hill Group;27/06/2020;;;122;apply;366;Desenvolvimento e Estudos Culturais
85;647;29/06/2021;422;Hill Group;05/01/2020;Maintain;coach;122;apply;366;Desenvolvimento e Estudos Culturais
85;656;15/07/2024;2241;Hill Group;30/12/2020;Person;yourself;122;apply;366;Desenvolvimento e Estudos Culturais
85;673;13/02/2023;1963;Hill Group;18/08/2021;If;need;122;apply;366;Desenvolvimento e Estudos Culturais
85;754;13/12/2023;3592;Hill Group;30/08/2020;That;country;122;apply;366;Desenvolvimento e Estudos Culturais
85;828;03/04/2024;3944;Hill Group;27/01/2021;Above;five;122;apply;366;Desenvolvimento e Estudos Culturais
85;857;13/12/2020;1343;Hill Group;06/03/2020;Operation;close;122;apply;366;Desenvolvimento e Estudos Culturais
85;922;25/08/2023;235;Hill Group;29/04/2020;Price;threat;122;apply;366;Desenvolvimento e Estudos Culturais
85;959;09/02/2021;2715;Hill Group;20/05/2020;Their;read;122;apply;366;Desenvolvimento e Estudos Culturais
86;109;31/05/2023;818;Meadows PLC;10/07/2020;Media;purpose;126;service;101;Arte Contemporânea
86;136;17/04/2022;222;Meadows PLC;22/08/2020;Reason;early;126;service;101;Arte Contemporânea
86;153;23/06/2022;1771;Meadows PLC;14/03/2020;What;out;126;service;101;Arte Contemporânea
86;169;20/02/2022;1666;Meadows PLC;04/07/2021;Through;military;126;service;101;Arte Contemporânea
86;176;13/04/2024;1808;Meadows PLC;08/05/2020;;;126;service;101;Arte Contemporânea
86;214;25/01/2025;1133;Meadows PLC;26/03/2020;Moment;cut;126;service;101;Arte Contemporânea
86;265;01/08/2023;2626;Meadows PLC;24/02/2020;Third;girl;126;service;101;Arte Contemporânea
86;292;24/04/2023;668;Meadows PLC;27/03/2020;Card;rich;126;service;101;Arte Contemporânea
86;326;18/01/2021;1424;Meadows PLC;31/01/2020;Hot;film;126;service;101;Arte Contemporânea
86;522;20/02/2025;1769;Meadows PLC;30/01/2020;Laugh;else;126;service;101;Arte Contemporânea
86;538;10/06/2025;1333;Meadows PLC;02/12/2020;Particularly;group;126;service;101;Arte Contemporânea
86;575;09/12/2024;403;Meadows PLC;09/09/2021;Report;notice;126;service;101;Arte Contemporânea
86;577;27/06/2023;606;Meadows PLC;10/06/2021;Strong;seek;126;service;101;Arte Contemporânea
86;688;28/06/2024;1077;Meadows PLC;02/06/2020;Skin;player;126;service;101;Arte Contemporânea
86;822;24/08/2025;4691;Meadows PLC;09/03/2020;Issue;in;126;service;101;Arte Contemporânea
86;839;24/09/2021;2413;Meadows PLC;21/08/2021;General;growth;126;service;101;Arte Contemporânea
86;880;17/09/2024;1031;Meadows PLC;21/08/2020;Rock;season;126;service;101;Arte Contemporânea
86;938;29/09/2025;4955;Meadows PLC;25/08/2021;American;but;126;service;101;Arte Contemporânea
86;978;18/11/2022;3726;Meadows PLC;05/07/2021;Listen;nature;126;service;101;Arte Contemporânea
87;15;14/03/2025;221;Fields;01/04/2021;;;;;;
87;177;21/04/2021;563;Fields;21/04/2021;Second;actually;;;;
87;222;03/06/2022;841;Fields;26/11/2020;;;;;;
87;323;20/02/2025;219;Fields;04/01/2020;Long;serve;;;;
87;335;03/03/2020;756;Fields;03/03/2020;;;;;;
87;359;12/12/2023;2307;Fields;18/09/2020;Like;view;;;;
87;364;29/05/2022;3615;Fields;25/05/2020;Despite;church;;;;
87;391;21/05/2021;3850;Fields;02/02/2020;Off;meet;;;;
87;484;25/04/2022;4221;Fields;25/03/2020;Maybe;possible;;;;
87;528;23/03/2021;4354;Fields;23/03/2021;;;;;;
87;585;21/10/2021;330;Fields;21/06/2020;Opportunity;ok;;;;
87;686;22/07/2023;2338;Fields;10/10/2020;Human;vote;;;;
87;693;31/05/2024;4281;Fields;05/03/2021;Nothing;traditional;;;;
87;774;12/10/2024;926;Fields;13/12/2021;Start;area;;;;
87;991;22/06/2021;576;Fields;23/08/2020;Most;today;;;;
87;991;10/11/2025;3649;Fields;23/08/2020;Most;today;;;;
88;39;22/02/2023;1326;Martinez-Schmidt;27/02/2020;;;39;hold;54;Cultura Urbana
88;39;22/02/2023;1326;Martinez-Schmidt;27/02/2020;;;32;western;79;Critica da Arte
88;49;21/05/2020;1387;Martinez-Schmidt;21/05/2020;;;39;hold;54;Cultura Urbana
88;49;21/05/2020;1387;Martinez-Schmidt;21/05/2020;;;32;western;79;Critica da Arte
88;63;05/10/2023;3676;Martinez-Schmidt;18/02/2020;;;39;hold;54;Cultura Urbana
88;63;05/10/2023;3676;Martinez-Schmidt;18/02/2020;;;32;western;79;Critica da Arte
88;119;22/03/2025;3523;Martinez-Schmidt;31/03/2020;Although;bring;39;hold;54;Cultura Urbana
88;119;22/03/2025;3523;Martinez-Schmidt;31/03/2020;Although;bring;32;western;79;Critica da Arte
88;124;18/08/2020;321;Martinez-Schmidt;18/08/2020;Friend;prevent;39;hold;54;Cultura Urbana
88;124;18/08/2020;321;Martinez-Schmidt;18/08/2020;Friend;prevent;32;western;79;Critica da Arte
88;140;08/02/2023;1057;Martinez-Schmidt;11/03/2021;Strategy;cover;39;hold;54;Cultura Urbana
88;140;08/02/2023;1057;Martinez-Schmidt;11/03/2021;Strategy;cover;32;western;79;Critica da Arte
88;146;11/11/2021;2083;Martinez-Schmidt;06/11/2021;Choose;vote;39;hold;54;Cultura Urbana
88;146;11/11/2021;2083;Martinez-Schmidt;06/11/2021;Choose;vote;32;western;79;Critica da Arte
88;235;13/08/2023;2109;Martinez-Schmidt;01/04/2021;Down;him;39;hold;54;Cultura Urbana
88;235;13/08/2023;2109;Martinez-Schmidt;01/04/2021;Down;him;32;western;79;Critica da Arte
88;258;14/09/2024;146;Martinez-Schmidt;12/04/2021;Enough;buy;39;hold;54;Cultura Urbana
88;258;14/09/2024;146;Martinez-Schmidt;12/04/2021;Enough;buy;32;western;79;Critica da Arte
88;269;28/06/2023;3027;Martinez-Schmidt;02/03/2020;But;leg;39;hold;54;Cultura Urbana
88;269;28/06/2023;3027;Martinez-Schmidt;02/03/2020;But;leg;32;western;79;Critica da Arte
88;280;06/12/2020;2501;Martinez-Schmidt;23/01/2020;Agree;participant;39;hold;54;Cultura Urbana
88;280;06/12/2020;2501;Martinez-Schmidt;23/01/2020;Agree;participant;32;western;79;Critica da Arte
88;309;06/04/2023;877;Martinez-Schmidt;25/12/2020;Wear;radio;39;hold;54;Cultura Urbana
88;309;06/04/2023;877;Martinez-Schmidt;25/12/2020;Wear;radio;32;western;79;Critica da Arte
88;323;26/02/2020;4704;Martinez-Schmidt;04/01/2020;Long;serve;39;hold;54;Cultura Urbana
88;323;26/02/2020;4704;Martinez-Schmidt;04/01/2020;Long;serve;32;western;79;Critica da Arte
88;405;05/12/2023;4432;Martinez-Schmidt;22/06/2020;Time;sing;39;hold;54;Cultura Urbana
88;405;05/12/2023;4432;Martinez-Schmidt;22/06/2020;Time;sing;32;western;79;Critica da Arte
88;423;02/04/2025;506;Martinez-Schmidt;08/10/2020;;;39;hold;54;Cultura Urbana
88;423;02/04/2025;506;Martinez-Schmidt;08/10/2020;;;32;western;79;Critica da Arte
88;484;21/12/2020;252;Martinez-Schmidt;25/03/2020;Maybe;possible;39;hold;54;Cultura Urbana
88;484;21/12/2020;252;Martinez-Schmidt;25/03/2020;Maybe;possible;32;western;79;Critica da Arte
88;492;01/04/2020;4307;Martinez-Schmidt;01/04/2020;Staff;treatment;39;hold;54;Cultura Urbana
88;492;01/04/2020;4307;Martinez-Schmidt;01/04/2020;Staff;treatment;32;western;79;Critica da Arte
88;532;15/01/2024;687;Martinez-Schmidt;23/11/2020;Time;town;39;hold;54;Cultura Urbana
88;532;15/01/2024;687;Martinez-Schmidt;23/11/2020;Time;town;32;western;79;Critica da Arte
88;702;02/11/2020;4968;Martinez-Schmidt;23/01/2020;He;desCribe;39;hold;54;Cultura Urbana
88;702;02/11/2020;4968;Martinez-Schmidt;23/01/2020;He;desCribe;32;western;79;Critica da Arte
88;705;03/12/2024;3998;Martinez-Schmidt;16/01/2020;North;door;39;hold;54;Cultura Urbana
88;705;03/12/2024;3998;Martinez-Schmidt;16/01/2020;North;door;32;western;79;Critica da Arte
88;739;10/11/2023;1207;Martinez-Schmidt;01/04/2020;Pull;beautiful;39;hold;54;Cultura Urbana
88;739;10/11/2023;1207;Martinez-Schmidt;01/04/2020;Pull;beautiful;32;western;79;Critica da Arte
88;772;17/05/2024;4066;Martinez-Schmidt;02/02/2020;Fish;form;39;hold;54;Cultura Urbana
88;772;17/05/2024;4066;Martinez-Schmidt;02/02/2020;Fish;form;32;western;79;Critica da Arte
88;848;22/01/2021;854;Martinez-Schmidt;28/04/2020;Piece;particularly;39;hold;54;Cultura Urbana
88;848;22/01/2021;854;Martinez-Schmidt;28/04/2020;Piece;particularly;32;western;79;Critica da Arte
88;901;26/07/2020;4465;Martinez-Schmidt;07/04/2020;;;39;hold;54;Cultura Urbana
88;901;26/07/2020;4465;Martinez-Schmidt;07/04/2020;;;32;western;79;Critica da Arte
88;940;29/12/2023;3816;Martinez-Schmidt;08/08/2020;Natural;wind;39;hold;54;Cultura Urbana
88;940;29/12/2023;3816;Martinez-Schmidt;08/08/2020;Natural;wind;32;western;79;Critica da Arte
89;50;20/08/2020;1274;Craig Ltd;01/01/2020;Book;difference;;;;
89;127;11/05/2024;2401;Craig Ltd;14/08/2020;Wait;show;;;;
89;129;27/01/2023;3334;Craig Ltd;12/01/2020;;;;;;
89;148;10/08/2021;637;Craig Ltd;12/01/2020;Pm;successful;;;;
89;167;14/07/2024;1998;Craig Ltd;15/04/2020;Happy;land;;;;
89;202;06/11/2024;4909;Craig Ltd;20/10/2020;Number;news;;;;
89;342;26/08/2021;2647;Craig Ltd;09/09/2020;;;;;;
89;431;03/05/2025;4691;Craig Ltd;03/04/2020;Appear;agency;;;;
89;556;02/04/2021;3391;Craig Ltd;08/03/2020;;;;;;
89;603;01/04/2022;1071;Craig Ltd;05/06/2020;;;;;;
89;672;02/08/2025;3992;Craig Ltd;03/01/2020;Once;yeah;;;;
89;699;03/03/2022;1615;Craig Ltd;04/02/2020;;;;;;
89;759;24/09/2021;3111;Craig Ltd;04/12/2020;Once;deep;;;;
89;773;17/12/2022;4761;Craig Ltd;22/04/2020;;;;;;
89;941;29/01/2020;1625;Craig Ltd;29/01/2020;However;require;;;;
89;944;09/12/2022;3907;Craig Ltd;03/01/2020;Sort;stage;;;;
89;982;01/06/2021;2946;Craig Ltd;25/01/2021;Operation;time;;;;
90;273;12/08/2021;3556;Ford;13/01/2020;Doctor;admit;;;;
90;419;02/05/2025;2778;Ford;13/07/2020;;;;;;
90;434;10/11/2020;2462;Ford;04/06/2020;Fall;huge;;;;
90;502;04/09/2021;2004;Ford;13/10/2020;;;;;;
90;507;22/03/2025;4959;Ford;07/05/2020;Own;line;;;;
90;568;10/10/2021;1951;Ford;06/03/2020;Prepare;great;;;;
90;584;14/11/2024;3143;Ford;25/03/2020;;;;;;
90;635;03/07/2024;3088;Ford;02/06/2021;;;;;;
90;645;22/07/2024;833;Ford;29/04/2020;;;;;;
90;647;29/05/2023;4003;Ford;05/01/2020;Maintain;coach;;;;
90;730;14/05/2024;3335;Ford;15/06/2020;;;;;;
90;786;09/02/2022;1909;Ford;06/05/2020;Move;dream;;;;
90;804;03/04/2025;134;Ford;05/03/2020;;;;;;
90;868;17/02/2022;3665;Ford;06/06/2020;;;;;;
90;881;17/06/2024;4788;Ford;13/12/2020;;;;;;
90;886;21/04/2024;4061;Ford;15/10/2020;Some;street;;;;
90;913;01/09/2024;3570;Ford;08/07/2020;;;;;;
90;917;08/04/2024;2760;Ford;25/05/2020;;;;;;
90;950;17/03/2020;1022;Ford;17/03/2020;;;;;;
90;955;12/04/2024;3604;Ford;13/02/2020;;;;;;
91;28;03/02/2026;4647;Grant-Ortiz;04/01/2020;What;field;;;;
91;38;04/05/2024;4508;Grant-Ortiz;06/05/2020;;;;;;
91;114;01/10/2024;3802;Grant-Ortiz;18/06/2020;Sport;throw;;;;
91;147;13/09/2023;2426;Grant-Ortiz;24/01/2020;;;;;;
91;259;20/03/2024;793;Grant-Ortiz;20/06/2020;Picture;build;;;;
91;324;18/03/2021;4703;Grant-Ortiz;11/04/2020;Daughter;radio;;;;
91;343;12/01/2020;4933;Grant-Ortiz;12/01/2020;;;;;;
91;399;30/01/2025;383;Grant-Ortiz;09/09/2020;Home;difficult;;;;
91;473;14/05/2021;3997;Grant-Ortiz;24/07/2020;;;;;;
91;483;08/03/2025;3410;Grant-Ortiz;10/07/2021;Line;than;;;;
91;484;01/12/2025;4405;Grant-Ortiz;25/03/2020;Maybe;possible;;;;
91;542;14/08/2025;3806;Grant-Ortiz;25/04/2020;Yeah;base;;;;
91;578;22/08/2022;1026;Grant-Ortiz;10/03/2020;;;;;;
91;582;18/02/2025;479;Grant-Ortiz;05/08/2020;Adult;mean;;;;
91;756;16/08/2022;4940;Grant-Ortiz;15/04/2020;Audience;election;;;;
91;770;06/08/2023;575;Grant-Ortiz;06/12/2020;Use;reach;;;;
91;778;09/03/2020;3523;Grant-Ortiz;09/03/2020;Friend;do;;;;
91;785;08/06/2025;3675;Grant-Ortiz;28/05/2020;Entire;close;;;;
91;861;06/03/2025;4708;Grant-Ortiz;12/01/2020;Safe;every;;;;
91;966;27/03/2024;2250;Grant-Ortiz;14/02/2021;;;;;;
92;24;29/10/2024;4229;Whitehead-Arellano;19/11/2021;Cut;similar;;;;
92;35;07/07/2023;1549;Whitehead-Arellano;30/12/2020;Record;fund;;;;
92;93;14/11/2024;1583;Whitehead-Arellano;27/04/2021;Painting;away;;;;
92;245;08/10/2023;4008;Whitehead-Arellano;08/01/2020;;;;;;
92;261;31/10/2020;4055;Whitehead-Arellano;02/02/2020;;;;;;
92;283;26/03/2021;2864;Whitehead-Arellano;26/03/2020;Nature;rise;;;;
92;325;06/06/2021;1567;Whitehead-Arellano;04/12/2020;Management;defense;;;;
92;377;05/04/2023;2562;Whitehead-Arellano;25/04/2020;Performance;state;;;;
92;409;26/10/2022;2553;Whitehead-Arellano;09/04/2021;Public;he;;;;
92;434;04/09/2021;4830;Whitehead-Arellano;04/06/2020;Fall;huge;;;;
92;464;25/12/2021;1782;Whitehead-Arellano;01/05/2020;Ground;happen;;;;
92;479;28/01/2020;2900;Whitehead-Arellano;28/01/2020;;;;;;
92;552;27/04/2025;398;Whitehead-Arellano;10/08/2020;Lead;message;;;;
92;553;07/01/2025;4629;Whitehead-Arellano;20/12/2020;Claim;news;;;;
92;589;13/07/2020;1321;Whitehead-Arellano;13/07/2020;Necessary;far;;;;
92;621;15/09/2020;2254;Whitehead-Arellano;15/09/2020;;;;;;
92;645;21/07/2021;2071;Whitehead-Arellano;29/04/2020;;;;;;
92;650;13/08/2020;2030;Whitehead-Arellano;07/05/2020;Perform;entire;;;;
92;753;20/11/2025;3899;Whitehead-Arellano;17/02/2020;Mr;clearly;;;;
92;907;10/05/2024;2223;Whitehead-Arellano;22/03/2020;Public;change;;;;
92;925;15/04/2020;440;Whitehead-Arellano;15/04/2020;;;;;;
93;6;05/07/2024;1291;Harper Group;23/04/2020;Million;attack;;;;
93;202;10/11/2022;1162;Harper Group;20/10/2020;Number;news;;;;
93;300;10/11/2025;2476;Harper Group;04/05/2020;;;;;;
93;323;23/09/2025;1128;Harper Group;04/01/2020;Long;serve;;;;
93;334;26/11/2023;1736;Harper Group;29/01/2022;Build;term;;;;
93;386;29/03/2025;1329;Harper Group;02/08/2020;Test;nothing;;;;
93;436;08/05/2021;1053;Harper Group;13/05/2020;Whatever;every;;;;
93;444;16/03/2021;2095;Harper Group;12/03/2020;Development;despite;;;;
93;445;20/01/2021;4805;Harper Group;26/06/2020;Measure;skin;;;;
93;511;28/02/2023;3164;Harper Group;07/07/2020;Either;much;;;;
93;581;31/10/2024;4451;Harper Group;23/05/2020;;;;;;
93;614;19/12/2024;3759;Harper Group;10/04/2022;Majority;myself;;;;
93;696;13/10/2021;1123;Harper Group;31/08/2020;Fight;into;;;;
93;806;15/11/2025;4575;Harper Group;14/05/2021;Prevent;national;;;;
93;843;20/05/2024;1642;Harper Group;26/05/2020;Service;sense;;;;
93;866;19/07/2023;182;Harper Group;31/08/2020;Factor;physical;;;;
93;900;19/09/2021;4206;Harper Group;05/04/2021;Rule;middle;;;;
93;977;17/08/2023;2358;Harper Group;14/06/2020;Local;look;;;;
93;982;27/06/2021;2205;Harper Group;25/01/2021;Operation;time;;;;
94;34;12/01/2024;4944;Brown PLC;02/07/2021;;;161;recent;366;Desenvolvimento e Estudos Culturais
94;48;13/08/2023;2380;Brown PLC;06/05/2020;A;job;161;recent;366;Desenvolvimento e Estudos Culturais
94;84;07/09/2025;111;Brown PLC;16/07/2020;She;marriage;161;recent;366;Desenvolvimento e Estudos Culturais
94;109;28/02/2022;3911;Brown PLC;10/07/2020;Media;purpose;161;recent;366;Desenvolvimento e Estudos Culturais
94;338;20/07/2024;556;Brown PLC;03/06/2022;Present;positive;161;recent;366;Desenvolvimento e Estudos Culturais
94;366;12/08/2022;1029;Brown PLC;03/06/2022;Eye;Mrs;161;recent;366;Desenvolvimento e Estudos Culturais
94;421;04/06/2020;2607;Brown PLC;27/03/2020;Top;finally;161;recent;366;Desenvolvimento e Estudos Culturais
94;430;27/09/2023;2460;Brown PLC;03/04/2020;Recent;be;161;recent;366;Desenvolvimento e Estudos Culturais
94;436;02/02/2021;4030;Brown PLC;13/05/2020;Whatever;every;161;recent;366;Desenvolvimento e Estudos Culturais
94;483;10/07/2021;1481;Brown PLC;10/07/2021;Line;than;161;recent;366;Desenvolvimento e Estudos Culturais
94;659;30/10/2022;3229;Brown PLC;20/01/2020;Table;page;161;recent;366;Desenvolvimento e Estudos Culturais
94;672;20/05/2025;435;Brown PLC;03/01/2020;Once;yeah;161;recent;366;Desenvolvimento e Estudos Culturais
94;887;13/12/2023;765;Brown PLC;03/01/2021;Away;bill;161;recent;366;Desenvolvimento e Estudos Culturais
94;918;10/01/2023;3693;Brown PLC;16/04/2020;;;161;recent;366;Desenvolvimento e Estudos Culturais
94;958;26/01/2022;1658;Brown PLC;29/11/2020;;;161;recent;366;Desenvolvimento e Estudos Culturais
94;972;30/12/2022;3102;Brown PLC;14/02/2020;;;161;recent;366;Desenvolvimento e Estudos Culturais
95;77;11/02/2023;4268;Johnson Group;29/01/2020;Help;together;26;TV;366;Desenvolvimento e Estudos Culturais
95;77;11/02/2023;4268;Johnson Group;29/01/2020;Help;together;115;suddenly;366;Desenvolvimento e Estudos Culturais
95;79;11/07/2024;4855;Johnson Group;28/06/2020;Worry;yard;26;TV;366;Desenvolvimento e Estudos Culturais
95;79;11/07/2024;4855;Johnson Group;28/06/2020;Worry;yard;115;suddenly;366;Desenvolvimento e Estudos Culturais
95;174;02/02/2020;4181;Johnson Group;02/02/2020;East;something;26;TV;366;Desenvolvimento e Estudos Culturais
95;174;02/02/2020;4181;Johnson Group;02/02/2020;East;something;115;suddenly;366;Desenvolvimento e Estudos Culturais
95;303;05/10/2020;3901;Johnson Group;05/10/2020;;;26;TV;366;Desenvolvimento e Estudos Culturais
95;303;05/10/2020;3901;Johnson Group;05/10/2020;;;115;suddenly;366;Desenvolvimento e Estudos Culturais
95;334;31/10/2023;1774;Johnson Group;29/01/2022;Build;term;26;TV;366;Desenvolvimento e Estudos Culturais
95;334;31/10/2023;1774;Johnson Group;29/01/2022;Build;term;115;suddenly;366;Desenvolvimento e Estudos Culturais
95;381;11/05/2021;1447;Johnson Group;04/02/2020;;;26;TV;366;Desenvolvimento e Estudos Culturais
95;381;11/05/2021;1447;Johnson Group;04/02/2020;;;115;suddenly;366;Desenvolvimento e Estudos Culturais
95;409;14/09/2022;3928;Johnson Group;09/04/2021;Public;he;26;TV;366;Desenvolvimento e Estudos Culturais
95;409;14/09/2022;3928;Johnson Group;09/04/2021;Public;he;115;suddenly;366;Desenvolvimento e Estudos Culturais
95;430;08/01/2025;187;Johnson Group;03/04/2020;Recent;be;26;TV;366;Desenvolvimento e Estudos Culturais
95;430;08/01/2025;187;Johnson Group;03/04/2020;Recent;be;115;suddenly;366;Desenvolvimento e Estudos Culturais
95;621;29/10/2022;3600;Johnson Group;15/09/2020;;;26;TV;366;Desenvolvimento e Estudos Culturais
95;621;29/10/2022;3600;Johnson Group;15/09/2020;;;115;suddenly;366;Desenvolvimento e Estudos Culturais
95;647;25/08/2025;2345;Johnson Group;05/01/2020;Maintain;coach;26;TV;366;Desenvolvimento e Estudos Culturais
95;647;25/08/2025;2345;Johnson Group;05/01/2020;Maintain;coach;115;suddenly;366;Desenvolvimento e Estudos Culturais
95;724;21/02/2020;4067;Johnson Group;21/02/2020;;;26;TV;366;Desenvolvimento e Estudos Culturais
95;724;21/02/2020;4067;Johnson Group;21/02/2020;;;115;suddenly;366;Desenvolvimento e Estudos Culturais
95;757;01/02/2026;509;Johnson Group;15/08/2021;;;26;TV;366;Desenvolvimento e Estudos Culturais
95;757;01/02/2026;509;Johnson Group;15/08/2021;;;115;suddenly;366;Desenvolvimento e Estudos Culturais
95;758;03/06/2021;2098;Johnson Group;16/01/2021;;;26;TV;366;Desenvolvimento e Estudos Culturais
95;758;03/06/2021;2098;Johnson Group;16/01/2021;;;115;suddenly;366;Desenvolvimento e Estudos Culturais
95;766;06/04/2023;947;Johnson Group;09/04/2020;;;26;TV;366;Desenvolvimento e Estudos Culturais
95;766;06/04/2023;947;Johnson Group;09/04/2020;;;115;suddenly;366;Desenvolvimento e Estudos Culturais
95;769;02/04/2023;3855;Johnson Group;23/01/2020;;;26;TV;366;Desenvolvimento e Estudos Culturais
95;769;02/04/2023;3855;Johnson Group;23/01/2020;;;115;suddenly;366;Desenvolvimento e Estudos Culturais
95;779;10/06/2022;3214;Johnson Group;13/02/2020;Whole;street;26;TV;366;Desenvolvimento e Estudos Culturais
95;779;10/06/2022;3214;Johnson Group;13/02/2020;Whole;street;115;suddenly;366;Desenvolvimento e Estudos Culturais
95;814;18/05/2025;979;Johnson Group;03/05/2020;;;26;TV;366;Desenvolvimento e Estudos Culturais
95;814;18/05/2025;979;Johnson Group;03/05/2020;;;115;suddenly;366;Desenvolvimento e Estudos Culturais
95;820;17/07/2024;2019;Johnson Group;16/03/2020;Red;probably;26;TV;366;Desenvolvimento e Estudos Culturais
95;820;17/07/2024;2019;Johnson Group;16/03/2020;Red;probably;115;suddenly;366;Desenvolvimento e Estudos Culturais
95;869;21/08/2025;3491;Johnson Group;02/03/2020;Require;herself;26;TV;366;Desenvolvimento e Estudos Culturais
95;869;21/08/2025;3491;Johnson Group;02/03/2020;Require;herself;115;suddenly;366;Desenvolvimento e Estudos Culturais
95;936;07/07/2024;2803;Johnson Group;02/02/2020;;;26;TV;366;Desenvolvimento e Estudos Culturais
95;936;07/07/2024;2803;Johnson Group;02/02/2020;;;115;suddenly;366;Desenvolvimento e Estudos Culturais
95;976;05/03/2021;4264;Johnson Group;12/01/2020;;;26;TV;366;Desenvolvimento e Estudos Culturais
95;976;05/03/2021;4264;Johnson Group;12/01/2020;;;115;suddenly;366;Desenvolvimento e Estudos Culturais
95;984;04/01/2020;3109;Johnson Group;04/01/2020;Treatment;stage;26;TV;366;Desenvolvimento e Estudos Culturais
95;984;04/01/2020;3109;Johnson Group;04/01/2020;Treatment;stage;115;suddenly;366;Desenvolvimento e Estudos Culturais
96;98;14/03/2023;777;Shaffer;20/04/2020;Recent;kind;;;;
96;246;03/10/2023;4092;Shaffer;02/05/2020;Investment;marriage;;;;
96;298;29/06/2022;2061;Shaffer;15/01/2021;;;;;;
96;380;13/11/2023;133;Shaffer;08/09/2020;;;;;;
96;487;17/07/2020;2360;Shaffer;17/07/2020;Become;heavy;;;;
96;509;17/05/2022;4866;Shaffer;24/06/2020;;;;;;
96;573;19/05/2021;173;Shaffer;28/10/2020;Drug;father;;;;
96;582;13/01/2026;621;Shaffer;05/08/2020;Adult;mean;;;;
96;623;21/09/2025;3357;Shaffer;28/05/2022;;;;;;
96;669;28/09/2024;4438;Shaffer;17/12/2021;;;;;;
96;737;06/06/2025;3562;Shaffer;12/02/2020;Sound;and;;;;
96;818;20/02/2021;690;Shaffer;31/01/2020;Though;difficult;;;;
96;848;28/04/2024;352;Shaffer;28/04/2020;Piece;particularly;;;;
96;905;20/05/2020;1015;Shaffer;19/01/2020;Future;build;;;;
96;984;27/06/2020;4778;Shaffer;04/01/2020;Treatment;stage;;;;
97;4;21/04/2020;4213;Price;21/04/2020;Read;detail;;;;
97;25;21/05/2024;3633;Price;04/09/2022;Upon;sport;;;;
97;72;04/07/2022;4312;Price;22/02/2020;How;white;;;;
97;200;23/02/2021;2254;Price;23/02/2021;Produce;significant;;;;
97;273;13/11/2021;2442;Price;13/01/2020;Doctor;admit;;;;
97;380;08/09/2020;2465;Price;08/09/2020;;;;;;
97;438;09/03/2020;3720;Price;13/01/2020;West;language;;;;
97;499;22/04/2020;4925;Price;14/03/2020;;;;;;
97;652;04/10/2021;2396;Price;18/02/2020;School;public;;;;
97;673;18/08/2021;4355;Price;18/08/2021;If;need;;;;
97;708;13/08/2022;3041;Price;07/04/2020;Wife;far;;;;
97;815;09/01/2026;3951;Price;18/10/2020;;;;;;
97;862;13/11/2021;2393;Price;13/11/2021;;;;;;
97;877;27/07/2025;3665;Price;27/01/2020;Operation;safe;;;;
97;884;06/06/2022;3993;Price;29/01/2020;Bar;opportunity;;;;
98;13;21/02/2022;290;Wright;02/01/2020;;;;;;
98;19;13/05/2020;1133;Wright;13/05/2020;Ever;hope;;;;
98;70;15/10/2020;1902;Wright;15/01/2020;If;set;;;;
98;80;04/09/2024;3847;Wright;29/03/2020;;;;;;
98;177;28/03/2024;4810;Wright;21/04/2021;Second;actually;;;;
98;265;19/04/2020;939;Wright;24/02/2020;Third;girl;;;;
98;275;05/03/2024;4253;Wright;19/04/2020;;;;;;
98;304;11/07/2021;3319;Wright;11/07/2021;;;;;;
98;368;10/11/2025;2472;Wright;07/01/2020;Any;important;;;;
98;432;28/03/2020;3439;Wright;28/03/2020;;;;;;
98;450;17/08/2025;1389;Wright;07/02/2020;After;billion;;;;
98;461;11/12/2024;2754;Wright;03/11/2020;Issue;one;;;;
98;473;13/08/2021;3108;Wright;24/07/2020;;;;;;
98;496;20/07/2024;3166;Wright;11/03/2020;;;;;;
98;544;06/06/2025;2686;Wright;24/09/2020;He;two;;;;
98;563;15/02/2026;3552;Wright;18/05/2020;;;;;;
98;614;04/04/2024;4946;Wright;10/04/2022;Majority;myself;;;;
98;637;29/10/2020;3651;Wright;23/08/2020;;;;;;
98;810;02/05/2023;1827;Wright;12/04/2022;;;;;;
98;973;30/09/2025;151;Wright;01/05/2020;;;;;;
99;1;22/12/2023;3857;Solis-Haynes;02/01/2020;;;;;;
99;46;01/02/2021;530;Solis-Haynes;26/01/2021;Authority;artist;;;;
99;262;01/01/2024;4816;Solis-Haynes;01/01/2020;Kind;pick;;;;
99;438;03/11/2020;176;Solis-Haynes;13/01/2020;West;language;;;;
99;443;12/04/2023;2072;Solis-Haynes;01/05/2020;How;such;;;;
99;445;25/11/2024;4969;Solis-Haynes;26/06/2020;Measure;skin;;;;
99;452;06/04/2025;4619;Solis-Haynes;11/02/2020;Clearly;message;;;;
99;484;04/10/2020;3072;Solis-Haynes;25/03/2020;Maybe;possible;;;;
99;488;04/05/2024;4863;Solis-Haynes;24/07/2020;Street;its;;;;
99;503;31/01/2025;4324;Solis-Haynes;10/09/2020;;;;;;
99;630;09/07/2020;4069;Solis-Haynes;09/07/2020;;;;;;
99;672;17/03/2024;1985;Solis-Haynes;03/01/2020;Once;yeah;;;;
99;712;29/12/2023;1738;Solis-Haynes;12/03/2023;;;;;;
99;934;27/09/2023;1781;Solis-Haynes;08/01/2021;;;;;;
99;957;17/08/2023;4842;Solis-Haynes;14/04/2021;My;morning;;;;
99;959;08/12/2025;4428;Solis-Haynes;20/05/2020;Their;read;;;;
100;6;05/05/2023;4894;Murray and Sons;23/04/2020;Million;attack;;;;
100;20;08/02/2020;2508;Murray and Sons;08/02/2020;Road;though;;;;
100;89;08/11/2021;1174;Murray and Sons;08/04/2020;Involve;term;;;;
100;114;19/04/2024;4308;Murray and Sons;18/06/2020;Sport;throw;;;;
100;141;19/04/2022;2584;Murray and Sons;16/09/2021;;;;;;
100;174;25/09/2021;2604;Murray and Sons;02/02/2020;East;something;;;;
100;271;10/03/2021;2504;Murray and Sons;10/03/2021;Create;garden;;;;
100;271;18/11/2022;4256;Murray and Sons;10/03/2021;Create;garden;;;;
100;288;16/02/2022;923;Murray and Sons;31/01/2020;Sea;understand;;;;
100;374;09/04/2022;3559;Murray and Sons;31/12/2020;Imagine;like;;;;
100;416;15/06/2022;1643;Murray and Sons;13/03/2020;Some;kitchen;;;;
100;459;12/09/2023;1201;Murray and Sons;01/02/2020;Station;suggest;;;;
100;508;21/05/2024;597;Murray and Sons;12/12/2020;Daughter;board;;;;
100;551;23/10/2021;3461;Murray and Sons;03/03/2020;Data;Republican;;;;
100;619;04/10/2021;4296;Murray and Sons;14/04/2020;;;;;;
100;688;26/05/2023;2915;Murray and Sons;02/06/2020;Skin;player;;;;
100;703;23/02/2023;3560;Murray and Sons;02/09/2020;Form;fish;;;;
100;737;30/04/2025;2664;Murray and Sons;12/02/2020;Sound;and;;;;
100;740;29/01/2021;3909;Murray and Sons;18/05/2020;Side;ok;;;;
100;764;28/09/2022;813;Murray and Sons;04/08/2020;Laugh;send;;;;
100;779;22/07/2025;3224;Murray and Sons;13/02/2020;Whole;street;;;;
100;828;21/03/2021;1138;Murray and Sons;27/01/2021;Above;five;;;;
100;914;30/04/2020;4212;Murray and Sons;27/03/2020;School;hope;;;;
100;925;13/08/2022;1007;Murray and Sons;15/04/2020;;;;;;
100;978;27/04/2025;1233;Murray and Sons;05/07/2021;Listen;nature;;;;
100;989;11/04/2025;1302;Murray and Sons;07/04/2020;Chair;we;;;;
100;989;05/03/2024;1524;Murray and Sons;07/04/2020;Chair;we;;;;
101;3;19/04/2024;4276;Martin;24/07/2021;Unit;film;;;;
101;69;03/01/2020;226;Martin;03/01/2020;College;doctor;;;;
101;118;27/09/2023;3006;Martin;17/05/2021;Ever;which;;;;
101;119;21/07/2023;1593;Martin;31/03/2020;Although;bring;;;;
101;251;15/12/2024;1889;Martin;13/01/2020;Establish;green;;;;
101;362;01/02/2026;3673;Martin;13/02/2020;Memory;late;;;;
101;375;21/11/2024;1447;Martin;13/01/2020;;;;;;
101;543;21/06/2024;2475;Martin;03/01/2020;Rule;lay;;;;
101;577;15/02/2024;551;Martin;10/06/2021;Strong;seek;;;;
101;594;08/05/2025;2973;Martin;26/01/2020;;;;;;
101;620;17/10/2020;3530;Martin;21/02/2020;;;;;;
101;627;08/09/2024;1408;Martin;10/06/2020;;;;;;
101;631;20/11/2023;3778;Martin;14/08/2020;;;;;;
101;689;05/03/2021;1599;Martin;29/07/2020;Growth;sport;;;;
101;787;09/12/2023;3711;Martin;06/02/2021;;;;;;
101;808;26/03/2021;3895;Martin;21/03/2020;Ahead;whose;;;;
101;817;31/05/2021;283;Martin;13/02/2020;Me;quite;;;;
101;836;29/07/2024;3612;Martin;23/10/2020;Benefit;accept;;;;
101;849;13/04/2023;2926;Martin;01/02/2020;;;;;;
101;852;06/12/2020;4591;Martin;06/12/2020;;;;;;
101;873;11/04/2023;134;Martin;18/01/2021;Into;ask;;;;
101;875;29/04/2020;797;Martin;29/04/2020;;;;;;
101;889;13/09/2025;547;Martin;23/10/2020;Yard;white;;;;
102;16;25/07/2023;1147;Bradford Inc;25/01/2021;Artist;young;;;;
102;182;20/12/2024;4182;Bradford Inc;27/10/2020;Old;top;;;;
102;191;15/03/2023;2807;Bradford Inc;18/06/2020;;;;;;
102;256;28/10/2022;608;Bradford Inc;06/05/2022;Season;writer;;;;
102;313;25/10/2023;3127;Bradford Inc;02/05/2021;;;;;;
102;380;29/06/2023;4577;Bradford Inc;08/09/2020;;;;;;
102;389;05/02/2022;939;Bradford Inc;15/01/2021;Where;house;;;;
102;405;10/04/2022;2600;Bradford Inc;22/06/2020;Time;sing;;;;
102;440;09/03/2024;3891;Bradford Inc;16/01/2020;Short;physical;;;;
102;445;27/01/2022;2380;Bradford Inc;26/06/2020;Measure;skin;;;;
102;507;27/09/2021;4383;Bradford Inc;07/05/2020;Own;line;;;;
102;523;11/04/2020;2928;Bradford Inc;19/03/2020;Base;remember;;;;
102;627;01/04/2022;282;Bradford Inc;10/06/2020;;;;;;
102;698;27/12/2025;764;Bradford Inc;07/06/2020;;;;;;
102;769;01/01/2023;3112;Bradford Inc;23/01/2020;;;;;;
102;809;30/11/2022;4428;Bradford Inc;29/04/2020;;;;;;
102;814;30/01/2025;3667;Bradford Inc;03/05/2020;;;;;;
102;881;10/08/2021;1094;Bradford Inc;13/12/2020;;;;;;
102;899;08/09/2021;301;Bradford Inc;13/03/2020;Fine;hundred;;;;
102;966;10/03/2023;3973;Bradford Inc;14/02/2021;;;;;;
102;987;09/08/2025;4673;Bradford Inc;21/03/2020;;;;;;
102;990;15/06/2022;328;Bradford Inc;28/11/2020;;;;;;
103;53;12/12/2025;2760;Gilbert;29/11/2021;Become;themselves;;;;
103;124;10/10/2020;2958;Gilbert;18/08/2020;Friend;prevent;;;;
103;150;15/06/2020;849;Gilbert;15/06/2020;Take;do;;;;
103;216;25/06/2023;893;Gilbert;03/07/2020;Top;likely;;;;
103;294;22/09/2020;604;Gilbert;01/01/2020;;;;;;
103;298;21/09/2021;3171;Gilbert;15/01/2021;;;;;;
103;310;03/10/2020;1125;Gilbert;03/10/2020;;;;;;
103;351;20/11/2023;1948;Gilbert;15/02/2020;Identify;section;;;;
103;354;21/09/2021;1298;Gilbert;13/12/2020;;;;;;
103;358;22/07/2024;3908;Gilbert;23/11/2020;Including;similar;;;;
103;448;26/10/2024;688;Gilbert;23/07/2022;Morning;I;;;;
103;489;23/12/2020;2450;Gilbert;19/08/2020;;;;;;
103;537;13/02/2023;2231;Gilbert;07/04/2020;Cost;outside;;;;
103;635;19/07/2021;999;Gilbert;02/06/2021;;;;;;
103;646;08/12/2025;1955;Gilbert;22/02/2020;;;;;;
103;751;06/12/2024;4973;Gilbert;28/04/2020;Report;turn;;;;
103;794;26/05/2025;3277;Gilbert;20/04/2020;;;;;;
103;815;25/11/2023;3290;Gilbert;18/10/2020;;;;;;
103;893;07/11/2023;1438;Gilbert;08/04/2020;Officer;maintain;;;;
103;918;22/01/2024;1564;Gilbert;16/04/2020;;;;;;
103;927;22/04/2020;508;Gilbert;02/03/2020;;;;;;
104;67;22/09/2021;4645;Smith-Carr;09/10/2020;If;and;;;;
104;148;25/02/2025;3365;Smith-Carr;12/01/2020;Pm;successful;;;;
104;171;09/07/2024;687;Smith-Carr;06/01/2020;;;;;;
104;191;06/11/2024;2703;Smith-Carr;18/06/2020;;;;;;
104;266;10/11/2025;2570;Smith-Carr;13/03/2020;Seek;boy;;;;
104;291;10/06/2023;4961;Smith-Carr;20/11/2020;Customer;set;;;;
104;340;29/06/2020;156;Smith-Carr;29/06/2020;Morning;reflect;;;;
104;418;20/06/2022;3395;Smith-Carr;03/05/2021;Method;civil;;;;
104;426;10/07/2025;1153;Smith-Carr;11/01/2021;;;;;;
104;434;23/02/2022;4436;Smith-Carr;04/06/2020;Fall;huge;;;;
104;505;25/11/2021;1906;Smith-Carr;31/01/2020;Raise;them;;;;
104;608;02/05/2023;4548;Smith-Carr;15/05/2020;Hard;prepare;;;;
104;705;23/12/2022;2913;Smith-Carr;16/01/2020;North;door;;;;
104;713;06/08/2025;2411;Smith-Carr;28/02/2020;Drug;talk;;;;
104;742;23/03/2023;2970;Smith-Carr;21/05/2020;Computer;range;;;;
104;806;14/05/2021;4226;Smith-Carr;14/05/2021;Prevent;national;;;;
104;929;11/02/2026;2976;Smith-Carr;25/09/2020;Environmental;quality;;;;
104;937;25/08/2020;3841;Smith-Carr;05/08/2020;;;;;;
104;962;09/02/2024;3671;Smith-Carr;25/02/2020;Plant;statement;;;;
104;965;14/11/2020;4525;Smith-Carr;24/02/2020;;;;;;
105;45;28/07/2023;3033;Perry Group;27/09/2021;Play;why;;;;
105;111;29/01/2021;4873;Perry Group;25/04/2020;;;;;;
105;153;29/08/2021;633;Perry Group;14/03/2020;What;out;;;;
105;198;14/05/2023;2254;Perry Group;15/11/2020;Water;rise;;;;
105;211;27/02/2024;4981;Perry Group;05/07/2021;;;;;;
105;396;23/12/2023;1068;Perry Group;04/07/2021;Also;mother;;;;
105;415;18/05/2020;3951;Perry Group;18/05/2020;;;;;;
105;428;03/03/2020;2681;Perry Group;03/03/2020;Me;across;;;;
105;459;02/10/2023;3690;Perry Group;01/02/2020;Station;suggest;;;;
105;497;25/08/2023;3058;Perry Group;16/07/2020;All;nature;;;;
105;506;20/09/2021;4832;Perry Group;11/07/2020;;;;;;
105;533;24/01/2024;1296;Perry Group;04/06/2020;Reality;drop;;;;
105;638;04/02/2025;4328;Perry Group;19/03/2020;My;authority;;;;
105;729;15/02/2022;590;Perry Group;08/12/2021;Store;value;;;;
105;731;22/08/2023;1193;Perry Group;29/04/2020;High;central;;;;
105;755;08/04/2023;3772;Perry Group;22/01/2020;Hand;without;;;;
105;761;27/05/2023;4872;Perry Group;26/01/2020;Company;age;;;;
105;815;08/06/2021;4063;Perry Group;18/10/2020;;;;;;
105;934;13/09/2024;4032;Perry Group;08/01/2021;;;;;;
105;976;11/09/2020;3782;Perry Group;12/01/2020;;;;;;
105;995;19/11/2025;3098;Perry Group;16/04/2020;Assume;and;;;;
106;1;20/06/2023;2268;Dalton;02/01/2020;;;;;;
106;21;26/03/2022;3171;Dalton;25/03/2020;;;;;;
106;178;10/03/2023;1478;Dalton;30/01/2020;Animal;huge;;;;
106;275;14/10/2021;2226;Dalton;19/04/2020;;;;;;
106;332;02/03/2022;840;Dalton;25/02/2021;Avoid;television;;;;
106;369;03/06/2020;365;Dalton;27/04/2020;This;already;;;;
106;392;02/07/2023;975;Dalton;04/01/2021;Budget;because;;;;
106;458;29/04/2020;2191;Dalton;29/04/2020;Decide;morning;;;;
106;460;17/07/2025;1013;Dalton;02/04/2020;For;reach;;;;
106;466;27/10/2023;1034;Dalton;29/02/2020;Hot;computer;;;;
106;478;26/01/2023;457;Dalton;16/03/2020;Common;cold;;;;
106;503;10/09/2020;4355;Dalton;10/09/2020;;;;;;
106;519;07/04/2023;1213;Dalton;06/09/2020;Leader;technology;;;;
106;582;19/09/2022;2537;Dalton;05/08/2020;Adult;mean;;;;
106;654;14/05/2022;4694;Dalton;26/10/2021;Early;me;;;;
106;702;14/03/2023;3589;Dalton;23/01/2020;He;desCribe;;;;
106;784;28/10/2025;4978;Dalton;21/03/2020;Exactly;a;;;;
106;798;27/10/2025;1138;Dalton;11/08/2021;;;;;;
106;798;01/03/2025;1394;Dalton;11/08/2021;;;;;;
106;813;05/09/2021;886;Dalton;22/09/2020;;;;;;
106;824;29/04/2021;1099;Dalton;07/12/2020;Hit;less;;;;
106;927;08/07/2020;4755;Dalton;02/03/2020;;;;;;
106;963;14/11/2024;459;Dalton;22/07/2020;Food;thousand;;;;
107;16;02/08/2021;1159;Perez;25/01/2021;Artist;young;;;;
107;74;02/07/2025;108;Perez;19/11/2021;Federal;forward;;;;
107;84;26/05/2023;1844;Perez;16/07/2020;She;marriage;;;;
107;143;05/08/2024;2836;Perez;12/12/2020;;;;;;
107;221;01/02/2022;713;Perez;05/06/2020;Move;board;;;;
107;244;13/06/2022;3397;Perez;07/06/2020;Military;level;;;;
107;250;10/11/2022;4865;Perez;18/12/2020;;;;;;
107;259;20/06/2020;201;Perez;20/06/2020;Picture;build;;;;
107;266;23/10/2020;2925;Perez;13/03/2020;Seek;boy;;;;
107;365;16/01/2021;3837;Perez;16/01/2021;Order;share;;;;
107;460;09/06/2021;1515;Perez;02/04/2020;For;reach;;;;
107;486;10/03/2023;3267;Perez;28/12/2020;Try;sell;;;;
107;548;09/07/2024;3530;Perez;31/03/2020;;;;;;
107;595;09/09/2025;3936;Perez;15/02/2021;;;;;;
107;656;02/11/2024;1878;Perez;30/12/2020;Person;yourself;;;;
107;673;04/06/2022;3907;Perez;18/08/2021;If;need;;;;
107;687;12/05/2025;483;Perez;27/04/2020;Many;where;;;;
107;806;06/09/2024;4609;Perez;14/05/2021;Prevent;national;;;;
107;833;31/10/2020;3051;Perez;31/10/2020;Mr;seek;;;;
107;868;14/10/2020;1377;Perez;06/06/2020;;;;;;
107;892;12/11/2021;1608;Perez;15/07/2020;;;;;;
107;906;26/09/2025;3808;Perez;26/08/2020;Third;newspaper;;;;
107;979;08/10/2022;1772;Perez;08/01/2021;;;;;;
108;106;03/05/2020;1066;Bell Ltd;20/01/2020;Peace;add;;;;
108;116;14/02/2021;4184;Bell Ltd;31/01/2020;;;;;;
108;164;07/03/2025;2760;Bell Ltd;31/01/2020;Evening;guy;;;;
108;255;01/11/2022;3865;Bell Ltd;19/02/2020;Music;ability;;;;
108;296;28/10/2023;2465;Bell Ltd;08/02/2022;Pass;safe;;;;
108;408;19/11/2024;2369;Bell Ltd;27/02/2020;Color;really;;;;
108;413;05/12/2023;3596;Bell Ltd;08/11/2020;Stop;country;;;;
108;458;05/08/2022;4196;Bell Ltd;29/04/2020;Decide;morning;;;;
108;473;24/07/2020;1691;Bell Ltd;24/07/2020;;;;;;
108;512;21/02/2023;1419;Bell Ltd;17/05/2020;;;;;;
108;518;14/03/2024;299;Bell Ltd;25/09/2020;Administration;have;;;;
108;523;24/07/2023;4325;Bell Ltd;19/03/2020;Base;remember;;;;
108;622;04/11/2023;4710;Bell Ltd;24/04/2020;How;buy;;;;
108;640;19/09/2023;2722;Bell Ltd;12/01/2020;Important;yes;;;;
108;701;18/09/2025;609;Bell Ltd;15/11/2020;;;;;;
108;715;22/01/2023;3525;Bell Ltd;06/07/2020;Walk;ahead;;;;
108;824;25/12/2023;3335;Bell Ltd;07/12/2020;Hit;less;;;;
108;860;25/12/2023;2576;Bell Ltd;07/04/2020;Push;yard;;;;
109;86;13/11/2022;1830;Smith;04/10/2020;;;;;;
109;112;09/05/2021;1321;Smith;30/04/2020;Example;lose;;;;
109;161;28/11/2024;4924;Smith;01/02/2020;Have;party;;;;
109;278;05/12/2024;563;Smith;01/03/2020;;;;;;
109;323;06/03/2024;2133;Smith;04/01/2020;Long;serve;;;;
109;424;29/01/2020;2091;Smith;29/01/2020;Item;usually;;;;
109;514;13/11/2020;3897;Smith;22/08/2020;;;;;;
109;536;11/02/2022;3347;Smith;08/03/2020;Beat;factor;;;;
109;579;27/06/2021;4765;Smith;27/06/2021;;;;;;
109;624;13/06/2025;4508;Smith;26/02/2020;Why;professor;;;;
109;656;21/06/2021;2927;Smith;30/12/2020;Person;yourself;;;;
109;675;15/01/2022;4456;Smith;26/04/2020;Stand;likely;;;;
109;729;08/01/2026;4252;Smith;08/12/2021;Store;value;;;;
109;757;15/08/2021;253;Smith;15/08/2021;;;;;;
109;871;07/06/2023;3940;Smith;13/04/2021;;;;;;
109;976;09/07/2020;3529;Smith;12/01/2020;;;;;;
110;201;02/07/2022;4868;Preston-Clark;18/03/2020;Let;a;;;;
110;249;26/12/2024;668;Preston-Clark;25/05/2020;Member;skin;;;;
110;371;12/04/2023;4506;Preston-Clark;19/09/2020;South;return;;;;
110;478;16/03/2020;1733;Preston-Clark;16/03/2020;Common;cold;;;;
110;591;05/01/2023;1105;Preston-Clark;23/02/2022;;;;;;
110;645;29/07/2022;692;Preston-Clark;29/04/2020;;;;;;
110;707;18/10/2025;1880;Preston-Clark;18/06/2020;;;;;;
110;835;26/11/2020;790;Preston-Clark;12/02/2020;;;;;;
110;850;15/01/2025;2732;Preston-Clark;04/02/2020;Four;travel;;;;
110;876;28/02/2021;1963;Preston-Clark;12/08/2020;In;ever;;;;
110;893;09/09/2024;2011;Preston-Clark;08/04/2020;Officer;maintain;;;;
110;919;30/06/2022;4717;Preston-Clark;04/06/2020;Low;word;;;;
110;925;03/01/2026;4915;Preston-Clark;15/04/2020;;;;;;
111;117;26/07/2021;1883;Jones-Cox;22/09/2020;Wall;morning;;;;
111;123;17/01/2024;473;Jones-Cox;28/05/2021;Moment;across;;;;
111;130;04/04/2023;862;Jones-Cox;02/08/2020;Morning;real;;;;
111;145;16/07/2023;3883;Jones-Cox;29/12/2020;Bag;character;;;;
111;168;28/03/2023;3862;Jones-Cox;03/03/2020;Mrs;cover;;;;
111;189;20/09/2024;1041;Jones-Cox;11/11/2020;Toward;station;;;;
111;253;27/05/2025;2797;Jones-Cox;02/09/2021;Various;whether;;;;
111;283;24/01/2021;3695;Jones-Cox;26/03/2020;Nature;rise;;;;
111;309;03/05/2023;803;Jones-Cox;25/12/2020;Wear;radio;;;;
111;352;08/09/2024;1336;Jones-Cox;07/08/2020;Suddenly;boy;;;;
111;412;29/11/2021;759;Jones-Cox;24/06/2020;Night;third;;;;
111;423;29/11/2025;2212;Jones-Cox;08/10/2020;;;;;;
111;449;23/06/2020;1110;Jones-Cox;03/01/2020;Get;to;;;;
111;454;24/06/2025;2806;Jones-Cox;12/02/2020;Stock;responsibility;;;;
111;560;10/01/2026;468;Jones-Cox;16/09/2020;;;;;;
111;603;07/06/2020;425;Jones-Cox;05/06/2020;;;;;;
111;604;11/03/2025;4107;Jones-Cox;11/02/2020;;;;;;
111;677;26/08/2021;2554;Jones-Cox;26/08/2021;Bit;again;;;;
111;741;24/12/2021;3701;Jones-Cox;27/01/2020;Late;I;;;;
111;752;16/12/2025;1346;Jones-Cox;05/08/2020;South;season;;;;
111;766;09/02/2026;2824;Jones-Cox;09/04/2020;;;;;;
111;793;05/08/2022;4387;Jones-Cox;05/08/2022;Laugh;far;;;;
111;830;30/10/2025;1587;Jones-Cox;08/09/2021;Girl;voice;;;;
111;904;30/01/2023;343;Jones-Cox;22/12/2020;Sometimes;mean;;;;
111;926;03/11/2023;2101;Jones-Cox;31/07/2020;Health;born;;;;
112;109;31/10/2020;3592;Brown;10/07/2020;Media;purpose;;;;
112;187;12/07/2025;1608;Brown;04/06/2020;;;;;;
112;199;02/07/2024;4198;Brown;24/09/2020;Whole;successful;;;;
112;223;08/03/2021;1919;Brown;10/03/2020;;;;;;
112;292;10/06/2020;1191;Brown;27/03/2020;Card;rich;;;;
112;335;07/06/2020;241;Brown;03/03/2020;;;;;;
112;368;05/03/2022;4198;Brown;07/01/2020;Any;important;;;;
112;369;27/04/2020;3606;Brown;27/04/2020;This;already;;;;
112;371;10/07/2021;544;Brown;19/09/2020;South;return;;;;
112;375;13/01/2020;2167;Brown;13/01/2020;;;;;;
112;395;04/12/2025;1722;Brown;22/08/2020;Subject;raise;;;;
112;436;08/12/2021;1186;Brown;13/05/2020;Whatever;every;;;;
112;586;08/12/2025;2944;Brown;08/02/2020;;;;;;
112;600;27/08/2023;3883;Brown;08/07/2020;;;;;;
112;605;30/03/2020;3678;Brown;30/03/2020;;;;;;
112;612;26/06/2021;565;Brown;10/03/2020;;;;;;
112;859;11/06/2024;1702;Brown;12/02/2020;Teach;should;;;;
113;9;04/05/2023;4497;Mccoy and Sons;03/01/2020;Star;land;;;;
113;219;20/12/2024;1423;Mccoy and Sons;20/01/2020;;;;;;
113;281;27/10/2025;2734;Mccoy and Sons;03/02/2020;;;;;;
113;304;30/09/2022;1635;Mccoy and Sons;11/07/2021;;;;;;
113;330;04/09/2024;4827;Mccoy and Sons;07/03/2020;Out;character;;;;
113;358;22/05/2021;961;Mccoy and Sons;23/11/2020;Including;similar;;;;
113;417;13/04/2024;368;Mccoy and Sons;09/04/2020;Approach;interview;;;;
113;501;17/02/2026;681;Mccoy and Sons;20/04/2021;Avoid;approach;;;;
113;598;01/06/2021;901;Mccoy and Sons;29/05/2020;Value;key;;;;
113;643;04/09/2024;4340;Mccoy and Sons;31/05/2020;Term;example;;;;
113;815;07/06/2021;1188;Mccoy and Sons;18/10/2020;;;;;;
113;843;23/12/2021;2994;Mccoy and Sons;26/05/2020;Service;sense;;;;
113;939;15/02/2023;666;Mccoy and Sons;09/02/2021;Happen;agree;;;;
114;16;31/01/2021;4834;Miller PLC;25/01/2021;Artist;young;;;;
114;89;27/06/2020;1234;Miller PLC;08/04/2020;Involve;term;;;;
114;109;12/07/2021;2942;Miller PLC;10/07/2020;Media;purpose;;;;
114;139;01/07/2025;2023;Miller PLC;11/06/2020;Myself;bag;;;;
114;170;03/07/2021;1755;Miller PLC;19/01/2020;Wind;top;;;;
114;374;12/07/2023;3899;Miller PLC;31/12/2020;Imagine;like;;;;
114;482;11/01/2020;1737;Miller PLC;11/01/2020;;;;;;
114;488;14/02/2023;3175;Miller PLC;24/07/2020;Street;its;;;;
114;599;01/05/2025;2047;Miller PLC;20/11/2020;Population;use;;;;
114;654;18/01/2024;4225;Miller PLC;26/10/2021;Early;me;;;;
114;677;24/11/2023;3791;Miller PLC;26/08/2021;Bit;again;;;;
114;688;16/02/2024;1525;Miller PLC;02/06/2020;Skin;player;;;;
114;966;08/04/2021;1601;Miller PLC;14/02/2021;;;;;;
114;985;20/12/2021;2941;Miller PLC;25/08/2021;Detail;speech;;;;
115;28;02/12/2024;2637;Jacobs LLC;04/01/2020;What;field;;;;
115;66;27/12/2023;2421;Jacobs LLC;17/03/2021;Sister;door;;;;
115;72;08/12/2025;4232;Jacobs LLC;22/02/2020;How;white;;;;
115;102;14/03/2024;2742;Jacobs LLC;22/06/2020;We;country;;;;
115;120;16/10/2024;354;Jacobs LLC;13/03/2021;Follow;democratic;;;;
115;422;25/04/2022;4124;Jacobs LLC;28/01/2020;Soldier;six;;;;
115;467;08/01/2020;4412;Jacobs LLC;08/01/2020;Too;ago;;;;
115;472;29/05/2025;2219;Jacobs LLC;30/06/2020;Senior;reality;;;;
115;514;07/10/2020;436;Jacobs LLC;22/08/2020;;;;;;
115;546;18/12/2022;3647;Jacobs LLC;18/12/2022;;;;;;
115;732;11/01/2024;1263;Jacobs LLC;30/03/2020;Happy;early;;;;
115;770;06/12/2020;3803;Jacobs LLC;06/12/2020;Use;reach;;;;
115;907;22/03/2020;444;Jacobs LLC;22/03/2020;Public;change;;;;
116;63;04/01/2023;3380;Smith-Gomez;18/02/2020;;;;;;
116;105;09/08/2021;4255;Smith-Gomez;02/04/2020;Same;nation;;;;
116;271;26/05/2025;3456;Smith-Gomez;10/03/2021;Create;garden;;;;
116;431;20/10/2021;2878;Smith-Gomez;03/04/2020;Appear;agency;;;;
116;434;16/05/2022;2244;Smith-Gomez;04/06/2020;Fall;huge;;;;
116;448;07/07/2025;4941;Smith-Gomez;23/07/2022;Morning;I;;;;
116;472;07/05/2025;4581;Smith-Gomez;30/06/2020;Senior;reality;;;;
116;522;15/09/2024;3015;Smith-Gomez;30/01/2020;Laugh;else;;;;
116;683;23/02/2021;902;Smith-Gomez;08/01/2020;Away;wind;;;;
116;711;13/03/2025;3673;Smith-Gomez;21/04/2021;;;;;;
116;776;05/04/2021;4477;Smith-Gomez;06/08/2020;;;;;;
116;778;19/05/2023;188;Smith-Gomez;09/03/2020;Friend;do;;;;
116;782;26/06/2022;4124;Smith-Gomez;15/07/2021;Success;despite;;;;
116;850;25/07/2024;1464;Smith-Gomez;04/02/2020;Four;travel;;;;
116;927;13/07/2024;153;Smith-Gomez;02/03/2020;;;;;;
116;930;05/11/2020;3729;Smith-Gomez;01/02/2020;;;;;;
117;10;08/10/2020;4614;Grant PLC;08/10/2020;;;;;;
117;37;13/01/2023;324;Grant PLC;18/06/2020;Box;land;;;;
117;96;25/08/2021;1835;Grant PLC;15/02/2020;Like;available;;;;
117;168;20/02/2023;2389;Grant PLC;03/03/2020;Mrs;cover;;;;
117;223;04/10/2021;1186;Grant PLC;10/03/2020;;;;;;
117;427;04/02/2026;1874;Grant PLC;05/02/2021;;;;;;
117;440;05/08/2021;874;Grant PLC;16/01/2020;Short;physical;;;;
117;495;13/06/2025;3643;Grant PLC;06/05/2020;Spring;standard;;;;
117;517;05/10/2021;3138;Grant PLC;16/09/2020;;;;;;
117;548;31/03/2020;182;Grant PLC;31/03/2020;;;;;;
117;621;04/07/2024;1087;Grant PLC;15/09/2020;;;;;;
117;625;26/10/2023;4323;Grant PLC;06/02/2020;Need;a;;;;
117;659;20/09/2021;2327;Grant PLC;20/01/2020;Table;page;;;;
117;715;01/07/2025;1386;Grant PLC;06/07/2020;Walk;ahead;;;;
117;723;18/08/2024;144;Grant PLC;05/02/2020;Take;above;;;;
117;763;05/07/2025;1075;Grant PLC;06/12/2020;;;;;;
117;801;25/09/2021;1272;Grant PLC;08/04/2020;Best;apply;;;;
117;809;15/09/2025;4242;Grant PLC;29/04/2020;;;;;;
117;885;08/10/2022;3416;Grant PLC;12/06/2021;Commercial;answer;;;;
117;896;27/09/2025;4884;Grant PLC;15/01/2020;;;;;;
117;936;17/12/2023;979;Grant PLC;02/02/2020;;;;;;
117;950;16/04/2020;609;Grant PLC;17/03/2020;;;;;;
117;982;30/11/2021;130;Grant PLC;25/01/2021;Operation;time;;;;
118;18;24/11/2023;1835;Bradshaw;30/01/2020;;;;;;
118;72;13/12/2021;3915;Bradshaw;22/02/2020;How;white;;;;
118;115;16/08/2021;271;Bradshaw;31/08/2020;;;;;;
118;188;09/01/2021;3907;Bradshaw;31/12/2020;;;;;;
118;242;30/03/2022;1027;Bradshaw;31/03/2020;;;;;;
118;282;05/05/2020;1495;Bradshaw;05/05/2020;;;;;;
118;348;19/02/2020;1641;Bradshaw;19/02/2020;Almost;fine;;;;
118;372;16/10/2023;584;Bradshaw;18/01/2020;;;;;;
118;395;14/10/2023;4125;Bradshaw;22/08/2020;Subject;raise;;;;
118;431;11/11/2021;877;Bradshaw;03/04/2020;Appear;agency;;;;
118;439;07/04/2020;766;Bradshaw;06/01/2020;Financial;east;;;;
118;496;16/07/2021;443;Bradshaw;11/03/2020;;;;;;
118;573;22/05/2024;1254;Bradshaw;28/10/2020;Drug;father;;;;
118;608;01/02/2022;1477;Bradshaw;15/05/2020;Hard;prepare;;;;
118;682;17/12/2021;4017;Bradshaw;21/06/2020;Final;figure;;;;
118;688;05/04/2021;4579;Bradshaw;02/06/2020;Skin;player;;;;
118;760;30/05/2025;1536;Bradshaw;06/04/2020;;;;;;
118;763;19/06/2023;1883;Bradshaw;06/12/2020;;;;;;
118;783;16/01/2025;4797;Bradshaw;06/06/2020;;;;;;
118;863;25/03/2024;1068;Bradshaw;26/01/2020;Scene;particular;;;;
118;872;09/12/2024;455;Bradshaw;01/01/2021;;;;;;
118;954;13/08/2023;2225;Bradshaw;25/04/2020;Our;face;;;;
118;979;08/01/2021;1100;Bradshaw;08/01/2021;;;;;;
118;983;26/04/2022;2942;Bradshaw;30/06/2020;Black;thus;;;;
118;996;25/04/2023;4513;Bradshaw;13/05/2020;Why;cover;;;;
119;59;05/09/2021;1336;Dixon;07/01/2020;Reason;than;;;;
119;66;23/02/2023;313;Dixon;17/03/2021;Sister;door;;;;
119;75;21/08/2024;820;Dixon;17/02/2020;Surface;throughout;;;;
119;83;17/04/2023;980;Dixon;21/09/2020;Past;offer;;;;
119;132;16/03/2024;4191;Dixon;30/08/2020;;;;;;
119;203;06/10/2023;4868;Dixon;29/05/2020;Key;time;;;;
119;251;09/05/2021;1912;Dixon;13/01/2020;Establish;green;;;;
119;306;14/01/2022;122;Dixon;22/04/2020;;;;;;
119;344;09/11/2020;3495;Dixon;09/11/2020;;;;;;
119;356;25/04/2024;2510;Dixon;26/09/2020;;;;;;
119;448;06/11/2023;2223;Dixon;23/07/2022;Morning;I;;;;
119;556;20/10/2021;1482;Dixon;08/03/2020;;;;;;
119;565;19/07/2021;113;Dixon;09/03/2020;Week;change;;;;
119;620;12/07/2023;4671;Dixon;21/02/2020;;;;;;
119;736;18/07/2023;4226;Dixon;25/07/2020;Among;official;;;;
119;738;25/11/2022;1865;Dixon;26/02/2020;Crime;country;;;;
119;789;23/05/2021;4599;Dixon;07/04/2020;Dinner;upon;;;;
119;801;18/03/2022;3404;Dixon;08/04/2020;Best;apply;;;;
119;801;08/04/2020;4099;Dixon;08/04/2020;Best;apply;;;;
119;855;02/04/2022;4129;Dixon;27/08/2021;Five;Crime;;;;
119;890;09/02/2022;893;Dixon;10/02/2020;Must;technology;;;;
119;915;20/05/2021;4520;Dixon;02/03/2020;But;forget;;;;
119;918;19/07/2025;1839;Dixon;16/04/2020;;;;;;
119;972;14/02/2020;2545;Dixon;14/02/2020;;;;;;
119;991;06/02/2025;3238;Dixon;23/08/2020;Most;today;;;;
120;52;25/08/2022;2849;Hernandez;05/01/2020;;;;;;
120;90;29/01/2026;1140;Hernandez;26/05/2020;;;;;;
120;115;03/08/2024;2421;Hernandez;31/08/2020;;;;;;
120;149;22/02/2022;525;Hernandez;16/04/2020;Perform;these;;;;
120;179;11/09/2021;346;Hernandez;18/08/2021;Organization;tree;;;;
120;238;17/10/2021;2916;Hernandez;17/10/2021;;;;;;
120;299;11/01/2022;1597;Hernandez;01/03/2021;Answer;hard;;;;
120;323;04/01/2020;1502;Hernandez;04/01/2020;Long;serve;;;;
120;351;23/09/2024;4173;Hernandez;15/02/2020;Identify;section;;;;
120;373;18/01/2024;2685;Hernandez;22/01/2020;War;foot;;;;
120;470;31/01/2022;3771;Hernandez;07/09/2020;Red;against;;;;
120;482;25/08/2022;2008;Hernandez;11/01/2020;;;;;;
120;491;25/06/2020;4472;Hernandez;14/02/2020;Year;ask;;;;
120;508;09/07/2022;1539;Hernandez;12/12/2020;Daughter;board;;;;
120;530;16/11/2021;3451;Hernandez;16/11/2021;;;;;;
120;559;15/08/2021;1801;Hernandez;16/01/2020;Where;interview;;;;
120;591;23/02/2022;1195;Hernandez;23/02/2022;;;;;;
120;648;23/08/2022;891;Hernandez;13/03/2020;Fish;high;;;;
120;664;08/12/2022;4758;Hernandez;01/03/2020;Yes;keep;;;;
120;752;05/12/2024;890;Hernandez;05/08/2020;South;season;;;;
120;767;30/08/2023;1469;Hernandez;09/09/2020;Artist;wait;;;;
120;803;25/03/2022;1647;Hernandez;28/06/2020;Also;source;;;;
120;825;01/01/2020;2638;Hernandez;01/01/2020;;;;;;
120;863;08/09/2021;1110;Hernandez;26/01/2020;Scene;particular;;;;
121;6;28/05/2020;1888;CArter and Sons;23/04/2020;Million;attack;;;;
121;138;31/03/2022;4763;CArter and Sons;31/05/2021;Kind;choose;;;;
121;148;12/05/2022;4607;CArter and Sons;12/01/2020;Pm;successful;;;;
121;212;25/09/2023;2865;CArter and Sons;04/03/2020;;;;;;
121;215;30/07/2020;4520;CArter and Sons;05/01/2020;;;;;;
121;254;13/07/2025;3262;CArter and Sons;13/12/2021;Human;because;;;;
121;272;10/01/2022;2467;CArter and Sons;25/04/2020;Glass;outside;;;;
121;291;11/01/2023;2968;CArter and Sons;20/11/2020;Customer;set;;;;
121;336;14/08/2021;2718;CArter and Sons;08/01/2020;History;decide;;;;
121;359;26/12/2023;278;CArter and Sons;18/09/2020;Like;view;;;;
121;415;25/06/2020;989;CArter and Sons;18/05/2020;;;;;;
121;439;14/09/2020;2295;CArter and Sons;06/01/2020;Financial;east;;;;
121;636;17/04/2020;3404;CArter and Sons;17/04/2020;Business;tell;;;;
121;807;01/09/2020;3404;CArter and Sons;05/06/2020;;;;;;
121;821;18/09/2023;3397;CArter and Sons;31/07/2020;Dog;decide;;;;
121;841;01/09/2023;2389;CArter and Sons;05/08/2020;Old;investment;;;;
121;907;09/04/2021;1793;CArter and Sons;22/03/2020;Public;change;;;;
121;948;19/07/2021;2944;CArter and Sons;02/04/2020;Quality;successful;;;;
121;965;17/01/2021;4581;CArter and Sons;24/02/2020;;;;;;
121;997;06/12/2021;4910;CArter and Sons;06/12/2021;Pass;her;;;;
122;74;24/05/2024;2423;Carrillo Inc;19/11/2021;Federal;forward;;;;
122;96;09/08/2024;3387;Carrillo Inc;15/02/2020;Like;available;;;;
122;171;11/07/2020;464;Carrillo Inc;06/01/2020;;;;;;
122;244;26/10/2025;2992;Carrillo Inc;07/06/2020;Military;level;;;;
122;258;27/04/2021;2671;Carrillo Inc;12/04/2021;Enough;buy;;;;
122;351;24/10/2022;831;Carrillo Inc;15/02/2020;Identify;section;;;;
122;353;08/03/2021;3528;Carrillo Inc;01/05/2020;Kitchen;sign;;;;
122;374;23/08/2023;1153;Carrillo Inc;31/12/2020;Imagine;like;;;;
122;424;03/02/2026;1657;Carrillo Inc;29/01/2020;Item;usually;;;;
122;431;09/04/2025;1891;Carrillo Inc;03/04/2020;Appear;agency;;;;
122;531;24/04/2023;1785;Carrillo Inc;24/04/2021;Commercial;relate;;;;
122;558;26/07/2022;2458;Carrillo Inc;12/02/2020;Prepare;wish;;;;
122;632;29/10/2023;682;Carrillo Inc;11/02/2020;Although;book;;;;
122;701;21/03/2024;2580;Carrillo Inc;15/11/2020;;;;;;
122;825;20/06/2023;2929;Carrillo Inc;01/01/2020;;;;;;
122;843;26/05/2020;4405;Carrillo Inc;26/05/2020;Service;sense;;;;
122;850;29/10/2021;655;Carrillo Inc;04/02/2020;Four;travel;;;;
122;948;26/04/2023;4754;Carrillo Inc;02/04/2020;Quality;successful;;;;
123;21;16/11/2022;4662;Howard LLC;25/03/2020;;;17;benefit;79;Critica da Arte
123;98;12/05/2021;4260;Howard LLC;20/04/2020;Recent;kind;17;benefit;79;Critica da Arte
123;101;12/01/2020;4610;Howard LLC;12/01/2020;Single;well;17;benefit;79;Critica da Arte
123;119;08/04/2025;2471;Howard LLC;31/03/2020;Although;bring;17;benefit;79;Critica da Arte
123;133;18/10/2022;531;Howard LLC;16/11/2020;Forward;market;17;benefit;79;Critica da Arte
123;213;07/07/2025;3041;Howard LLC;06/11/2020;Yet;product;17;benefit;79;Critica da Arte
123;235;11/06/2023;2296;Howard LLC;01/04/2021;Down;him;17;benefit;79;Critica da Arte
123;400;23/12/2021;354;Howard LLC;25/03/2020;;;17;benefit;79;Critica da Arte
123;426;04/03/2024;1817;Howard LLC;11/01/2021;;;17;benefit;79;Critica da Arte
123;475;01/04/2024;1963;Howard LLC;16/10/2020;Young;without;17;benefit;79;Critica da Arte
123;567;02/03/2024;594;Howard LLC;14/04/2021;;;17;benefit;79;Critica da Arte
123;607;06/03/2021;3732;Howard LLC;06/03/2021;Much;alone;17;benefit;79;Critica da Arte
123;668;26/04/2025;1258;Howard LLC;17/08/2020;;;17;benefit;79;Critica da Arte
123;676;11/12/2020;3915;Howard LLC;11/12/2020;Manage;same;17;benefit;79;Critica da Arte
123;710;25/08/2020;4012;Howard LLC;11/06/2020;;;17;benefit;79;Critica da Arte
123;773;22/04/2020;4146;Howard LLC;22/04/2020;;;17;benefit;79;Critica da Arte
123;823;25/03/2023;691;Howard LLC;23/04/2020;;;17;benefit;79;Critica da Arte
123;833;21/11/2024;2359;Howard LLC;31/10/2020;Mr;seek;17;benefit;79;Critica da Arte
123;840;29/09/2022;2314;Howard LLC;14/03/2020;Consider;people;17;benefit;79;Critica da Arte
124;27;01/04/2025;1704;Tran-Lopez;12/05/2021;Agree;open;;;;
124;42;22/07/2024;900;Tran-Lopez;01/10/2020;Light;free;;;;
124;104;02/02/2021;601;Tran-Lopez;07/07/2020;Concern;stay;;;;
124;168;16/10/2025;1251;Tran-Lopez;03/03/2020;Mrs;cover;;;;
124;203;12/10/2021;3810;Tran-Lopez;29/05/2020;Key;time;;;;
124;249;27/11/2024;2799;Tran-Lopez;25/05/2020;Member;skin;;;;
124;286;21/07/2021;564;Tran-Lopez;16/05/2021;Property;notice;;;;
124;286;08/07/2024;3089;Tran-Lopez;16/05/2021;Property;notice;;;;
124;343;13/01/2024;2632;Tran-Lopez;12/01/2020;;;;;;
124;374;21/01/2025;3719;Tran-Lopez;31/12/2020;Imagine;like;;;;
124;426;21/11/2024;2055;Tran-Lopez;11/01/2021;;;;;;
124;442;17/05/2023;2611;Tran-Lopez;29/08/2020;;;;;;
124;461;16/04/2023;1579;Tran-Lopez;03/11/2020;Issue;one;;;;
124;519;16/05/2022;3100;Tran-Lopez;06/09/2020;Leader;technology;;;;
124;656;20/12/2023;930;Tran-Lopez;30/12/2020;Person;yourself;;;;
124;669;26/12/2025;4317;Tran-Lopez;17/12/2021;;;;;;
124;711;17/11/2024;419;Tran-Lopez;21/04/2021;;;;;;
124;823;24/04/2021;4870;Tran-Lopez;23/04/2020;;;;;;
124;844;03/02/2026;432;Tran-Lopez;24/09/2020;Statement;benefit;;;;
124;859;18/10/2021;778;Tran-Lopez;12/02/2020;Teach;should;;;;
124;873;10/07/2024;3427;Tran-Lopez;18/01/2021;Into;ask;;;;
124;895;11/05/2025;3811;Tran-Lopez;15/01/2020;Eye;husband;;;;
124;956;20/09/2022;872;Tran-Lopez;10/05/2020;;;;;;
125;38;30/11/2024;2322;Adams;06/05/2020;;;;;;
125;101;10/11/2024;1611;Adams;12/01/2020;Single;well;;;;
125;238;15/11/2024;4124;Adams;17/10/2021;;;;;;
125;325;15/02/2021;2129;Adams;04/12/2020;Management;defense;;;;
125;375;29/07/2022;4019;Adams;13/01/2020;;;;;;
125;409;25/12/2024;2895;Adams;09/04/2021;Public;he;;;;
125;478;02/03/2023;1347;Adams;16/03/2020;Common;cold;;;;
125;622;17/10/2023;4251;Adams;24/04/2020;How;buy;;;;
125;664;15/10/2025;860;Adams;01/03/2020;Yes;keep;;;;
125;829;23/11/2024;4221;Adams;09/01/2020;Few;line;;;;
125;927;09/11/2024;4847;Adams;02/03/2020;;;;;;
125;964;21/12/2022;3592;Adams;04/06/2021;;;;;;
125;983;13/12/2021;370;Adams;30/06/2020;Black;thus;;;;
126;23;31/01/2026;455;Gonzales PLC;02/02/2020;These;and;;;;
126;125;10/04/2021;348;Gonzales PLC;10/04/2021;;;;;;
126;185;01/08/2025;684;Gonzales PLC;06/10/2020;Smile;player;;;;
126;233;14/02/2020;386;Gonzales PLC;14/02/2020;Herself;water;;;;
126;271;25/12/2025;876;Gonzales PLC;10/03/2021;Create;garden;;;;
126;280;27/12/2023;1547;Gonzales PLC;23/01/2020;Agree;participant;;;;
126;281;13/09/2025;2419;Gonzales PLC;03/02/2020;;;;;;
126;284;10/03/2023;281;Gonzales PLC;10/03/2023;Safe;hotel;;;;
126;489;27/01/2021;1595;Gonzales PLC;19/08/2020;;;;;;
126;518;10/01/2026;2732;Gonzales PLC;25/09/2020;Administration;have;;;;
126;525;05/02/2025;1958;Gonzales PLC;15/04/2020;;;;;;
126;726;21/12/2025;1100;Gonzales PLC;18/03/2020;Beyond;almost;;;;
126;733;27/06/2023;2858;Gonzales PLC;29/03/2021;Message;police;;;;
126;944;01/04/2023;1992;Gonzales PLC;03/01/2020;Sort;stage;;;;
126;970;06/09/2020;1435;Gonzales PLC;27/04/2020;Onto;peace;;;;
127;50;20/11/2022;471;Singleton-Pitts;01/01/2020;Book;difference;168;wall;366;Desenvolvimento e Estudos Culturais
127;81;28/08/2021;4813;Singleton-Pitts;20/04/2020;Chair;dark;168;wall;366;Desenvolvimento e Estudos Culturais
127;97;02/04/2024;956;Singleton-Pitts;31/03/2020;Edge;use;168;wall;366;Desenvolvimento e Estudos Culturais
127;142;05/04/2025;125;Singleton-Pitts;16/03/2020;Analysis;evidence;168;wall;366;Desenvolvimento e Estudos Culturais
127;240;09/03/2024;4117;Singleton-Pitts;14/04/2020;Unit;president;168;wall;366;Desenvolvimento e Estudos Culturais
127;295;23/12/2023;1702;Singleton-Pitts;13/12/2020;;;168;wall;366;Desenvolvimento e Estudos Culturais
127;403;07/06/2025;3082;Singleton-Pitts;30/01/2020;Goal;interest;168;wall;366;Desenvolvimento e Estudos Culturais
127;468;14/11/2024;3746;Singleton-Pitts;08/08/2020;;;168;wall;366;Desenvolvimento e Estudos Culturais
127;552;24/05/2023;3868;Singleton-Pitts;10/08/2020;Lead;message;168;wall;366;Desenvolvimento e Estudos Culturais
127;619;24/12/2023;1899;Singleton-Pitts;14/04/2020;;;168;wall;366;Desenvolvimento e Estudos Culturais
127;642;06/12/2021;4721;Singleton-Pitts;09/01/2020;Realize;financial;168;wall;366;Desenvolvimento e Estudos Culturais
127;687;01/03/2024;3952;Singleton-Pitts;27/04/2020;Many;where;168;wall;366;Desenvolvimento e Estudos Culturais
127;713;15/09/2021;3553;Singleton-Pitts;28/02/2020;Drug;talk;168;wall;366;Desenvolvimento e Estudos Culturais
127;729;10/08/2022;2320;Singleton-Pitts;08/12/2021;Store;value;168;wall;366;Desenvolvimento e Estudos Culturais
127;815;01/06/2024;3972;Singleton-Pitts;18/10/2020;;;168;wall;366;Desenvolvimento e Estudos Culturais
128;296;01/04/2023;1638;Andrews;08/02/2022;Pass;safe;;;;
128;352;07/04/2024;3643;Andrews;07/08/2020;Suddenly;boy;;;;
128;362;13/02/2020;4614;Andrews;13/02/2020;Memory;late;;;;
128;407;23/08/2023;456;Andrews;14/03/2021;Politics;tough;;;;
128;413;30/10/2022;740;Andrews;08/11/2020;Stop;country;;;;
128;413;01/08/2023;132;Andrews;08/11/2020;Stop;country;;;;
128;482;03/08/2024;1977;Andrews;11/01/2020;;;;;;
128;510;18/09/2022;223;Andrews;02/04/2020;;;;;;
128;574;08/11/2025;2168;Andrews;03/03/2020;Well;explain;;;;
128;579;19/04/2022;741;Andrews;27/06/2021;;;;;;
128;610;28/03/2021;1241;Andrews;16/07/2020;;;;;;
128;627;19/07/2021;4483;Andrews;10/06/2020;;;;;;
128;735;16/09/2021;1811;Andrews;08/01/2021;Learn;lose;;;;
128;739;01/08/2021;2283;Andrews;01/04/2020;Pull;beautiful;;;;
128;776;13/09/2022;4344;Andrews;06/08/2020;;;;;;
128;804;22/05/2022;4257;Andrews;05/03/2020;;;;;;
128;945;19/10/2025;1668;Andrews;15/04/2020;;;;;;
128;980;11/08/2025;105;Andrews;22/04/2020;Meeting;who;;;;
129;7;24/02/2022;704;Griffith-Baldwin;27/01/2020;Hair;relate;;;;
129;76;28/03/2025;1309;Griffith-Baldwin;12/05/2020;Rest;would;;;;
129;154;09/09/2022;643;Griffith-Baldwin;28/12/2020;;;;;;
129;164;07/08/2025;131;Griffith-Baldwin;31/01/2020;Evening;guy;;;;
129;170;18/04/2024;1734;Griffith-Baldwin;19/01/2020;Wind;top;;;;
129;283;26/03/2020;1114;Griffith-Baldwin;26/03/2020;Nature;rise;;;;
129;333;10/05/2023;2122;Griffith-Baldwin;28/01/2020;Over;grow;;;;
129;489;05/08/2021;3450;Griffith-Baldwin;19/08/2020;;;;;;
129;520;05/12/2020;2972;Griffith-Baldwin;05/12/2020;Green;cultural;;;;
129;523;19/03/2020;1423;Griffith-Baldwin;19/03/2020;Base;remember;;;;
129;537;25/08/2025;2453;Griffith-Baldwin;07/04/2020;Cost;outside;;;;
129;611;22/04/2020;136;Griffith-Baldwin;01/02/2020;Series;seven;;;;
129;622;12/06/2025;576;Griffith-Baldwin;24/04/2020;How;buy;;;;
129;774;01/08/2023;3124;Griffith-Baldwin;13/12/2021;Start;area;;;;
129;877;05/08/2020;952;Griffith-Baldwin;27/01/2020;Operation;safe;;;;
129;953;15/10/2022;4938;Griffith-Baldwin;03/09/2020;Involve;interest;;;;
130;22;21/02/2023;1317;Delgado-Potter;10/04/2020;;;;;;
130;29;10/02/2020;2617;Delgado-Potter;10/02/2020;;;;;;
130;88;07/10/2021;1051;Delgado-Potter;31/05/2020;Else;goal;;;;
130;290;24/01/2021;1870;Delgado-Potter;30/05/2020;During;agree;;;;
130;311;18/12/2020;4381;Delgado-Potter;19/01/2020;Relationship;enough;;;;
130;314;15/05/2025;3000;Delgado-Potter;03/01/2020;Follow;street;;;;
130;334;25/01/2025;682;Delgado-Potter;29/01/2022;Build;term;;;;
130;370;02/06/2023;3677;Delgado-Potter;21/04/2020;Her;PM;;;;
130;395;29/05/2021;2721;Delgado-Potter;22/08/2020;Subject;raise;;;;
130;403;30/01/2022;2027;Delgado-Potter;30/01/2020;Goal;interest;;;;
130;424;21/08/2025;1959;Delgado-Potter;29/01/2020;Item;usually;;;;
130;470;06/02/2026;1082;Delgado-Potter;07/09/2020;Red;against;;;;
130;624;16/05/2021;1001;Delgado-Potter;26/02/2020;Why;professor;;;;
130;625;21/06/2021;3605;Delgado-Potter;06/02/2020;Need;a;;;;
130;645;18/11/2020;4851;Delgado-Potter;29/04/2020;;;;;;
130;648;30/04/2023;3875;Delgado-Potter;13/03/2020;Fish;high;;;;
130;788;09/03/2024;4631;Delgado-Potter;07/08/2021;Throughout;popular;;;;
130;884;06/12/2024;2089;Delgado-Potter;29/01/2020;Bar;opportunity;;;;
130;886;09/11/2021;608;Delgado-Potter;15/10/2020;Some;street;;;;
130;935;12/04/2025;2106;Delgado-Potter;13/11/2020;Part;quality;;;;
130;960;31/05/2025;4685;Delgado-Potter;02/01/2021;Finally;personal;;;;
130;979;26/08/2023;3970;Delgado-Potter;08/01/2021;;;;;;
131;58;27/12/2024;4423;Chan-Smith;10/02/2020;;;;;;
131;105;02/04/2020;3922;Chan-Smith;02/04/2020;Same;nation;;;;
131;131;17/07/2024;3833;Chan-Smith;02/07/2021;List;perhaps;;;;
131;196;01/03/2021;4741;Chan-Smith;18/11/2020;;;;;;
131;339;28/02/2025;482;Chan-Smith;27/03/2020;;;;;;
131;394;14/02/2023;4513;Chan-Smith;21/12/2021;My;contain;;;;
131;431;04/10/2025;2228;Chan-Smith;03/04/2020;Appear;agency;;;;
131;476;04/07/2024;116;Chan-Smith;19/01/2021;;;;;;
131;526;02/11/2021;3653;Chan-Smith;23/09/2020;Accept;strong;;;;
131;580;03/04/2022;3419;Chan-Smith;22/03/2020;Feel;bad;;;;
131;720;21/06/2025;634;Chan-Smith;10/09/2020;Rock;woman;;;;
131;803;28/06/2020;2384;Chan-Smith;28/06/2020;Also;source;;;;
131;857;25/11/2022;4186;Chan-Smith;06/03/2020;Operation;close;;;;
131;966;16/06/2022;4322;Chan-Smith;14/02/2021;;;;;;
131;985;09/12/2022;3507;Chan-Smith;25/08/2021;Detail;speech;;;;
132;10;08/05/2023;4504;Baker;08/10/2020;;;;;;
132;195;04/02/2026;1324;Baker;02/07/2020;;;;;;
132;239;09/03/2020;760;Baker;14/02/2020;;;;;;
132;287;25/09/2023;2622;Baker;28/05/2020;Budget;understand;;;;
132;301;30/11/2020;4877;Baker;30/11/2020;Image;TV;;;;
132;310;13/11/2021;2834;Baker;03/10/2020;;;;;;
132;363;15/08/2020;4779;Baker;20/04/2020;Her;foreign;;;;
132;464;03/01/2026;2681;Baker;01/05/2020;Ground;happen;;;;
133;136;05/12/2022;2186;Campbell LLC;22/08/2020;Reason;early;;;;
133;215;31/01/2025;3191;Campbell LLC;05/01/2020;;;;;;
133;227;16/06/2023;1757;Campbell LLC;21/11/2020;Ok;air;;;;
133;469;05/03/2024;4683;Campbell LLC;02/03/2022;Individual;whatever;;;;
133;486;26/02/2021;452;Campbell LLC;28/12/2020;Try;sell;;;;
133;503;27/10/2021;291;Campbell LLC;10/09/2020;;;;;;
133;599;02/03/2022;3987;Campbell LLC;20/11/2020;Population;use;;;;
133;647;21/07/2022;2212;Campbell LLC;05/01/2020;Maintain;coach;;;;
133;767;21/08/2024;134;Campbell LLC;09/09/2020;Artist;wait;;;;
133;789;05/12/2024;2614;Campbell LLC;07/04/2020;Dinner;upon;;;;
133;798;25/01/2026;4970;Campbell LLC;11/08/2021;;;;;;
133;829;15/09/2021;3669;Campbell LLC;09/01/2020;Few;line;;;;
133;894;16/02/2024;2123;Campbell LLC;11/09/2020;Scientist;tax;;;;
133;906;05/07/2022;4255;Campbell LLC;26/08/2020;Third;newspaper;;;;
133;984;09/04/2020;4146;Campbell LLC;04/01/2020;Treatment;stage;;;;
133;999;22/05/2021;3760;Campbell LLC;17/01/2021;Public;late;;;;
134;10;26/05/2023;490;Hall-Ballard;08/10/2020;;;;;;
134;50;23/01/2026;3773;Hall-Ballard;01/01/2020;Book;difference;;;;
134;83;14/02/2021;970;Hall-Ballard;21/09/2020;Past;offer;;;;
134;83;07/07/2022;1022;Hall-Ballard;21/09/2020;Past;offer;;;;
134;111;04/02/2026;2254;Hall-Ballard;25/04/2020;;;;;;
134;113;30/12/2020;1796;Hall-Ballard;30/12/2020;Feel;simply;;;;
134;209;27/12/2021;4468;Hall-Ballard;06/01/2020;Draw;adult;;;;
134;368;07/01/2020;1313;Hall-Ballard;07/01/2020;Any;important;;;;
134;399;29/04/2023;1420;Hall-Ballard;09/09/2020;Home;difficult;;;;
134;403;07/02/2023;996;Hall-Ballard;30/01/2020;Goal;interest;;;;
134;456;05/12/2024;933;Hall-Ballard;03/03/2020;Save;put;;;;
134;496;11/03/2020;4093;Hall-Ballard;11/03/2020;;;;;;
134;633;29/02/2020;1884;Hall-Ballard;29/02/2020;Check;reach;;;;
134;671;29/11/2025;3534;Hall-Ballard;20/01/2020;;;;;;
134;789;28/12/2020;4825;Hall-Ballard;07/04/2020;Dinner;upon;;;;
134;815;07/09/2025;2414;Hall-Ballard;18/10/2020;;;;;;
134;834;03/07/2024;3071;Hall-Ballard;07/06/2020;Positive;age;;;;
134;902;28/04/2024;4050;Hall-Ballard;27/02/2020;Eat;happy;;;;
134;968;10/10/2020;1253;Hall-Ballard;10/10/2020;Deep;tonight;;;;
134;981;09/10/2023;4108;Hall-Ballard;09/05/2021;Walk;federal;;;;
135;54;11/12/2020;149;Garcia;25/05/2020;;;;;;
135;130;02/08/2020;4881;Garcia;02/08/2020;Morning;real;;;;
135;225;28/01/2024;467;Garcia;30/01/2020;Book;quality;;;;
135;370;09/07/2020;2292;Garcia;21/04/2020;Her;PM;;;;
135;419;15/03/2022;1356;Garcia;13/07/2020;;;;;;
135;433;13/05/2023;3534;Garcia;23/10/2020;;;;;;
135;552;07/03/2022;635;Garcia;10/08/2020;Lead;message;;;;
135;579;19/03/2025;3318;Garcia;27/06/2021;;;;;;
135;582;03/02/2021;1861;Garcia;05/08/2020;Adult;mean;;;;
135;618;19/05/2025;1500;Garcia;27/06/2020;;;;;;
135;628;25/06/2025;3938;Garcia;13/01/2020;Policy;often;;;;
135;838;03/06/2020;2710;Garcia;09/02/2020;;;;;;
135;893;03/01/2024;3297;Garcia;08/04/2020;Officer;maintain;;;;
136;38;25/09/2024;1112;Harris;06/05/2020;;;;;;
136;84;16/07/2020;1187;Harris;16/07/2020;She;marriage;;;;
136;119;17/08/2025;4321;Harris;31/03/2020;Although;bring;;;;
136;182;30/08/2023;2772;Harris;27/10/2020;Old;top;;;;
136;196;20/08/2024;4461;Harris;18/11/2020;;;;;;
136;300;01/10/2022;3093;Harris;04/05/2020;;;;;;
136;354;05/01/2023;4009;Harris;13/12/2020;;;;;;
136;364;26/05/2022;1163;Harris;25/05/2020;Despite;church;;;;
136;384;11/07/2021;3441;Harris;29/01/2020;Heavy;win;;;;
136;400;09/04/2020;2028;Harris;25/03/2020;;;;;;
136;421;08/04/2025;2483;Harris;27/03/2020;Top;finally;;;;
136;513;27/05/2020;2495;Harris;27/05/2020;;;;;;
136;571;30/09/2022;2815;Harris;07/09/2020;;;;;;
136;665;29/05/2024;2311;Harris;30/05/2020;Say;reduce;;;;
136;729;25/10/2025;2961;Harris;08/12/2021;Store;value;;;;
136;733;07/02/2024;1833;Harris;29/03/2021;Message;police;;;;
136;763;16/04/2023;3941;Harris;06/12/2020;;;;;;
136;773;04/10/2024;2145;Harris;22/04/2020;;;;;;
136;958;29/11/2020;3340;Harris;29/11/2020;;;;;;
137;5;22/02/2023;668;Phillips;14/05/2020;;;;;;
137;5;21/06/2020;1217;Phillips;14/05/2020;;;;;;
137;20;24/04/2020;4267;Phillips;08/02/2020;Road;though;;;;
137;38;28/03/2025;3435;Phillips;06/05/2020;;;;;;
137;63;06/06/2021;2387;Phillips;18/02/2020;;;;;;
137;110;04/08/2024;2570;Phillips;27/02/2020;Thus;heavy;;;;
137;119;03/11/2020;4650;Phillips;31/03/2020;Although;bring;;;;
137;129;12/01/2020;592;Phillips;12/01/2020;;;;;;
137;141;26/11/2023;3959;Phillips;16/09/2021;;;;;;
137;160;12/01/2026;2327;Phillips;12/06/2020;Style;shoulder;;;;
137;176;17/07/2021;3012;Phillips;08/05/2020;;;;;;
137;203;02/03/2024;4463;Phillips;29/05/2020;Key;time;;;;
137;270;10/04/2024;1724;Phillips;13/03/2020;Product;state;;;;
137;271;31/08/2024;2804;Phillips;10/03/2021;Create;garden;;;;
137;321;14/12/2024;1479;Phillips;04/06/2020;;;;;;
137;375;12/01/2026;789;Phillips;13/01/2020;;;;;;
137;417;18/07/2021;853;Phillips;09/04/2020;Approach;interview;;;;
137;432;02/04/2023;2860;Phillips;28/03/2020;;;;;;
137;462;05/11/2024;4184;Phillips;09/02/2020;Group;carry;;;;
137;483;09/04/2025;817;Phillips;10/07/2021;Line;than;;;;
137;624;17/08/2020;205;Phillips;26/02/2020;Why;professor;;;;
137;706;23/02/2025;2914;Phillips;02/01/2020;Paper;record;;;;
137;762;22/08/2025;3361;Phillips;25/02/2020;Authority;road;;;;
137;773;13/09/2022;4583;Phillips;22/04/2020;;;;;;
137;789;20/01/2021;421;Phillips;07/04/2020;Dinner;upon;;;;
137;823;11/07/2022;1904;Phillips;23/04/2020;;;;;;
137;958;22/02/2021;3947;Phillips;29/11/2020;;;;;;
138;46;17/10/2022;4687;Davis;26/01/2021;Authority;artist;;;;
138;60;15/02/2020;4006;Davis;15/02/2020;;;;;;
138;62;21/10/2024;1040;Davis;20/05/2020;;;;;;
138;147;25/11/2022;3387;Davis;24/01/2020;;;;;;
138;198;28/09/2025;1136;Davis;15/11/2020;Water;rise;;;;
138;245;05/02/2021;1979;Davis;08/01/2020;;;;;;
138;450;07/02/2020;606;Davis;07/02/2020;After;billion;;;;
138;454;07/07/2023;925;Davis;12/02/2020;Stock;responsibility;;;;
138;471;13/12/2024;3035;Davis;22/03/2020;Ask;conference;;;;
138;489;09/08/2021;2580;Davis;19/08/2020;;;;;;
138;536;26/01/2025;3064;Davis;08/03/2020;Beat;factor;;;;
138;571;07/09/2020;101;Davis;07/09/2020;;;;;;
138;651;21/03/2023;2458;Davis;23/09/2020;Relate;offer;;;;
138;790;28/06/2025;1720;Davis;18/07/2020;;;;;;
138;804;06/01/2023;2786;Davis;05/03/2020;;;;;;
138;827;20/03/2021;286;Davis;03/12/2020;Soldier;throughout;;;;
138;855;22/06/2023;4453;Davis;27/08/2021;Five;Crime;;;;
138;883;17/03/2021;1696;Davis;02/02/2020;Process;Crime;;;;
138;918;05/01/2021;4861;Davis;16/04/2020;;;;;;
138;994;09/11/2023;1037;Davis;16/07/2021;Security;challenge;;;;
138;999;07/01/2025;897;Davis;17/01/2021;Public;late;;;;
139;30;27/06/2023;3582;Smith;15/03/2020;Conference;product;;;;
139;67;13/04/2022;1364;Smith;09/10/2020;If;and;;;;
139;97;06/05/2022;2631;Smith;31/03/2020;Edge;use;;;;
139;137;17/09/2024;960;Smith;23/06/2020;Within;seat;;;;
139;150;06/05/2025;2622;Smith;15/06/2020;Take;do;;;;
139;165;18/05/2022;3456;Smith;22/09/2020;;;;;;
139;169;30/01/2022;3329;Smith;04/07/2021;Through;military;;;;
139;210;09/03/2024;865;Smith;08/01/2022;Stage;they;;;;
139;294;01/01/2020;2760;Smith;01/01/2020;;;;;;
139;347;13/11/2021;3119;Smith;22/09/2020;Tax;perhaps;;;;
139;390;26/08/2024;3050;Smith;25/02/2020;Mind;information;;;;
139;472;26/01/2025;838;Smith;30/06/2020;Senior;reality;;;;
139;528;28/09/2023;2874;Smith;23/03/2021;;;;;;
139;595;13/08/2022;3458;Smith;15/02/2021;;;;;;
139;620;09/12/2021;2983;Smith;21/02/2020;;;;;;
139;708;10/03/2023;2835;Smith;07/04/2020;Wife;far;;;;
139;938;24/05/2024;3853;Smith;25/08/2021;American;but;;;;
139;955;24/02/2024;865;Smith;13/02/2020;;;;;;
140;9;07/05/2022;4772;Harrington Inc;03/01/2020;Star;land;;;;
140;9;14/10/2021;489;Harrington Inc;03/01/2020;Star;land;;;;
140;14;16/10/2025;1324;Harrington Inc;30/01/2020;Billion;hair;;;;
140;49;21/05/2022;2141;Harrington Inc;21/05/2020;;;;;;
140;98;31/10/2024;4524;Harrington Inc;20/04/2020;Recent;kind;;;;
140;131;13/05/2025;1818;Harrington Inc;02/07/2021;List;perhaps;;;;
140;194;09/11/2024;3980;Harrington Inc;27/03/2020;Pass;physical;;;;
140;275;13/09/2023;4574;Harrington Inc;19/04/2020;;;;;;
140;556;24/11/2022;2304;Harrington Inc;08/03/2020;;;;;;
140;687;06/04/2024;2451;Harrington Inc;27/04/2020;Many;where;;;;
140;692;17/12/2022;946;Harrington Inc;12/12/2020;Street;walk;;;;
140;706;02/01/2020;3983;Harrington Inc;02/01/2020;Paper;record;;;;
140;775;10/01/2024;2795;Harrington Inc;27/12/2021;No;end;;;;
140;905;17/12/2020;4521;Harrington Inc;19/01/2020;Future;build;;;;
141;26;13/08/2025;3132;Thomas-Williams;15/10/2021;Give;consider;92;affect;101;Arte Contemporânea
141;43;01/10/2020;944;Thomas-Williams;01/10/2020;Range;specific;92;affect;101;Arte Contemporânea
141;94;28/05/2024;1213;Thomas-Williams;07/05/2020;Trouble;project;92;affect;101;Arte Contemporânea
141;233;26/04/2021;4385;Thomas-Williams;14/02/2020;Herself;water;92;affect;101;Arte Contemporânea
141;304;24/01/2023;840;Thomas-Williams;11/07/2021;;;92;affect;101;Arte Contemporânea
141;428;01/03/2021;3353;Thomas-Williams;03/03/2020;Me;across;92;affect;101;Arte Contemporânea
141;436;21/07/2025;1708;Thomas-Williams;13/05/2020;Whatever;every;92;affect;101;Arte Contemporânea
141;605;17/10/2023;2574;Thomas-Williams;30/03/2020;;;92;affect;101;Arte Contemporânea
141;624;26/02/2020;2181;Thomas-Williams;26/02/2020;Why;professor;92;affect;101;Arte Contemporânea
141;636;21/11/2025;1155;Thomas-Williams;17/04/2020;Business;tell;92;affect;101;Arte Contemporânea
141;643;21/04/2022;2878;Thomas-Williams;31/05/2020;Term;example;92;affect;101;Arte Contemporânea
141;668;01/09/2020;327;Thomas-Williams;17/08/2020;;;92;affect;101;Arte Contemporânea
141;832;01/05/2025;4844;Thomas-Williams;08/09/2020;;;92;affect;101;Arte Contemporânea
141;855;17/07/2023;164;Thomas-Williams;27/08/2021;Five;Crime;92;affect;101;Arte Contemporânea
141;910;26/10/2025;1240;Thomas-Williams;05/07/2021;Rise;according;92;affect;101;Arte Contemporânea
141;914;27/03/2020;2449;Thomas-Williams;27/03/2020;School;hope;92;affect;101;Arte Contemporânea
141;976;21/11/2022;3799;Thomas-Williams;12/01/2020;;;92;affect;101;Arte Contemporânea
142;48;12/11/2022;4375;Harris and Sons;06/05/2020;A;job;;;;
142;181;22/11/2020;1104;Harris and Sons;22/11/2020;;;;;;
142;280;23/01/2020;4813;Harris and Sons;23/01/2020;Agree;participant;;;;
142;306;07/07/2025;1110;Harris and Sons;22/04/2020;;;;;;
142;379;12/05/2025;277;Harris and Sons;31/01/2020;Learn;husband;;;;
142;416;30/11/2020;1100;Harris and Sons;13/03/2020;Some;kitchen;;;;
142;481;02/01/2022;389;Harris and Sons;28/03/2021;;;;;;
142;556;25/04/2020;2257;Harris and Sons;08/03/2020;;;;;;
142;557;23/04/2022;4744;Harris and Sons;14/09/2020;Animal;yes;;;;
142;558;12/02/2023;1329;Harris and Sons;12/02/2020;Prepare;wish;;;;
142;682;21/06/2020;334;Harris and Sons;21/06/2020;Final;figure;;;;
142;706;30/11/2021;878;Harris and Sons;02/01/2020;Paper;record;;;;
142;715;06/07/2020;1409;Harris and Sons;06/07/2020;Walk;ahead;;;;
142;744;20/07/2025;2897;Harris and Sons;29/01/2020;Radio;like;;;;
142;750;21/05/2023;4420;Harris and Sons;08/05/2020;;;;;;
142;762;25/02/2020;688;Harris and Sons;25/02/2020;Authority;road;;;;
142;971;12/10/2022;2583;Harris and Sons;05/02/2021;;;;;;
143;30;07/08/2024;2328;Bates Ltd;15/03/2020;Conference;product;;;;
143;94;11/06/2025;3699;Bates Ltd;07/05/2020;Trouble;project;;;;
143;116;22/05/2023;2216;Bates Ltd;31/01/2020;;;;;;
143;136;05/10/2020;1333;Bates Ltd;22/08/2020;Reason;early;;;;
143;215;05/01/2020;261;Bates Ltd;05/01/2020;;;;;;
143;253;02/09/2021;4869;Bates Ltd;02/09/2021;Various;whether;;;;
143;348;10/11/2021;586;Bates Ltd;19/02/2020;Almost;fine;;;;
143;365;07/01/2025;2309;Bates Ltd;16/01/2021;Order;share;;;;
143;373;10/07/2021;1957;Bates Ltd;22/01/2020;War;foot;;;;
143;417;31/03/2024;3884;Bates Ltd;09/04/2020;Approach;interview;;;;
143;527;10/08/2025;4358;Bates Ltd;20/11/2020;Important;available;;;;
143;543;01/10/2021;4049;Bates Ltd;03/01/2020;Rule;lay;;;;
143;593;11/01/2024;3428;Bates Ltd;27/01/2020;Yet;nothing;;;;
143;633;08/03/2022;567;Bates Ltd;29/02/2020;Check;reach;;;;
143;808;21/03/2020;293;Bates Ltd;21/03/2020;Ahead;whose;;;;
143;855;25/10/2025;2619;Bates Ltd;27/08/2021;Five;Crime;;;;
143;968;12/01/2025;1608;Bates Ltd;10/10/2020;Deep;tonight;;;;
143;981;31/05/2024;2682;Bates Ltd;09/05/2021;Walk;federal;;;;
143;984;09/09/2021;586;Bates Ltd;04/01/2020;Treatment;stage;;;;
143;988;18/01/2025;4320;Bates Ltd;22/03/2020;;;;;;
144;35;07/07/2021;4079;Bender-Griffin;30/12/2020;Record;fund;;;;
144;56;14/10/2025;1630;Bender-Griffin;28/02/2020;;;;;;
144;122;15/10/2024;4113;Bender-Griffin;08/04/2020;Want;wind;;;;
144;183;19/07/2025;1462;Bender-Griffin;12/03/2020;;;;;;
144;206;20/12/2023;3617;Bender-Griffin;25/01/2020;He;main;;;;
144;226;30/04/2020;2995;Bender-Griffin;30/04/2020;Buy;share;;;;
144;244;07/06/2020;439;Bender-Griffin;07/06/2020;Military;level;;;;
144;278;12/12/2025;3302;Bender-Griffin;01/03/2020;;;;;;
144;320;15/02/2021;2265;Bender-Griffin;04/02/2021;Happy;American;;;;
144;343;06/02/2021;4360;Bender-Griffin;12/01/2020;;;;;;
144;487;27/11/2025;1512;Bender-Griffin;17/07/2020;Become;heavy;;;;
144;625;15/03/2020;4485;Bender-Griffin;06/02/2020;Need;a;;;;
144;654;18/01/2025;2772;Bender-Griffin;26/10/2021;Early;me;;;;
144;802;24/04/2024;1229;Bender-Griffin;18/02/2020;Hard;cost;;;;
145;40;23/02/2023;539;Murray;04/01/2022;Speech;generation;;;;
145;46;23/07/2021;379;Murray;26/01/2021;Authority;artist;;;;
145;59;03/05/2021;1253;Murray;07/01/2020;Reason;than;;;;
145;83;01/02/2026;392;Murray;21/09/2020;Past;offer;;;;
145;147;29/02/2024;1286;Murray;24/01/2020;;;;;;
145;219;01/01/2023;1363;Murray;20/01/2020;;;;;;
145;285;13/11/2025;3357;Murray;11/02/2020;Kitchen;two;;;;
145;352;13/08/2020;155;Murray;07/08/2020;Suddenly;boy;;;;
145;395;02/02/2021;2510;Murray;22/08/2020;Subject;raise;;;;
145;404;03/01/2026;3269;Murray;09/03/2020;Blood;treat;;;;
145;460;02/04/2020;2972;Murray;02/04/2020;For;reach;;;;
145;479;23/11/2024;1175;Murray;28/01/2020;;;;;;
145;542;27/12/2020;1910;Murray;25/04/2020;Yeah;base;;;;
145;584;19/03/2022;4119;Murray;25/03/2020;;;;;;
145;630;30/09/2025;1118;Murray;09/07/2020;;;;;;
145;709;06/06/2020;2945;Murray;23/03/2020;Improve;fact;;;;
145;721;28/07/2023;3945;Murray;30/03/2021;;;;;;
145;781;11/05/2024;4598;Murray;12/08/2020;Wife;sure;;;;
145;823;19/11/2021;3310;Murray;23/04/2020;;;;;;
145;849;23/01/2023;3827;Murray;01/02/2020;;;;;;
146;35;06/12/2024;2597;Clark;30/12/2020;Record;fund;;;;
146;95;05/02/2026;3321;Clark;14/05/2021;Leg;area;;;;
146;134;04/06/2023;3276;Clark;17/02/2020;Some;both;;;;
146;372;07/09/2021;3274;Clark;18/01/2020;;;;;;
146;391;20/07/2023;1220;Clark;02/02/2020;Off;meet;;;;
146;464;27/04/2024;2389;Clark;01/05/2020;Ground;happen;;;;
146;511;06/11/2025;4348;Clark;07/07/2020;Either;much;;;;
146;512;25/09/2022;675;Clark;17/05/2020;;;;;;
146;530;16/02/2024;3029;Clark;16/11/2021;;;;;;
146;607;27/10/2024;3943;Clark;06/03/2021;Much;alone;;;;
146;610;18/06/2022;3131;Clark;16/07/2020;;;;;;
146;638;15/04/2025;1370;Clark;19/03/2020;My;authority;;;;
146;874;12/08/2020;1551;Clark;12/08/2020;Authority;or;;;;
146;894;20/11/2025;2458;Clark;11/09/2020;Scientist;tax;;;;
146;904;30/06/2022;3192;Clark;22/12/2020;Sometimes;mean;;;;
146;945;16/04/2021;3778;Clark;15/04/2020;;;;;;
146;956;28/05/2024;4299;Clark;10/05/2020;;;;;;
147;87;17/03/2024;570;Turner and Sons;02/02/2020;Responsibility;dream;;;;
147;211;07/07/2022;3464;Turner and Sons;05/07/2021;;;;;;
147;238;17/05/2025;3002;Turner and Sons;17/10/2021;;;;;;
147;270;04/03/2024;2177;Turner and Sons;13/03/2020;Product;state;;;;
147;301;06/03/2024;1303;Turner and Sons;30/11/2020;Image;TV;;;;
147;407;05/08/2025;4790;Turner and Sons;14/03/2021;Politics;tough;;;;
147;447;19/06/2024;3021;Turner and Sons;05/09/2020;Argue;rock;;;;
147;548;28/06/2022;425;Turner and Sons;31/03/2020;;;;;;
147;587;23/11/2022;3702;Turner and Sons;25/12/2020;Arrive;different;;;;
147;643;12/04/2025;3274;Turner and Sons;31/05/2020;Term;example;;;;
147;749;23/08/2024;3608;Turner and Sons;04/04/2020;Cup;human;;;;
147;773;24/06/2022;1814;Turner and Sons;22/04/2020;;;;;;
147;904;22/12/2020;3705;Turner and Sons;22/12/2020;Sometimes;mean;;;;
147;906;28/10/2025;2717;Turner and Sons;26/08/2020;Third;newspaper;;;;
148;96;22/11/2023;3797;Martin;15/02/2020;Like;available;;;;
148;102;22/11/2022;2494;Martin;22/06/2020;We;country;;;;
148;187;27/12/2024;244;Martin;04/06/2020;;;;;;
148;244;11/03/2024;3489;Martin;07/06/2020;Military;level;;;;
148;263;22/11/2025;1588;Martin;22/03/2020;Always;may;;;;
148;274;25/09/2023;2033;Martin;12/01/2020;;;;;;
148;323;02/05/2021;3374;Martin;04/01/2020;Long;serve;;;;
148;387;07/09/2022;761;Martin;24/09/2020;Teacher;contain;;;;
148;397;15/02/2021;2412;Martin;11/09/2020;;;;;;
148;568;17/05/2022;2303;Martin;06/03/2020;Prepare;great;;;;
148;569;13/01/2025;3577;Martin;06/07/2021;Degree;day;;;;
148;621;15/06/2025;3934;Martin;15/09/2020;;;;;;
148;659;30/08/2020;1729;Martin;20/01/2020;Table;page;;;;
148;695;10/07/2021;4318;Martin;12/01/2020;;;;;;
148;696;31/08/2020;1784;Martin;31/08/2020;Fight;into;;;;
148;784;12/01/2024;1380;Martin;21/03/2020;Exactly;a;;;;
148;796;19/05/2023;1566;Martin;20/03/2020;;;;;;
148;875;13/02/2021;4532;Martin;29/04/2020;;;;;;
148;930;08/04/2024;4377;Martin;01/02/2020;;;;;;
148;967;18/09/2024;3918;Martin;27/02/2022;Last;enough;;;;
149;189;25/11/2022;3530;Fernandez;11/11/2020;Toward;station;;;;
149;271;11/10/2024;2255;Fernandez;10/03/2021;Create;garden;;;;
149;279;11/06/2022;1957;Fernandez;03/07/2021;These;news;;;;
149;404;27/07/2024;1534;Fernandez;09/03/2020;Blood;treat;;;;
149;408;22/10/2022;866;Fernandez;27/02/2020;Color;really;;;;
149;424;13/02/2021;3304;Fernandez;29/01/2020;Item;usually;;;;
149;489;19/08/2020;144;Fernandez;19/08/2020;;;;;;
149;582;16/02/2023;1391;Fernandez;05/08/2020;Adult;mean;;;;
149;594;19/09/2024;380;Fernandez;26/01/2020;;;;;;
149;642;10/05/2025;604;Fernandez;09/01/2020;Realize;financial;;;;
149;653;10/10/2025;3022;Fernandez;19/01/2021;;;;;;
149;692;30/06/2024;4215;Fernandez;12/12/2020;Street;walk;;;;
149;720;10/08/2024;314;Fernandez;10/09/2020;Rock;woman;;;;
149;769;25/04/2024;3289;Fernandez;23/01/2020;;;;;;
149;779;23/11/2022;3017;Fernandez;13/02/2020;Whole;street;;;;
149;795;23/02/2025;4492;Fernandez;09/03/2021;Room;thought;;;;
149;863;02/07/2022;2492;Fernandez;26/01/2020;Scene;particular;;;;
149;898;17/11/2022;4072;Fernandez;29/02/2020;;;;;;
149;954;03/12/2022;3324;Fernandez;25/04/2020;Our;face;;;;
149;966;14/02/2021;3360;Fernandez;14/02/2021;;;;;;
150;10;15/02/2025;2627;Francis;08/10/2020;;;;;;
150;75;22/01/2022;2020;Francis;17/02/2020;Surface;throughout;;;;
150;78;19/01/2021;4968;Francis;18/01/2020;;;;;;
150;118;17/01/2026;957;Francis;17/05/2021;Ever;which;;;;
150;257;05/07/2025;911;Francis;08/01/2020;House;walk;;;;
150;323;19/02/2024;2227;Francis;04/01/2020;Long;serve;;;;
150;325;14/11/2025;4079;Francis;04/12/2020;Management;defense;;;;
150;355;06/07/2024;2706;Francis;10/03/2020;Dark;future;;;;
150;382;06/01/2021;4279;Francis;10/05/2020;;;;;;
150;419;18/04/2022;1553;Francis;13/07/2020;;;;;;
150;472;08/05/2022;3988;Francis;30/06/2020;Senior;reality;;;;
150;698;20/08/2022;2456;Francis;07/06/2020;;;;;;
150;856;08/01/2021;1192;Francis;23/03/2020;Likely;city;;;;
150;863;19/10/2021;512;Francis;26/01/2020;Scene;particular;;;;
150;870;19/06/2023;4394;Francis;24/09/2022;Cold;also;;;;
150;930;24/08/2023;4884;Francis;01/02/2020;;;;;;
150;940;20/06/2021;3969;Francis;08/08/2020;Natural;wind;;;;
150;993;13/06/2023;3742;Francis;01/11/2020;;;;;;
151;17;14/09/2020;4069;Wall LLC;19/01/2020;;;;;;
151;44;01/06/2023;170;Wall LLC;26/09/2020;Sound;far;;;;
151;136;04/06/2024;4736;Wall LLC;22/08/2020;Reason;early;;;;
151;138;11/12/2023;2528;Wall LLC;31/05/2021;Kind;choose;;;;
151;170;06/02/2020;3297;Wall LLC;19/01/2020;Wind;top;;;;
151;216;07/10/2020;891;Wall LLC;03/07/2020;Top;likely;;;;
151;254;12/02/2023;3705;Wall LLC;13/12/2021;Human;because;;;;
151;310;23/05/2021;3328;Wall LLC;03/10/2020;;;;;;
151;362;12/01/2021;1879;Wall LLC;13/02/2020;Memory;late;;;;
151;384;01/04/2023;3975;Wall LLC;29/01/2020;Heavy;win;;;;
151;650;11/10/2025;4895;Wall LLC;07/05/2020;Perform;entire;;;;
151;664;26/03/2023;2420;Wall LLC;01/03/2020;Yes;keep;;;;
151;832;12/10/2022;4827;Wall LLC;08/09/2020;;;;;;
151;893;03/07/2021;4073;Wall LLC;08/04/2020;Officer;maintain;;;;
151;916;12/02/2025;4612;Wall LLC;11/01/2020;Billion;process;;;;
152;21;14/04/2023;2581;Moran and Sons;25/03/2020;;;;;;
152;28;04/01/2020;1509;Moran and Sons;04/01/2020;What;field;;;;
152;33;27/04/2020;1448;Moran and Sons;27/04/2020;;;;;;
152;36;05/01/2021;1846;Moran and Sons;29/10/2020;General;body;;;;
152;102;22/06/2020;4400;Moran and Sons;22/06/2020;We;country;;;;
152;103;03/01/2025;2447;Moran and Sons;24/03/2020;Some;here;;;;
152;118;10/02/2023;2205;Moran and Sons;17/05/2021;Ever;which;;;;
152;219;01/10/2020;3269;Moran and Sons;20/01/2020;;;;;;
152;289;11/10/2021;4665;Moran and Sons;22/07/2020;Action;very;;;;
152;328;10/10/2025;2623;Moran and Sons;03/03/2020;Painting;laugh;;;;
152;401;02/01/2020;3621;Moran and Sons;02/01/2020;Face;magazine;;;;
152;436;02/12/2021;527;Moran and Sons;13/05/2020;Whatever;every;;;;
152;511;14/11/2022;4835;Moran and Sons;07/07/2020;Either;much;;;;
152;519;09/09/2021;105;Moran and Sons;06/09/2020;Leader;technology;;;;
152;590;14/10/2021;393;Moran and Sons;07/01/2020;Rich;thus;;;;
152;613;31/07/2023;3310;Moran and Sons;31/07/2021;Hear;body;;;;
152;638;19/03/2020;551;Moran and Sons;19/03/2020;My;authority;;;;
152;640;28/04/2023;2822;Moran and Sons;12/01/2020;Important;yes;;;;
152;668;14/12/2023;3611;Moran and Sons;17/08/2020;;;;;;
152;695;13/04/2022;4241;Moran and Sons;12/01/2020;;;;;;
152;749;05/07/2021;4062;Moran and Sons;04/04/2020;Cup;human;;;;
152;767;19/08/2024;4453;Moran and Sons;09/09/2020;Artist;wait;;;;
152;772;16/06/2023;3793;Moran and Sons;02/02/2020;Fish;form;;;;
152;851;12/01/2020;913;Moran and Sons;12/01/2020;Simple;itself;;;;
152;860;11/08/2022;4877;Moran and Sons;07/04/2020;Push;yard;;;;
152;889;27/09/2023;225;Moran and Sons;23/10/2020;Yard;white;;;;
152;893;08/04/2020;2224;Moran and Sons;08/04/2020;Officer;maintain;;;;
152;937;11/12/2025;2270;Moran and Sons;05/08/2020;;;;;;
153;54;25/05/2020;3403;Rodriguez Group;25/05/2020;;;;;;
153;90;23/03/2023;3768;Rodriguez Group;26/05/2020;;;;;;
153;93;19/12/2024;2829;Rodriguez Group;27/04/2021;Painting;away;;;;
153;108;19/11/2024;3377;Rodriguez Group;07/04/2020;;;;;;
153;142;16/03/2020;4751;Rodriguez Group;16/03/2020;Analysis;evidence;;;;
153;202;20/10/2020;2944;Rodriguez Group;20/10/2020;Number;news;;;;
153;243;20/07/2025;2912;Rodriguez Group;31/01/2020;First;population;;;;
153;288;09/07/2022;4539;Rodriguez Group;31/01/2020;Sea;understand;;;;
153;307;14/08/2022;2507;Rodriguez Group;02/11/2020;Second;fill;;;;
153;337;04/05/2021;759;Rodriguez Group;22/12/2020;Example;chance;;;;
153;377;25/04/2020;173;Rodriguez Group;25/04/2020;Performance;state;;;;
153;487;20/03/2024;421;Rodriguez Group;17/07/2020;Become;heavy;;;;
153;502;05/07/2024;1193;Rodriguez Group;13/10/2020;;;;;;
153;696;02/11/2024;4867;Rodriguez Group;31/08/2020;Fight;into;;;;
153;717;16/12/2021;4865;Rodriguez Group;05/04/2020;Think;future;;;;
153;801;13/04/2021;3501;Rodriguez Group;08/04/2020;Best;apply;;;;
153;962;13/03/2023;2507;Rodriguez Group;25/02/2020;Plant;statement;;;;
153;973;03/11/2021;1513;Rodriguez Group;01/05/2020;;;;;;
154;24;12/03/2025;4049;Palmer;19/11/2021;Cut;similar;;;;
154;64;18/04/2024;1152;Palmer;06/12/2020;Red;information;;;;
154;162;16/12/2020;4723;Palmer;16/12/2020;;;;;;
154;203;04/08/2025;4286;Palmer;29/05/2020;Key;time;;;;
154;216;14/01/2025;1868;Palmer;03/07/2020;Top;likely;;;;
154;307;29/05/2022;2876;Palmer;02/11/2020;Second;fill;;;;
154;397;05/08/2021;524;Palmer;11/09/2020;;;;;;
154;419;13/07/2020;3650;Palmer;13/07/2020;;;;;;
154;457;02/06/2022;1810;Palmer;01/03/2021;Standard;choose;;;;
154;602;31/12/2025;1904;Palmer;12/02/2020;;;;;;
154;615;05/03/2023;313;Palmer;16/03/2020;Unit;area;;;;
154;710;22/05/2025;4220;Palmer;11/06/2020;;;;;;
154;787;10/08/2024;2244;Palmer;06/02/2021;;;;;;
155;127;20/10/2021;2301;Parker Ltd;14/08/2020;Wait;show;82;room;54;Cultura Urbana
155;176;03/07/2025;1676;Parker Ltd;08/05/2020;;;82;room;54;Cultura Urbana
155;189;11/11/2020;998;Parker Ltd;11/11/2020;Toward;station;82;room;54;Cultura Urbana
155;221;02/10/2025;3433;Parker Ltd;05/06/2020;Move;board;82;room;54;Cultura Urbana
155;263;22/03/2020;792;Parker Ltd;22/03/2020;Always;may;82;room;54;Cultura Urbana
155;309;27/06/2023;2462;Parker Ltd;25/12/2020;Wear;radio;82;room;54;Cultura Urbana
155;363;11/12/2025;2476;Parker Ltd;20/04/2020;Her;foreign;82;room;54;Cultura Urbana
155;382;03/05/2023;2342;Parker Ltd;10/05/2020;;;82;room;54;Cultura Urbana
155;389;12/05/2022;3989;Parker Ltd;15/01/2021;Where;house;82;room;54;Cultura Urbana
155;437;08/03/2021;4941;Parker Ltd;29/04/2020;;;82;room;54;Cultura Urbana
155;443;25/07/2020;3142;Parker Ltd;01/05/2020;How;such;82;room;54;Cultura Urbana
155;453;18/11/2022;4050;Parker Ltd;26/02/2020;Her;beautiful;82;room;54;Cultura Urbana
155;485;02/01/2024;231;Parker Ltd;31/01/2020;Answer;woman;82;room;54;Cultura Urbana
155;534;20/01/2025;181;Parker Ltd;16/06/2020;Mother;citizen;82;room;54;Cultura Urbana
155;539;04/03/2020;2668;Parker Ltd;04/03/2020;After;policy;82;room;54;Cultura Urbana
155;635;31/08/2023;3278;Parker Ltd;02/06/2021;;;82;room;54;Cultura Urbana
155;684;15/01/2026;3011;Parker Ltd;04/05/2022;Often;material;82;room;54;Cultura Urbana
155;729;13/04/2023;4246;Parker Ltd;08/12/2021;Store;value;82;room;54;Cultura Urbana
155;737;15/06/2021;2185;Parker Ltd;12/02/2020;Sound;and;82;room;54;Cultura Urbana
155;747;17/03/2022;3060;Parker Ltd;27/08/2021;White;indeed;82;room;54;Cultura Urbana
155;791;21/11/2024;2107;Parker Ltd;08/08/2020;;;82;room;54;Cultura Urbana
155;821;05/01/2024;1683;Parker Ltd;31/07/2020;Dog;decide;82;room;54;Cultura Urbana
155;851;27/05/2025;3113;Parker Ltd;12/01/2020;Simple;itself;82;room;54;Cultura Urbana
155;924;22/11/2021;4104;Parker Ltd;01/04/2021;Somebody;offer;82;room;54;Cultura Urbana
155;932;22/10/2021;4947;Parker Ltd;29/02/2020;Some;debate;82;room;54;Cultura Urbana
155;991;17/10/2024;1982;Parker Ltd;23/08/2020;Most;today;82;room;54;Cultura Urbana
156;6;21/08/2022;1344;Horton Ltd;23/04/2020;Million;attack;;;;
156;28;01/02/2024;741;Horton Ltd;04/01/2020;What;field;;;;
156;48;19/03/2025;2343;Horton Ltd;06/05/2020;A;job;;;;
156;68;15/11/2025;4320;Horton Ltd;30/10/2020;Century;soldier;;;;
156;103;17/09/2021;2582;Horton Ltd;24/03/2020;Some;here;;;;
156;173;08/10/2022;4625;Horton Ltd;14/03/2020;;;;;;
156;177;18/12/2023;285;Horton Ltd;21/04/2021;Second;actually;;;;
156;192;27/06/2024;4166;Horton Ltd;17/10/2020;;;;;;
156;269;19/11/2023;2452;Horton Ltd;02/03/2020;But;leg;;;;
156;339;03/04/2023;166;Horton Ltd;27/03/2020;;;;;;
156;362;12/09/2022;2716;Horton Ltd;13/02/2020;Memory;late;;;;
156;449;20/08/2024;3656;Horton Ltd;03/01/2020;Get;to;;;;
156;449;29/06/2022;4564;Horton Ltd;03/01/2020;Get;to;;;;
156;456;06/11/2024;785;Horton Ltd;03/03/2020;Save;put;;;;
156;488;11/07/2024;3180;Horton Ltd;24/07/2020;Street;its;;;;
156;581;12/12/2021;1195;Horton Ltd;23/05/2020;;;;;;
156;602;10/07/2021;2091;Horton Ltd;12/02/2020;;;;;;
156;734;21/01/2021;4954;Horton Ltd;16/01/2020;Clearly;safe;;;;
156;740;06/05/2025;1026;Horton Ltd;18/05/2020;Side;ok;;;;
156;772;21/08/2020;3175;Horton Ltd;02/02/2020;Fish;form;;;;
156;798;11/07/2025;326;Horton Ltd;11/08/2021;;;;;;
156;801;27/08/2023;2979;Horton Ltd;08/04/2020;Best;apply;;;;
157;21;23/07/2022;3117;Evans;25/03/2020;;;;;;
157;192;02/04/2024;4658;Evans;17/10/2020;;;;;;
157;205;17/08/2024;2147;Evans;28/06/2020;;;;;;
157;234;14/07/2024;424;Evans;19/05/2020;Administration;arm;;;;
157;403;07/06/2022;1203;Evans;30/01/2020;Goal;interest;;;;
157;496;20/05/2025;420;Evans;11/03/2020;;;;;;
157;518;23/12/2022;626;Evans;25/09/2020;Administration;have;;;;
157;559;11/08/2024;4922;Evans;16/01/2020;Where;interview;;;;
157;662;03/12/2025;4324;Evans;20/12/2020;;;;;;
157;695;26/06/2021;763;Evans;12/01/2020;;;;;;
157;724;15/03/2022;1779;Evans;21/02/2020;;;;;;
157;761;30/04/2025;1747;Evans;26/01/2020;Company;age;;;;
157;772;06/06/2025;2462;Evans;02/02/2020;Fish;form;;;;
157;801;27/09/2020;1461;Evans;08/04/2020;Best;apply;;;;
157;861;14/11/2023;818;Evans;12/01/2020;Safe;every;;;;
157;906;14/04/2025;4517;Evans;26/08/2020;Third;newspaper;;;;
157;920;30/05/2023;1595;Evans;05/05/2020;Issue;suffer;;;;
157;947;29/01/2021;2731;Evans;13/06/2020;Quite;last;;;;
157;986;11/05/2023;428;Evans;10/04/2020;Appear;career;;;;
158;45;21/09/2025;2889;Mcmahon and Sons;27/09/2021;Play;why;;;;
158;192;19/06/2025;1486;Mcmahon and Sons;17/10/2020;;;;;;
158;341;12/07/2020;107;Mcmahon and Sons;02/03/2020;;;;;;
158;389;23/07/2022;3105;Mcmahon and Sons;15/01/2021;Where;house;;;;
158;488;13/10/2024;4045;Mcmahon and Sons;24/07/2020;Street;its;;;;
158;537;04/08/2025;883;Mcmahon and Sons;07/04/2020;Cost;outside;;;;
158;718;23/04/2021;2764;Mcmahon and Sons;23/04/2021;Partner;ball;;;;
158;779;24/12/2025;432;Mcmahon and Sons;13/02/2020;Whole;street;;;;
158;844;19/10/2021;1637;Mcmahon and Sons;24/09/2020;Statement;benefit;;;;
158;936;11/02/2025;3426;Mcmahon and Sons;02/02/2020;;;;;;
158;962;23/06/2025;4177;Mcmahon and Sons;25/02/2020;Plant;statement;;;;
159;35;30/12/2020;2578;Tyler Inc;30/12/2020;Record;fund;46;state;101;Arte Contemporânea
159;50;16/01/2025;1459;Tyler Inc;01/01/2020;Book;difference;46;state;101;Arte Contemporânea
159;89;26/01/2023;4952;Tyler Inc;08/04/2020;Involve;term;46;state;101;Arte Contemporânea
159;115;04/08/2021;520;Tyler Inc;31/08/2020;;;46;state;101;Arte Contemporânea
159;134;12/06/2023;4398;Tyler Inc;17/02/2020;Some;both;46;state;101;Arte Contemporânea
159;233;08/07/2022;3969;Tyler Inc;14/02/2020;Herself;water;46;state;101;Arte Contemporânea
159;253;20/01/2022;2561;Tyler Inc;02/09/2021;Various;whether;46;state;101;Arte Contemporânea
159;277;05/01/2021;3467;Tyler Inc;10/11/2020;;;46;state;101;Arte Contemporânea
159;294;29/01/2023;952;Tyler Inc;01/01/2020;;;46;state;101;Arte Contemporânea
159;298;27/03/2021;3145;Tyler Inc;15/01/2021;;;46;state;101;Arte Contemporânea
159;345;10/10/2020;3525;Tyler Inc;10/10/2020;Although;place;46;state;101;Arte Contemporânea
159;383;17/02/2020;1073;Tyler Inc;17/02/2020;Anything;station;46;state;101;Arte Contemporânea
159;448;08/08/2024;4024;Tyler Inc;23/07/2022;Morning;I;46;state;101;Arte Contemporânea
159;466;28/12/2022;1801;Tyler Inc;29/02/2020;Hot;computer;46;state;101;Arte Contemporânea
159;482;04/08/2020;1082;Tyler Inc;11/01/2020;;;46;state;101;Arte Contemporânea
159;572;13/03/2020;4636;Tyler Inc;13/03/2020;Beyond;despite;46;state;101;Arte Contemporânea
159;702;19/10/2022;3567;Tyler Inc;23/01/2020;He;desCribe;46;state;101;Arte Contemporânea
159;762;01/05/2020;2601;Tyler Inc;25/02/2020;Authority;road;46;state;101;Arte Contemporânea
159;857;22/02/2025;2298;Tyler Inc;06/03/2020;Operation;close;46;state;101;Arte Contemporânea
159;864;10/10/2023;2442;Tyler Inc;03/07/2020;Amount;show;46;state;101;Arte Contemporânea
159;902;01/11/2022;4967;Tyler Inc;27/02/2020;Eat;happy;46;state;101;Arte Contemporânea
159;905;18/10/2022;4801;Tyler Inc;19/01/2020;Future;build;46;state;101;Arte Contemporânea
159;908;04/03/2023;2674;Tyler Inc;19/08/2020;All;during;46;state;101;Arte Contemporânea
159;910;05/07/2021;1892;Tyler Inc;05/07/2021;Rise;according;46;state;101;Arte Contemporânea
159;956;10/05/2020;1908;Tyler Inc;10/05/2020;;;46;state;101;Arte Contemporânea
160;102;19/04/2025;4383;Lopez-Riley;22/06/2020;We;country;;;;
160;146;28/01/2024;951;Lopez-Riley;06/11/2021;Choose;vote;;;;
160;225;11/06/2025;3904;Lopez-Riley;30/01/2020;Book;quality;;;;
160;325;20/10/2022;1992;Lopez-Riley;04/12/2020;Management;defense;;;;
160;493;05/09/2020;4745;Lopez-Riley;22/03/2020;;;;;;
160;572;03/10/2023;444;Lopez-Riley;13/03/2020;Beyond;despite;;;;
160;663;20/05/2021;1489;Lopez-Riley;16/02/2021;Skin;Mrs;;;;
160;671;09/12/2020;900;Lopez-Riley;20/01/2020;;;;;;
160;688;23/12/2024;4730;Lopez-Riley;02/06/2020;Skin;player;;;;
160;761;26/01/2020;3994;Lopez-Riley;26/01/2020;Company;age;;;;
160;782;03/01/2025;991;Lopez-Riley;15/07/2021;Success;despite;;;;
160;795;17/01/2026;874;Lopez-Riley;09/03/2021;Room;thought;;;;
160;804;26/10/2022;714;Lopez-Riley;05/03/2020;;;;;;
160;826;25/01/2022;3044;Lopez-Riley;01/07/2021;;;;;;
160;834;13/11/2025;2773;Lopez-Riley;07/06/2020;Positive;age;;;;
160;841;10/10/2020;792;Lopez-Riley;05/08/2020;Old;investment;;;;
160;881;15/10/2025;2630;Lopez-Riley;13/12/2020;;;;;;
160;978;27/01/2025;2835;Lopez-Riley;05/07/2021;Listen;nature;;;;
160;992;02/11/2022;2948;Lopez-Riley;17/02/2020;Prevent;mother;;;;
161;67;03/05/2025;1992;Noble-Wilcox;09/10/2020;If;and;;;;
161;100;08/10/2021;870;Noble-Wilcox;15/04/2020;Best;center;;;;
161;105;09/02/2025;1464;Noble-Wilcox;02/04/2020;Same;nation;;;;
161;156;09/09/2023;3668;Noble-Wilcox;21/05/2022;Hundred;support;;;;
161;211;05/07/2021;2948;Noble-Wilcox;05/07/2021;;;;;;
161;259;28/11/2025;649;Noble-Wilcox;20/06/2020;Picture;build;;;;
161;266;29/05/2020;738;Noble-Wilcox;13/03/2020;Seek;boy;;;;
161;268;06/09/2024;756;Noble-Wilcox;24/05/2021;;;;;;
161;279;07/09/2021;194;Noble-Wilcox;03/07/2021;These;news;;;;
161;415;05/10/2022;351;Noble-Wilcox;18/05/2020;;;;;;
161;584;02/11/2020;4193;Noble-Wilcox;25/03/2020;;;;;;
161;607;06/11/2025;1907;Noble-Wilcox;06/03/2021;Much;alone;;;;
161;613;15/04/2022;2596;Noble-Wilcox;31/07/2021;Hear;body;;;;
161;618;22/03/2024;2946;Noble-Wilcox;27/06/2020;;;;;;
161;630;12/09/2020;4170;Noble-Wilcox;09/07/2020;;;;;;
161;688;02/06/2020;611;Noble-Wilcox;02/06/2020;Skin;player;;;;
161;691;06/11/2020;3415;Noble-Wilcox;06/11/2020;Rate;ground;;;;
161;709;02/03/2022;4029;Noble-Wilcox;23/03/2020;Improve;fact;;;;
161;763;06/12/2020;4913;Noble-Wilcox;06/12/2020;;;;;;
161;862;26/09/2025;636;Noble-Wilcox;13/11/2021;;;;;;
161;880;15/05/2021;1216;Noble-Wilcox;21/08/2020;Rock;season;;;;
161;958;28/10/2024;932;Noble-Wilcox;29/11/2020;;;;;;
162;89;18/05/2021;4357;Smith and Sons;08/04/2020;Involve;term;;;;
162;111;20/12/2022;511;Smith and Sons;25/04/2020;;;;;;
162;117;03/10/2020;431;Smith and Sons;22/09/2020;Wall;morning;;;;
162;131;14/09/2023;1782;Smith and Sons;02/07/2021;List;perhaps;;;;
162;240;22/05/2020;4494;Smith and Sons;14/04/2020;Unit;president;;;;
162;384;06/07/2022;1658;Smith and Sons;29/01/2020;Heavy;win;;;;
162;457;18/11/2024;4724;Smith and Sons;01/03/2021;Standard;choose;;;;
162;512;16/09/2025;4551;Smith and Sons;17/05/2020;;;;;;
162;576;14/03/2024;351;Smith and Sons;20/05/2020;Article;surface;;;;
162;612;10/03/2020;3492;Smith and Sons;10/03/2020;;;;;;
162;702;29/07/2024;2310;Smith and Sons;23/01/2020;He;desCribe;;;;
162;752;07/12/2020;4870;Smith and Sons;05/08/2020;South;season;;;;
162;919;01/03/2022;3026;Smith and Sons;04/06/2020;Low;word;;;;
162;936;19/08/2023;3532;Smith and Sons;02/02/2020;;;;;;
162;943;06/06/2022;4702;Smith and Sons;20/03/2020;Culture;goal;;;;
163;22;10/04/2020;1691;Harrell;10/04/2020;;;;;;
163;71;03/06/2023;3030;Harrell;04/04/2020;Bank;standard;;;;
163;143;15/04/2021;4608;Harrell;12/12/2020;;;;;;
163;155;08/10/2021;1960;Harrell;08/10/2021;Man;religious;;;;
163;239;14/02/2020;4380;Harrell;14/02/2020;;;;;;
163;280;24/04/2024;173;Harrell;23/01/2020;Agree;participant;;;;
163;351;30/07/2020;4081;Harrell;15/02/2020;Identify;section;;;;
163;379;25/09/2023;2954;Harrell;31/01/2020;Learn;husband;;;;
163;457;28/06/2023;1396;Harrell;01/03/2021;Standard;choose;;;;
163;468;08/08/2020;1166;Harrell;08/08/2020;;;;;;
163;551;25/01/2026;1460;Harrell;03/03/2020;Data;Republican;;;;
163;585;26/05/2024;595;Harrell;21/06/2020;Opportunity;ok;;;;
163;588;23/08/2021;2055;Harrell;21/08/2020;Successful;air;;;;
163;617;12/05/2025;1319;Harrell;25/02/2020;;;;;;
163;639;06/04/2023;4950;Harrell;23/07/2021;Policy;into;;;;
163;709;01/03/2023;742;Harrell;23/03/2020;Improve;fact;;;;
163;769;09/06/2024;2011;Harrell;23/01/2020;;;;;;
163;796;20/12/2025;3209;Harrell;20/03/2020;;;;;;
163;817;18/09/2025;474;Harrell;13/02/2020;Me;quite;;;;
163;928;24/01/2020;3411;Harrell;24/01/2020;Wonder;respond;;;;
163;932;17/09/2024;1154;Harrell;29/02/2020;Some;debate;;;;
163;940;08/08/2025;2305;Harrell;08/08/2020;Natural;wind;;;;
163;955;08/04/2024;2037;Harrell;13/02/2020;;;;;;
163;996;09/06/2024;4219;Harrell;13/05/2020;Why;cover;;;;
164;243;27/09/2025;1353;Lewis-Henry;31/01/2020;First;population;;;;
164;255;23/05/2021;3752;Lewis-Henry;19/02/2020;Music;ability;;;;
164;373;12/12/2021;2443;Lewis-Henry;22/01/2020;War;foot;;;;
164;439;23/10/2021;2054;Lewis-Henry;06/01/2020;Financial;east;;;;
164;484;09/08/2023;3383;Lewis-Henry;25/03/2020;Maybe;possible;;;;
164;613;08/07/2022;1956;Lewis-Henry;31/07/2021;Hear;body;;;;
164;672;02/02/2020;450;Lewis-Henry;03/01/2020;Once;yeah;;;;
164;672;15/01/2024;2043;Lewis-Henry;03/01/2020;Once;yeah;;;;
164;673;11/05/2022;2765;Lewis-Henry;18/08/2021;If;need;;;;
164;876;10/11/2024;2685;Lewis-Henry;12/08/2020;In;ever;;;;
164;929;05/08/2022;2719;Lewis-Henry;25/09/2020;Environmental;quality;;;;
164;938;04/01/2023;1941;Lewis-Henry;25/08/2021;American;but;;;;
165;42;01/10/2020;4382;Taylor Ltd;01/10/2020;Light;free;;;;
165;66;26/10/2025;2012;Taylor Ltd;17/03/2021;Sister;door;;;;
165;81;17/10/2024;2658;Taylor Ltd;20/04/2020;Chair;dark;;;;
165;127;09/08/2022;2902;Taylor Ltd;14/08/2020;Wait;show;;;;
165;161;07/05/2020;1418;Taylor Ltd;01/02/2020;Have;party;;;;
165;325;04/12/2020;1017;Taylor Ltd;04/12/2020;Management;defense;;;;
165;384;29/01/2020;4070;Taylor Ltd;29/01/2020;Heavy;win;;;;
165;407;22/08/2025;941;Taylor Ltd;14/03/2021;Politics;tough;;;;
165;425;05/10/2025;637;Taylor Ltd;25/06/2020;;;;;;
165;480;23/04/2020;1099;Taylor Ltd;23/04/2020;;;;;;
165;503;23/08/2022;3865;Taylor Ltd;10/09/2020;;;;;;
165;542;09/03/2022;3211;Taylor Ltd;25/04/2020;Yeah;base;;;;
165;608;13/04/2025;1067;Taylor Ltd;15/05/2020;Hard;prepare;;;;
165;625;19/07/2021;2764;Taylor Ltd;06/02/2020;Need;a;;;;
165;632;06/03/2020;4502;Taylor Ltd;11/02/2020;Although;book;;;;
165;639;14/10/2021;4980;Taylor Ltd;23/07/2021;Policy;into;;;;
165;683;27/03/2025;3049;Taylor Ltd;08/01/2020;Away;wind;;;;
165;731;23/09/2021;4236;Taylor Ltd;29/04/2020;High;central;;;;
165;779;16/09/2021;3833;Taylor Ltd;13/02/2020;Whole;street;;;;
165;819;20/06/2021;661;Taylor Ltd;20/11/2020;Former;involve;;;;
166;22;01/06/2025;2134;Porter;10/04/2020;;;;;;
166;126;04/03/2023;4185;Porter;08/01/2020;Purpose;top;;;;
166;163;21/10/2021;2519;Porter;04/03/2020;Treat;majority;;;;
166;180;31/12/2021;1568;Porter;18/02/2020;As;beyond;;;;
166;317;19/06/2023;2778;Porter;10/11/2021;Surface;bit;;;;
166;403;22/12/2020;4241;Porter;30/01/2020;Goal;interest;;;;
166;408;09/02/2025;1393;Porter;27/02/2020;Color;really;;;;
166;426;02/08/2022;4291;Porter;11/01/2021;;;;;;
166;489;30/09/2023;141;Porter;19/08/2020;;;;;;
166;496;04/11/2020;4464;Porter;11/03/2020;;;;;;
166;508;30/01/2025;3141;Porter;12/12/2020;Daughter;board;;;;
166;508;18/03/2024;1045;Porter;12/12/2020;Daughter;board;;;;
166;576;10/01/2024;3045;Porter;20/05/2020;Article;surface;;;;
166;592;05/09/2024;804;Porter;03/03/2021;Teacher;themselves;;;;
166;622;13/04/2025;1267;Porter;24/04/2020;How;buy;;;;
166;653;19/01/2021;1628;Porter;19/01/2021;;;;;;
166;662;05/06/2021;454;Porter;20/12/2020;;;;;;
166;757;08/11/2025;1741;Porter;15/08/2021;;;;;;
166;800;06/03/2020;3853;Porter;20/02/2020;Focus;check;;;;
166;812;29/12/2025;237;Porter;20/03/2020;;;;;;
166;891;09/06/2025;2082;Porter;25/06/2023;;;;;;
167;28;06/12/2024;2954;Carlson;04/01/2020;What;field;;;;
167;145;11/10/2021;3129;Carlson;29/12/2020;Bag;character;;;;
167;193;13/10/2021;3688;Carlson;28/09/2020;;;;;;
167;198;13/02/2023;3808;Carlson;15/11/2020;Water;rise;;;;
167;204;22/07/2024;135;Carlson;12/03/2021;Significant;ten;;;;
167;273;25/02/2023;2464;Carlson;13/01/2020;Doctor;admit;;;;
167;303;04/11/2021;3035;Carlson;05/10/2020;;;;;;
167;303;28/05/2021;595;Carlson;05/10/2020;;;;;;
167;343;09/07/2022;4518;Carlson;12/01/2020;;;;;;
167;433;26/11/2023;3295;Carlson;23/10/2020;;;;;;
167;475;27/07/2021;146;Carlson;16/10/2020;Young;without;;;;
167;496;02/09/2020;2209;Carlson;11/03/2020;;;;;;
167;540;28/02/2024;1210;Carlson;27/06/2020;Seven;check;;;;
167;554;24/08/2021;1912;Carlson;01/03/2021;;;;;;
167;557;10/10/2023;4964;Carlson;14/09/2020;Animal;yes;;;;
167;679;27/04/2020;2204;Carlson;27/04/2020;Word;hard;;;;
167;742;26/04/2023;1018;Carlson;21/05/2020;Computer;range;;;;
167;742;09/02/2024;2481;Carlson;21/05/2020;Computer;range;;;;
167;749;08/07/2024;493;Carlson;04/04/2020;Cup;human;;;;
168;10;13/09/2025;3273;Jacobs;08/10/2020;;;;;;
168;29;04/07/2020;2919;Jacobs;10/02/2020;;;;;;
168;101;14/04/2023;3045;Jacobs;12/01/2020;Single;well;;;;
168;210;07/09/2024;164;Jacobs;08/01/2022;Stage;they;;;;
168;293;14/10/2020;2331;Jacobs;14/10/2020;;;;;;
168;450;15/02/2025;4041;Jacobs;07/02/2020;After;billion;;;;
168;485;11/02/2021;4298;Jacobs;31/01/2020;Answer;woman;;;;
168;491;22/01/2023;344;Jacobs;14/02/2020;Year;ask;;;;
168;502;04/11/2024;4204;Jacobs;13/10/2020;;;;;;
168;539;23/12/2023;2370;Jacobs;04/03/2020;After;policy;;;;
168;681;04/09/2023;904;Jacobs;20/01/2020;Fast;spend;;;;
168;710;20/05/2023;1352;Jacobs;11/06/2020;;;;;;
168;727;31/05/2024;4470;Jacobs;01/08/2020;Allow;peace;;;;
168;748;03/03/2025;1651;Jacobs;09/03/2020;People;provide;;;;
168;782;19/06/2024;1344;Jacobs;15/07/2021;Success;despite;;;;
168;851;21/01/2021;1335;Jacobs;12/01/2020;Simple;itself;;;;
168;865;09/02/2021;4264;Jacobs;12/05/2020;That;with;;;;
168;896;04/10/2021;3573;Jacobs;15/01/2020;;;;;;
168;948;26/07/2023;614;Jacobs;02/04/2020;Quality;successful;;;;
168;965;24/02/2020;415;Jacobs;24/02/2020;;;;;;
168;982;15/12/2024;912;Jacobs;25/01/2021;Operation;time;;;;
169;7;27/01/2020;4015;Smith and Sons;27/01/2020;Hair;relate;;;;
169;12;03/11/2024;1505;Smith and Sons;26/08/2020;Early;arrive;;;;
169;79;10/01/2021;3736;Smith and Sons;28/06/2020;Worry;yard;;;;
169;83;24/02/2024;4467;Smith and Sons;21/09/2020;Past;offer;;;;
169;226;19/10/2021;1906;Smith and Sons;30/04/2020;Buy;share;;;;
169;275;09/12/2020;1182;Smith and Sons;19/04/2020;;;;;;
169;308;11/10/2025;2652;Smith and Sons;21/03/2020;Customer;apply;;;;
169;315;22/12/2022;3304;Smith and Sons;09/01/2020;Majority;call;;;;
169;400;12/05/2021;4466;Smith and Sons;25/03/2020;;;;;;
169;403;17/02/2026;3389;Smith and Sons;30/01/2020;Goal;interest;;;;
169;413;10/06/2021;1791;Smith and Sons;08/11/2020;Stop;country;;;;
169;518;30/10/2022;4233;Smith and Sons;25/09/2020;Administration;have;;;;
169;526;11/12/2021;845;Smith and Sons;23/09/2020;Accept;strong;;;;
169;610;02/03/2022;3738;Smith and Sons;16/07/2020;;;;;;
169;621;30/05/2024;589;Smith and Sons;15/09/2020;;;;;;
169;636;18/06/2024;1247;Smith and Sons;17/04/2020;Business;tell;;;;
169;708;26/02/2025;4998;Smith and Sons;07/04/2020;Wife;far;;;;
169;717;27/07/2024;2888;Smith and Sons;05/04/2020;Think;future;;;;
169;761;12/07/2020;2641;Smith and Sons;26/01/2020;Company;age;;;;
169;802;28/06/2022;1541;Smith and Sons;18/02/2020;Hard;cost;;;;
169;912;03/11/2024;2488;Smith and Sons;10/09/2020;Cut;young;;;;
169;920;30/01/2025;4229;Smith and Sons;05/05/2020;Issue;suffer;;;;
169;961;23/08/2023;757;Smith and Sons;05/02/2020;;;;;;
169;962;11/02/2024;3040;Smith and Sons;25/02/2020;Plant;statement;;;;
169;976;12/01/2020;4228;Smith and Sons;12/01/2020;;;;;;
170;53;02/12/2025;2862;Brown;29/11/2021;Become;themselves;;;;
170;59;27/04/2021;2498;Brown;07/01/2020;Reason;than;;;;
170;79;27/11/2023;434;Brown;28/06/2020;Worry;yard;;;;
170;82;06/01/2021;3896;Brown;19/03/2020;Physical;simple;;;;
170;198;02/06/2023;330;Brown;15/11/2020;Water;rise;;;;
170;240;27/07/2025;3726;Brown;14/04/2020;Unit;president;;;;
170;346;24/07/2022;2367;Brown;15/07/2020;Yard;member;;;;
170;382;22/11/2020;4294;Brown;10/05/2020;;;;;;
170;382;23/09/2021;1024;Brown;10/05/2020;;;;;;
170;429;27/03/2021;475;Brown;19/01/2020;;;;;;
170;527;05/02/2022;136;Brown;20/11/2020;Important;available;;;;
170;563;10/05/2023;2549;Brown;18/05/2020;;;;;;
170;637;02/04/2021;2253;Brown;23/08/2020;;;;;;
170;656;19/10/2021;4685;Brown;30/12/2020;Person;yourself;;;;
170;679;07/01/2025;4335;Brown;27/04/2020;Word;hard;;;;
170;698;14/01/2021;3158;Brown;07/06/2020;;;;;;
170;768;30/11/2021;1445;Brown;30/11/2021;Generation;claim;;;;
170;783;28/12/2022;2067;Brown;06/06/2020;;;;;;
170;816;15/11/2021;3683;Brown;30/05/2020;They;go;;;;
170;818;05/03/2020;504;Brown;31/01/2020;Though;difficult;;;;
170;852;19/01/2025;222;Brown;06/12/2020;;;;;;
170;930;26/07/2022;1123;Brown;01/02/2020;;;;;;
170;996;31/07/2023;2111;Brown;13/05/2020;Why;cover;;;;
171;18;25/11/2025;847;Thompson-Keith;30/01/2020;;;;;;
171;28;30/07/2021;2911;Thompson-Keith;04/01/2020;What;field;;;;
171;42;07/02/2026;2075;Thompson-Keith;01/10/2020;Light;free;;;;
171;94;29/05/2021;1032;Thompson-Keith;07/05/2020;Trouble;project;;;;
171;114;14/06/2022;2653;Thompson-Keith;18/06/2020;Sport;throw;;;;
171;305;16/02/2026;3585;Thompson-Keith;25/07/2023;Despite;protect;;;;
171;320;10/12/2025;1798;Thompson-Keith;04/02/2021;Happy;American;;;;
171;324;19/12/2020;2505;Thompson-Keith;11/04/2020;Daughter;radio;;;;
171;360;24/11/2022;677;Thompson-Keith;20/03/2020;Question;walk;;;;
171;380;27/08/2024;2057;Thompson-Keith;08/09/2020;;;;;;
171;381;10/03/2022;4916;Thompson-Keith;04/02/2020;;;;;;
171;388;07/01/2026;2785;Thompson-Keith;25/01/2021;Everyone;him;;;;
171;469;16/12/2024;2533;Thompson-Keith;02/03/2022;Individual;whatever;;;;
171;761;31/08/2023;516;Thompson-Keith;26/01/2020;Company;age;;;;
171;786;29/12/2023;4526;Thompson-Keith;06/05/2020;Move;dream;;;;
171;789;19/08/2024;900;Thompson-Keith;07/04/2020;Dinner;upon;;;;
171;814;03/05/2020;3362;Thompson-Keith;03/05/2020;;;;;;
171;906;24/02/2024;1863;Thompson-Keith;26/08/2020;Third;newspaper;;;;
171;916;20/11/2022;3008;Thompson-Keith;11/01/2020;Billion;process;;;;
171;921;06/04/2022;1627;Thompson-Keith;13/02/2020;Local;often;;;;
171;996;08/01/2024;1296;Thompson-Keith;13/05/2020;Why;cover;;;;
172;186;19/02/2022;3625;Robinson-Griffin;09/07/2020;Congress;song;150;many;79;Critica da Arte
172;261;12/02/2024;4399;Robinson-Griffin;02/02/2020;;;150;many;79;Critica da Arte
172;388;15/10/2023;4261;Robinson-Griffin;25/01/2021;Everyone;him;150;many;79;Critica da Arte
172;393;20/11/2022;3752;Robinson-Griffin;18/01/2022;;;150;many;79;Critica da Arte
172;434;04/06/2020;4175;Robinson-Griffin;04/06/2020;Fall;huge;150;many;79;Critica da Arte
172;471;22/03/2020;3240;Robinson-Griffin;22/03/2020;Ask;conference;150;many;79;Critica da Arte
172;526;27/02/2025;2175;Robinson-Griffin;23/09/2020;Accept;strong;150;many;79;Critica da Arte
172;591;28/02/2023;4206;Robinson-Griffin;23/02/2022;;;150;many;79;Critica da Arte
172;645;06/01/2024;261;Robinson-Griffin;29/04/2020;;;150;many;79;Critica da Arte
172;703;04/02/2022;326;Robinson-Griffin;02/09/2020;Form;fish;150;many;79;Critica da Arte
172;705;12/06/2025;2582;Robinson-Griffin;16/01/2020;North;door;150;many;79;Critica da Arte
172;766;09/04/2020;2599;Robinson-Griffin;09/04/2020;;;150;many;79;Critica da Arte
172;781;26/09/2025;4515;Robinson-Griffin;12/08/2020;Wife;sure;150;many;79;Critica da Arte
172;887;21/09/2021;1903;Robinson-Griffin;03/01/2021;Away;bill;150;many;79;Critica da Arte
172;950;17/06/2024;4090;Robinson-Griffin;17/03/2020;;;150;many;79;Critica da Arte
173;62;09/02/2021;4358;Flores and Sons;20/05/2020;;;;;;
173;85;03/04/2025;3879;Flores and Sons;14/03/2020;Cell;however;;;;
173;114;18/06/2025;3364;Flores and Sons;18/06/2020;Sport;throw;;;;
173;171;22/03/2025;3259;Flores and Sons;06/01/2020;;;;;;
173;197;21/08/2024;1809;Flores and Sons;10/10/2021;;;;;;
173;295;06/08/2025;2467;Flores and Sons;13/12/2020;;;;;;
173;495;08/03/2024;296;Flores and Sons;06/05/2020;Spring;standard;;;;
173;506;30/05/2025;1662;Flores and Sons;11/07/2020;;;;;;
173;688;10/05/2021;679;Flores and Sons;02/06/2020;Skin;player;;;;
173;743;21/07/2020;663;Flores and Sons;21/07/2020;Section;partner;;;;
173;763;21/01/2023;408;Flores and Sons;06/12/2020;;;;;;
173;771;18/01/2020;1710;Flores and Sons;18/01/2020;Should;wrong;;;;
173;872;02/09/2021;3221;Flores and Sons;01/01/2021;;;;;;
173;921;24/10/2024;948;Flores and Sons;13/02/2020;Local;often;;;;
174;28;22/01/2022;2717;Wright-Brown;04/01/2020;What;field;176;life;366;Desenvolvimento e Estudos Culturais
174;87;29/11/2024;3116;Wright-Brown;02/02/2020;Responsibility;dream;176;life;366;Desenvolvimento e Estudos Culturais
174;137;02/05/2024;1188;Wright-Brown;23/06/2020;Within;seat;176;life;366;Desenvolvimento e Estudos Culturais
174;161;02/07/2020;1954;Wright-Brown;01/02/2020;Have;party;176;life;366;Desenvolvimento e Estudos Culturais
174;194;27/11/2025;751;Wright-Brown;27/03/2020;Pass;physical;176;life;366;Desenvolvimento e Estudos Culturais
174;250;18/12/2020;1374;Wright-Brown;18/12/2020;;;176;life;366;Desenvolvimento e Estudos Culturais
174;313;02/12/2024;1188;Wright-Brown;02/05/2021;;;176;life;366;Desenvolvimento e Estudos Culturais
174;403;30/01/2020;1737;Wright-Brown;30/01/2020;Goal;interest;176;life;366;Desenvolvimento e Estudos Culturais
174;410;16/06/2022;4649;Wright-Brown;10/04/2020;Evening;throughout;176;life;366;Desenvolvimento e Estudos Culturais
174;413;07/07/2021;461;Wright-Brown;08/11/2020;Stop;country;176;life;366;Desenvolvimento e Estudos Culturais
174;428;29/06/2024;4716;Wright-Brown;03/03/2020;Me;across;176;life;366;Desenvolvimento e Estudos Culturais
174;483;23/09/2025;2520;Wright-Brown;10/07/2021;Line;than;176;life;366;Desenvolvimento e Estudos Culturais
174;513;08/09/2020;256;Wright-Brown;27/05/2020;;;176;life;366;Desenvolvimento e Estudos Culturais
174;533;21/02/2024;4961;Wright-Brown;04/06/2020;Reality;drop;176;life;366;Desenvolvimento e Estudos Culturais
174;536;12/06/2025;3401;Wright-Brown;08/03/2020;Beat;factor;176;life;366;Desenvolvimento e Estudos Culturais
174;565;27/05/2022;4630;Wright-Brown;09/03/2020;Week;change;176;life;366;Desenvolvimento e Estudos Culturais
174;573;11/02/2025;2675;Wright-Brown;28/10/2020;Drug;father;176;life;366;Desenvolvimento e Estudos Culturais
174;590;14/06/2022;2998;Wright-Brown;07/01/2020;Rich;thus;176;life;366;Desenvolvimento e Estudos Culturais
174;660;20/09/2024;2267;Wright-Brown;10/01/2021;;;176;life;366;Desenvolvimento e Estudos Culturais
174;713;18/03/2024;1317;Wright-Brown;28/02/2020;Drug;talk;176;life;366;Desenvolvimento e Estudos Culturais
174;735;27/04/2022;1037;Wright-Brown;08/01/2021;Learn;lose;176;life;366;Desenvolvimento e Estudos Culturais
174;756;24/07/2021;4544;Wright-Brown;15/04/2020;Audience;election;176;life;366;Desenvolvimento e Estudos Culturais
174;919;05/12/2025;710;Wright-Brown;04/06/2020;Low;word;176;life;366;Desenvolvimento e Estudos Culturais
174;940;08/08/2020;1851;Wright-Brown;08/08/2020;Natural;wind;176;life;366;Desenvolvimento e Estudos Culturais
174;980;17/08/2023;2262;Wright-Brown;22/04/2020;Meeting;who;176;life;366;Desenvolvimento e Estudos Culturais
175;153;05/11/2024;3033;Stevenson-West;14/03/2020;What;out;51;guess;101;Arte Contemporânea
175;220;12/05/2023;4123;Stevenson-West;08/02/2020;Board;keep;51;guess;101;Arte Contemporânea
175;227;21/06/2024;1339;Stevenson-West;21/11/2020;Ok;air;51;guess;101;Arte Contemporânea
175;313;28/09/2022;1680;Stevenson-West;02/05/2021;;;51;guess;101;Arte Contemporânea
175;416;13/03/2020;3778;Stevenson-West;13/03/2020;Some;kitchen;51;guess;101;Arte Contemporânea
175;419;30/10/2024;1945;Stevenson-West;13/07/2020;;;51;guess;101;Arte Contemporânea
175;431;27/02/2024;4375;Stevenson-West;03/04/2020;Appear;agency;51;guess;101;Arte Contemporânea
175;449;03/01/2020;3461;Stevenson-West;03/01/2020;Get;to;51;guess;101;Arte Contemporânea
175;478;09/11/2024;817;Stevenson-West;16/03/2020;Common;cold;51;guess;101;Arte Contemporânea
175;583;03/04/2022;318;Stevenson-West;12/12/2020;Data;popular;51;guess;101;Arte Contemporânea
175;590;04/03/2023;3092;Stevenson-West;07/01/2020;Rich;thus;51;guess;101;Arte Contemporânea
175;625;09/05/2024;994;Stevenson-West;06/02/2020;Need;a;51;guess;101;Arte Contemporânea
175;697;18/01/2023;858;Stevenson-West;06/08/2020;;;51;guess;101;Arte Contemporânea
175;717;30/05/2023;1588;Stevenson-West;05/04/2020;Think;future;51;guess;101;Arte Contemporânea
175;848;09/12/2024;967;Stevenson-West;28/04/2020;Piece;particularly;51;guess;101;Arte Contemporânea
175;936;16/03/2024;3634;Stevenson-West;02/02/2020;;;51;guess;101;Arte Contemporânea
175;961;25/06/2022;255;Stevenson-West;05/02/2020;;;51;guess;101;Arte Contemporânea
176;82;24/12/2022;969;Simmons and Sons;19/03/2020;Physical;simple;;;;
176;236;23/10/2025;2423;Simmons and Sons;26/01/2020;;;;;;
176;244;01/02/2023;4658;Simmons and Sons;07/06/2020;Military;level;;;;
176;447;05/02/2025;789;Simmons and Sons;05/09/2020;Argue;rock;;;;
176;511;19/12/2023;4233;Simmons and Sons;07/07/2020;Either;much;;;;
176;515;03/09/2023;2878;Simmons and Sons;01/06/2020;There;dinner;;;;
176;515;19/07/2024;3278;Simmons and Sons;01/06/2020;There;dinner;;;;
176;588;27/02/2025;1374;Simmons and Sons;21/08/2020;Successful;air;;;;
176;590;25/12/2020;4780;Simmons and Sons;07/01/2020;Rich;thus;;;;
176;615;09/04/2024;3529;Simmons and Sons;16/03/2020;Unit;area;;;;
176;668;08/04/2025;1713;Simmons and Sons;17/08/2020;;;;;;
176;702;14/02/2026;3575;Simmons and Sons;23/01/2020;He;desCribe;;;;
176;705;05/03/2023;2457;Simmons and Sons;16/01/2020;North;door;;;;
176;755;08/07/2020;1760;Simmons and Sons;22/01/2020;Hand;without;;;;
176;755;03/06/2021;4031;Simmons and Sons;22/01/2020;Hand;without;;;;
176;777;16/03/2021;3930;Simmons and Sons;12/10/2020;;;;;;
176;816;14/10/2025;972;Simmons and Sons;30/05/2020;They;go;;;;
176;839;15/02/2024;2371;Simmons and Sons;21/08/2021;General;growth;;;;
176;872;22/05/2022;2095;Simmons and Sons;01/01/2021;;;;;;
176;881;13/12/2020;663;Simmons and Sons;13/12/2020;;;;;;
176;929;25/09/2020;3368;Simmons and Sons;25/09/2020;Environmental;quality;;;;
176;934;09/02/2026;2976;Simmons and Sons;08/01/2021;;;;;;
176;949;06/07/2023;4600;Simmons and Sons;25/06/2021;Fight;agent;;;;
176;960;02/01/2021;1047;Simmons and Sons;02/01/2021;Finally;personal;;;;
177;53;17/09/2022;1913;Williams;29/11/2021;Become;themselves;;;;
177;74;10/09/2022;2775;Williams;19/11/2021;Federal;forward;;;;
177;170;08/03/2025;1069;Williams;19/01/2020;Wind;top;;;;
177;221;21/07/2022;680;Williams;05/06/2020;Move;board;;;;
177;259;08/02/2024;1092;Williams;20/06/2020;Picture;build;;;;
177;414;05/11/2020;484;Williams;06/04/2020;;;;;;
177;441;26/05/2020;1711;Williams;26/05/2020;;;;;;
177;492;28/09/2024;805;Williams;01/04/2020;Staff;treatment;;;;
177;493;13/02/2021;2465;Williams;22/03/2020;;;;;;
177;565;30/03/2025;353;Williams;09/03/2020;Week;change;;;;
177;701;30/07/2022;220;Williams;15/11/2020;;;;;;
177;741;11/10/2020;3502;Williams;27/01/2020;Late;I;;;;
177;764;23/07/2024;4727;Williams;04/08/2020;Laugh;send;;;;
177;880;21/04/2022;4943;Williams;21/08/2020;Rock;season;;;;
177;920;09/09/2022;870;Williams;05/05/2020;Issue;suffer;;;;
178;59;21/07/2024;2987;Moore-Sanders;07/01/2020;Reason;than;;;;
178;102;03/05/2024;1908;Moore-Sanders;22/06/2020;We;country;;;;
178;120;17/05/2025;2391;Moore-Sanders;13/03/2021;Follow;democratic;;;;
178;149;30/05/2020;1587;Moore-Sanders;16/04/2020;Perform;these;;;;
178;205;28/06/2020;4739;Moore-Sanders;28/06/2020;;;;;;
178;317;18/07/2023;2129;Moore-Sanders;10/11/2021;Surface;bit;;;;
178;335;03/09/2022;2196;Moore-Sanders;03/03/2020;;;;;;
178;426;31/10/2025;833;Moore-Sanders;11/01/2021;;;;;;
178;503;10/08/2022;115;Moore-Sanders;10/09/2020;;;;;;
178;629;12/05/2020;1892;Moore-Sanders;12/05/2020;;;;;;
178;669;17/11/2022;4392;Moore-Sanders;17/12/2021;;;;;;
178;694;21/01/2020;3747;Moore-Sanders;21/01/2020;Concern;west;;;;
178;695;05/01/2025;1796;Moore-Sanders;12/01/2020;;;;;;
178;781;08/12/2022;4728;Moore-Sanders;12/08/2020;Wife;sure;;;;
178;858;26/03/2022;971;Moore-Sanders;09/02/2020;Good;all;;;;
178;876;05/01/2025;227;Moore-Sanders;12/08/2020;In;ever;;;;
178;999;02/11/2025;1472;Moore-Sanders;17/01/2021;Public;late;;;;
179;131;24/02/2023;1373;Thompson-Morales;02/07/2021;List;perhaps;;;;
179;145;04/03/2024;3042;Thompson-Morales;29/12/2020;Bag;character;;;;
179;178;17/03/2021;3461;Thompson-Morales;30/01/2020;Animal;huge;;;;
179;280;08/12/2023;2227;Thompson-Morales;23/01/2020;Agree;participant;;;;
179;338;14/07/2024;4247;Thompson-Morales;03/06/2022;Present;positive;;;;
179;466;29/02/2020;724;Thompson-Morales;29/02/2020;Hot;computer;;;;
179;531;24/04/2021;4887;Thompson-Morales;24/04/2021;Commercial;relate;;;;
179;680;19/02/2020;2625;Thompson-Morales;19/02/2020;;;;;;
179;683;22/10/2025;930;Thompson-Morales;08/01/2020;Away;wind;;;;
179;729;27/01/2026;472;Thompson-Morales;08/12/2021;Store;value;;;;
179;911;09/02/2023;1429;Thompson-Morales;13/11/2020;Anything;plant;;;;
179;964;13/03/2023;762;Thompson-Morales;04/06/2021;;;;;;
179;984;13/11/2023;207;Thompson-Morales;04/01/2020;Treatment;stage;;;;
180;142;26/11/2022;1381;Cox-Hunter;16/03/2020;Analysis;evidence;;;;
180;163;15/04/2025;4597;Cox-Hunter;04/03/2020;Treat;majority;;;;
180;207;06/01/2025;4942;Cox-Hunter;24/04/2021;Success;president;;;;
180;258;20/10/2021;1480;Cox-Hunter;12/04/2021;Enough;buy;;;;
180;275;28/02/2022;1344;Cox-Hunter;19/04/2020;;;;;;
180;347;20/08/2023;2967;Cox-Hunter;22/09/2020;Tax;perhaps;;;;
180;471;27/06/2020;1943;Cox-Hunter;22/03/2020;Ask;conference;;;;
180;510;30/08/2022;2863;Cox-Hunter;02/04/2020;;;;;;
180;569;06/07/2021;4899;Cox-Hunter;06/07/2021;Degree;day;;;;
180;660;14/01/2025;2889;Cox-Hunter;10/01/2021;;;;;;
180;660;11/01/2025;248;Cox-Hunter;10/01/2021;;;;;;
180;674;05/12/2023;1228;Cox-Hunter;19/11/2022;Pay;generation;;;;
180;704;31/08/2024;4016;Cox-Hunter;29/02/2020;Mission;thought;;;;
180;706;06/06/2022;1719;Cox-Hunter;02/01/2020;Paper;record;;;;
180;758;24/01/2023;3260;Cox-Hunter;16/01/2021;;;;;;
180;815;28/01/2024;2592;Cox-Hunter;18/10/2020;;;;;;
181;119;13/03/2024;3568;Bell-Shah;31/03/2020;Although;bring;;;;
181;127;10/02/2026;142;Bell-Shah;14/08/2020;Wait;show;;;;
181;152;23/07/2020;2862;Bell-Shah;23/07/2020;;;;;;
181;209;19/04/2023;3137;Bell-Shah;06/01/2020;Draw;adult;;;;
181;352;03/12/2024;1859;Bell-Shah;07/08/2020;Suddenly;boy;;;;
181;485;18/03/2023;1647;Bell-Shah;31/01/2020;Answer;woman;;;;
181;493;23/03/2023;140;Bell-Shah;22/03/2020;;;;;;
181;504;11/06/2022;1916;Bell-Shah;11/06/2022;Baby;energy;;;;
181;506;16/09/2022;3136;Bell-Shah;11/07/2020;;;;;;
181;539;11/06/2024;456;Bell-Shah;04/03/2020;After;policy;;;;
181;571;13/08/2024;3863;Bell-Shah;07/09/2020;;;;;;
181;641;31/03/2020;1300;Bell-Shah;31/03/2020;Face;spend;;;;
181;655;17/05/2021;177;Bell-Shah;23/04/2021;Billion;subject;;;;
181;718;14/04/2023;3362;Bell-Shah;23/04/2021;Partner;ball;;;;
181;747;21/01/2025;2832;Bell-Shah;27/08/2021;White;indeed;;;;
181;824;04/05/2022;3195;Bell-Shah;07/12/2020;Hit;less;;;;
181;839;07/05/2025;3684;Bell-Shah;21/08/2021;General;growth;;;;
181;861;05/12/2020;426;Bell-Shah;12/01/2020;Safe;every;;;;
181;960;08/05/2021;1699;Bell-Shah;02/01/2021;Finally;personal;;;;
181;987;18/10/2022;2678;Bell-Shah;21/03/2020;;;;;;
182;14;30/01/2020;4765;Phillips Inc;30/01/2020;Billion;hair;131;final;79;Critica da Arte
182;14;30/01/2020;4765;Phillips Inc;30/01/2020;Billion;hair;96;ground;101;Arte Contemporânea
182;163;03/11/2021;3598;Phillips Inc;04/03/2020;Treat;majority;131;final;79;Critica da Arte
182;163;03/11/2021;3598;Phillips Inc;04/03/2020;Treat;majority;96;ground;101;Arte Contemporânea
182;209;12/05/2022;3502;Phillips Inc;06/01/2020;Draw;adult;131;final;79;Critica da Arte
182;209;12/05/2022;3502;Phillips Inc;06/01/2020;Draw;adult;96;ground;101;Arte Contemporânea
182;228;26/01/2022;2454;Phillips Inc;24/01/2020;;;131;final;79;Critica da Arte
182;228;26/01/2022;2454;Phillips Inc;24/01/2020;;;96;ground;101;Arte Contemporânea
182;334;01/04/2025;629;Phillips Inc;29/01/2022;Build;term;131;final;79;Critica da Arte
182;334;01/04/2025;629;Phillips Inc;29/01/2022;Build;term;96;ground;101;Arte Contemporânea
182;467;11/12/2022;4192;Phillips Inc;08/01/2020;Too;ago;131;final;79;Critica da Arte
182;467;11/12/2022;4192;Phillips Inc;08/01/2020;Too;ago;96;ground;101;Arte Contemporânea
182;679;26/11/2024;1451;Phillips Inc;27/04/2020;Word;hard;131;final;79;Critica da Arte
182;679;26/11/2024;1451;Phillips Inc;27/04/2020;Word;hard;96;ground;101;Arte Contemporânea
182;876;07/01/2024;4991;Phillips Inc;12/08/2020;In;ever;131;final;79;Critica da Arte
182;876;07/01/2024;4991;Phillips Inc;12/08/2020;In;ever;96;ground;101;Arte Contemporânea
182;892;17/08/2021;3084;Phillips Inc;15/07/2020;;;131;final;79;Critica da Arte
182;892;17/08/2021;3084;Phillips Inc;15/07/2020;;;96;ground;101;Arte Contemporânea
182;894;22/02/2022;4916;Phillips Inc;11/09/2020;Scientist;tax;131;final;79;Critica da Arte
182;894;22/02/2022;4916;Phillips Inc;11/09/2020;Scientist;tax;96;ground;101;Arte Contemporânea
182;924;29/05/2022;1712;Phillips Inc;01/04/2021;Somebody;offer;131;final;79;Critica da Arte
182;924;29/05/2022;1712;Phillips Inc;01/04/2021;Somebody;offer;96;ground;101;Arte Contemporânea
182;959;18/06/2025;1436;Phillips Inc;20/05/2020;Their;read;131;final;79;Critica da Arte
182;959;18/06/2025;1436;Phillips Inc;20/05/2020;Their;read;96;ground;101;Arte Contemporânea
182;965;12/08/2025;2429;Phillips Inc;24/02/2020;;;131;final;79;Critica da Arte
182;965;12/08/2025;2429;Phillips Inc;24/02/2020;;;96;ground;101;Arte Contemporânea
182;968;12/10/2024;3161;Phillips Inc;10/10/2020;Deep;tonight;131;final;79;Critica da Arte
182;968;12/10/2024;3161;Phillips Inc;10/10/2020;Deep;tonight;96;ground;101;Arte Contemporânea
183;2;10/11/2021;1414;Gardner LLC;31/01/2020;Benefit;key;;;;
183;3;24/07/2021;449;Gardner LLC;24/07/2021;Unit;film;;;;
183;14;14/02/2021;4447;Gardner LLC;30/01/2020;Billion;hair;;;;
183;81;22/09/2024;332;Gardner LLC;20/04/2020;Chair;dark;;;;
183;109;28/12/2021;2318;Gardner LLC;10/07/2020;Media;purpose;;;;
183;345;25/07/2022;3523;Gardner LLC;10/10/2020;Although;place;;;;
183;453;17/10/2022;2682;Gardner LLC;26/02/2020;Her;beautiful;;;;
183;550;15/01/2024;1807;Gardner LLC;24/04/2020;;;;;;
183;655;14/05/2022;4532;Gardner LLC;23/04/2021;Billion;subject;;;;
183;682;08/06/2023;2659;Gardner LLC;21/06/2020;Final;figure;;;;
183;696;29/09/2024;927;Gardner LLC;31/08/2020;Fight;into;;;;
183;696;22/06/2022;3128;Gardner LLC;31/08/2020;Fight;into;;;;
183;716;19/09/2020;2195;Gardner LLC;29/06/2020;Person;race;;;;
183;917;10/06/2021;1888;Gardner LLC;25/05/2020;;;;;;
183;953;12/08/2022;1619;Gardner LLC;03/09/2020;Involve;interest;;;;
183;974;04/04/2025;3102;Gardner LLC;16/04/2021;Six;stop;;;;
184;65;11/12/2022;2850;Anderson;01/01/2021;Possible;network;;;;
184;157;18/02/2023;2854;Anderson;03/03/2020;;;;;;
184;164;28/08/2021;1788;Anderson;31/01/2020;Evening;guy;;;;
184;245;23/08/2020;564;Anderson;08/01/2020;;;;;;
184;346;14/09/2022;853;Anderson;15/07/2020;Yard;member;;;;
184;405;20/06/2021;1904;Anderson;22/06/2020;Time;sing;;;;
184;473;17/08/2021;357;Anderson;24/07/2020;;;;;;
184;476;19/01/2021;4905;Anderson;19/01/2021;;;;;;
184;493;15/04/2021;1553;Anderson;22/03/2020;;;;;;
184;501;21/06/2021;1607;Anderson;20/04/2021;Avoid;approach;;;;
184;589;27/08/2022;4745;Anderson;13/07/2020;Necessary;far;;;;
184;613;01/01/2025;1448;Anderson;31/07/2021;Hear;body;;;;
184;636;18/01/2022;1126;Anderson;17/04/2020;Business;tell;;;;
184;699;04/02/2020;2413;Anderson;04/02/2020;;;;;;
184;746;19/07/2023;1540;Anderson;18/04/2020;;;;;;
184;760;14/03/2022;1252;Anderson;06/04/2020;;;;;;
184;810;12/08/2023;3779;Anderson;12/04/2022;;;;;;
184;899;15/09/2022;2054;Anderson;13/03/2020;Fine;hundred;;;;
184;932;25/09/2025;347;Anderson;29/02/2020;Some;debate;;;;
185;26;09/04/2024;540;Jones-Jones;15/10/2021;Give;consider;;;;
185;222;17/01/2023;2931;Jones-Jones;26/11/2020;;;;;;
185;319;01/06/2021;428;Jones-Jones;15/03/2020;Behavior;occur;;;;
185;400;28/05/2023;3098;Jones-Jones;25/03/2020;;;;;;
185;483;01/04/2022;1005;Jones-Jones;10/07/2021;Line;than;;;;
185;566;28/02/2025;3400;Jones-Jones;17/03/2020;Different;husband;;;;
185;656;13/08/2024;4111;Jones-Jones;30/12/2020;Person;yourself;;;;
185;856;10/06/2022;538;Jones-Jones;23/03/2020;Likely;city;;;;
185;875;09/01/2023;1325;Jones-Jones;29/04/2020;;;;;;
185;916;02/10/2025;3534;Jones-Jones;11/01/2020;Billion;process;;;;
185;921;09/05/2020;4014;Jones-Jones;13/02/2020;Local;often;;;;
185;946;21/01/2023;631;Jones-Jones;12/08/2020;Quickly;sign;;;;
185;956;29/04/2025;3043;Jones-Jones;10/05/2020;;;;;;
185;996;13/05/2020;2476;Jones-Jones;13/05/2020;Why;cover;;;;
186;105;12/11/2020;1573;Fitzpatrick-Richardson;02/04/2020;Same;nation;;;;
186;229;30/04/2020;637;Fitzpatrick-Richardson;30/04/2020;;;;;;
186;399;17/04/2025;2346;Fitzpatrick-Richardson;09/09/2020;Home;difficult;;;;
186;502;29/11/2024;462;Fitzpatrick-Richardson;13/10/2020;;;;;;
186;575;17/02/2023;2885;Fitzpatrick-Richardson;09/09/2021;Report;notice;;;;
186;663;15/04/2024;1256;Fitzpatrick-Richardson;16/02/2021;Skin;Mrs;;;;
186;690;28/02/2020;4778;Fitzpatrick-Richardson;28/02/2020;South;attention;;;;
186;718;15/07/2025;2601;Fitzpatrick-Richardson;23/04/2021;Partner;ball;;;;
186;848;28/04/2020;725;Fitzpatrick-Richardson;28/04/2020;Piece;particularly;;;;
186;858;24/07/2020;4185;Fitzpatrick-Richardson;09/02/2020;Good;all;;;;
186;948;15/08/2025;2447;Fitzpatrick-Richardson;02/04/2020;Quality;successful;;;;
186;957;14/04/2021;131;Fitzpatrick-Richardson;14/04/2021;My;morning;;;;
186;987;29/06/2025;4175;Fitzpatrick-Richardson;21/03/2020;;;;;;
187;51;14/04/2022;398;Sanchez-Harrison;12/01/2020;;;;;;
187;175;22/01/2020;4563;Sanchez-Harrison;22/01/2020;;;;;;
187;185;30/01/2023;834;Sanchez-Harrison;06/10/2020;Smile;player;;;;
187;245;24/03/2025;1823;Sanchez-Harrison;08/01/2020;;;;;;
187;287;28/05/2020;4500;Sanchez-Harrison;28/05/2020;Budget;understand;;;;
187;318;12/08/2021;748;Sanchez-Harrison;01/07/2020;;;;;;
187;325;31/01/2022;2350;Sanchez-Harrison;04/12/2020;Management;defense;;;;
187;484;21/07/2020;4632;Sanchez-Harrison;25/03/2020;Maybe;possible;;;;
187;497;16/12/2023;1147;Sanchez-Harrison;16/07/2020;All;nature;;;;
187;514;23/08/2021;4377;Sanchez-Harrison;22/08/2020;;;;;;
187;599;28/08/2025;945;Sanchez-Harrison;20/11/2020;Population;use;;;;
187;644;26/08/2023;685;Sanchez-Harrison;30/11/2020;;;;;;
187;722;16/06/2024;2251;Sanchez-Harrison;23/02/2020;Attack;natural;;;;
187;753;27/03/2023;4228;Sanchez-Harrison;17/02/2020;Mr;clearly;;;;
187;754;06/03/2021;1727;Sanchez-Harrison;30/08/2020;That;country;;;;
187;801;20/06/2024;843;Sanchez-Harrison;08/04/2020;Best;apply;;;;
187;860;27/03/2024;1630;Sanchez-Harrison;07/04/2020;Push;yard;;;;
187;861;25/07/2024;3177;Sanchez-Harrison;12/01/2020;Safe;every;;;;
187;883;01/02/2021;1034;Sanchez-Harrison;02/02/2020;Process;Crime;;;;
187;898;28/09/2024;4461;Sanchez-Harrison;29/02/2020;;;;;;
187;946;12/08/2020;4783;Sanchez-Harrison;12/08/2020;Quickly;sign;;;;
188;52;28/07/2024;1025;Welch-Hall;05/01/2020;;;;;;
188;119;31/01/2021;4980;Welch-Hall;31/03/2020;Although;bring;;;;
188;189;28/01/2021;287;Welch-Hall;11/11/2020;Toward;station;;;;
188;236;05/11/2023;165;Welch-Hall;26/01/2020;;;;;;
188;246;22/08/2022;1961;Welch-Hall;02/05/2020;Investment;marriage;;;;
188;307;24/06/2025;2831;Welch-Hall;02/11/2020;Second;fill;;;;
188;474;17/04/2023;2549;Welch-Hall;07/09/2020;;;;;;
188;689;29/07/2020;4443;Welch-Hall;29/07/2020;Growth;sport;;;;
188;721;02/12/2024;2550;Welch-Hall;30/03/2021;;;;;;
188;740;18/05/2020;186;Welch-Hall;18/05/2020;Side;ok;;;;
188;753;21/10/2025;3887;Welch-Hall;17/02/2020;Mr;clearly;;;;
188;921;29/05/2025;2144;Welch-Hall;13/02/2020;Local;often;;;;
188;951;30/08/2021;410;Welch-Hall;11/04/2020;Door;speak;;;;
189;10;20/01/2023;4445;Tran-Reed;08/10/2020;;;;;;
189;58;08/12/2020;3427;Tran-Reed;10/02/2020;;;;;;
189;147;23/09/2025;2264;Tran-Reed;24/01/2020;;;;;;
189;188;18/11/2021;1113;Tran-Reed;31/12/2020;;;;;;
189;328;19/10/2020;871;Tran-Reed;03/03/2020;Painting;laugh;;;;
189;389;15/01/2021;2975;Tran-Reed;15/01/2021;Where;house;;;;
189;469;13/08/2022;3721;Tran-Reed;02/03/2022;Individual;whatever;;;;
189;535;05/04/2020;288;Tran-Reed;05/04/2020;Feeling;red;;;;
189;583;02/07/2025;1943;Tran-Reed;12/12/2020;Data;popular;;;;
189;628;28/04/2021;165;Tran-Reed;13/01/2020;Policy;often;;;;
189;631;09/12/2022;2084;Tran-Reed;14/08/2020;;;;;;
189;671;17/03/2023;1589;Tran-Reed;20/01/2020;;;;;;
189;721;30/03/2021;1609;Tran-Reed;30/03/2021;;;;;;
189;757;24/08/2022;3022;Tran-Reed;15/08/2021;;;;;;
189;848;04/11/2024;3696;Tran-Reed;28/04/2020;Piece;particularly;;;;
189;881;12/11/2023;4021;Tran-Reed;13/12/2020;;;;;;
189;920;12/03/2021;1021;Tran-Reed;05/05/2020;Issue;suffer;;;;
189;948;22/03/2024;4230;Tran-Reed;02/04/2020;Quality;successful;;;;
189;949;04/03/2024;1484;Tran-Reed;25/06/2021;Fight;agent;;;;
189;967;15/02/2025;1268;Tran-Reed;27/02/2022;Last;enough;;;;
189;997;01/05/2025;3512;Tran-Reed;06/12/2021;Pass;her;;;;
189;999;17/01/2021;2258;Tran-Reed;17/01/2021;Public;late;;;;
190;71;04/04/2020;4121;Kennedy Group;04/04/2020;Bank;standard;15;model;54;Cultura Urbana
190;227;18/08/2024;3315;Kennedy Group;21/11/2020;Ok;air;15;model;54;Cultura Urbana
190;229;28/11/2022;109;Kennedy Group;30/04/2020;;;15;model;54;Cultura Urbana
190;314;05/08/2025;993;Kennedy Group;03/01/2020;Follow;street;15;model;54;Cultura Urbana
190;366;11/08/2022;2028;Kennedy Group;03/06/2022;Eye;Mrs;15;model;54;Cultura Urbana
190;368;19/03/2024;2974;Kennedy Group;07/01/2020;Any;important;15;model;54;Cultura Urbana
190;386;13/05/2022;192;Kennedy Group;02/08/2020;Test;nothing;15;model;54;Cultura Urbana
190;435;21/01/2025;1513;Kennedy Group;21/01/2021;;;15;model;54;Cultura Urbana
190;483;26/10/2022;4141;Kennedy Group;10/07/2021;Line;than;15;model;54;Cultura Urbana
190;487;20/03/2025;1532;Kennedy Group;17/07/2020;Become;heavy;15;model;54;Cultura Urbana
190;507;03/11/2021;4344;Kennedy Group;07/05/2020;Own;line;15;model;54;Cultura Urbana
190;673;16/05/2022;2843;Kennedy Group;18/08/2021;If;need;15;model;54;Cultura Urbana
190;773;19/11/2021;4697;Kennedy Group;22/04/2020;;;15;model;54;Cultura Urbana
190;822;09/03/2020;2713;Kennedy Group;09/03/2020;Issue;in;15;model;54;Cultura Urbana
190;848;12/09/2025;3042;Kennedy Group;28/04/2020;Piece;particularly;15;model;54;Cultura Urbana
190;859;16/07/2020;1345;Kennedy Group;12/02/2020;Teach;should;15;model;54;Cultura Urbana
190;873;31/08/2022;1709;Kennedy Group;18/01/2021;Into;ask;15;model;54;Cultura Urbana
190;887;03/01/2021;577;Kennedy Group;03/01/2021;Away;bill;15;model;54;Cultura Urbana
190;915;18/09/2025;3563;Kennedy Group;02/03/2020;But;forget;15;model;54;Cultura Urbana
190;930;28/05/2020;326;Kennedy Group;01/02/2020;;;15;model;54;Cultura Urbana
190;969;03/03/2021;1891;Kennedy Group;10/02/2020;;;15;model;54;Cultura Urbana
191;8;11/06/2020;3753;English-Whitney;22/03/2020;White;build;;;;
191;16;20/06/2022;1256;English-Whitney;25/01/2021;Artist;young;;;;
191;28;12/01/2023;3911;English-Whitney;04/01/2020;What;field;;;;
191;56;10/09/2021;3899;English-Whitney;28/02/2020;;;;;;
191;103;16/05/2025;2298;English-Whitney;24/03/2020;Some;here;;;;
191;214;10/06/2025;4210;English-Whitney;26/03/2020;Moment;cut;;;;
191;214;24/12/2021;346;English-Whitney;26/03/2020;Moment;cut;;;;
191;251;12/11/2024;4144;English-Whitney;13/01/2020;Establish;green;;;;
191;390;27/06/2021;3568;English-Whitney;25/02/2020;Mind;information;;;;
191;403;06/09/2021;1425;English-Whitney;30/01/2020;Goal;interest;;;;
191;447;13/07/2024;4654;English-Whitney;05/09/2020;Argue;rock;;;;
191;534;29/04/2021;422;English-Whitney;16/06/2020;Mother;citizen;;;;
191;544;29/05/2021;2827;English-Whitney;24/09/2020;He;two;;;;
191;558;12/04/2020;4543;English-Whitney;12/02/2020;Prepare;wish;;;;
191;659;07/01/2025;1967;English-Whitney;20/01/2020;Table;page;;;;
191;686;04/08/2021;2980;English-Whitney;10/10/2020;Human;vote;;;;
191;739;21/12/2024;130;English-Whitney;01/04/2020;Pull;beautiful;;;;
191;830;11/02/2024;4962;English-Whitney;08/09/2021;Girl;voice;;;;
191;898;02/01/2026;3126;English-Whitney;29/02/2020;;;;;;
191;909;14/07/2021;1300;English-Whitney;16/07/2020;At;various;;;;
191;914;18/11/2023;3600;English-Whitney;27/03/2020;School;hope;;;;
191;932;14/01/2024;185;English-Whitney;29/02/2020;Some;debate;;;;
191;994;15/11/2023;1878;English-Whitney;16/07/2021;Security;challenge;;;;
192;112;30/04/2020;3393;Walter Group;30/04/2020;Example;lose;;;;
192;118;11/03/2025;4806;Walter Group;17/05/2021;Ever;which;;;;
192;120;13/03/2021;4139;Walter Group;13/03/2021;Follow;democratic;;;;
192;128;11/11/2020;2300;Walter Group;03/10/2020;Hour;out;;;;
192;149;07/01/2022;3252;Walter Group;16/04/2020;Perform;these;;;;
192;172;16/04/2021;4078;Walter Group;16/04/2021;Turn;war;;;;
192;208;09/01/2026;1999;Walter Group;23/02/2020;;;;;;
192;270;02/05/2024;1489;Walter Group;13/03/2020;Product;state;;;;
192;290;08/10/2022;2363;Walter Group;30/05/2020;During;agree;;;;
192;382;19/11/2025;1527;Walter Group;10/05/2020;;;;;;
192;386;26/08/2023;1312;Walter Group;02/08/2020;Test;nothing;;;;
192;460;31/03/2022;3297;Walter Group;02/04/2020;For;reach;;;;
192;590;20/01/2025;1520;Walter Group;07/01/2020;Rich;thus;;;;
192;622;24/04/2020;1646;Walter Group;24/04/2020;How;buy;;;;
192;643;19/12/2020;952;Walter Group;31/05/2020;Term;example;;;;
192;728;30/01/2020;257;Walter Group;30/01/2020;Fine;possible;;;;
192;774;04/03/2022;4121;Walter Group;13/12/2021;Start;area;;;;
192;782;27/07/2022;3697;Walter Group;15/07/2021;Success;despite;;;;
192;787;02/09/2025;2114;Walter Group;06/02/2021;;;;;;
193;63;05/12/2021;145;Austin;18/02/2020;;;;;;
193;108;09/03/2021;2381;Austin;07/04/2020;;;;;;
193;128;08/02/2024;4051;Austin;03/10/2020;Hour;out;;;;
193;271;07/08/2021;3744;Austin;10/03/2021;Create;garden;;;;
193;303;13/07/2025;3270;Austin;05/10/2020;;;;;;
193;430;03/04/2020;4506;Austin;03/04/2020;Recent;be;;;;
193;467;04/01/2025;4611;Austin;08/01/2020;Too;ago;;;;
193;486;02/06/2024;4019;Austin;28/12/2020;Try;sell;;;;
193;521;26/04/2024;4470;Austin;14/03/2020;;;;;;
193;588;26/03/2024;1238;Austin;21/08/2020;Successful;air;;;;
193;693;20/03/2024;1681;Austin;05/03/2021;Nothing;traditional;;;;
193;769;16/07/2024;983;Austin;23/01/2020;;;;;;
193;865;09/08/2020;4645;Austin;12/05/2020;That;with;;;;
193;964;02/07/2021;3076;Austin;04/06/2021;;;;;;
194;8;28/03/2020;1146;Torres;22/03/2020;White;build;;;;
194;17;08/07/2020;4866;Torres;19/01/2020;;;;;;
194;129;13/06/2025;1899;Torres;12/01/2020;;;;;;
194;143;08/09/2022;3289;Torres;12/12/2020;;;;;;
194;183;14/10/2020;4514;Torres;12/03/2020;;;;;;
194;197;01/06/2023;2673;Torres;10/10/2021;;;;;;
194;208;10/05/2024;3437;Torres;23/02/2020;;;;;;
194;230;03/10/2023;4393;Torres;26/07/2020;That;there;;;;
194;320;04/04/2024;1271;Torres;04/02/2021;Happy;American;;;;
194;336;06/05/2022;4026;Torres;08/01/2020;History;decide;;;;
194;429;04/11/2024;1456;Torres;19/01/2020;;;;;;
194;432;29/07/2022;4692;Torres;28/03/2020;;;;;;
194;435;21/10/2021;2640;Torres;21/01/2021;;;;;;
194;458;29/07/2020;4385;Torres;29/04/2020;Decide;morning;;;;
194;468;15/08/2020;3386;Torres;08/08/2020;;;;;;
194;503;25/10/2022;3296;Torres;10/09/2020;;;;;;
194;566;17/01/2026;1213;Torres;17/03/2020;Different;husband;;;;
194;602;24/07/2024;3854;Torres;12/02/2020;;;;;;
194;628;10/05/2020;1877;Torres;13/01/2020;Policy;often;;;;
194;659;15/05/2022;2360;Torres;20/01/2020;Table;page;;;;
194;686;31/07/2024;1821;Torres;10/10/2020;Human;vote;;;;
194;814;18/04/2024;3471;Torres;03/05/2020;;;;;;
194;867;20/06/2020;4297;Torres;11/03/2020;Standard;maybe;;;;
194;873;18/09/2024;2409;Torres;18/01/2021;Into;ask;;;;
195;6;17/06/2024;1122;Richardson-Hopkins;23/04/2020;Million;attack;;;;
195;53;20/06/2025;1145;Richardson-Hopkins;29/11/2021;Become;themselves;;;;
195;222;28/03/2022;1646;Richardson-Hopkins;26/11/2020;;;;;;
195;484;22/03/2024;465;Richardson-Hopkins;25/03/2020;Maybe;possible;;;;
195;518;28/07/2023;2805;Richardson-Hopkins;25/09/2020;Administration;have;;;;
195;538;23/06/2022;2873;Richardson-Hopkins;02/12/2020;Particularly;group;;;;
195;594;24/02/2025;4815;Richardson-Hopkins;26/01/2020;;;;;;
195;607;05/10/2024;1260;Richardson-Hopkins;06/03/2021;Much;alone;;;;
195;662;28/05/2023;1314;Richardson-Hopkins;20/12/2020;;;;;;
195;691;30/05/2021;1581;Richardson-Hopkins;06/11/2020;Rate;ground;;;;
195;869;23/09/2022;544;Richardson-Hopkins;02/03/2020;Require;herself;;;;
195;900;04/06/2025;3203;Richardson-Hopkins;05/04/2021;Rule;middle;;;;
195;908;19/08/2020;2200;Richardson-Hopkins;19/08/2020;All;during;;;;
195;973;26/06/2020;645;Richardson-Hopkins;01/05/2020;;;;;;
195;977;14/06/2020;2111;Richardson-Hopkins;14/06/2020;Local;look;;;;
196;51;12/01/2020;454;Barber LLC;12/01/2020;;;142;century;54;Cultura Urbana
196;83;21/09/2020;817;Barber LLC;21/09/2020;Past;offer;142;century;54;Cultura Urbana
196;83;21/04/2021;2698;Barber LLC;21/09/2020;Past;offer;142;century;54;Cultura Urbana
196;118;23/02/2024;2946;Barber LLC;17/05/2021;Ever;which;142;century;54;Cultura Urbana
196;202;12/07/2022;2262;Barber LLC;20/10/2020;Number;news;142;century;54;Cultura Urbana
196;236;28/09/2021;4044;Barber LLC;26/01/2020;;;142;century;54;Cultura Urbana
196;243;31/12/2025;2620;Barber LLC;31/01/2020;First;population;142;century;54;Cultura Urbana
196;247;27/04/2020;785;Barber LLC;27/04/2020;Never;allow;142;century;54;Cultura Urbana
196;269;10/05/2020;3410;Barber LLC;02/03/2020;But;leg;142;century;54;Cultura Urbana
196;357;03/02/2020;2923;Barber LLC;03/02/2020;;;142;century;54;Cultura Urbana
196;380;12/03/2021;131;Barber LLC;08/09/2020;;;142;century;54;Cultura Urbana
196;408;03/10/2023;4856;Barber LLC;27/02/2020;Color;really;142;century;54;Cultura Urbana
196;442;10/11/2023;4194;Barber LLC;29/08/2020;;;142;century;54;Cultura Urbana
196;445;17/10/2024;4766;Barber LLC;26/06/2020;Measure;skin;142;century;54;Cultura Urbana
196;453;31/10/2022;775;Barber LLC;26/02/2020;Her;beautiful;142;century;54;Cultura Urbana
196;473;24/06/2022;325;Barber LLC;24/07/2020;;;142;century;54;Cultura Urbana
196;566;16/05/2025;2266;Barber LLC;17/03/2020;Different;husband;142;century;54;Cultura Urbana
196;637;19/12/2022;2008;Barber LLC;23/08/2020;;;142;century;54;Cultura Urbana
196;656;27/06/2024;166;Barber LLC;30/12/2020;Person;yourself;142;century;54;Cultura Urbana
196;735;18/11/2023;913;Barber LLC;08/01/2021;Learn;lose;142;century;54;Cultura Urbana
196;762;31/05/2023;2053;Barber LLC;25/02/2020;Authority;road;142;century;54;Cultura Urbana
196;778;25/02/2025;1702;Barber LLC;09/03/2020;Friend;do;142;century;54;Cultura Urbana
196;872;31/03/2021;2188;Barber LLC;01/01/2021;;;142;century;54;Cultura Urbana
196;943;09/03/2021;3661;Barber LLC;20/03/2020;Culture;goal;142;century;54;Cultura Urbana
197;84;15/08/2021;4011;Mitchell;16/07/2020;She;marriage;;;;
197;118;27/08/2025;1591;Mitchell;17/05/2021;Ever;which;;;;
197;138;13/02/2025;4936;Mitchell;31/05/2021;Kind;choose;;;;
197;302;23/08/2022;2107;Mitchell;15/04/2020;;;;;;
197;315;10/09/2020;2585;Mitchell;09/01/2020;Majority;call;;;;
197;391;14/02/2021;3744;Mitchell;02/02/2020;Off;meet;;;;
197;419;10/11/2024;2490;Mitchell;13/07/2020;;;;;;
197;427;05/08/2025;4178;Mitchell;05/02/2021;;;;;;
197;522;13/10/2022;1552;Mitchell;30/01/2020;Laugh;else;;;;
197;524;25/08/2024;4082;Mitchell;28/02/2021;Seven;rate;;;;
197;647;23/05/2023;713;Mitchell;05/01/2020;Maintain;coach;;;;
197;730;11/12/2021;509;Mitchell;15/06/2020;;;;;;
197;736;24/12/2024;3078;Mitchell;25/07/2020;Among;official;;;;
197;775;11/02/2026;2351;Mitchell;27/12/2021;No;end;;;;
197;822;21/08/2020;2268;Mitchell;09/03/2020;Issue;in;;;;
197;905;26/07/2021;4662;Mitchell;19/01/2020;Future;build;;;;
197;951;11/04/2020;3820;Mitchell;11/04/2020;Door;speak;;;;
198;254;12/10/2023;2034;Taylor;13/12/2021;Human;because;;;;
198;263;14/04/2021;1597;Taylor;22/03/2020;Always;may;;;;
198;489;16/01/2026;816;Taylor;19/08/2020;;;;;;
198;507;17/09/2023;2837;Taylor;07/05/2020;Own;line;;;;
198;518;19/10/2024;4165;Taylor;25/09/2020;Administration;have;;;;
198;518;04/10/2021;1690;Taylor;25/09/2020;Administration;have;;;;
198;525;16/10/2022;4705;Taylor;15/04/2020;;;;;;
198;548;19/12/2022;118;Taylor;31/03/2020;;;;;;
198;637;02/06/2022;4296;Taylor;23/08/2020;;;;;;
198;651;12/02/2025;4102;Taylor;23/09/2020;Relate;offer;;;;
198;694;21/05/2023;3523;Taylor;21/01/2020;Concern;west;;;;
198;716;11/08/2024;863;Taylor;29/06/2020;Person;race;;;;
198;773;22/06/2025;3373;Taylor;22/04/2020;;;;;;
198;804;01/10/2025;2666;Taylor;05/03/2020;;;;;;
198;857;20/06/2021;3572;Taylor;06/03/2020;Operation;close;;;;
198;936;17/08/2023;3956;Taylor;02/02/2020;;;;;;
198;950;19/08/2021;2014;Taylor;17/03/2020;;;;;;
199;82;11/03/2022;4979;Mccann-Castro;19/03/2020;Physical;simple;;;;
199;151;13/01/2025;2658;Mccann-Castro;14/09/2020;Risk;picture;;;;
199;223;19/12/2024;4735;Mccann-Castro;10/03/2020;;;;;;
199;268;24/05/2021;3785;Mccann-Castro;24/05/2021;;;;;;
199;445;26/06/2020;4513;Mccann-Castro;26/06/2020;Measure;skin;;;;
199;449;25/11/2020;3961;Mccann-Castro;03/01/2020;Get;to;;;;
199;459;06/06/2024;147;Mccann-Castro;01/02/2020;Station;suggest;;;;
199;609;19/05/2021;4527;Mccann-Castro;24/04/2021;Specific;move;;;;
199;623;13/01/2025;2782;Mccann-Castro;28/05/2022;;;;;;
199;802;23/05/2025;3041;Mccann-Castro;18/02/2020;Hard;cost;;;;
199;805;03/02/2024;181;Mccann-Castro;12/06/2022;Begin;company;;;;
199;849;17/08/2025;3865;Mccann-Castro;01/02/2020;;;;;;
199;941;12/11/2024;4667;Mccann-Castro;29/01/2020;However;require;;;;
199;944;23/12/2024;571;Mccann-Castro;03/01/2020;Sort;stage;;;;
199;946;15/08/2024;2494;Mccann-Castro;12/08/2020;Quickly;sign;;;;
200;133;20/12/2025;2393;Hughes Group;16/11/2020;Forward;market;;;;
200;194;27/05/2025;1395;Hughes Group;27/03/2020;Pass;physical;;;;
200;216;15/09/2024;4054;Hughes Group;03/07/2020;Top;likely;;;;
200;249;19/04/2023;676;Hughes Group;25/05/2020;Member;skin;;;;
200;272;31/12/2023;3557;Hughes Group;25/04/2020;Glass;outside;;;;
200;295;31/05/2025;3749;Hughes Group;13/12/2020;;;;;;
200;345;06/01/2025;1071;Hughes Group;10/10/2020;Although;place;;;;
200;345;12/01/2025;2932;Hughes Group;10/10/2020;Although;place;;;;
200;351;08/03/2021;2512;Hughes Group;15/02/2020;Identify;section;;;;
200;365;17/05/2023;2770;Hughes Group;16/01/2021;Order;share;;;;
200;515;24/03/2024;3783;Hughes Group;01/06/2020;There;dinner;;;;
200;584;12/01/2026;917;Hughes Group;25/03/2020;;;;;;
200;654;10/12/2023;3328;Hughes Group;26/10/2021;Early;me;;;;
200;721;29/03/2022;3562;Hughes Group;30/03/2021;;;;;;
200;741;02/03/2020;2155;Hughes Group;27/01/2020;Late;I;;;;
200;820;06/04/2021;2740;Hughes Group;16/03/2020;Red;probably;;;;
201;34;02/07/2021;1597;Peterson-Herrera;02/07/2021;;;;;;
201;35;10/06/2024;696;Peterson-Herrera;30/12/2020;Record;fund;;;;
201;74;19/11/2021;1321;Peterson-Herrera;19/11/2021;Federal;forward;;;;
201;95;14/05/2021;921;Peterson-Herrera;14/05/2021;Leg;area;;;;
201;111;18/10/2025;2762;Peterson-Herrera;25/04/2020;;;;;;
201;174;05/08/2021;4946;Peterson-Herrera;02/02/2020;East;something;;;;
201;205;21/01/2025;1722;Peterson-Herrera;28/06/2020;;;;;;
201;237;09/06/2020;675;Peterson-Herrera;02/01/2020;Notice;war;;;;
201;328;09/08/2020;843;Peterson-Herrera;03/03/2020;Painting;laugh;;;;
201;361;09/10/2020;454;Peterson-Herrera;13/04/2020;Staff;radio;;;;
201;507;21/06/2022;4646;Peterson-Herrera;07/05/2020;Own;line;;;;
201;543;03/01/2020;1249;Peterson-Herrera;03/01/2020;Rule;lay;;;;
201;552;09/10/2021;1369;Peterson-Herrera;10/08/2020;Lead;message;;;;
201;578;01/04/2025;3525;Peterson-Herrera;10/03/2020;;;;;;
201;754;06/07/2021;780;Peterson-Herrera;30/08/2020;That;country;;;;
201;754;06/06/2022;473;Peterson-Herrera;30/08/2020;That;country;;;;
201;826;09/12/2024;3721;Peterson-Herrera;01/07/2021;;;;;;
201;992;31/03/2023;4843;Peterson-Herrera;17/02/2020;Prevent;mother;;;;
202;17;08/05/2023;1935;Mathis LLC;19/01/2020;;;49;carry;79;Critica da Arte
202;17;08/05/2023;1935;Mathis LLC;19/01/2020;;;76;understand;101;Arte Contemporânea
202;147;05/11/2021;2676;Mathis LLC;24/01/2020;;;49;carry;79;Critica da Arte
202;147;05/11/2021;2676;Mathis LLC;24/01/2020;;;76;understand;101;Arte Contemporânea
202;150;26/06/2025;3616;Mathis LLC;15/06/2020;Take;do;49;carry;79;Critica da Arte
202;150;26/06/2025;3616;Mathis LLC;15/06/2020;Take;do;76;understand;101;Arte Contemporânea
202;210;19/09/2023;312;Mathis LLC;08/01/2022;Stage;they;49;carry;79;Critica da Arte
202;210;19/09/2023;312;Mathis LLC;08/01/2022;Stage;they;76;understand;101;Arte Contemporânea
202;213;17/12/2021;2816;Mathis LLC;06/11/2020;Yet;product;49;carry;79;Critica da Arte
202;213;17/12/2021;2816;Mathis LLC;06/11/2020;Yet;product;76;understand;101;Arte Contemporânea
202;379;06/10/2024;4124;Mathis LLC;31/01/2020;Learn;husband;49;carry;79;Critica da Arte
202;379;06/10/2024;4124;Mathis LLC;31/01/2020;Learn;husband;76;understand;101;Arte Contemporânea
202;418;04/01/2024;1172;Mathis LLC;03/05/2021;Method;civil;49;carry;79;Critica da Arte
202;418;04/01/2024;1172;Mathis LLC;03/05/2021;Method;civil;76;understand;101;Arte Contemporânea
202;436;29/10/2024;3069;Mathis LLC;13/05/2020;Whatever;every;49;carry;79;Critica da Arte
202;436;29/10/2024;3069;Mathis LLC;13/05/2020;Whatever;every;76;understand;101;Arte Contemporânea
202;449;14/10/2020;4182;Mathis LLC;03/01/2020;Get;to;49;carry;79;Critica da Arte
202;449;14/10/2020;4182;Mathis LLC;03/01/2020;Get;to;76;understand;101;Arte Contemporânea
202;479;04/09/2025;3849;Mathis LLC;28/01/2020;;;49;carry;79;Critica da Arte
202;479;04/09/2025;3849;Mathis LLC;28/01/2020;;;76;understand;101;Arte Contemporânea
202;528;09/12/2022;2719;Mathis LLC;23/03/2021;;;49;carry;79;Critica da Arte
202;528;09/12/2022;2719;Mathis LLC;23/03/2021;;;76;understand;101;Arte Contemporânea
202;534;31/12/2024;2847;Mathis LLC;16/06/2020;Mother;citizen;49;carry;79;Critica da Arte
202;534;31/12/2024;2847;Mathis LLC;16/06/2020;Mother;citizen;76;understand;101;Arte Contemporânea
202;642;10/01/2023;2639;Mathis LLC;09/01/2020;Realize;financial;49;carry;79;Critica da Arte
202;642;10/01/2023;2639;Mathis LLC;09/01/2020;Realize;financial;76;understand;101;Arte Contemporânea
202;678;07/11/2024;2152;Mathis LLC;26/05/2020;Treatment;once;49;carry;79;Critica da Arte
202;678;07/11/2024;2152;Mathis LLC;26/05/2020;Treatment;once;76;understand;101;Arte Contemporânea
202;686;12/04/2021;2402;Mathis LLC;10/10/2020;Human;vote;49;carry;79;Critica da Arte
202;686;12/04/2021;2402;Mathis LLC;10/10/2020;Human;vote;76;understand;101;Arte Contemporânea
202;820;16/02/2025;2783;Mathis LLC;16/03/2020;Red;probably;49;carry;79;Critica da Arte
202;820;16/02/2025;2783;Mathis LLC;16/03/2020;Red;probably;76;understand;101;Arte Contemporânea
202;969;24/12/2022;4432;Mathis LLC;10/02/2020;;;49;carry;79;Critica da Arte
202;969;24/12/2022;4432;Mathis LLC;10/02/2020;;;76;understand;101;Arte Contemporânea
203;97;01/02/2026;2441;Perry PLC;31/03/2020;Edge;use;;;;
203;119;02/03/2022;4469;Perry PLC;31/03/2020;Although;bring;;;;
203;148;14/01/2022;4911;Perry PLC;12/01/2020;Pm;successful;;;;
203;171;03/09/2021;3720;Perry PLC;06/01/2020;;;;;;
203;301;16/03/2024;3373;Perry PLC;30/11/2020;Image;TV;;;;
203;302;24/01/2024;997;Perry PLC;15/04/2020;;;;;;
203;315;09/01/2020;4961;Perry PLC;09/01/2020;Majority;call;;;;
203;324;08/06/2022;4110;Perry PLC;11/04/2020;Daughter;radio;;;;
203;385;29/08/2021;704;Perry PLC;23/02/2020;Knowledge;at;;;;
203;465;30/04/2023;143;Perry PLC;20/08/2021;Thus;choice;;;;
203;475;16/10/2020;1488;Perry PLC;16/10/2020;Young;without;;;;
203;485;02/08/2021;1589;Perry PLC;31/01/2020;Answer;woman;;;;
203;486;27/09/2025;1055;Perry PLC;28/12/2020;Try;sell;;;;
203;580;21/01/2026;3217;Perry PLC;22/03/2020;Feel;bad;;;;
203;690;03/08/2022;2493;Perry PLC;28/02/2020;South;attention;;;;
203;702;09/09/2022;520;Perry PLC;23/01/2020;He;desCribe;;;;
203;745;22/10/2023;2424;Perry PLC;14/01/2020;But;song;;;;
203;837;23/06/2021;1231;Perry PLC;13/01/2021;;;;;;
203;912;05/11/2021;3410;Perry PLC;10/09/2020;Cut;young;;;;
203;987;10/07/2023;2366;Perry PLC;21/03/2020;;;;;;
204;5;26/07/2025;1683;Schmitt LLC;14/05/2020;;;;;;
204;147;18/10/2022;2984;Schmitt LLC;24/01/2020;;;;;;
204;151;01/04/2021;3229;Schmitt LLC;14/09/2020;Risk;picture;;;;
204;159;22/02/2022;640;Schmitt LLC;01/11/2021;Help;activity;;;;
204;174;17/07/2022;4477;Schmitt LLC;02/02/2020;East;something;;;;
204;352;23/11/2025;3564;Schmitt LLC;07/08/2020;Suddenly;boy;;;;
204;390;30/08/2025;1662;Schmitt LLC;25/02/2020;Mind;information;;;;
204;423;26/05/2021;754;Schmitt LLC;08/10/2020;;;;;;
204;714;04/08/2020;4678;Schmitt LLC;21/04/2020;Standard;ahead;;;;
204;809;22/11/2020;4960;Schmitt LLC;29/04/2020;;;;;;
204;839;19/01/2024;3321;Schmitt LLC;21/08/2021;General;growth;;;;
204;908;03/07/2023;1785;Schmitt LLC;19/08/2020;All;during;;;;
204;925;13/07/2021;1234;Schmitt LLC;15/04/2020;;;;;;
205;112;23/02/2023;2896;Perez;30/04/2020;Example;lose;;;;
205;137;13/05/2025;487;Perez;23/06/2020;Within;seat;;;;
205;143;09/11/2023;4550;Perez;12/12/2020;;;;;;
205;177;26/04/2021;4279;Perez;21/04/2021;Second;actually;;;;
205;191;18/06/2020;1780;Perez;18/06/2020;;;;;;
205;242;31/03/2020;1915;Perez;31/03/2020;;;;;;
205;384;01/02/2021;1361;Perez;29/01/2020;Heavy;win;;;;
205;454;28/08/2021;2667;Perez;12/02/2020;Stock;responsibility;;;;
205;472;26/10/2020;4852;Perez;30/06/2020;Senior;reality;;;;
205;507;10/05/2025;2441;Perez;07/05/2020;Own;line;;;;
205;542;15/03/2025;3469;Perez;25/04/2020;Yeah;base;;;;
205;570;11/04/2022;3720;Perez;05/06/2020;Rather;professional;;;;
205;590;04/06/2025;1869;Perez;07/01/2020;Rich;thus;;;;
205;599;28/07/2021;4633;Perez;20/11/2020;Population;use;;;;
205;694;11/02/2022;1636;Perez;21/01/2020;Concern;west;;;;
205;825;17/09/2025;2666;Perez;01/01/2020;;;;;;
205;901;17/08/2025;785;Perez;07/04/2020;;;;;;
205;909;05/09/2024;4285;Perez;16/07/2020;At;various;;;;
205;913;21/02/2022;2483;Perez;08/07/2020;;;;;;
205;965;08/08/2025;1630;Perez;24/02/2020;;;;;;
206;10;27/01/2023;1671;Logan and Sons;08/10/2020;;;;;;
206;37;18/06/2020;3137;Logan and Sons;18/06/2020;Box;land;;;;
206;101;01/08/2025;1580;Logan and Sons;12/01/2020;Single;well;;;;
206;203;10/07/2025;4650;Logan and Sons;29/05/2020;Key;time;;;;
206;212;31/03/2022;1224;Logan and Sons;04/03/2020;;;;;;
206;274;15/12/2021;1061;Logan and Sons;12/01/2020;;;;;;
206;417;25/04/2024;4409;Logan and Sons;09/04/2020;Approach;interview;;;;
206;571;02/08/2025;2848;Logan and Sons;07/09/2020;;;;;;
206;607;12/08/2022;673;Logan and Sons;06/03/2021;Much;alone;;;;
206;675;04/04/2022;1100;Logan and Sons;26/04/2020;Stand;likely;;;;
206;709;14/04/2025;4656;Logan and Sons;23/03/2020;Improve;fact;;;;
206;847;18/06/2025;205;Logan and Sons;20/01/2020;No;wall;;;;
206;877;27/01/2020;575;Logan and Sons;27/01/2020;Operation;safe;;;;
206;899;28/05/2024;3935;Logan and Sons;13/03/2020;Fine;hundred;;;;
206;997;16/01/2026;4912;Logan and Sons;06/12/2021;Pass;her;;;;
207;12;16/08/2025;2747;Jimenez-Thomas;26/08/2020;Early;arrive;;;;
207;61;16/04/2021;3060;Jimenez-Thomas;01/10/2020;After;degree;;;;
207;107;27/10/2025;1067;Jimenez-Thomas;19/08/2023;Provide;know;;;;
207;254;09/12/2024;1535;Jimenez-Thomas;13/12/2021;Human;because;;;;
207;269;05/02/2022;3045;Jimenez-Thomas;02/03/2020;But;leg;;;;
207;283;30/04/2025;2465;Jimenez-Thomas;26/03/2020;Nature;rise;;;;
207;293;02/05/2024;3475;Jimenez-Thomas;14/10/2020;;;;;;
207;311;24/10/2025;4387;Jimenez-Thomas;19/01/2020;Relationship;enough;;;;
207;360;05/10/2022;3226;Jimenez-Thomas;20/03/2020;Question;walk;;;;
207;583;21/04/2024;992;Jimenez-Thomas;12/12/2020;Data;popular;;;;
207;654;09/05/2024;2038;Jimenez-Thomas;26/10/2021;Early;me;;;;
207;812;21/02/2024;154;Jimenez-Thomas;20/03/2020;;;;;;
207;815;26/07/2022;1241;Jimenez-Thomas;18/10/2020;;;;;;
207;916;16/10/2023;2993;Jimenez-Thomas;11/01/2020;Billion;process;;;;
207;977;27/04/2024;4651;Jimenez-Thomas;14/06/2020;Local;look;;;;
207;993;01/11/2020;252;Jimenez-Thomas;01/11/2020;;;;;;
208;99;09/08/2025;4556;Gates;01/04/2021;Stuff;by;;;;
208;114;08/07/2022;3033;Gates;18/06/2020;Sport;throw;;;;
208;188;16/11/2024;1723;Gates;31/12/2020;;;;;;
208;221;10/03/2025;3697;Gates;05/06/2020;Move;board;;;;
208;322;04/04/2024;2344;Gates;22/01/2023;;;;;;
208;334;29/01/2022;4770;Gates;29/01/2022;Build;term;;;;
208;363;11/05/2022;2523;Gates;20/04/2020;Her;foreign;;;;
208;471;10/01/2025;839;Gates;22/03/2020;Ask;conference;;;;
208;522;26/02/2021;1295;Gates;30/01/2020;Laugh;else;;;;
208;759;04/12/2020;4721;Gates;04/12/2020;Once;deep;;;;
208;901;19/05/2022;3472;Gates;07/04/2020;;;;;;
208;918;09/02/2026;4915;Gates;16/04/2020;;;;;;
208;934;03/07/2023;4058;Gates;08/01/2021;;;;;;
209;27;12/05/2021;4186;Gutierrez;12/05/2021;Agree;open;;;;
209;81;30/07/2023;2144;Gutierrez;20/04/2020;Chair;dark;;;;
209;134;10/11/2022;2497;Gutierrez;17/02/2020;Some;both;;;;
209;615;20/02/2023;1685;Gutierrez;16/03/2020;Unit;area;;;;
209;622;30/01/2023;3166;Gutierrez;24/04/2020;How;buy;;;;
209;675;01/07/2021;4536;Gutierrez;26/04/2020;Stand;likely;;;;
209;693;11/01/2026;3037;Gutierrez;05/03/2021;Nothing;traditional;;;;
209;817;12/03/2022;1745;Gutierrez;13/02/2020;Me;quite;;;;
209;835;01/03/2022;2991;Gutierrez;12/02/2020;;;;;;
209;872;12/02/2022;2266;Gutierrez;01/01/2021;;;;;;
209;914;19/10/2024;2822;Gutierrez;27/03/2020;School;hope;;;;
210;2;28/06/2020;3461;Brown-Walton;31/01/2020;Benefit;key;;;;
210;171;28/11/2020;2055;Brown-Walton;06/01/2020;;;;;;
210;267;19/11/2020;531;Brown-Walton;19/11/2020;;;;;;
210;330;04/05/2024;4669;Brown-Walton;07/03/2020;Out;character;;;;
210;402;10/12/2024;3518;Brown-Walton;05/02/2020;Throughout;end;;;;
210;408;19/08/2020;215;Brown-Walton;27/02/2020;Color;really;;;;
210;415;23/09/2023;2878;Brown-Walton;18/05/2020;;;;;;
210;417;15/07/2025;3330;Brown-Walton;09/04/2020;Approach;interview;;;;
210;430;06/12/2023;652;Brown-Walton;03/04/2020;Recent;be;;;;
210;451;15/06/2025;2788;Brown-Walton;03/03/2020;Sign;face;;;;
210;467;29/01/2025;1791;Brown-Walton;08/01/2020;Too;ago;;;;
210;538;15/09/2025;1836;Brown-Walton;02/12/2020;Particularly;group;;;;
210;665;19/09/2024;4781;Brown-Walton;30/05/2020;Say;reduce;;;;
210;696;05/09/2024;742;Brown-Walton;31/08/2020;Fight;into;;;;
210;718;08/07/2024;2989;Brown-Walton;23/04/2021;Partner;ball;;;;
210;726;11/05/2023;4928;Brown-Walton;18/03/2020;Beyond;almost;;;;
210;753;10/10/2020;4610;Brown-Walton;17/02/2020;Mr;clearly;;;;
210;817;05/05/2025;599;Brown-Walton;13/02/2020;Me;quite;;;;
210;836;02/03/2022;4574;Brown-Walton;23/10/2020;Benefit;accept;;;;
210;845;18/07/2025;457;Brown-Walton;23/12/2020;They;herself;;;;
210;864;21/10/2024;819;Brown-Walton;03/07/2020;Amount;show;;;;
210;909;24/09/2023;4641;Brown-Walton;16/07/2020;At;various;;;;
210;930;07/09/2025;1914;Brown-Walton;01/02/2020;;;;;;
210;972;26/02/2022;786;Brown-Walton;14/02/2020;;;;;;
211;59;14/12/2024;4995;Anderson-Phillips;07/01/2020;Reason;than;;;;
211;114;18/06/2020;2875;Anderson-Phillips;18/06/2020;Sport;throw;;;;
211;167;15/04/2020;4527;Anderson-Phillips;15/04/2020;Happy;land;;;;
211;213;20/04/2024;383;Anderson-Phillips;06/11/2020;Yet;product;;;;
211;221;04/07/2020;2096;Anderson-Phillips;05/06/2020;Move;board;;;;
211;235;01/04/2021;584;Anderson-Phillips;01/04/2021;Down;him;;;;
211;274;12/07/2025;2327;Anderson-Phillips;12/01/2020;;;;;;
211;310;25/10/2022;1472;Anderson-Phillips;03/10/2020;;;;;;
211;358;02/09/2025;1408;Anderson-Phillips;23/11/2020;Including;similar;;;;
211;525;15/04/2020;1573;Anderson-Phillips;15/04/2020;;;;;;
211;575;09/09/2021;982;Anderson-Phillips;09/09/2021;Report;notice;;;;
211;619;11/06/2023;248;Anderson-Phillips;14/04/2020;;;;;;
211;695;03/04/2025;3364;Anderson-Phillips;12/01/2020;;;;;;
211;733;20/08/2024;998;Anderson-Phillips;29/03/2021;Message;police;;;;
211;796;15/10/2025;2277;Anderson-Phillips;20/03/2020;;;;;;
211;813;10/09/2025;249;Anderson-Phillips;22/09/2020;;;;;;
211;820;12/12/2022;2237;Anderson-Phillips;16/03/2020;Red;probably;;;;
211;982;19/10/2024;1349;Anderson-Phillips;25/01/2021;Operation;time;;;;
212;53;29/11/2021;1976;Fox PLC;29/11/2021;Become;themselves;;;;
212;87;01/10/2025;1730;Fox PLC;02/02/2020;Responsibility;dream;;;;
212;91;11/08/2021;794;Fox PLC;25/07/2020;Billion;tend;;;;
212;142;29/10/2025;426;Fox PLC;16/03/2020;Analysis;evidence;;;;
212;167;28/11/2023;2970;Fox PLC;15/04/2020;Happy;land;;;;
212;273;25/04/2022;1193;Fox PLC;13/01/2020;Doctor;admit;;;;
212;365;14/11/2024;3546;Fox PLC;16/01/2021;Order;share;;;;
212;385;23/06/2022;320;Fox PLC;23/02/2020;Knowledge;at;;;;
212;398;18/10/2022;4880;Fox PLC;06/01/2020;Authority;treatment;;;;
212;422;13/04/2024;4950;Fox PLC;28/01/2020;Soldier;six;;;;
212;480;20/06/2024;3497;Fox PLC;23/04/2020;;;;;;
212;485;28/03/2021;2376;Fox PLC;31/01/2020;Answer;woman;;;;
212;505;15/09/2022;3294;Fox PLC;31/01/2020;Raise;them;;;;
212;543;08/02/2020;4544;Fox PLC;03/01/2020;Rule;lay;;;;
212;559;02/06/2021;2870;Fox PLC;16/01/2020;Where;interview;;;;
212;686;10/10/2020;2001;Fox PLC;10/10/2020;Human;vote;;;;
212;736;23/05/2021;1970;Fox PLC;25/07/2020;Among;official;;;;
212;963;24/08/2020;585;Fox PLC;22/07/2020;Food;thousand;;;;
213;7;16/03/2022;4621;Hancock Group;27/01/2020;Hair;relate;29;say;101;Arte Contemporânea
213;53;04/01/2022;1229;Hancock Group;29/11/2021;Become;themselves;29;say;101;Arte Contemporânea
213;70;14/08/2024;2242;Hancock Group;15/01/2020;If;set;29;say;101;Arte Contemporânea
213;160;20/10/2021;2064;Hancock Group;12/06/2020;Style;shoulder;29;say;101;Arte Contemporânea
213;170;22/06/2025;2888;Hancock Group;19/01/2020;Wind;top;29;say;101;Arte Contemporânea
213;262;11/10/2025;4824;Hancock Group;01/01/2020;Kind;pick;29;say;101;Arte Contemporânea
213;297;20/11/2020;2995;Hancock Group;20/11/2020;;;29;say;101;Arte Contemporânea
213;383;07/08/2025;4622;Hancock Group;17/02/2020;Anything;station;29;say;101;Arte Contemporânea
213;425;26/01/2025;2232;Hancock Group;25/06/2020;;;29;say;101;Arte Contemporânea
213;625;16/03/2021;2309;Hancock Group;06/02/2020;Need;a;29;say;101;Arte Contemporânea
213;681;01/02/2024;822;Hancock Group;20/01/2020;Fast;spend;29;say;101;Arte Contemporânea
213;738;13/05/2025;2348;Hancock Group;26/02/2020;Crime;country;29;say;101;Arte Contemporânea
213;749;08/07/2022;968;Hancock Group;04/04/2020;Cup;human;29;say;101;Arte Contemporânea
213;768;29/08/2025;1432;Hancock Group;30/11/2021;Generation;claim;29;say;101;Arte Contemporânea
213;800;20/01/2023;2031;Hancock Group;20/02/2020;Focus;check;29;say;101;Arte Contemporânea
213;819;16/01/2025;2907;Hancock Group;20/11/2020;Former;involve;29;say;101;Arte Contemporânea
213;849;01/04/2023;262;Hancock Group;01/02/2020;;;29;say;101;Arte Contemporânea
213;871;27/12/2024;2696;Hancock Group;13/04/2021;;;29;say;101;Arte Contemporânea
213;948;06/06/2022;1850;Hancock Group;02/04/2020;Quality;successful;29;say;101;Arte Contemporânea
214;56;20/09/2024;3787;Contreras-Foster;28/02/2020;;;27;left;366;Desenvolvimento e Estudos Culturais
214;85;10/11/2022;4426;Contreras-Foster;14/03/2020;Cell;however;27;left;366;Desenvolvimento e Estudos Culturais
214;99;28/12/2024;3514;Contreras-Foster;01/04/2021;Stuff;by;27;left;366;Desenvolvimento e Estudos Culturais
214;132;23/10/2021;1263;Contreras-Foster;30/08/2020;;;27;left;366;Desenvolvimento e Estudos Culturais
214;146;26/12/2023;2250;Contreras-Foster;06/11/2021;Choose;vote;27;left;366;Desenvolvimento e Estudos Culturais
214;151;04/12/2025;4697;Contreras-Foster;14/09/2020;Risk;picture;27;left;366;Desenvolvimento e Estudos Culturais
214;206;13/07/2023;2532;Contreras-Foster;25/01/2020;He;main;27;left;366;Desenvolvimento e Estudos Culturais
214;210;02/10/2025;1788;Contreras-Foster;08/01/2022;Stage;they;27;left;366;Desenvolvimento e Estudos Culturais
214;286;02/02/2026;781;Contreras-Foster;16/05/2021;Property;notice;27;left;366;Desenvolvimento e Estudos Culturais
214;444;04/06/2023;4281;Contreras-Foster;12/03/2020;Development;despite;27;left;366;Desenvolvimento e Estudos Culturais
214;445;23/04/2022;3076;Contreras-Foster;26/06/2020;Measure;skin;27;left;366;Desenvolvimento e Estudos Culturais
214;470;17/02/2022;3187;Contreras-Foster;07/09/2020;Red;against;27;left;366;Desenvolvimento e Estudos Culturais
214;508;12/12/2020;332;Contreras-Foster;12/12/2020;Daughter;board;27;left;366;Desenvolvimento e Estudos Culturais
214;557;05/01/2024;1363;Contreras-Foster;14/09/2020;Animal;yes;27;left;366;Desenvolvimento e Estudos Culturais
214;652;18/02/2020;3399;Contreras-Foster;18/02/2020;School;public;27;left;366;Desenvolvimento e Estudos Culturais
214;662;12/07/2025;2367;Contreras-Foster;20/12/2020;;;27;left;366;Desenvolvimento e Estudos Culturais
214;690;02/11/2025;3023;Contreras-Foster;28/02/2020;South;attention;27;left;366;Desenvolvimento e Estudos Culturais
214;717;05/01/2022;2471;Contreras-Foster;05/04/2020;Think;future;27;left;366;Desenvolvimento e Estudos Culturais
214;919;30/07/2022;1291;Contreras-Foster;04/06/2020;Low;word;27;left;366;Desenvolvimento e Estudos Culturais
214;966;29/06/2022;2830;Contreras-Foster;14/02/2021;;;27;left;366;Desenvolvimento e Estudos Culturais
215;38;29/10/2025;3349;Robbins Group;06/05/2020;;;;;;
215;97;21/01/2022;770;Robbins Group;31/03/2020;Edge;use;;;;
215;132;22/12/2021;2594;Robbins Group;30/08/2020;;;;;;
215;143;04/11/2023;2119;Robbins Group;12/12/2020;;;;;;
215;179;18/08/2021;1552;Robbins Group;18/08/2021;Organization;tree;;;;
215;196;24/12/2024;2787;Robbins Group;18/11/2020;;;;;;
215;232;03/09/2020;4634;Robbins Group;03/09/2020;;;;;;
215;237;02/01/2020;192;Robbins Group;02/01/2020;Notice;war;;;;
215;257;26/06/2024;1210;Robbins Group;08/01/2020;House;walk;;;;
215;263;09/07/2023;4442;Robbins Group;22/03/2020;Always;may;;;;
215;269;24/06/2021;602;Robbins Group;02/03/2020;But;leg;;;;
215;286;01/10/2023;4958;Robbins Group;16/05/2021;Property;notice;;;;
215;290;04/12/2024;2233;Robbins Group;30/05/2020;During;agree;;;;
215;320;02/03/2022;3105;Robbins Group;04/02/2021;Happy;American;;;;
215;378;23/02/2020;2592;Robbins Group;23/02/2020;Support;rather;;;;
215;440;17/10/2020;2777;Robbins Group;16/01/2020;Short;physical;;;;
215;496;29/08/2023;2793;Robbins Group;11/03/2020;;;;;;
215;540;07/12/2024;1263;Robbins Group;27/06/2020;Seven;check;;;;
215;543;17/01/2025;970;Robbins Group;03/01/2020;Rule;lay;;;;
215;559;03/02/2025;1412;Robbins Group;16/01/2020;Where;interview;;;;
215;594;26/01/2020;2945;Robbins Group;26/01/2020;;;;;;
215;603;25/08/2024;3413;Robbins Group;05/06/2020;;;;;;
215;621;21/08/2021;3264;Robbins Group;15/09/2020;;;;;;
215;743;20/09/2024;1584;Robbins Group;21/07/2020;Section;partner;;;;
215;817;07/11/2020;1814;Robbins Group;13/02/2020;Me;quite;;;;
215;863;08/04/2021;4513;Robbins Group;26/01/2020;Scene;particular;;;;
215;896;22/06/2024;2419;Robbins Group;15/01/2020;;;;;;
215;931;10/09/2023;4898;Robbins Group;04/07/2022;Drop;water;;;;
216;44;01/02/2022;4569;Stewart;26/09/2020;Sound;far;;;;
216;92;07/07/2020;510;Stewart;07/07/2020;Read;fly;;;;
216;98;27/03/2021;4287;Stewart;20/04/2020;Recent;kind;;;;
216;128;03/10/2020;4035;Stewart;03/10/2020;Hour;out;;;;
216;153;14/11/2024;4307;Stewart;14/03/2020;What;out;;;;
216;165;19/01/2024;178;Stewart;22/09/2020;;;;;;
216;189;09/07/2025;3448;Stewart;11/11/2020;Toward;station;;;;
216;220;24/08/2023;2659;Stewart;08/02/2020;Board;keep;;;;
216;474;24/02/2023;4703;Stewart;07/09/2020;;;;;;
216;567;25/10/2025;1030;Stewart;14/04/2021;;;;;;
216;645;02/12/2023;2998;Stewart;29/04/2020;;;;;;
216;681;20/01/2020;4817;Stewart;20/01/2020;Fast;spend;;;;
216;706;30/05/2024;1451;Stewart;02/01/2020;Paper;record;;;;
216;726;18/03/2020;1641;Stewart;18/03/2020;Beyond;almost;;;;
216;766;02/11/2024;4616;Stewart;09/04/2020;;;;;;
216;801;19/11/2023;1671;Stewart;08/04/2020;Best;apply;;;;
216;917;04/12/2024;4786;Stewart;25/05/2020;;;;;;
217;9;03/01/2020;3711;Koch Ltd;03/01/2020;Star;land;154;TV;101;Arte Contemporânea
217;68;10/05/2021;436;Koch Ltd;30/10/2020;Century;soldier;154;TV;101;Arte Contemporânea
217;121;02/05/2021;4173;Koch Ltd;16/01/2021;Avoid;probably;154;TV;101;Arte Contemporânea
217;126;17/06/2024;2667;Koch Ltd;08/01/2020;Purpose;top;154;TV;101;Arte Contemporânea
217;144;27/08/2025;2148;Koch Ltd;11/12/2020;;;154;TV;101;Arte Contemporânea
217;205;23/07/2022;1664;Koch Ltd;28/06/2020;;;154;TV;101;Arte Contemporânea
217;484;19/10/2025;3577;Koch Ltd;25/03/2020;Maybe;possible;154;TV;101;Arte Contemporânea
217;545;19/10/2024;1631;Koch Ltd;03/03/2020;Yes;plant;154;TV;101;Arte Contemporânea
217;566;23/03/2022;4350;Koch Ltd;17/03/2020;Different;husband;154;TV;101;Arte Contemporânea
217;581;24/10/2023;3461;Koch Ltd;23/05/2020;;;154;TV;101;Arte Contemporânea
217;581;12/05/2025;4507;Koch Ltd;23/05/2020;;;154;TV;101;Arte Contemporânea
217;716;29/06/2020;2685;Koch Ltd;29/06/2020;Person;race;154;TV;101;Arte Contemporânea
217;798;22/03/2023;4352;Koch Ltd;11/08/2021;;;154;TV;101;Arte Contemporânea
217;915;04/10/2024;4493;Koch Ltd;02/03/2020;But;forget;154;TV;101;Arte Contemporânea
217;968;23/06/2023;2460;Koch Ltd;10/10/2020;Deep;tonight;154;TV;101;Arte Contemporânea
218;64;06/12/2020;2938;Fischer Ltd;06/12/2020;Red;information;;;;
218;137;13/11/2021;3810;Fischer Ltd;23/06/2020;Within;seat;;;;
218;160;27/10/2020;451;Fischer Ltd;12/06/2020;Style;shoulder;;;;
218;163;08/04/2022;4724;Fischer Ltd;04/03/2020;Treat;majority;;;;
218;170;04/05/2024;2725;Fischer Ltd;19/01/2020;Wind;top;;;;
218;305;22/11/2023;4140;Fischer Ltd;25/07/2023;Despite;protect;;;;
218;361;20/11/2024;2343;Fischer Ltd;13/04/2020;Staff;radio;;;;
218;363;03/07/2023;1608;Fischer Ltd;20/04/2020;Her;foreign;;;;
218;414;06/04/2020;2100;Fischer Ltd;06/04/2020;;;;;;
218;426;10/11/2023;387;Fischer Ltd;11/01/2021;;;;;;
218;460;18/01/2022;2133;Fischer Ltd;02/04/2020;For;reach;;;;
218;482;30/04/2024;4949;Fischer Ltd;11/01/2020;;;;;;
218;483;16/07/2024;4226;Fischer Ltd;10/07/2021;Line;than;;;;
218;486;28/12/2020;4213;Fischer Ltd;28/12/2020;Try;sell;;;;
218;492;26/10/2024;4526;Fischer Ltd;01/04/2020;Staff;treatment;;;;
218;509;11/04/2025;3304;Fischer Ltd;24/06/2020;;;;;;
218;554;02/12/2025;4273;Fischer Ltd;01/03/2021;;;;;;
218;664;01/03/2020;204;Fischer Ltd;01/03/2020;Yes;keep;;;;
218;716;27/09/2025;3410;Fischer Ltd;29/06/2020;Person;race;;;;
218;718;20/03/2024;3469;Fischer Ltd;23/04/2021;Partner;ball;;;;
218;844;26/06/2022;2405;Fischer Ltd;24/09/2020;Statement;benefit;;;;
218;908;02/03/2023;2071;Fischer Ltd;19/08/2020;All;during;;;;
218;920;14/12/2020;2860;Fischer Ltd;05/05/2020;Issue;suffer;;;;
218;965;16/05/2021;4750;Fischer Ltd;24/02/2020;;;;;;
219;4;19/06/2020;1135;Murray Group;21/04/2020;Read;detail;;;;
219;7;28/05/2020;2578;Murray Group;27/01/2020;Hair;relate;;;;
219;105;29/04/2025;473;Murray Group;02/04/2020;Same;nation;;;;
219;145;08/09/2022;4254;Murray Group;29/12/2020;Bag;character;;;;
219;171;10/05/2021;4239;Murray Group;06/01/2020;;;;;;
219;174;25/11/2025;2046;Murray Group;02/02/2020;East;something;;;;
219;210;08/01/2022;4386;Murray Group;08/01/2022;Stage;they;;;;
219;240;14/04/2020;4411;Murray Group;14/04/2020;Unit;president;;;;
219;286;16/05/2021;4919;Murray Group;16/05/2021;Property;notice;;;;
219;316;31/08/2020;719;Murray Group;19/06/2020;;;;;;
219;319;15/03/2020;4170;Murray Group;15/03/2020;Behavior;occur;;;;
219;334;29/03/2022;312;Murray Group;29/01/2022;Build;term;;;;
219;371;28/06/2021;1631;Murray Group;19/09/2020;South;return;;;;
219;490;30/08/2023;4644;Murray Group;27/03/2021;Road;campaign;;;;
219;500;20/01/2021;281;Murray Group;31/08/2020;Event;help;;;;
219;543;28/11/2020;4263;Murray Group;03/01/2020;Rule;lay;;;;
219;564;16/05/2021;4669;Murray Group;16/08/2020;Contain;force;;;;
219;620;15/03/2021;3678;Murray Group;21/02/2020;;;;;;
219;648;27/03/2020;4462;Murray Group;13/03/2020;Fish;high;;;;
219;683;22/10/2023;3609;Murray Group;08/01/2020;Away;wind;;;;
219;709;16/05/2025;1025;Murray Group;23/03/2020;Improve;fact;;;;
219;752;16/03/2024;2572;Murray Group;05/08/2020;South;season;;;;
219;774;25/03/2025;3312;Murray Group;13/12/2021;Start;area;;;;
219;786;06/05/2020;4702;Murray Group;06/05/2020;Move;dream;;;;
219;816;06/09/2021;2855;Murray Group;30/05/2020;They;go;;;;
219;932;29/02/2020;4857;Murray Group;29/02/2020;Some;debate;;;;
219;958;28/08/2024;4409;Murray Group;29/11/2020;;;;;;
219;960;21/01/2022;1324;Murray Group;02/01/2021;Finally;personal;;;;
219;962;29/01/2026;2722;Murray Group;25/02/2020;Plant;statement;;;;
219;980;07/02/2023;3586;Murray Group;22/04/2020;Meeting;who;;;;
220;72;22/02/2020;1751;Clark-Casey;22/02/2020;How;white;;;;
220;73;30/04/2023;2675;Clark-Casey;27/05/2020;Feel;oil;;;;
220;112;14/06/2023;3100;Clark-Casey;30/04/2020;Example;lose;;;;
220;293;10/09/2022;4424;Clark-Casey;14/10/2020;;;;;;
220;308;11/07/2022;2033;Clark-Casey;21/03/2020;Customer;apply;;;;
220;452;25/09/2025;843;Clark-Casey;11/02/2020;Clearly;message;;;;
220;576;03/11/2025;2622;Clark-Casey;20/05/2020;Article;surface;;;;
220;608;01/07/2025;3860;Clark-Casey;15/05/2020;Hard;prepare;;;;
220;637;07/10/2020;3910;Clark-Casey;23/08/2020;;;;;;
220;706;29/10/2022;3355;Clark-Casey;02/01/2020;Paper;record;;;;
220;764;16/04/2023;3211;Clark-Casey;04/08/2020;Laugh;send;;;;
220;831;04/03/2020;460;Clark-Casey;04/03/2020;Available;arrive;;;;
220;857;06/03/2020;211;Clark-Casey;06/03/2020;Operation;close;;;;
220;919;16/08/2025;1966;Clark-Casey;04/06/2020;Low;word;;;;
220;922;18/10/2020;2415;Clark-Casey;29/04/2020;Price;threat;;;;
220;942;18/08/2024;3577;Clark-Casey;10/01/2020;;;;;;
221;14;07/08/2023;4488;Johnson PLC;30/01/2020;Billion;hair;;;;
221;43;13/03/2023;2404;Johnson PLC;01/10/2020;Range;specific;;;;
221;171;07/08/2022;1359;Johnson PLC;06/01/2020;;;;;;
221;177;11/03/2024;381;Johnson PLC;21/04/2021;Second;actually;;;;
221;196;18/11/2020;1161;Johnson PLC;18/11/2020;;;;;;
221;205;30/12/2025;3953;Johnson PLC;28/06/2020;;;;;;
221;223;23/10/2023;4620;Johnson PLC;10/03/2020;;;;;;
221;259;16/10/2022;1189;Johnson PLC;20/06/2020;Picture;build;;;;
221;319;16/08/2024;503;Johnson PLC;15/03/2020;Behavior;occur;;;;
221;391;06/08/2022;3566;Johnson PLC;02/02/2020;Off;meet;;;;
221;443;28/06/2020;2018;Johnson PLC;01/05/2020;How;such;;;;
221;454;29/09/2022;4945;Johnson PLC;12/02/2020;Stock;responsibility;;;;
221;491;14/02/2020;947;Johnson PLC;14/02/2020;Year;ask;;;;
221;522;26/06/2022;4782;Johnson PLC;30/01/2020;Laugh;else;;;;
221;544;11/01/2021;3528;Johnson PLC;24/09/2020;He;two;;;;
221;593;01/03/2020;751;Johnson PLC;27/01/2020;Yet;nothing;;;;
221;681;09/12/2021;3005;Johnson PLC;20/01/2020;Fast;spend;;;;
221;710;03/03/2022;4322;Johnson PLC;11/06/2020;;;;;;
221;939;09/02/2021;2488;Johnson PLC;09/02/2021;Happen;agree;;;;
221;957;22/10/2025;2431;Johnson PLC;14/04/2021;My;morning;;;;
222;53;13/11/2023;1407;Harrison;29/11/2021;Become;themselves;;;;
222;129;24/01/2023;1372;Harrison;12/01/2020;;;;;;
222;166;25/10/2020;4858;Harrison;25/10/2020;Director;feel;;;;
222;170;20/11/2025;2440;Harrison;19/01/2020;Wind;top;;;;
222;180;18/09/2024;2423;Harrison;18/02/2020;As;beyond;;;;
222;250;03/06/2023;3840;Harrison;18/12/2020;;;;;;
222;323;13/03/2020;4726;Harrison;04/01/2020;Long;serve;;;;
222;388;26/04/2021;907;Harrison;25/01/2021;Everyone;him;;;;
222;452;10/04/2021;553;Harrison;11/02/2020;Clearly;message;;;;
222;534;04/07/2025;1965;Harrison;16/06/2020;Mother;citizen;;;;
222;598;03/03/2024;4799;Harrison;29/05/2020;Value;key;;;;
222;697;11/05/2024;3167;Harrison;06/08/2020;;;;;;
222;799;30/06/2024;982;Harrison;12/06/2020;;;;;;
222;897;27/10/2024;4375;Harrison;26/05/2020;;;;;;
222;929;24/11/2021;926;Harrison;25/09/2020;Environmental;quality;;;;
222;934;07/12/2023;3492;Harrison;08/01/2021;;;;;;
223;259;30/09/2021;4886;Reed and Sons;20/06/2020;Picture;build;25;occur;54;Cultura Urbana
223;288;11/05/2025;3401;Reed and Sons;31/01/2020;Sea;understand;25;occur;54;Cultura Urbana
223;296;23/02/2022;1267;Reed and Sons;08/02/2022;Pass;safe;25;occur;54;Cultura Urbana
223;403;17/03/2022;1328;Reed and Sons;30/01/2020;Goal;interest;25;occur;54;Cultura Urbana
223;483;04/02/2023;632;Reed and Sons;10/07/2021;Line;than;25;occur;54;Cultura Urbana
223;528;20/08/2025;1394;Reed and Sons;23/03/2021;;;25;occur;54;Cultura Urbana
223;597;13/06/2021;4770;Reed and Sons;13/06/2021;Radio;to;25;occur;54;Cultura Urbana
223;635;02/10/2023;2862;Reed and Sons;02/06/2021;;;25;occur;54;Cultura Urbana
223;689;08/06/2022;4694;Reed and Sons;29/07/2020;Growth;sport;25;occur;54;Cultura Urbana
223;696;26/12/2024;1404;Reed and Sons;31/08/2020;Fight;into;25;occur;54;Cultura Urbana
223;720;03/04/2023;4584;Reed and Sons;10/09/2020;Rock;woman;25;occur;54;Cultura Urbana
223;788;07/08/2021;4641;Reed and Sons;07/08/2021;Throughout;popular;25;occur;54;Cultura Urbana
223;890;14/11/2025;4118;Reed and Sons;10/02/2020;Must;technology;25;occur;54;Cultura Urbana
223;923;01/09/2022;3552;Reed and Sons;08/11/2020;Today;new;25;occur;54;Cultura Urbana
224;66;17/03/2021;360;Lawrence Group;17/03/2021;Sister;door;;;;
224;92;14/02/2025;306;Lawrence Group;07/07/2020;Read;fly;;;;
224;133;24/12/2020;4366;Lawrence Group;16/11/2020;Forward;market;;;;
224;302;03/11/2023;4024;Lawrence Group;15/04/2020;;;;;;
224;325;03/10/2022;776;Lawrence Group;04/12/2020;Management;defense;;;;
224;379;15/10/2020;3447;Lawrence Group;31/01/2020;Learn;husband;;;;
224;543;09/08/2021;4188;Lawrence Group;03/01/2020;Rule;lay;;;;
224;553;25/07/2024;607;Lawrence Group;20/12/2020;Claim;news;;;;
224;561;27/07/2024;516;Lawrence Group;14/04/2021;;;;;;
224;563;14/09/2020;4947;Lawrence Group;18/05/2020;;;;;;
224;581;06/08/2025;902;Lawrence Group;23/05/2020;;;;;;
224;640;22/11/2022;2867;Lawrence Group;12/01/2020;Important;yes;;;;
224;647;04/05/2025;202;Lawrence Group;05/01/2020;Maintain;coach;;;;
224;670;14/06/2025;2710;Lawrence Group;01/03/2020;;;;;;
224;753;27/11/2022;3282;Lawrence Group;17/02/2020;Mr;clearly;;;;
224;825;30/12/2021;958;Lawrence Group;01/01/2020;;;;;;
224;968;12/12/2023;2272;Lawrence Group;10/10/2020;Deep;tonight;;;;
225;28;08/02/2026;956;Patrick-Adams;04/01/2020;What;field;;;;
225;47;27/02/2020;1509;Patrick-Adams;27/02/2020;Four;Crime;;;;
225;156;04/02/2023;1224;Patrick-Adams;21/05/2022;Hundred;support;;;;
225;390;25/02/2020;4676;Patrick-Adams;25/02/2020;Mind;information;;;;
225;448;04/04/2025;2052;Patrick-Adams;23/07/2022;Morning;I;;;;
225;597;17/02/2026;3427;Patrick-Adams;13/06/2021;Radio;to;;;;
225;620;28/12/2022;1784;Patrick-Adams;21/02/2020;;;;;;
225;703;13/12/2020;849;Patrick-Adams;02/09/2020;Form;fish;;;;
225;709;06/08/2023;4161;Patrick-Adams;23/03/2020;Improve;fact;;;;
225;927;30/08/2020;4691;Patrick-Adams;02/03/2020;;;;;;
225;941;25/07/2024;1839;Patrick-Adams;29/01/2020;However;require;;;;
225;969;22/03/2020;2690;Patrick-Adams;10/02/2020;;;;;;
225;983;24/07/2020;1593;Patrick-Adams;30/06/2020;Black;thus;;;;
226;26;25/10/2021;942;White;15/10/2021;Give;consider;;;;
226;58;18/12/2021;4538;White;10/02/2020;;;;;;
226;63;31/08/2024;699;White;18/02/2020;;;;;;
226;71;18/01/2024;1070;White;04/04/2020;Bank;standard;;;;
226;93;26/08/2025;2641;White;27/04/2021;Painting;away;;;;
226;153;06/03/2024;4161;White;14/03/2020;What;out;;;;
226;262;22/07/2020;284;White;01/01/2020;Kind;pick;;;;
226;266;19/06/2021;3898;White;13/03/2020;Seek;boy;;;;
226;288;03/05/2022;256;White;31/01/2020;Sea;understand;;;;
226;322;14/12/2023;4466;White;22/01/2023;;;;;;
226;396;06/05/2024;3921;White;04/07/2021;Also;mother;;;;
226;400;31/10/2024;139;White;25/03/2020;;;;;;
226;406;13/04/2025;1513;White;10/11/2020;Fight;sometimes;;;;
226;409;20/03/2024;4931;White;09/04/2021;Public;he;;;;
226;430;10/12/2021;746;White;03/04/2020;Recent;be;;;;
226;455;01/08/2024;4815;White;23/07/2020;Former;public;;;;
226;472;28/02/2024;1233;White;30/06/2020;Senior;reality;;;;
226;506;26/02/2023;4958;White;11/07/2020;;;;;;
226;652;29/01/2024;525;White;18/02/2020;School;public;;;;
226;959;04/03/2023;4822;White;20/05/2020;Their;read;;;;
226;969;01/04/2021;2633;White;10/02/2020;;;;;;
227;9;06/03/2025;467;Bean-Aguilar;03/01/2020;Star;land;16;surface;79;Critica da Arte
227;53;17/02/2023;3002;Bean-Aguilar;29/11/2021;Become;themselves;16;surface;79;Critica da Arte
227;229;26/09/2025;1528;Bean-Aguilar;30/04/2020;;;16;surface;79;Critica da Arte
227;247;23/03/2024;922;Bean-Aguilar;27/04/2020;Never;allow;16;surface;79;Critica da Arte
227;268;10/11/2022;3291;Bean-Aguilar;24/05/2021;;;16;surface;79;Critica da Arte
227;276;04/01/2025;3423;Bean-Aguilar;08/01/2020;Chair;design;16;surface;79;Critica da Arte
227;460;29/08/2022;4400;Bean-Aguilar;02/04/2020;For;reach;16;surface;79;Critica da Arte
227;461;23/06/2021;328;Bean-Aguilar;03/11/2020;Issue;one;16;surface;79;Critica da Arte
227;470;25/06/2023;4696;Bean-Aguilar;07/09/2020;Red;against;16;surface;79;Critica da Arte
227;662;08/01/2025;4622;Bean-Aguilar;20/12/2020;;;16;surface;79;Critica da Arte
227;676;24/05/2023;2466;Bean-Aguilar;11/12/2020;Manage;same;16;surface;79;Critica da Arte
227;695;15/02/2026;4306;Bean-Aguilar;12/01/2020;;;16;surface;79;Critica da Arte
227;713;06/04/2023;3497;Bean-Aguilar;28/02/2020;Drug;talk;16;surface;79;Critica da Arte
227;746;02/03/2023;3380;Bean-Aguilar;18/04/2020;;;16;surface;79;Critica da Arte
227;785;28/05/2020;4987;Bean-Aguilar;28/05/2020;Entire;close;16;surface;79;Critica da Arte
227;911;13/11/2020;4642;Bean-Aguilar;13/11/2020;Anything;plant;16;surface;79;Critica da Arte
227;975;01/11/2025;4013;Bean-Aguilar;07/01/2020;For;rather;16;surface;79;Critica da Arte
228;138;23/10/2025;2466;Bell-Atkins;31/05/2021;Kind;choose;;;;
228;293;12/09/2021;4527;Bell-Atkins;14/10/2020;;;;;;
228;300;01/08/2022;2099;Bell-Atkins;04/05/2020;;;;;;
228;339;06/02/2021;4917;Bell-Atkins;27/03/2020;;;;;;
228;532;24/06/2023;3140;Bell-Atkins;23/11/2020;Time;town;;;;
228;571;24/09/2023;4369;Bell-Atkins;07/09/2020;;;;;;
228;627;05/02/2026;546;Bell-Atkins;10/06/2020;;;;;;
228;836;24/06/2023;2710;Bell-Atkins;23/10/2020;Benefit;accept;;;;
228;864;23/12/2021;4456;Bell-Atkins;03/07/2020;Amount;show;;;;
228;869;02/03/2020;2644;Bell-Atkins;02/03/2020;Require;herself;;;;
228;936;24/03/2023;926;Bell-Atkins;02/02/2020;;;;;;
229;12;29/05/2024;1424;Ward-Smith;26/08/2020;Early;arrive;128;push;54;Cultura Urbana
229;18;28/08/2024;3774;Ward-Smith;30/01/2020;;;128;push;54;Cultura Urbana
229;44;20/05/2023;3549;Ward-Smith;26/09/2020;Sound;far;128;push;54;Cultura Urbana
229;113;17/12/2024;4577;Ward-Smith;30/12/2020;Feel;simply;128;push;54;Cultura Urbana
229;118;17/04/2024;2249;Ward-Smith;17/05/2021;Ever;which;128;push;54;Cultura Urbana
229;155;23/11/2024;4962;Ward-Smith;08/10/2021;Man;religious;128;push;54;Cultura Urbana
229;163;05/08/2021;720;Ward-Smith;04/03/2020;Treat;majority;128;push;54;Cultura Urbana
229;263;19/09/2024;4150;Ward-Smith;22/03/2020;Always;may;128;push;54;Cultura Urbana
229;400;05/08/2022;4927;Ward-Smith;25/03/2020;;;128;push;54;Cultura Urbana
229;452;13/03/2025;3793;Ward-Smith;11/02/2020;Clearly;message;128;push;54;Cultura Urbana
229;519;10/03/2023;4659;Ward-Smith;06/09/2020;Leader;technology;128;push;54;Cultura Urbana
229;539;29/10/2020;1655;Ward-Smith;04/03/2020;After;policy;128;push;54;Cultura Urbana
229;551;15/04/2021;1868;Ward-Smith;03/03/2020;Data;Republican;128;push;54;Cultura Urbana
229;569;25/09/2024;1693;Ward-Smith;06/07/2021;Degree;day;128;push;54;Cultura Urbana
229;580;12/08/2021;1296;Ward-Smith;22/03/2020;Feel;bad;128;push;54;Cultura Urbana
229;583;22/12/2020;2283;Ward-Smith;12/12/2020;Data;popular;128;push;54;Cultura Urbana
229;684;27/09/2023;1394;Ward-Smith;04/05/2022;Often;material;128;push;54;Cultura Urbana
229;734;12/08/2021;2344;Ward-Smith;16/01/2020;Clearly;safe;128;push;54;Cultura Urbana
229;739;09/12/2024;1690;Ward-Smith;01/04/2020;Pull;beautiful;128;push;54;Cultura Urbana
229;765;08/11/2020;4187;Ward-Smith;08/11/2020;Song;anyone;128;push;54;Cultura Urbana
229;770;04/04/2022;1367;Ward-Smith;06/12/2020;Use;reach;128;push;54;Cultura Urbana
229;794;04/11/2021;3829;Ward-Smith;20/04/2020;;;128;push;54;Cultura Urbana
229;873;27/10/2025;3015;Ward-Smith;18/01/2021;Into;ask;128;push;54;Cultura Urbana
230;78;10/08/2025;3715;Parker;18/01/2020;;;;;;
230;98;27/11/2022;2154;Parker;20/04/2020;Recent;kind;;;;
230;185;16/09/2021;2133;Parker;06/10/2020;Smile;player;;;;
230;192;18/01/2026;1531;Parker;17/10/2020;;;;;;
230;276;04/05/2020;4097;Parker;08/01/2020;Chair;design;;;;
230;459;25/10/2020;4020;Parker;01/02/2020;Station;suggest;;;;
230;459;15/07/2023;4308;Parker;01/02/2020;Station;suggest;;;;
230;482;24/11/2021;3724;Parker;11/01/2020;;;;;;
230;500;31/08/2020;270;Parker;31/08/2020;Event;help;;;;
230;700;28/02/2022;4537;Parker;28/02/2022;;;;;;
230;790;28/11/2023;2376;Parker;18/07/2020;;;;;;
230;806;04/03/2023;4302;Parker;14/05/2021;Prevent;national;;;;
230;890;04/12/2021;1774;Parker;10/02/2020;Must;technology;;;;
231;14;09/05/2020;4504;Calhoun-Fox;30/01/2020;Billion;hair;;;;
231;23;16/04/2025;4562;Calhoun-Fox;02/02/2020;These;and;;;;
231;38;13/01/2023;632;Calhoun-Fox;06/05/2020;;;;;;
231;46;11/08/2025;1493;Calhoun-Fox;26/01/2021;Authority;artist;;;;
231;85;16/10/2021;1041;Calhoun-Fox;14/03/2020;Cell;however;;;;
231;162;15/04/2021;1421;Calhoun-Fox;16/12/2020;;;;;;
231;162;01/11/2023;1067;Calhoun-Fox;16/12/2020;;;;;;
231;181;18/07/2024;1661;Calhoun-Fox;22/11/2020;;;;;;
231;208;23/02/2020;2469;Calhoun-Fox;23/02/2020;;;;;;
231;220;08/02/2020;3045;Calhoun-Fox;08/02/2020;Board;keep;;;;
231;291;06/06/2025;2404;Calhoun-Fox;20/11/2020;Customer;set;;;;
231;309;06/11/2022;238;Calhoun-Fox;25/12/2020;Wear;radio;;;;
231;446;27/07/2022;3401;Calhoun-Fox;01/10/2020;Establish;one;;;;
231;456;08/03/2024;1322;Calhoun-Fox;03/03/2020;Save;put;;;;
231;527;19/06/2023;1489;Calhoun-Fox;20/11/2020;Important;available;;;;
231;542;21/07/2024;4884;Calhoun-Fox;25/04/2020;Yeah;base;;;;
231;643;08/08/2025;867;Calhoun-Fox;31/05/2020;Term;example;;;;
231;662;29/04/2021;103;Calhoun-Fox;20/12/2020;;;;;;
231;718;09/11/2025;1314;Calhoun-Fox;23/04/2021;Partner;ball;;;;
231;743;24/06/2023;168;Calhoun-Fox;21/07/2020;Section;partner;;;;
231;787;24/11/2023;2484;Calhoun-Fox;06/02/2021;;;;;;
231;836;24/10/2024;1584;Calhoun-Fox;23/10/2020;Benefit;accept;;;;
231;880;13/05/2024;4743;Calhoun-Fox;21/08/2020;Rock;season;;;;
231;895;03/11/2025;3646;Calhoun-Fox;15/01/2020;Eye;husband;;;;
231;916;10/12/2022;4491;Calhoun-Fox;11/01/2020;Billion;process;;;;
231;920;21/12/2022;3814;Calhoun-Fox;05/05/2020;Issue;suffer;;;;
231;955;13/12/2024;597;Calhoun-Fox;13/02/2020;;;;;;
232;12;27/08/2023;1477;Jones Group;26/08/2020;Early;arrive;40;through;101;Arte Contemporânea
232;50;31/05/2020;2301;Jones Group;01/01/2020;Book;difference;40;through;101;Arte Contemporânea
232;140;11/10/2025;2074;Jones Group;11/03/2021;Strategy;cover;40;through;101;Arte Contemporânea
232;378;11/05/2023;2880;Jones Group;23/02/2020;Support;rather;40;through;101;Arte Contemporânea
232;442;20/08/2021;1601;Jones Group;29/08/2020;;;40;through;101;Arte Contemporânea
232;477;04/02/2025;3182;Jones Group;21/01/2020;Citizen;over;40;through;101;Arte Contemporânea
232;507;07/05/2020;4691;Jones Group;07/05/2020;Own;line;40;through;101;Arte Contemporânea
232;572;10/08/2020;4793;Jones Group;13/03/2020;Beyond;despite;40;through;101;Arte Contemporânea
232;641;06/03/2023;1327;Jones Group;31/03/2020;Face;spend;40;through;101;Arte Contemporânea
232;817;13/02/2020;2507;Jones Group;13/02/2020;Me;quite;40;through;101;Arte Contemporânea
232;906;07/12/2025;3120;Jones Group;26/08/2020;Third;newspaper;40;through;101;Arte Contemporânea
232;991;10/12/2020;4734;Jones Group;23/08/2020;Most;today;40;through;101;Arte Contemporânea
233;38;08/02/2023;2013;Rogers LLC;06/05/2020;;;;;;
233;145;11/05/2021;1133;Rogers LLC;29/12/2020;Bag;character;;;;
233;180;10/07/2022;2356;Rogers LLC;18/02/2020;As;beyond;;;;
233;311;20/06/2024;2856;Rogers LLC;19/01/2020;Relationship;enough;;;;
233;337;07/10/2021;2620;Rogers LLC;22/12/2020;Example;chance;;;;
233;465;12/03/2025;4575;Rogers LLC;20/08/2021;Thus;choice;;;;
233;478;18/08/2022;2281;Rogers LLC;16/03/2020;Common;cold;;;;
233;522;26/09/2022;618;Rogers LLC;30/01/2020;Laugh;else;;;;
233;751;10/09/2022;4540;Rogers LLC;28/04/2020;Report;turn;;;;
233;771;23/04/2024;3514;Rogers LLC;18/01/2020;Should;wrong;;;;
233;829;21/01/2025;2347;Rogers LLC;09/01/2020;Few;line;;;;
233;888;28/06/2023;4814;Rogers LLC;03/04/2020;History;appear;;;;
233;994;22/10/2024;1772;Rogers LLC;16/07/2021;Security;challenge;;;;
234;80;13/04/2022;304;Baker;29/03/2020;;;;;;
234;245;14/03/2023;3250;Baker;08/01/2020;;;;;;
234;248;26/05/2022;1603;Baker;04/09/2020;;;;;;
234;272;05/09/2022;3025;Baker;25/04/2020;Glass;outside;;;;
234;581;18/06/2025;164;Baker;23/05/2020;;;;;;
234;606;22/12/2021;4832;Baker;26/12/2020;;;;;;
234;609;13/12/2024;1982;Baker;24/04/2021;Specific;move;;;;
234;649;13/06/2022;2934;Baker;06/01/2021;Us;group;;;;
234;658;05/01/2025;1879;Baker;25/06/2021;Decide;job;;;;
234;773;24/02/2023;3235;Baker;22/04/2020;;;;;;
234;787;06/12/2025;2484;Baker;06/02/2021;;;;;;
234;941;09/03/2025;2512;Baker;29/01/2020;However;require;;;;
234;947;26/10/2022;2196;Baker;13/06/2020;Quite;last;;;;
234;958;28/12/2020;431;Baker;29/11/2020;;;;;;
234;983;22/04/2023;1638;Baker;30/06/2020;Black;thus;;;;
235;96;23/03/2023;854;Hughes-Welch;15/02/2020;Like;available;;;;
235;146;18/11/2021;1219;Hughes-Welch;06/11/2021;Choose;vote;;;;
235;149;28/02/2023;2569;Hughes-Welch;16/04/2020;Perform;these;;;;
235;241;30/03/2023;3958;Hughes-Welch;10/06/2021;Clearly;serious;;;;
235;249;02/10/2024;567;Hughes-Welch;25/05/2020;Member;skin;;;;
235;269;30/09/2024;2599;Hughes-Welch;02/03/2020;But;leg;;;;
235;285;20/05/2025;2185;Hughes-Welch;11/02/2020;Kitchen;two;;;;
235;402;21/11/2022;2509;Hughes-Welch;05/02/2020;Throughout;end;;;;
235;403;08/12/2025;2885;Hughes-Welch;30/01/2020;Goal;interest;;;;
235;414;31/01/2025;4669;Hughes-Welch;06/04/2020;;;;;;
235;453;02/03/2020;3389;Hughes-Welch;26/02/2020;Her;beautiful;;;;
235;478;23/08/2022;721;Hughes-Welch;16/03/2020;Common;cold;;;;
235;494;12/06/2024;3804;Hughes-Welch;19/01/2020;;;;;;
235;601;23/03/2024;3155;Hughes-Welch;07/02/2022;Everybody;world;;;;
235;670;23/05/2023;553;Hughes-Welch;01/03/2020;;;;;;
235;696;16/02/2022;4381;Hughes-Welch;31/08/2020;Fight;into;;;;
235;717;27/06/2025;1982;Hughes-Welch;05/04/2020;Think;future;;;;
235;839;21/08/2021;2791;Hughes-Welch;21/08/2021;General;growth;;;;
235;983;30/06/2020;4674;Hughes-Welch;30/06/2020;Black;thus;;;;
236;17;05/08/2021;1455;Lewis and Sons;19/01/2020;;;;;;
236;29;04/05/2020;1844;Lewis and Sons;10/02/2020;;;;;;
236;48;24/01/2023;1245;Lewis and Sons;06/05/2020;A;job;;;;
236;76;06/08/2021;3398;Lewis and Sons;12/05/2020;Rest;would;;;;
236;85;14/03/2020;2689;Lewis and Sons;14/03/2020;Cell;however;;;;
236;94;07/05/2020;2636;Lewis and Sons;07/05/2020;Trouble;project;;;;
236;111;07/10/2020;3045;Lewis and Sons;25/04/2020;;;;;;
236;192;10/12/2020;729;Lewis and Sons;17/10/2020;;;;;;
236;306;19/09/2023;4186;Lewis and Sons;22/04/2020;;;;;;
236;341;02/03/2020;2971;Lewis and Sons;02/03/2020;;;;;;
236;368;18/02/2022;1816;Lewis and Sons;07/01/2020;Any;important;;;;
236;391;09/11/2022;2661;Lewis and Sons;02/02/2020;Off;meet;;;;
236;418;08/10/2023;1105;Lewis and Sons;03/05/2021;Method;civil;;;;
236;508;22/12/2023;4653;Lewis and Sons;12/12/2020;Daughter;board;;;;
236;543;15/02/2020;2197;Lewis and Sons;03/01/2020;Rule;lay;;;;
236;558;04/05/2021;2844;Lewis and Sons;12/02/2020;Prepare;wish;;;;
236;617;19/12/2022;959;Lewis and Sons;25/02/2020;;;;;;
236;620;18/06/2023;2043;Lewis and Sons;21/02/2020;;;;;;
236;640;25/02/2023;3981;Lewis and Sons;12/01/2020;Important;yes;;;;
236;651;06/02/2021;1307;Lewis and Sons;23/09/2020;Relate;offer;;;;
236;714;10/02/2023;4773;Lewis and Sons;21/04/2020;Standard;ahead;;;;
236;739;18/01/2024;2463;Lewis and Sons;01/04/2020;Pull;beautiful;;;;
236;759;16/04/2025;1328;Lewis and Sons;04/12/2020;Once;deep;;;;
236;786;29/12/2022;4800;Lewis and Sons;06/05/2020;Move;dream;;;;
236;876;05/10/2021;3898;Lewis and Sons;12/08/2020;In;ever;;;;
236;876;12/08/2020;1044;Lewis and Sons;12/08/2020;In;ever;;;;
236;881;23/12/2025;2956;Lewis and Sons;13/12/2020;;;;;;
237;40;04/01/2022;2225;Brooks-Watkins;04/01/2022;Speech;generation;;;;
237;63;28/11/2022;1472;Brooks-Watkins;18/02/2020;;;;;;
237;173;30/05/2024;2810;Brooks-Watkins;14/03/2020;;;;;;
237;182;22/10/2025;765;Brooks-Watkins;27/10/2020;Old;top;;;;
237;217;29/03/2023;1886;Brooks-Watkins;14/06/2020;Administration;create;;;;
237;240;09/04/2021;3435;Brooks-Watkins;14/04/2020;Unit;president;;;;
237;263;11/05/2022;3519;Brooks-Watkins;22/03/2020;Always;may;;;;
237;287;26/04/2022;2876;Brooks-Watkins;28/05/2020;Budget;understand;;;;
237;288;10/09/2020;348;Brooks-Watkins;31/01/2020;Sea;understand;;;;
237;291;10/10/2024;3500;Brooks-Watkins;20/11/2020;Customer;set;;;;
237;348;02/04/2022;3018;Brooks-Watkins;19/02/2020;Almost;fine;;;;
237;373;20/08/2023;2548;Brooks-Watkins;22/01/2020;War;foot;;;;
237;720;02/10/2023;3096;Brooks-Watkins;10/09/2020;Rock;woman;;;;
237;737;11/08/2023;2834;Brooks-Watkins;12/02/2020;Sound;and;;;;
237;746;05/04/2024;1440;Brooks-Watkins;18/04/2020;;;;;;
237;782;06/01/2023;650;Brooks-Watkins;15/07/2021;Success;despite;;;;
237;858;26/03/2024;2328;Brooks-Watkins;09/02/2020;Good;all;;;;
237;866;31/08/2020;1775;Brooks-Watkins;31/08/2020;Factor;physical;;;;
237;892;22/10/2024;1765;Brooks-Watkins;15/07/2020;;;;;;
238;52;17/12/2022;3015;Collins-Collins;05/01/2020;;;;;;
238;164;03/01/2024;4336;Collins-Collins;31/01/2020;Evening;guy;;;;
238;210;03/04/2025;1588;Collins-Collins;08/01/2022;Stage;they;;;;
238;313;02/06/2021;2322;Collins-Collins;02/05/2021;;;;;;
238;338;11/05/2024;3598;Collins-Collins;03/06/2022;Present;positive;;;;
238;502;16/06/2021;4024;Collins-Collins;13/10/2020;;;;;;
238;539;14/08/2024;586;Collins-Collins;04/03/2020;After;policy;;;;
238;561;27/01/2023;365;Collins-Collins;14/04/2021;;;;;;
238;563;30/07/2022;2987;Collins-Collins;18/05/2020;;;;;;
238;656;12/09/2023;1341;Collins-Collins;30/12/2020;Person;yourself;;;;
238;730;09/04/2025;3080;Collins-Collins;15/06/2020;;;;;;
238;797;21/05/2020;2326;Collins-Collins;07/01/2020;Quickly;top;;;;
238;815;18/10/2020;2900;Collins-Collins;18/10/2020;;;;;;
238;892;19/04/2022;3924;Collins-Collins;15/07/2020;;;;;;
238;975;02/09/2021;2480;Collins-Collins;07/01/2020;For;rather;;;;
238;984;25/05/2020;451;Collins-Collins;04/01/2020;Treatment;stage;;;;
239;22;31/01/2025;1103;Escobar-Benitez;10/04/2020;;;;;;
239;36;02/11/2023;1551;Escobar-Benitez;29/10/2020;General;body;;;;
239;168;03/03/2020;4530;Escobar-Benitez;03/03/2020;Mrs;cover;;;;
239;221;25/10/2025;4079;Escobar-Benitez;05/06/2020;Move;board;;;;
239;237;09/12/2021;468;Escobar-Benitez;02/01/2020;Notice;war;;;;
239;336;08/01/2020;2923;Escobar-Benitez;08/01/2020;History;decide;;;;
239;363;29/06/2022;399;Escobar-Benitez;20/04/2020;Her;foreign;;;;
239;438;27/02/2021;4624;Escobar-Benitez;13/01/2020;West;language;;;;
239;539;23/11/2023;1477;Escobar-Benitez;04/03/2020;After;policy;;;;
239;544;14/01/2025;4249;Escobar-Benitez;24/09/2020;He;two;;;;
239;619;21/06/2022;2286;Escobar-Benitez;14/04/2020;;;;;;
239;626;09/07/2020;2325;Escobar-Benitez;09/07/2020;Sign;voice;;;;
239;627;10/06/2020;4370;Escobar-Benitez;10/06/2020;;;;;;
239;628;05/04/2025;2111;Escobar-Benitez;13/01/2020;Policy;often;;;;
239;779;23/12/2021;377;Escobar-Benitez;13/02/2020;Whole;street;;;;
239;911;07/02/2025;2361;Escobar-Benitez;13/11/2020;Anything;plant;;;;
239;977;29/12/2023;4077;Escobar-Benitez;14/06/2020;Local;look;;;;
240;19;08/12/2020;2068;Steele PLC;13/05/2020;Ever;hope;100;item;101;Arte Contemporânea
240;75;17/02/2026;2108;Steele PLC;17/02/2020;Surface;throughout;100;item;101;Arte Contemporânea
240;111;29/06/2025;3330;Steele PLC;25/04/2020;;;100;item;101;Arte Contemporânea
240;112;03/07/2022;2068;Steele PLC;30/04/2020;Example;lose;100;item;101;Arte Contemporânea
240;115;21/11/2024;2233;Steele PLC;31/08/2020;;;100;item;101;Arte Contemporânea
240;126;21/12/2023;4013;Steele PLC;08/01/2020;Purpose;top;100;item;101;Arte Contemporânea
240;280;12/02/2022;3782;Steele PLC;23/01/2020;Agree;participant;100;item;101;Arte Contemporânea
240;288;24/03/2020;400;Steele PLC;31/01/2020;Sea;understand;100;item;101;Arte Contemporânea
240;293;27/10/2023;2101;Steele PLC;14/10/2020;;;100;item;101;Arte Contemporânea
240;326;31/01/2020;3158;Steele PLC;31/01/2020;Hot;film;100;item;101;Arte Contemporânea
240;377;01/11/2022;1980;Steele PLC;25/04/2020;Performance;state;100;item;101;Arte Contemporânea
240;411;02/01/2021;1374;Steele PLC;28/07/2020;Board;ground;100;item;101;Arte Contemporânea
240;412;23/04/2021;4327;Steele PLC;24/06/2020;Night;third;100;item;101;Arte Contemporânea
240;551;12/12/2021;3626;Steele PLC;03/03/2020;Data;Republican;100;item;101;Arte Contemporânea
240;583;07/10/2025;3184;Steele PLC;12/12/2020;Data;popular;100;item;101;Arte Contemporânea
240;636;14/10/2020;2778;Steele PLC;17/04/2020;Business;tell;100;item;101;Arte Contemporânea
240;735;21/03/2022;1743;Steele PLC;08/01/2021;Learn;lose;100;item;101;Arte Contemporânea
240;773;16/11/2020;4346;Steele PLC;22/04/2020;;;100;item;101;Arte Contemporânea
240;820;18/12/2024;4800;Steele PLC;16/03/2020;Red;probably;100;item;101;Arte Contemporânea
240;824;07/05/2022;1585;Steele PLC;07/12/2020;Hit;less;100;item;101;Arte Contemporânea
240;850;23/09/2020;2724;Steele PLC;04/02/2020;Four;travel;100;item;101;Arte Contemporânea
240;935;24/10/2024;1260;Steele PLC;13/11/2020;Part;quality;100;item;101;Arte Contemporânea
240;964;01/12/2025;4194;Steele PLC;04/06/2021;;;100;item;101;Arte Contemporânea
240;983;21/09/2021;884;Steele PLC;30/06/2020;Black;thus;100;item;101;Arte Contemporânea
241;124;19/07/2023;4537;Hicks-Dawson;18/08/2020;Friend;prevent;198;although;366;Desenvolvimento e Estudos Culturais
241;173;14/03/2020;3689;Hicks-Dawson;14/03/2020;;;198;although;366;Desenvolvimento e Estudos Culturais
241;273;06/06/2025;419;Hicks-Dawson;13/01/2020;Doctor;admit;198;although;366;Desenvolvimento e Estudos Culturais
241;282;07/07/2021;3712;Hicks-Dawson;05/05/2020;;;198;although;366;Desenvolvimento e Estudos Culturais
241;283;25/11/2022;4524;Hicks-Dawson;26/03/2020;Nature;rise;198;although;366;Desenvolvimento e Estudos Culturais
241;289;06/09/2022;3809;Hicks-Dawson;22/07/2020;Action;very;198;although;366;Desenvolvimento e Estudos Culturais
241;354;11/09/2024;453;Hicks-Dawson;13/12/2020;;;198;although;366;Desenvolvimento e Estudos Culturais
241;416;31/05/2021;3133;Hicks-Dawson;13/03/2020;Some;kitchen;198;although;366;Desenvolvimento e Estudos Culturais
241;455;15/12/2021;1828;Hicks-Dawson;23/07/2020;Former;public;198;although;366;Desenvolvimento e Estudos Culturais
241;641;20/06/2020;1784;Hicks-Dawson;31/03/2020;Face;spend;198;although;366;Desenvolvimento e Estudos Culturais
241;675;03/12/2025;522;Hicks-Dawson;26/04/2020;Stand;likely;198;although;366;Desenvolvimento e Estudos Culturais
241;717;03/09/2022;1143;Hicks-Dawson;05/04/2020;Think;future;198;although;366;Desenvolvimento e Estudos Culturais
241;745;29/11/2024;3943;Hicks-Dawson;14/01/2020;But;song;198;although;366;Desenvolvimento e Estudos Culturais
241;781;01/12/2020;3325;Hicks-Dawson;12/08/2020;Wife;sure;198;although;366;Desenvolvimento e Estudos Culturais
241;813;24/07/2021;3158;Hicks-Dawson;22/09/2020;;;198;although;366;Desenvolvimento e Estudos Culturais
241;898;03/02/2021;3639;Hicks-Dawson;29/02/2020;;;198;although;366;Desenvolvimento e Estudos Culturais
241;904;27/09/2022;1910;Hicks-Dawson;22/12/2020;Sometimes;mean;198;although;366;Desenvolvimento e Estudos Culturais
242;31;25/09/2022;730;Delacruz;31/08/2020;Health;respond;;;;
242;55;09/03/2021;1950;Delacruz;15/04/2020;;;;;;
242;65;25/04/2022;2006;Delacruz;01/01/2021;Possible;network;;;;
242;190;02/01/2024;4545;Delacruz;19/10/2020;During;hit;;;;
242;209;21/08/2025;3629;Delacruz;06/01/2020;Draw;adult;;;;
242;344;07/11/2025;2493;Delacruz;09/11/2020;;;;;;
242;352;08/06/2024;199;Delacruz;07/08/2020;Suddenly;boy;;;;
242;354;02/01/2023;1943;Delacruz;13/12/2020;;;;;;
242;426;31/01/2025;1887;Delacruz;11/01/2021;;;;;;
242;509;11/10/2023;4031;Delacruz;24/06/2020;;;;;;
242;577;17/03/2022;464;Delacruz;10/06/2021;Strong;seek;;;;
242;676;16/11/2025;1702;Delacruz;11/12/2020;Manage;same;;;;
242;799;30/08/2020;4926;Delacruz;12/06/2020;;;;;;
242;824;03/07/2022;1638;Delacruz;07/12/2020;Hit;less;;;;
242;824;22/10/2022;451;Delacruz;07/12/2020;Hit;less;;;;
242;829;12/11/2021;4062;Delacruz;09/01/2020;Few;line;;;;
242;964;04/06/2021;2791;Delacruz;04/06/2021;;;;;;
242;999;05/11/2022;3541;Delacruz;17/01/2021;Public;late;;;;
242;999;07/06/2024;4455;Delacruz;17/01/2021;Public;late;;;;
243;117;03/12/2024;4193;West Inc;22/09/2020;Wall;morning;;;;
243;148;09/07/2022;3380;West Inc;12/01/2020;Pm;successful;;;;
243;170;09/09/2024;2166;West Inc;19/01/2020;Wind;top;;;;
243;251;13/09/2022;4458;West Inc;13/01/2020;Establish;green;;;;
243;279;04/04/2025;3414;West Inc;03/07/2021;These;news;;;;
243;321;29/09/2022;133;West Inc;04/06/2020;;;;;;
243;325;18/09/2022;4135;West Inc;04/12/2020;Management;defense;;;;
243;338;08/08/2023;1213;West Inc;03/06/2022;Present;positive;;;;
243;375;05/05/2024;3184;West Inc;13/01/2020;;;;;;
243;419;08/12/2021;4150;West Inc;13/07/2020;;;;;;
243;535;19/04/2023;1404;West Inc;05/04/2020;Feeling;red;;;;
243;541;22/06/2024;2969;West Inc;19/01/2020;Put;foot;;;;
243;542;16/07/2023;3148;West Inc;25/04/2020;Yeah;base;;;;
243;546;16/06/2024;4765;West Inc;18/12/2022;;;;;;
243;564;26/12/2023;4497;West Inc;16/08/2020;Contain;force;;;;
243;626;14/04/2022;4096;West Inc;09/07/2020;Sign;voice;;;;
243;694;15/09/2025;4034;West Inc;21/01/2020;Concern;west;;;;
243;777;31/12/2021;1632;West Inc;12/10/2020;;;;;;
243;789;27/07/2020;3801;West Inc;07/04/2020;Dinner;upon;;;;
243;886;24/10/2022;3282;West Inc;15/10/2020;Some;street;;;;
243;902;18/01/2022;3212;West Inc;27/02/2020;Eat;happy;;;;
243;925;05/06/2025;1805;West Inc;15/04/2020;;;;;;
243;981;28/02/2025;3493;West Inc;09/05/2021;Walk;federal;;;;
244;93;10/03/2023;370;Li and Sons;27/04/2021;Painting;away;;;;
244;176;30/01/2022;2914;Li and Sons;08/05/2020;;;;;;
244;256;26/09/2025;2749;Li and Sons;06/05/2022;Season;writer;;;;
244;334;25/05/2023;3182;Li and Sons;29/01/2022;Build;term;;;;
244;398;21/11/2021;4039;Li and Sons;06/01/2020;Authority;treatment;;;;
244;404;30/04/2022;3249;Li and Sons;09/03/2020;Blood;treat;;;;
244;421;17/07/2023;2410;Li and Sons;27/03/2020;Top;finally;;;;
244;450;07/09/2023;808;Li and Sons;07/02/2020;After;billion;;;;
244;509;14/09/2024;2551;Li and Sons;24/06/2020;;;;;;
244;565;27/11/2025;1582;Li and Sons;09/03/2020;Week;change;;;;
244;568;18/06/2020;1504;Li and Sons;06/03/2020;Prepare;great;;;;
244;612;23/04/2022;125;Li and Sons;10/03/2020;;;;;;
244;615;18/05/2025;2250;Li and Sons;16/03/2020;Unit;area;;;;
244;655;23/04/2021;1498;Li and Sons;23/04/2021;Billion;subject;;;;
244;721;28/02/2025;3667;Li and Sons;30/03/2021;;;;;;
244;726;10/08/2022;4560;Li and Sons;18/03/2020;Beyond;almost;;;;
244;952;08/01/2021;912;Li and Sons;08/01/2021;Fire;another;;;;
245;2;04/05/2023;576;Davidson;31/01/2020;Benefit;key;;;;
245;98;20/04/2020;3787;Davidson;20/04/2020;Recent;kind;;;;
245;131;13/12/2025;1143;Davidson;02/07/2021;List;perhaps;;;;
245;162;05/10/2023;3364;Davidson;16/12/2020;;;;;;
245;163;13/03/2025;3538;Davidson;04/03/2020;Treat;majority;;;;
245;201;18/03/2020;3462;Davidson;18/03/2020;Let;a;;;;
245;273;13/01/2020;1363;Davidson;13/01/2020;Doctor;admit;;;;
245;320;28/04/2024;879;Davidson;04/02/2021;Happy;American;;;;
245;326;24/03/2025;1351;Davidson;31/01/2020;Hot;film;;;;
245;347;22/09/2020;414;Davidson;22/09/2020;Tax;perhaps;;;;
245;351;23/12/2025;4504;Davidson;15/02/2020;Identify;section;;;;
245;424;14/11/2021;740;Davidson;29/01/2020;Item;usually;;;;
245;425;19/02/2025;2628;Davidson;25/06/2020;;;;;;
245;436;17/01/2021;3470;Davidson;13/05/2020;Whatever;every;;;;
245;439;16/07/2023;128;Davidson;06/01/2020;Financial;east;;;;
245;443;30/01/2021;3891;Davidson;01/05/2020;How;such;;;;
245;468;06/09/2025;4509;Davidson;08/08/2020;;;;;;
245;503;30/06/2024;1108;Davidson;10/09/2020;;;;;;
245;510;02/04/2020;657;Davidson;02/04/2020;;;;;;
245;549;26/06/2021;1750;Davidson;13/11/2020;;;;;;
245;562;13/12/2024;2047;Davidson;22/01/2020;;;;;;
245;817;19/06/2025;4638;Davidson;13/02/2020;Me;quite;;;;
245;833;04/10/2025;3699;Davidson;31/10/2020;Mr;seek;;;;
245;872;31/08/2021;4807;Davidson;01/01/2021;;;;;;
245;901;12/10/2024;1743;Davidson;07/04/2020;;;;;;
245;959;21/03/2025;4590;Davidson;20/05/2020;Their;read;;;;
246;15;12/06/2023;4055;Mccoy;01/04/2021;;;;;;
246;83;10/11/2020;1703;Mccoy;21/09/2020;Past;offer;;;;
246;126;15/07/2020;2888;Mccoy;08/01/2020;Purpose;top;;;;
246;201;07/06/2021;2392;Mccoy;18/03/2020;Let;a;;;;
246;240;30/11/2025;2607;Mccoy;14/04/2020;Unit;president;;;;
246;278;16/05/2021;2145;Mccoy;01/03/2020;;;;;;
246;343;02/10/2020;2156;Mccoy;12/01/2020;;;;;;
246;404;09/03/2020;152;Mccoy;09/03/2020;Blood;treat;;;;
246;434;04/01/2026;1730;Mccoy;04/06/2020;Fall;huge;;;;
246;458;01/03/2022;4197;Mccoy;29/04/2020;Decide;morning;;;;
246;498;16/08/2024;3689;Mccoy;26/04/2020;;;;;;
246;518;08/02/2025;877;Mccoy;25/09/2020;Administration;have;;;;
246;598;29/05/2020;3340;Mccoy;29/05/2020;Value;key;;;;
246;636;17/03/2025;4670;Mccoy;17/04/2020;Business;tell;;;;
246;682;29/12/2025;1509;Mccoy;21/06/2020;Final;figure;;;;
246;686;16/05/2024;3728;Mccoy;10/10/2020;Human;vote;;;;
246;687;26/01/2024;3614;Mccoy;27/04/2020;Many;where;;;;
246;715;01/05/2021;2775;Mccoy;06/07/2020;Walk;ahead;;;;
247;117;25/09/2024;3925;Rice;22/09/2020;Wall;morning;;;;
247;142;24/02/2025;4525;Rice;16/03/2020;Analysis;evidence;;;;
247;151;27/10/2025;2354;Rice;14/09/2020;Risk;picture;;;;
247;230;03/04/2024;4020;Rice;26/07/2020;That;there;;;;
247;275;10/07/2021;4806;Rice;19/04/2020;;;;;;
247;275;07/11/2020;1653;Rice;19/04/2020;;;;;;
247;293;07/03/2022;1715;Rice;14/10/2020;;;;;;
247;346;15/07/2020;4000;Rice;15/07/2020;Yard;member;;;;
247;463;02/12/2023;4860;Rice;25/03/2020;Money;rate;;;;
247;505;05/05/2023;4852;Rice;31/01/2020;Raise;them;;;;
247;519;29/01/2026;1600;Rice;06/09/2020;Leader;technology;;;;
247;537;17/05/2020;2237;Rice;07/04/2020;Cost;outside;;;;
247;547;14/11/2023;736;Rice;17/07/2020;President;we;;;;
247;600;20/06/2025;4738;Rice;08/07/2020;;;;;;
247;643;23/08/2022;2523;Rice;31/05/2020;Term;example;;;;
247;644;23/10/2021;532;Rice;30/11/2020;;;;;;
247;647;04/04/2020;2968;Rice;05/01/2020;Maintain;coach;;;;
247;708;02/01/2021;3361;Rice;07/04/2020;Wife;far;;;;
247;710;11/06/2020;679;Rice;11/06/2020;;;;;;
247;720;27/04/2024;2550;Rice;10/09/2020;Rock;woman;;;;
247;726;11/07/2024;3492;Rice;18/03/2020;Beyond;almost;;;;
247;882;09/06/2023;3317;Rice;25/03/2020;;;;;;
247;987;26/01/2022;899;Rice;21/03/2020;;;;;;
248;143;31/03/2022;4064;Bradley-Miller;12/12/2020;;;;;;
248;161;03/12/2020;2599;Bradley-Miller;01/02/2020;Have;party;;;;
248;188;31/12/2023;2729;Bradley-Miller;31/12/2020;;;;;;
248;195;10/06/2021;190;Bradley-Miller;02/07/2020;;;;;;
248;244;24/11/2020;1931;Bradley-Miller;07/06/2020;Military;level;;;;
248;391;04/05/2022;3046;Bradley-Miller;02/02/2020;Off;meet;;;;
248;427;13/10/2022;4201;Bradley-Miller;05/02/2021;;;;;;
248;485;31/01/2020;2830;Bradley-Miller;31/01/2020;Answer;woman;;;;
248;533;28/06/2024;3248;Bradley-Miller;04/06/2020;Reality;drop;;;;
248;540;30/11/2025;524;Bradley-Miller;27/06/2020;Seven;check;;;;
248;583;18/11/2021;1948;Bradley-Miller;12/12/2020;Data;popular;;;;
248;704;31/05/2020;3238;Bradley-Miller;29/02/2020;Mission;thought;;;;
248;792;01/08/2023;2717;Bradley-Miller;25/04/2020;;;;;;
248;819;03/06/2025;4091;Bradley-Miller;20/11/2020;Former;involve;;;;
248;969;16/05/2025;3760;Bradley-Miller;10/02/2020;;;;;;
249;32;20/01/2022;1808;Baker Group;20/01/2022;Event;continue;;;;
249;57;10/04/2021;2827;Baker Group;12/03/2020;;;;;;
249;93;28/11/2023;2680;Baker Group;27/04/2021;Painting;away;;;;
249;107;12/12/2025;2619;Baker Group;19/08/2023;Provide;know;;;;
249;132;30/08/2020;2514;Baker Group;30/08/2020;;;;;;
249;161;16/09/2020;4761;Baker Group;01/02/2020;Have;party;;;;
249;281;01/11/2021;3122;Baker Group;03/02/2020;;;;;;
249;307;27/09/2024;1518;Baker Group;02/11/2020;Second;fill;;;;
249;311;28/05/2021;301;Baker Group;19/01/2020;Relationship;enough;;;;
249;316;19/06/2020;968;Baker Group;19/06/2020;;;;;;
249;420;02/11/2025;4091;Baker Group;25/08/2021;;;;;;
249;442;20/01/2022;3295;Baker Group;29/08/2020;;;;;;
249;514;27/02/2024;3729;Baker Group;22/08/2020;;;;;;
249;521;04/10/2025;3710;Baker Group;14/03/2020;;;;;;
249;721;15/12/2023;860;Baker Group;30/03/2021;;;;;;
249;723;16/01/2025;1575;Baker Group;05/02/2020;Take;above;;;;
249;774;21/04/2023;1456;Baker Group;13/12/2021;Start;area;;;;
249;813;22/08/2021;1333;Baker Group;22/09/2020;;;;;;
249;822;02/08/2024;3344;Baker Group;09/03/2020;Issue;in;;;;
249;950;03/04/2020;2164;Baker Group;17/03/2020;;;;;;
249;954;25/04/2020;2999;Baker Group;25/04/2020;Our;face;;;;
249;959;31/01/2025;4561;Baker Group;20/05/2020;Their;read;;;;
250;98;20/05/2021;578;Reyes-Davis;20/04/2020;Recent;kind;149;ahead;54;Cultura Urbana
250;121;16/01/2021;4153;Reyes-Davis;16/01/2021;Avoid;probably;149;ahead;54;Cultura Urbana
250;147;08/12/2022;2785;Reyes-Davis;24/01/2020;;;149;ahead;54;Cultura Urbana
250;165;22/09/2020;1718;Reyes-Davis;22/09/2020;;;149;ahead;54;Cultura Urbana
250;168;26/03/2023;4196;Reyes-Davis;03/03/2020;Mrs;cover;149;ahead;54;Cultura Urbana
250;262;01/01/2020;3293;Reyes-Davis;01/01/2020;Kind;pick;149;ahead;54;Cultura Urbana
250;370;02/11/2021;2955;Reyes-Davis;21/04/2020;Her;PM;149;ahead;54;Cultura Urbana
250;374;31/12/2020;2094;Reyes-Davis;31/12/2020;Imagine;like;149;ahead;54;Cultura Urbana
250;401;06/09/2024;874;Reyes-Davis;02/01/2020;Face;magazine;149;ahead;54;Cultura Urbana
250;412;09/12/2023;4023;Reyes-Davis;24/06/2020;Night;third;149;ahead;54;Cultura Urbana
250;419;20/08/2024;3140;Reyes-Davis;13/07/2020;;;149;ahead;54;Cultura Urbana
250;426;20/08/2022;4102;Reyes-Davis;11/01/2021;;;149;ahead;54;Cultura Urbana
250;439;13/02/2023;3727;Reyes-Davis;06/01/2020;Financial;east;149;ahead;54;Cultura Urbana
250;443;12/01/2026;1394;Reyes-Davis;01/05/2020;How;such;149;ahead;54;Cultura Urbana
250;445;11/08/2025;1765;Reyes-Davis;26/06/2020;Measure;skin;149;ahead;54;Cultura Urbana
250;474;13/09/2020;2533;Reyes-Davis;07/09/2020;;;149;ahead;54;Cultura Urbana
250;493;22/03/2020;3771;Reyes-Davis;22/03/2020;;;149;ahead;54;Cultura Urbana
250;565;31/12/2021;4505;Reyes-Davis;09/03/2020;Week;change;149;ahead;54;Cultura Urbana
250;745;14/01/2020;1248;Reyes-Davis;14/01/2020;But;song;149;ahead;54;Cultura Urbana
250;802;18/02/2020;184;Reyes-Davis;18/02/2020;Hard;cost;149;ahead;54;Cultura Urbana
250;835;12/02/2020;1313;Reyes-Davis;12/02/2020;;;149;ahead;54;Cultura Urbana
250;916;25/02/2021;2671;Reyes-Davis;11/01/2020;Billion;process;149;ahead;54;Cultura Urbana
251;102;15/11/2022;718;Mckenzie Ltd;22/06/2020;We;country;;;;
251;194;22/01/2026;2179;Mckenzie Ltd;27/03/2020;Pass;physical;;;;
251;227;20/07/2022;696;Mckenzie Ltd;21/11/2020;Ok;air;;;;
251;249;01/04/2025;3244;Mckenzie Ltd;25/05/2020;Member;skin;;;;
251;306;01/02/2024;295;Mckenzie Ltd;22/04/2020;;;;;;
251;320;07/04/2023;2374;Mckenzie Ltd;04/02/2021;Happy;American;;;;
251;402;27/08/2024;3029;Mckenzie Ltd;05/02/2020;Throughout;end;;;;
251;420;14/07/2025;4734;Mckenzie Ltd;25/08/2021;;;;;;
251;461;01/04/2024;4130;Mckenzie Ltd;03/11/2020;Issue;one;;;;
251;533;17/07/2021;2209;Mckenzie Ltd;04/06/2020;Reality;drop;;;;
251;542;24/09/2021;1634;Mckenzie Ltd;25/04/2020;Yeah;base;;;;
251;555;23/02/2023;2352;Mckenzie Ltd;10/02/2020;;;;;;
251;559;22/10/2023;4174;Mckenzie Ltd;16/01/2020;Where;interview;;;;
251;613;31/07/2021;2647;Mckenzie Ltd;31/07/2021;Hear;body;;;;
251;741;27/01/2020;2313;Mckenzie Ltd;27/01/2020;Late;I;;;;
251;821;01/09/2021;4611;Mckenzie Ltd;31/07/2020;Dog;decide;;;;
251;926;11/02/2025;4134;Mckenzie Ltd;31/07/2020;Health;born;;;;
251;943;07/02/2023;1773;Mckenzie Ltd;20/03/2020;Culture;goal;;;;
251;957;20/04/2025;1653;Mckenzie Ltd;14/04/2021;My;morning;;;;
251;959;02/11/2023;4693;Mckenzie Ltd;20/05/2020;Their;read;;;;
251;999;31/03/2024;2453;Mckenzie Ltd;17/01/2021;Public;late;;;;
252;34;17/07/2021;3772;Sparks;02/07/2021;;;;;;
252;166;07/12/2021;2764;Sparks;25/10/2020;Director;feel;;;;
252;166;11/10/2021;4551;Sparks;25/10/2020;Director;feel;;;;
252;189;10/12/2023;4129;Sparks;11/11/2020;Toward;station;;;;
252;193;04/05/2022;745;Sparks;28/09/2020;;;;;;
252;337;21/05/2024;3564;Sparks;22/12/2020;Example;chance;;;;
252;653;21/04/2023;2996;Sparks;19/01/2021;;;;;;
252;672;24/07/2023;3837;Sparks;03/01/2020;Once;yeah;;;;
252;761;12/10/2021;1789;Sparks;26/01/2020;Company;age;;;;
252;815;08/02/2023;805;Sparks;18/10/2020;;;;;;
252;816;11/11/2020;3620;Sparks;30/05/2020;They;go;;;;
252;860;23/08/2025;4940;Sparks;07/04/2020;Push;yard;;;;
252;873;28/04/2023;2136;Sparks;18/01/2021;Into;ask;;;;
252;914;21/09/2022;2895;Sparks;27/03/2020;School;hope;;;;
252;982;30/01/2025;758;Sparks;25/01/2021;Operation;time;;;;
253;75;26/03/2023;1139;Malone-Murray;17/02/2020;Surface;throughout;;;;
253;263;03/11/2021;4045;Malone-Murray;22/03/2020;Always;may;;;;
253;286;21/11/2023;1332;Malone-Murray;16/05/2021;Property;notice;;;;
253;289;31/07/2021;1875;Malone-Murray;22/07/2020;Action;very;;;;
253;337;08/08/2025;4302;Malone-Murray;22/12/2020;Example;chance;;;;
253;401;19/03/2023;4328;Malone-Murray;02/01/2020;Face;magazine;;;;
253;429;25/04/2025;1716;Malone-Murray;19/01/2020;;;;;;
253;572;06/06/2025;4243;Malone-Murray;13/03/2020;Beyond;despite;;;;
253;582;29/06/2022;1611;Malone-Murray;05/08/2020;Adult;mean;;;;
253;601;21/04/2022;1148;Malone-Murray;07/02/2022;Everybody;world;;;;
253;618;18/05/2024;158;Malone-Murray;27/06/2020;;;;;;
253;648;31/12/2021;316;Malone-Murray;13/03/2020;Fish;high;;;;
253;660;19/08/2024;4690;Malone-Murray;10/01/2021;;;;;;
253;667;18/01/2024;4474;Malone-Murray;19/12/2020;Apply;third;;;;
253;702;07/09/2022;1699;Malone-Murray;23/01/2020;He;desCribe;;;;
253;744;01/08/2025;2730;Malone-Murray;29/01/2020;Radio;like;;;;
253;833;15/11/2021;894;Malone-Murray;31/10/2020;Mr;seek;;;;
253;845;30/08/2024;4595;Malone-Murray;23/12/2020;They;herself;;;;
253;919;04/06/2020;1520;Malone-Murray;04/06/2020;Low;word;;;;
253;925;12/10/2022;1951;Malone-Murray;15/04/2020;;;;;;
253;945;27/08/2020;532;Malone-Murray;15/04/2020;;;;;;
254;183;26/05/2024;3224;Harris-Chapman;12/03/2020;;;;;;
254;205;02/12/2020;2001;Harris-Chapman;28/06/2020;;;;;;
254;263;13/02/2025;144;Harris-Chapman;22/03/2020;Always;may;;;;
254;313;07/12/2024;1386;Harris-Chapman;02/05/2021;;;;;;
254;328;30/08/2023;1369;Harris-Chapman;03/03/2020;Painting;laugh;;;;
254;399;27/01/2025;1500;Harris-Chapman;09/09/2020;Home;difficult;;;;
254;442;30/03/2021;3450;Harris-Chapman;29/08/2020;;;;;;
254;489;04/05/2025;4336;Harris-Chapman;19/08/2020;;;;;;
254;640;10/02/2020;2692;Harris-Chapman;12/01/2020;Important;yes;;;;
254;728;13/09/2021;2987;Harris-Chapman;30/01/2020;Fine;possible;;;;
254;869;26/11/2025;2212;Harris-Chapman;02/03/2020;Require;herself;;;;
254;888;02/10/2021;2114;Harris-Chapman;03/04/2020;History;appear;;;;
255;41;16/05/2025;2633;Long-Chan;25/10/2020;;;173;former;54;Cultura Urbana
255;48;06/05/2020;4765;Long-Chan;06/05/2020;A;job;173;former;54;Cultura Urbana
255;100;17/07/2024;2821;Long-Chan;15/04/2020;Best;center;173;former;54;Cultura Urbana
255;132;09/09/2025;4319;Long-Chan;30/08/2020;;;173;former;54;Cultura Urbana
255;166;08/11/2022;861;Long-Chan;25/10/2020;Director;feel;173;former;54;Cultura Urbana
255;193;28/09/2020;1988;Long-Chan;28/09/2020;;;173;former;54;Cultura Urbana
255;202;24/05/2021;3657;Long-Chan;20/10/2020;Number;news;173;former;54;Cultura Urbana
255;264;21/03/2024;3941;Long-Chan;14/12/2020;Sport;case;173;former;54;Cultura Urbana
255;331;13/06/2020;2981;Long-Chan;23/02/2020;Hope;technology;173;former;54;Cultura Urbana
255;379;25/03/2022;4560;Long-Chan;31/01/2020;Learn;husband;173;former;54;Cultura Urbana
255;425;24/05/2023;1022;Long-Chan;25/06/2020;;;173;former;54;Cultura Urbana
255;453;10/06/2022;2268;Long-Chan;26/02/2020;Her;beautiful;173;former;54;Cultura Urbana
255;565;11/12/2024;3184;Long-Chan;09/03/2020;Week;change;173;former;54;Cultura Urbana
255;572;16/11/2025;198;Long-Chan;13/03/2020;Beyond;despite;173;former;54;Cultura Urbana
255;759;12/08/2023;782;Long-Chan;04/12/2020;Once;deep;173;former;54;Cultura Urbana
255;784;12/12/2025;4091;Long-Chan;21/03/2020;Exactly;a;173;former;54;Cultura Urbana
255;791;28/02/2023;922;Long-Chan;08/08/2020;;;173;former;54;Cultura Urbana
255;795;02/09/2024;1190;Long-Chan;09/03/2021;Room;thought;173;former;54;Cultura Urbana
255;865;12/04/2024;4746;Long-Chan;12/05/2020;That;with;173;former;54;Cultura Urbana
255;943;26/02/2024;2125;Long-Chan;20/03/2020;Culture;goal;173;former;54;Cultura Urbana
256;90;26/05/2020;2810;Whitaker;26/05/2020;;;;;;
256;204;08/02/2022;289;Whitaker;12/03/2021;Significant;ten;;;;
256;324;02/06/2025;3079;Whitaker;11/04/2020;Daughter;radio;;;;
256;358;23/11/2020;3986;Whitaker;23/11/2020;Including;similar;;;;
256;370;29/12/2024;3669;Whitaker;21/04/2020;Her;PM;;;;
256;385;30/04/2025;3789;Whitaker;23/02/2020;Knowledge;at;;;;
256;410;25/03/2023;2878;Whitaker;10/04/2020;Evening;throughout;;;;
256;457;12/03/2023;1339;Whitaker;01/03/2021;Standard;choose;;;;
256;498;27/11/2023;2166;Whitaker;26/04/2020;;;;;;
256;506;27/03/2021;3331;Whitaker;11/07/2020;;;;;;
256;538;25/12/2020;4002;Whitaker;02/12/2020;Particularly;group;;;;
256;634;24/06/2021;1890;Whitaker;11/02/2020;Ever;employee;;;;
256;665;12/09/2024;1702;Whitaker;30/05/2020;Say;reduce;;;;
256;756;15/04/2020;3461;Whitaker;15/04/2020;Audience;election;;;;
256;963;03/04/2025;772;Whitaker;22/07/2020;Food;thousand;;;;
256;969;10/02/2020;2646;Whitaker;10/02/2020;;;;;;
257;39;30/07/2020;1369;Mccarty;27/02/2020;;;;;;
257;120;14/08/2022;4326;Mccarty;13/03/2021;Follow;democratic;;;;
257;175;29/06/2022;4002;Mccarty;22/01/2020;;;;;;
257;186;17/03/2021;4144;Mccarty;09/07/2020;Congress;song;;;;
257;241;11/12/2025;1905;Mccarty;10/06/2021;Clearly;serious;;;;
257;309;26/12/2020;213;Mccarty;25/12/2020;Wear;radio;;;;
257;321;04/09/2022;4073;Mccarty;04/06/2020;;;;;;
257;345;21/01/2022;1001;Mccarty;10/10/2020;Although;place;;;;
257;347;26/10/2022;1737;Mccarty;22/09/2020;Tax;perhaps;;;;
257;382;10/05/2020;2231;Mccarty;10/05/2020;;;;;;
257;422;28/01/2020;2217;Mccarty;28/01/2020;Soldier;six;;;;
257;429;24/04/2024;3179;Mccarty;19/01/2020;;;;;;
257;460;15/01/2026;4249;Mccarty;02/04/2020;For;reach;;;;
257;486;19/11/2025;2831;Mccarty;28/12/2020;Try;sell;;;;
257;517;23/09/2023;1776;Mccarty;16/09/2020;;;;;;
257;578;13/06/2025;4462;Mccarty;10/03/2020;;;;;;
257;610;16/07/2020;590;Mccarty;16/07/2020;;;;;;
257;689;24/05/2025;3475;Mccarty;29/07/2020;Growth;sport;;;;
257;704;09/05/2022;3936;Mccarty;29/02/2020;Mission;thought;;;;
257;723;10/11/2020;1411;Mccarty;05/02/2020;Take;above;;;;
257;735;30/06/2023;4836;Mccarty;08/01/2021;Learn;lose;;;;
257;754;30/01/2024;3534;Mccarty;30/08/2020;That;country;;;;
257;794;13/12/2020;4655;Mccarty;20/04/2020;;;;;;
257;882;07/04/2025;1168;Mccarty;25/03/2020;;;;;;
258;55;10/10/2020;2296;Sanchez-Marquez;15/04/2020;;;;;;
258;81;01/12/2022;1218;Sanchez-Marquez;20/04/2020;Chair;dark;;;;
258;86;13/01/2022;4944;Sanchez-Marquez;04/10/2020;;;;;;
258;154;27/09/2025;4051;Sanchez-Marquez;28/12/2020;;;;;;
258;272;25/04/2020;241;Sanchez-Marquez;25/04/2020;Glass;outside;;;;
258;344;13/07/2021;512;Sanchez-Marquez;09/11/2020;;;;;;
258;372;13/11/2021;2689;Sanchez-Marquez;18/01/2020;;;;;;
258;453;31/07/2022;3318;Sanchez-Marquez;26/02/2020;Her;beautiful;;;;
258;461;17/09/2023;1455;Sanchez-Marquez;03/11/2020;Issue;one;;;;
258;496;06/02/2023;1485;Sanchez-Marquez;11/03/2020;;;;;;
258;565;09/03/2020;3089;Sanchez-Marquez;09/03/2020;Week;change;;;;
258;601;09/03/2022;817;Sanchez-Marquez;07/02/2022;Everybody;world;;;;
258;629;18/12/2024;4741;Sanchez-Marquez;12/05/2020;;;;;;
258;645;18/04/2024;4731;Sanchez-Marquez;29/04/2020;;;;;;
258;696;25/08/2024;4427;Sanchez-Marquez;31/08/2020;Fight;into;;;;
258;708;05/07/2022;1322;Sanchez-Marquez;07/04/2020;Wife;far;;;;
258;822;05/06/2023;4812;Sanchez-Marquez;09/03/2020;Issue;in;;;;
258;861;27/05/2025;658;Sanchez-Marquez;12/01/2020;Safe;every;;;;
259;9;19/08/2022;4468;Smith-Ruiz;03/01/2020;Star;land;;;;
259;81;23/06/2024;2882;Smith-Ruiz;20/04/2020;Chair;dark;;;;
259;123;28/05/2021;3711;Smith-Ruiz;28/05/2021;Moment;across;;;;
259;137;29/12/2023;1251;Smith-Ruiz;23/06/2020;Within;seat;;;;
259;193;28/04/2021;1011;Smith-Ruiz;28/09/2020;;;;;;
259;213;02/11/2025;2995;Smith-Ruiz;06/11/2020;Yet;product;;;;
259;225;13/10/2023;1302;Smith-Ruiz;30/01/2020;Book;quality;;;;
259;273;01/05/2024;1220;Smith-Ruiz;13/01/2020;Doctor;admit;;;;
259;290;30/05/2020;1942;Smith-Ruiz;30/05/2020;During;agree;;;;
259;360;02/12/2024;1585;Smith-Ruiz;20/03/2020;Question;walk;;;;
259;394;03/01/2022;3106;Smith-Ruiz;21/12/2021;My;contain;;;;
259;525;04/08/2022;4155;Smith-Ruiz;15/04/2020;;;;;;
259;526;29/02/2024;1747;Smith-Ruiz;23/09/2020;Accept;strong;;;;
259;558;13/01/2026;4911;Smith-Ruiz;12/02/2020;Prepare;wish;;;;
259;602;31/05/2022;2033;Smith-Ruiz;12/02/2020;;;;;;
259;737;30/01/2022;501;Smith-Ruiz;12/02/2020;Sound;and;;;;
259;789;03/07/2020;2952;Smith-Ruiz;07/04/2020;Dinner;upon;;;;
259;884;01/11/2023;1424;Smith-Ruiz;29/01/2020;Bar;opportunity;;;;
259;907;24/07/2022;2519;Smith-Ruiz;22/03/2020;Public;change;;;;
259;954;07/02/2022;2911;Smith-Ruiz;25/04/2020;Our;face;;;;
260;32;01/08/2025;2257;Gallagher;20/01/2022;Event;continue;;;;
260;79;11/12/2022;2381;Gallagher;28/06/2020;Worry;yard;;;;
260;109;21/04/2025;4826;Gallagher;10/07/2020;Media;purpose;;;;
260;169;10/10/2022;611;Gallagher;04/07/2021;Through;military;;;;
260;185;27/06/2021;4023;Gallagher;06/10/2020;Smile;player;;;;
260;248;03/12/2024;4376;Gallagher;04/09/2020;;;;;;
260;283;07/12/2022;1675;Gallagher;26/03/2020;Nature;rise;;;;
260;397;11/09/2020;4474;Gallagher;11/09/2020;;;;;;
260;441;02/09/2023;4323;Gallagher;26/05/2020;;;;;;
260;494;14/03/2020;3205;Gallagher;19/01/2020;;;;;;
260;543;06/10/2025;3439;Gallagher;03/01/2020;Rule;lay;;;;
260;561;03/10/2023;1639;Gallagher;14/04/2021;;;;;;
260;581;28/11/2021;851;Gallagher;23/05/2020;;;;;;
260;661;02/02/2024;1858;Gallagher;27/01/2020;Power;cut;;;;
260;788;10/04/2024;2323;Gallagher;07/08/2021;Throughout;popular;;;;
260;837;24/02/2024;2125;Gallagher;13/01/2021;;;;;;
260;839;25/03/2022;3670;Gallagher;21/08/2021;General;growth;;;;
260;884;27/01/2022;2953;Gallagher;29/01/2020;Bar;opportunity;;;;
260;990;28/11/2020;3496;Gallagher;28/11/2020;;;;;;
261;5;26/09/2024;1923;Webb LLC;14/05/2020;;;;;;
261;173;22/02/2022;608;Webb LLC;14/03/2020;;;;;;
261;178;10/06/2023;844;Webb LLC;30/01/2020;Animal;huge;;;;
261;213;06/11/2021;1043;Webb LLC;06/11/2020;Yet;product;;;;
261;283;30/09/2023;1286;Webb LLC;26/03/2020;Nature;rise;;;;
261;343;28/08/2025;2138;Webb LLC;12/01/2020;;;;;;
261;350;26/01/2025;2853;Webb LLC;08/01/2021;Represent;example;;;;
261;399;02/06/2023;2460;Webb LLC;09/09/2020;Home;difficult;;;;
261;503;20/12/2020;874;Webb LLC;10/09/2020;;;;;;
261;513;01/03/2025;1724;Webb LLC;27/05/2020;;;;;;
261;513;03/12/2024;272;Webb LLC;27/05/2020;;;;;;
261;521;02/01/2022;2806;Webb LLC;14/03/2020;;;;;;
261;586;27/03/2023;3078;Webb LLC;08/02/2020;;;;;;
261;781;31/10/2020;2640;Webb LLC;12/08/2020;Wife;sure;;;;
261;795;05/07/2024;4702;Webb LLC;09/03/2021;Room;thought;;;;
261;868;27/10/2023;2042;Webb LLC;06/06/2020;;;;;;
261;886;17/08/2025;3496;Webb LLC;15/10/2020;Some;street;;;;
261;916;11/01/2020;4615;Webb LLC;11/01/2020;Billion;process;;;;
261;926;15/05/2023;373;Webb LLC;31/07/2020;Health;born;;;;
261;976;27/07/2021;2112;Webb LLC;12/01/2020;;;;;;
262;84;16/04/2023;2268;Lee LLC;16/07/2020;She;marriage;;;;
262;111;14/01/2022;1888;Lee LLC;25/04/2020;;;;;;
262;162;28/10/2024;1083;Lee LLC;16/12/2020;;;;;;
262;216;13/07/2022;580;Lee LLC;03/07/2020;Top;likely;;;;
262;243;28/12/2023;4710;Lee LLC;31/01/2020;First;population;;;;
262;251;22/07/2021;3774;Lee LLC;13/01/2020;Establish;green;;;;
262;342;10/01/2026;4499;Lee LLC;09/09/2020;;;;;;
262;344;17/10/2021;3963;Lee LLC;09/11/2020;;;;;;
262;408;10/11/2021;2094;Lee LLC;27/02/2020;Color;really;;;;
262;446;22/12/2021;751;Lee LLC;01/10/2020;Establish;one;;;;
262;450;23/09/2025;4191;Lee LLC;07/02/2020;After;billion;;;;
262;574;25/07/2020;2486;Lee LLC;03/03/2020;Well;explain;;;;
262;633;10/01/2024;4076;Lee LLC;29/02/2020;Check;reach;;;;
262;693;07/01/2023;186;Lee LLC;05/03/2021;Nothing;traditional;;;;
262;700;29/01/2025;3037;Lee LLC;28/02/2022;;;;;;
262;845;16/04/2021;3842;Lee LLC;23/12/2020;They;herself;;;;
262;850;31/08/2025;303;Lee LLC;04/02/2020;Four;travel;;;;
262;892;25/12/2023;2743;Lee LLC;15/07/2020;;;;;;
262;949;26/08/2024;3774;Lee LLC;25/06/2021;Fight;agent;;;;
262;952;02/01/2022;4448;Lee LLC;08/01/2021;Fire;another;;;;
262;959;28/03/2024;2382;Lee LLC;20/05/2020;Their;read;;;;
262;963;22/07/2020;3375;Lee LLC;22/07/2020;Food;thousand;;;;
263;95;13/12/2024;610;Baker;14/05/2021;Leg;area;;;;
263;102;02/01/2024;4417;Baker;22/06/2020;We;country;;;;
263;143;24/05/2023;852;Baker;12/12/2020;;;;;;
263;144;09/12/2024;2570;Baker;11/12/2020;;;;;;
263;177;27/12/2023;4361;Baker;21/04/2021;Second;actually;;;;
263;202;26/07/2023;2177;Baker;20/10/2020;Number;news;;;;
263;219;18/11/2021;2892;Baker;20/01/2020;;;;;;
263;281;03/02/2020;4453;Baker;03/02/2020;;;;;;
263;309;17/07/2024;2011;Baker;25/12/2020;Wear;radio;;;;
263;318;21/11/2022;2631;Baker;01/07/2020;;;;;;
263;427;10/10/2022;4798;Baker;05/02/2021;;;;;;
263;456;25/01/2025;4307;Baker;03/03/2020;Save;put;;;;
263;511;30/12/2021;3902;Baker;07/07/2020;Either;much;;;;
263;515;21/08/2025;662;Baker;01/06/2020;There;dinner;;;;
263;532;13/08/2024;3669;Baker;23/11/2020;Time;town;;;;
263;556;07/03/2023;2804;Baker;08/03/2020;;;;;;
263;595;25/03/2025;971;Baker;15/02/2021;;;;;;
263;651;01/08/2025;4538;Baker;23/09/2020;Relate;offer;;;;
263;811;06/07/2025;2447;Baker;09/04/2020;;;;;;
263;866;25/04/2024;1017;Baker;31/08/2020;Factor;physical;;;;
263;886;16/06/2025;2695;Baker;15/10/2020;Some;street;;;;
263;895;07/08/2023;4663;Baker;15/01/2020;Eye;husband;;;;
263;954;22/05/2022;3585;Baker;25/04/2020;Our;face;;;;
263;956;26/09/2025;2873;Baker;10/05/2020;;;;;;
264;3;06/08/2024;482;Ponce;24/07/2021;Unit;film;;;;
264;7;09/03/2025;2826;Ponce;27/01/2020;Hair;relate;;;;
264;87;20/02/2020;3670;Ponce;02/02/2020;Responsibility;dream;;;;
264;100;02/10/2023;574;Ponce;15/04/2020;Best;center;;;;
264;101;21/01/2023;3519;Ponce;12/01/2020;Single;well;;;;
264;231;24/11/2024;4840;Ponce;17/12/2020;;;;;;
264;342;09/05/2024;2093;Ponce;09/09/2020;;;;;;
264;358;06/08/2023;4380;Ponce;23/11/2020;Including;similar;;;;
264;380;16/08/2025;3390;Ponce;08/09/2020;;;;;;
264;448;15/03/2024;3503;Ponce;23/07/2022;Morning;I;;;;
264;460;09/06/2022;1668;Ponce;02/04/2020;For;reach;;;;
264;497;09/10/2023;4406;Ponce;16/07/2020;All;nature;;;;
264;582;08/02/2022;2790;Ponce;05/08/2020;Adult;mean;;;;
264;637;26/06/2024;1960;Ponce;23/08/2020;;;;;;
264;733;25/03/2022;2414;Ponce;29/03/2021;Message;police;;;;
264;761;11/10/2024;3344;Ponce;26/01/2020;Company;age;;;;
264;769;15/11/2023;1498;Ponce;23/01/2020;;;;;;
264;846;03/10/2023;2543;Ponce;22/01/2020;Can;various;;;;
264;883;13/02/2026;4937;Ponce;02/02/2020;Process;Crime;;;;
264;911;15/01/2026;1670;Ponce;13/11/2020;Anything;plant;;;;
264;922;02/04/2022;4224;Ponce;29/04/2020;Price;threat;;;;
264;944;13/06/2025;2927;Ponce;03/01/2020;Sort;stage;;;;
265;84;21/06/2023;1744;Wilkinson-Murillo;16/07/2020;She;marriage;;;;
265;96;05/02/2024;2650;Wilkinson-Murillo;15/02/2020;Like;available;;;;
265;111;24/10/2020;3506;Wilkinson-Murillo;25/04/2020;;;;;;
265;115;13/05/2023;3280;Wilkinson-Murillo;31/08/2020;;;;;;
265;146;07/12/2024;2646;Wilkinson-Murillo;06/11/2021;Choose;vote;;;;
265;244;03/12/2021;714;Wilkinson-Murillo;07/06/2020;Military;level;;;;
265;363;03/09/2021;1118;Wilkinson-Murillo;20/04/2020;Her;foreign;;;;
265;366;26/09/2022;2540;Wilkinson-Murillo;03/06/2022;Eye;Mrs;;;;
265;411;22/07/2024;3264;Wilkinson-Murillo;28/07/2020;Board;ground;;;;
265;446;26/02/2024;2524;Wilkinson-Murillo;01/10/2020;Establish;one;;;;
265;452;21/10/2025;1180;Wilkinson-Murillo;11/02/2020;Clearly;message;;;;
265;475;24/01/2023;2918;Wilkinson-Murillo;16/10/2020;Young;without;;;;
265;593;27/01/2020;4572;Wilkinson-Murillo;27/01/2020;Yet;nothing;;;;
265;677;25/08/2023;3709;Wilkinson-Murillo;26/08/2021;Bit;again;;;;
265;764;04/08/2020;3096;Wilkinson-Murillo;04/08/2020;Laugh;send;;;;
265;928;11/10/2022;3879;Wilkinson-Murillo;24/01/2020;Wonder;respond;;;;
266;102;10/10/2020;3776;Green-Wright;22/06/2020;We;country;;;;
266;140;19/09/2025;964;Green-Wright;11/03/2021;Strategy;cover;;;;
266;224;11/10/2022;1328;Green-Wright;12/10/2020;Tonight;brother;;;;
266;253;26/06/2022;2601;Green-Wright;02/09/2021;Various;whether;;;;
266;515;13/04/2023;3106;Green-Wright;01/06/2020;There;dinner;;;;
266;535;30/07/2023;2158;Green-Wright;05/04/2020;Feeling;red;;;;
266;542;02/07/2025;2473;Green-Wright;25/04/2020;Yeah;base;;;;
266;577;23/09/2021;4031;Green-Wright;10/06/2021;Strong;seek;;;;
266;611;01/02/2020;4067;Green-Wright;01/02/2020;Series;seven;;;;
266;617;19/12/2024;3084;Green-Wright;25/02/2020;;;;;;
266;694;20/03/2023;3298;Green-Wright;21/01/2020;Concern;west;;;;
266;782;05/10/2025;2796;Green-Wright;15/07/2021;Success;despite;;;;
266;859;15/09/2021;1379;Green-Wright;12/02/2020;Teach;should;;;;
266;865;14/11/2024;868;Green-Wright;12/05/2020;That;with;;;;
266;925;02/11/2020;1762;Green-Wright;15/04/2020;;;;;;
266;992;05/12/2024;3953;Green-Wright;17/02/2020;Prevent;mother;;;;
267;51;27/09/2022;972;Chang-Lucero;12/01/2020;;;84;actually;54;Cultura Urbana
267;51;27/09/2022;972;Chang-Lucero;12/01/2020;;;62;tax;79;Critica da Arte
267;75;17/02/2020;1748;Chang-Lucero;17/02/2020;Surface;throughout;84;actually;54;Cultura Urbana
267;75;17/02/2020;1748;Chang-Lucero;17/02/2020;Surface;throughout;62;tax;79;Critica da Arte
267;104;04/05/2023;2709;Chang-Lucero;07/07/2020;Concern;stay;84;actually;54;Cultura Urbana
267;104;04/05/2023;2709;Chang-Lucero;07/07/2020;Concern;stay;62;tax;79;Critica da Arte
267;214;11/08/2020;3655;Chang-Lucero;26/03/2020;Moment;cut;84;actually;54;Cultura Urbana
267;214;11/08/2020;3655;Chang-Lucero;26/03/2020;Moment;cut;62;tax;79;Critica da Arte
267;278;31/07/2021;1637;Chang-Lucero;01/03/2020;;;84;actually;54;Cultura Urbana
267;278;31/07/2021;1637;Chang-Lucero;01/03/2020;;;62;tax;79;Critica da Arte
267;309;19/02/2024;2129;Chang-Lucero;25/12/2020;Wear;radio;84;actually;54;Cultura Urbana
267;309;19/02/2024;2129;Chang-Lucero;25/12/2020;Wear;radio;62;tax;79;Critica da Arte
267;310;23/01/2025;1848;Chang-Lucero;03/10/2020;;;84;actually;54;Cultura Urbana
267;310;23/01/2025;1848;Chang-Lucero;03/10/2020;;;62;tax;79;Critica da Arte
267;350;28/02/2021;4424;Chang-Lucero;08/01/2021;Represent;example;84;actually;54;Cultura Urbana
267;350;28/02/2021;4424;Chang-Lucero;08/01/2021;Represent;example;62;tax;79;Critica da Arte
267;363;06/02/2022;2994;Chang-Lucero;20/04/2020;Her;foreign;84;actually;54;Cultura Urbana
267;363;06/02/2022;2994;Chang-Lucero;20/04/2020;Her;foreign;62;tax;79;Critica da Arte
267;379;31/01/2020;1721;Chang-Lucero;31/01/2020;Learn;husband;84;actually;54;Cultura Urbana
267;379;31/01/2020;1721;Chang-Lucero;31/01/2020;Learn;husband;62;tax;79;Critica da Arte
267;632;27/04/2021;3608;Chang-Lucero;11/02/2020;Although;book;84;actually;54;Cultura Urbana
267;632;27/04/2021;3608;Chang-Lucero;11/02/2020;Although;book;62;tax;79;Critica da Arte
267;689;22/12/2020;567;Chang-Lucero;29/07/2020;Growth;sport;84;actually;54;Cultura Urbana
267;689;22/12/2020;567;Chang-Lucero;29/07/2020;Growth;sport;62;tax;79;Critica da Arte
267;754;30/08/2020;3162;Chang-Lucero;30/08/2020;That;country;84;actually;54;Cultura Urbana
267;754;30/08/2020;3162;Chang-Lucero;30/08/2020;That;country;62;tax;79;Critica da Arte
267;797;26/08/2022;4634;Chang-Lucero;07/01/2020;Quickly;top;84;actually;54;Cultura Urbana
267;797;26/08/2022;4634;Chang-Lucero;07/01/2020;Quickly;top;62;tax;79;Critica da Arte
267;831;05/02/2026;996;Chang-Lucero;04/03/2020;Available;arrive;84;actually;54;Cultura Urbana
267;831;05/02/2026;996;Chang-Lucero;04/03/2020;Available;arrive;62;tax;79;Critica da Arte
268;87;31/12/2024;1865;Robles LLC;02/02/2020;Responsibility;dream;151;look;101;Arte Contemporânea
268;134;17/02/2020;3557;Robles LLC;17/02/2020;Some;both;151;look;101;Arte Contemporânea
268;255;25/06/2020;3911;Robles LLC;19/02/2020;Music;ability;151;look;101;Arte Contemporânea
268;288;16/01/2025;2496;Robles LLC;31/01/2020;Sea;understand;151;look;101;Arte Contemporânea
268;334;16/05/2022;1694;Robles LLC;29/01/2022;Build;term;151;look;101;Arte Contemporânea
268;348;09/04/2025;4660;Robles LLC;19/02/2020;Almost;fine;151;look;101;Arte Contemporânea
268;406;22/04/2025;2788;Robles LLC;10/11/2020;Fight;sometimes;151;look;101;Arte Contemporânea
268;449;11/01/2024;696;Robles LLC;03/01/2020;Get;to;151;look;101;Arte Contemporânea
268;484;06/10/2021;3735;Robles LLC;25/03/2020;Maybe;possible;151;look;101;Arte Contemporânea
268;494;01/11/2025;806;Robles LLC;19/01/2020;;;151;look;101;Arte Contemporânea
268;497;16/07/2020;3954;Robles LLC;16/07/2020;All;nature;151;look;101;Arte Contemporânea
268;553;16/01/2025;2937;Robles LLC;20/12/2020;Claim;news;151;look;101;Arte Contemporânea
268;585;12/01/2021;339;Robles LLC;21/06/2020;Opportunity;ok;151;look;101;Arte Contemporânea
268;623;03/12/2025;240;Robles LLC;28/05/2022;;;151;look;101;Arte Contemporânea
268;650;31/01/2024;2865;Robles LLC;07/05/2020;Perform;entire;151;look;101;Arte Contemporânea
268;697;17/04/2022;2993;Robles LLC;06/08/2020;;;151;look;101;Arte Contemporânea
268;761;17/11/2022;4185;Robles LLC;26/01/2020;Company;age;151;look;101;Arte Contemporânea
268;908;02/04/2025;4062;Robles LLC;19/08/2020;All;during;151;look;101;Arte Contemporânea
268;997;23/11/2023;4450;Robles LLC;06/12/2021;Pass;her;151;look;101;Arte Contemporânea
269;18;23/06/2023;1978;Nichols-Reynolds;30/01/2020;;;;;;
269;21;05/10/2023;1730;Nichols-Reynolds;25/03/2020;;;;;;
269;59;31/12/2021;2704;Nichols-Reynolds;07/01/2020;Reason;than;;;;
269;188;01/04/2023;3544;Nichols-Reynolds;31/12/2020;;;;;;
269;235;25/03/2025;3543;Nichols-Reynolds;01/04/2021;Down;him;;;;
269;245;04/02/2021;4732;Nichols-Reynolds;08/01/2020;;;;;;
269;352;16/07/2021;3248;Nichols-Reynolds;07/08/2020;Suddenly;boy;;;;
269;353;10/04/2023;3497;Nichols-Reynolds;01/05/2020;Kitchen;sign;;;;
269;376;05/12/2022;1524;Nichols-Reynolds;12/04/2020;Artist;seek;;;;
269;439;16/10/2020;4140;Nichols-Reynolds;06/01/2020;Financial;east;;;;
269;485;19/03/2025;1674;Nichols-Reynolds;31/01/2020;Answer;woman;;;;
269;487;11/01/2021;1073;Nichols-Reynolds;17/07/2020;Become;heavy;;;;
269;679;03/09/2025;3212;Nichols-Reynolds;27/04/2020;Word;hard;;;;
269;697;24/09/2025;1626;Nichols-Reynolds;06/08/2020;;;;;;
269;807;20/11/2024;1286;Nichols-Reynolds;05/06/2020;;;;;;
269;895;18/07/2022;4421;Nichols-Reynolds;15/01/2020;Eye;husband;;;;
269;919;29/04/2024;2952;Nichols-Reynolds;04/06/2020;Low;word;;;;
269;938;25/08/2021;4526;Nichols-Reynolds;25/08/2021;American;but;;;;
270;97;31/03/2020;4732;Yang-Fischer;31/03/2020;Edge;use;;;;
270;255;01/07/2021;2568;Yang-Fischer;19/02/2020;Music;ability;;;;
270;286;28/01/2025;3506;Yang-Fischer;16/05/2021;Property;notice;;;;
270;287;31/10/2024;1917;Yang-Fischer;28/05/2020;Budget;understand;;;;
270;372;15/11/2020;910;Yang-Fischer;18/01/2020;;;;;;
270;383;26/06/2021;3558;Yang-Fischer;17/02/2020;Anything;station;;;;
270;419;11/11/2020;3030;Yang-Fischer;13/07/2020;;;;;;
270;445;09/05/2023;3705;Yang-Fischer;26/06/2020;Measure;skin;;;;
270;586;16/03/2020;3064;Yang-Fischer;08/02/2020;;;;;;
270;684;26/12/2023;4874;Yang-Fischer;04/05/2022;Often;material;;;;
270;826;21/09/2023;1562;Yang-Fischer;01/07/2021;;;;;;
270;879;19/10/2025;3465;Yang-Fischer;26/04/2020;Interesting;board;;;;
270;895;11/06/2021;3775;Yang-Fischer;15/01/2020;Eye;husband;;;;
270;949;01/01/2023;1723;Yang-Fischer;25/06/2021;Fight;agent;;;;
270;955;03/09/2021;3196;Yang-Fischer;13/02/2020;;;;;;
270;994;13/03/2022;441;Yang-Fischer;16/07/2021;Security;challenge;;;;
271;124;26/10/2020;378;Stewart Inc;18/08/2020;Friend;prevent;;;;
271;175;18/03/2023;4297;Stewart Inc;22/01/2020;;;;;;
271;209;30/12/2025;3449;Stewart Inc;06/01/2020;Draw;adult;;;;
271;215;05/04/2025;4003;Stewart Inc;05/01/2020;;;;;;
271;241;18/12/2023;2258;Stewart Inc;10/06/2021;Clearly;serious;;;;
271;244;01/11/2021;1233;Stewart Inc;07/06/2020;Military;level;;;;
271;410;16/02/2022;1345;Stewart Inc;10/04/2020;Evening;throughout;;;;
271;438;18/12/2025;2001;Stewart Inc;13/01/2020;West;language;;;;
271;563;19/09/2022;2633;Stewart Inc;18/05/2020;;;;;;
271;710;26/03/2021;1409;Stewart Inc;11/06/2020;;;;;;
271;776;11/08/2023;840;Stewart Inc;06/08/2020;;;;;;
271;786;03/02/2025;2190;Stewart Inc;06/05/2020;Move;dream;;;;
271;806;12/04/2025;1515;Stewart Inc;14/05/2021;Prevent;national;;;;
271;879;26/04/2021;2561;Stewart Inc;26/04/2020;Interesting;board;;;;
271;952;13/04/2023;497;Stewart Inc;08/01/2021;Fire;another;;;;
271;985;25/08/2021;3277;Stewart Inc;25/08/2021;Detail;speech;;;;
272;98;26/09/2024;2423;Hull-Steele;20/04/2020;Recent;kind;;;;
272;109;11/11/2024;990;Hull-Steele;10/07/2020;Media;purpose;;;;
272;137;17/12/2021;772;Hull-Steele;23/06/2020;Within;seat;;;;
272;216;21/02/2022;2346;Hull-Steele;03/07/2020;Top;likely;;;;
272;264;20/08/2022;4020;Hull-Steele;14/12/2020;Sport;case;;;;
272;274;06/09/2020;706;Hull-Steele;12/01/2020;;;;;;
272;409;24/04/2022;1391;Hull-Steele;09/04/2021;Public;he;;;;
272;444;21/05/2023;1236;Hull-Steele;12/03/2020;Development;despite;;;;
272;448;23/07/2022;855;Hull-Steele;23/07/2022;Morning;I;;;;
272;478;09/07/2023;2637;Hull-Steele;16/03/2020;Common;cold;;;;
272;512;25/07/2024;2701;Hull-Steele;17/05/2020;;;;;;
272;514;25/05/2024;2784;Hull-Steele;22/08/2020;;;;;;
272;536;17/03/2022;1678;Hull-Steele;08/03/2020;Beat;factor;;;;
272;589;07/03/2024;2682;Hull-Steele;13/07/2020;Necessary;far;;;;
272;629;14/10/2025;4010;Hull-Steele;12/05/2020;;;;;;
272;717;06/09/2025;738;Hull-Steele;05/04/2020;Think;future;;;;
272;761;09/12/2020;3698;Hull-Steele;26/01/2020;Company;age;;;;
272;799;12/10/2023;2609;Hull-Steele;12/06/2020;;;;;;
272;849;26/02/2025;4599;Hull-Steele;01/02/2020;;;;;;
272;915;04/12/2021;3891;Hull-Steele;02/03/2020;But;forget;;;;
273;14;12/06/2025;2771;Lindsey-Jackson;30/01/2020;Billion;hair;;;;
273;33;26/10/2020;626;Lindsey-Jackson;27/04/2020;;;;;;
273;46;26/01/2021;1140;Lindsey-Jackson;26/01/2021;Authority;artist;;;;
273;238;23/12/2021;4118;Lindsey-Jackson;17/10/2021;;;;;;
273;272;18/08/2024;1851;Lindsey-Jackson;25/04/2020;Glass;outside;;;;
273;349;08/09/2022;584;Lindsey-Jackson;16/07/2021;;;;;;
273;363;20/04/2020;4832;Lindsey-Jackson;20/04/2020;Her;foreign;;;;
273;469;21/11/2025;2366;Lindsey-Jackson;02/03/2022;Individual;whatever;;;;
273;504;22/12/2025;2892;Lindsey-Jackson;11/06/2022;Baby;energy;;;;
273;661;31/07/2020;1311;Lindsey-Jackson;27/01/2020;Power;cut;;;;
273;737;12/02/2020;3077;Lindsey-Jackson;12/02/2020;Sound;and;;;;
273;752;05/08/2020;179;Lindsey-Jackson;05/08/2020;South;season;;;;
273;798;05/02/2022;2937;Lindsey-Jackson;11/08/2021;;;;;;
273;802;21/07/2025;2467;Lindsey-Jackson;18/02/2020;Hard;cost;;;;
273;802;12/08/2022;354;Lindsey-Jackson;18/02/2020;Hard;cost;;;;
273;843;22/11/2021;1127;Lindsey-Jackson;26/05/2020;Service;sense;;;;
273;985;23/07/2022;1365;Lindsey-Jackson;25/08/2021;Detail;speech;;;;
274;93;23/05/2022;2453;Colon-Knapp;27/04/2021;Painting;away;19;similar;101;Arte Contemporânea
274;158;26/06/2020;1792;Colon-Knapp;05/04/2020;;;19;similar;101;Arte Contemporânea
274;213;19/12/2023;3398;Colon-Knapp;06/11/2020;Yet;product;19;similar;101;Arte Contemporânea
274;258;24/12/2025;4785;Colon-Knapp;12/04/2021;Enough;buy;19;similar;101;Arte Contemporânea
274;262;13/12/2020;3991;Colon-Knapp;01/01/2020;Kind;pick;19;similar;101;Arte Contemporânea
274;265;25/09/2021;2678;Colon-Knapp;24/02/2020;Third;girl;19;similar;101;Arte Contemporânea
274;307;13/11/2022;4494;Colon-Knapp;02/11/2020;Second;fill;19;similar;101;Arte Contemporânea
274;313;16/09/2024;1402;Colon-Knapp;02/05/2021;;;19;similar;101;Arte Contemporânea
274;511;04/05/2021;3752;Colon-Knapp;07/07/2020;Either;much;19;similar;101;Arte Contemporânea
274;595;18/06/2025;133;Colon-Knapp;15/02/2021;;;19;similar;101;Arte Contemporânea
274;648;18/02/2024;1562;Colon-Knapp;13/03/2020;Fish;high;19;similar;101;Arte Contemporânea
274;653;15/01/2023;4482;Colon-Knapp;19/01/2021;;;19;similar;101;Arte Contemporânea
274;672;08/02/2025;4720;Colon-Knapp;03/01/2020;Once;yeah;19;similar;101;Arte Contemporânea
274;736;10/07/2024;1488;Colon-Knapp;25/07/2020;Among;official;19;similar;101;Arte Contemporânea
274;751;04/01/2024;289;Colon-Knapp;28/04/2020;Report;turn;19;similar;101;Arte Contemporânea
274;821;23/07/2025;2345;Colon-Knapp;31/07/2020;Dog;decide;19;similar;101;Arte Contemporânea
274;841;22/11/2020;197;Colon-Knapp;05/08/2020;Old;investment;19;similar;101;Arte Contemporânea
274;853;11/11/2025;2503;Colon-Knapp;17/03/2020;Office;eye;19;similar;101;Arte Contemporânea
274;854;01/02/2022;1912;Colon-Knapp;01/02/2022;;;19;similar;101;Arte Contemporânea
274;917;01/06/2024;4165;Colon-Knapp;25/05/2020;;;19;similar;101;Arte Contemporânea
275;127;08/01/2021;964;Barron-Castro;14/08/2020;Wait;show;191;shoulder;366;Desenvolvimento e Estudos Culturais
275;130;04/07/2023;1283;Barron-Castro;02/08/2020;Morning;real;191;shoulder;366;Desenvolvimento e Estudos Culturais
275;221;09/03/2023;3656;Barron-Castro;05/06/2020;Move;board;191;shoulder;366;Desenvolvimento e Estudos Culturais
275;290;29/05/2022;4149;Barron-Castro;30/05/2020;During;agree;191;shoulder;366;Desenvolvimento e Estudos Culturais
275;295;13/12/2020;2305;Barron-Castro;13/12/2020;;;191;shoulder;366;Desenvolvimento e Estudos Culturais
275;321;13/07/2021;761;Barron-Castro;04/06/2020;;;191;shoulder;366;Desenvolvimento e Estudos Culturais
275;392;21/01/2023;495;Barron-Castro;04/01/2021;Budget;because;191;shoulder;366;Desenvolvimento e Estudos Culturais
275;392;26/01/2026;3543;Barron-Castro;04/01/2021;Budget;because;191;shoulder;366;Desenvolvimento e Estudos Culturais
275;403;20/04/2025;2285;Barron-Castro;30/01/2020;Goal;interest;191;shoulder;366;Desenvolvimento e Estudos Culturais
275;406;10/11/2020;4675;Barron-Castro;10/11/2020;Fight;sometimes;191;shoulder;366;Desenvolvimento e Estudos Culturais
275;413;29/01/2025;3631;Barron-Castro;08/11/2020;Stop;country;191;shoulder;366;Desenvolvimento e Estudos Culturais
275;495;26/09/2025;3211;Barron-Castro;06/05/2020;Spring;standard;191;shoulder;366;Desenvolvimento e Estudos Culturais
275;511;23/10/2022;2477;Barron-Castro;07/07/2020;Either;much;191;shoulder;366;Desenvolvimento e Estudos Culturais
275;520;16/02/2022;2210;Barron-Castro;05/12/2020;Green;cultural;191;shoulder;366;Desenvolvimento e Estudos Culturais
275;537;17/08/2021;4607;Barron-Castro;07/04/2020;Cost;outside;191;shoulder;366;Desenvolvimento e Estudos Culturais
275;559;06/09/2024;1121;Barron-Castro;16/01/2020;Where;interview;191;shoulder;366;Desenvolvimento e Estudos Culturais
275;634;11/02/2020;4182;Barron-Castro;11/02/2020;Ever;employee;191;shoulder;366;Desenvolvimento e Estudos Culturais
275;717;28/02/2024;2814;Barron-Castro;05/04/2020;Think;future;191;shoulder;366;Desenvolvimento e Estudos Culturais
275;781;30/07/2024;395;Barron-Castro;12/08/2020;Wife;sure;191;shoulder;366;Desenvolvimento e Estudos Culturais
275;782;16/06/2025;1282;Barron-Castro;15/07/2021;Success;despite;191;shoulder;366;Desenvolvimento e Estudos Culturais
275;880;08/09/2020;2644;Barron-Castro;21/08/2020;Rock;season;191;shoulder;366;Desenvolvimento e Estudos Culturais
275;886;09/06/2025;2689;Barron-Castro;15/10/2020;Some;street;191;shoulder;366;Desenvolvimento e Estudos Culturais
275;889;14/05/2021;1053;Barron-Castro;23/10/2020;Yard;white;191;shoulder;366;Desenvolvimento e Estudos Culturais
275;953;22/12/2023;1326;Barron-Castro;03/09/2020;Involve;interest;191;shoulder;366;Desenvolvimento e Estudos Culturais
275;970;11/02/2022;3628;Barron-Castro;27/04/2020;Onto;peace;191;shoulder;366;Desenvolvimento e Estudos Culturais
275;986;29/12/2025;2073;Barron-Castro;10/04/2020;Appear;career;191;shoulder;366;Desenvolvimento e Estudos Culturais
275;991;26/03/2024;2661;Barron-Castro;23/08/2020;Most;today;191;shoulder;366;Desenvolvimento e Estudos Culturais
276;65;01/01/2021;4336;Sanchez PLC;01/01/2021;Possible;network;;;;
276;79;12/06/2021;2785;Sanchez PLC;28/06/2020;Worry;yard;;;;
276;136;18/05/2025;3329;Sanchez PLC;22/08/2020;Reason;early;;;;
276;150;14/06/2025;3670;Sanchez PLC;15/06/2020;Take;do;;;;
276;173;04/11/2020;3241;Sanchez PLC;14/03/2020;;;;;;
276;318;23/01/2022;2677;Sanchez PLC;01/07/2020;;;;;;
276;320;03/05/2023;904;Sanchez PLC;04/02/2021;Happy;American;;;;
276;388;31/07/2024;4786;Sanchez PLC;25/01/2021;Everyone;him;;;;
276;398;15/09/2022;3926;Sanchez PLC;06/01/2020;Authority;treatment;;;;
276;404;05/12/2021;4402;Sanchez PLC;09/03/2020;Blood;treat;;;;
276;431;13/01/2021;3352;Sanchez PLC;03/04/2020;Appear;agency;;;;
276;444;27/06/2025;4711;Sanchez PLC;12/03/2020;Development;despite;;;;
276;556;19/12/2020;1737;Sanchez PLC;08/03/2020;;;;;;
276;602;26/09/2021;1390;Sanchez PLC;12/02/2020;;;;;;
276;650;31/07/2023;824;Sanchez PLC;07/05/2020;Perform;entire;;;;
276;657;03/03/2023;1731;Sanchez PLC;16/01/2020;Will;pay;;;;
276;847;23/11/2020;1815;Sanchez PLC;20/01/2020;No;wall;;;;
276;860;07/04/2020;2107;Sanchez PLC;07/04/2020;Push;yard;;;;
276;867;17/07/2023;2186;Sanchez PLC;11/03/2020;Standard;maybe;;;;
276;873;09/12/2021;137;Sanchez PLC;18/01/2021;Into;ask;;;;
276;900;09/12/2025;2544;Sanchez PLC;05/04/2021;Rule;middle;;;;
276;910;28/08/2021;1201;Sanchez PLC;05/07/2021;Rise;according;;;;
276;977;26/09/2021;2163;Sanchez PLC;14/06/2020;Local;look;;;;
276;983;14/10/2024;1589;Sanchez PLC;30/06/2020;Black;thus;;;;
277;71;18/09/2020;179;Wong PLC;04/04/2020;Bank;standard;;;;
277;89;23/06/2025;2167;Wong PLC;08/04/2020;Involve;term;;;;
277;110;27/02/2020;3037;Wong PLC;27/02/2020;Thus;heavy;;;;
277;128;20/09/2023;3696;Wong PLC;03/10/2020;Hour;out;;;;
277;131;02/07/2021;2186;Wong PLC;02/07/2021;List;perhaps;;;;
277;140;31/05/2024;1826;Wong PLC;11/03/2021;Strategy;cover;;;;
277;234;19/05/2020;4778;Wong PLC;19/05/2020;Administration;arm;;;;
277;271;15/06/2024;4569;Wong PLC;10/03/2021;Create;garden;;;;
277;275;07/06/2024;355;Wong PLC;19/04/2020;;;;;;
277;276;23/10/2025;724;Wong PLC;08/01/2020;Chair;design;;;;
277;337;18/10/2021;3647;Wong PLC;22/12/2020;Example;chance;;;;
277;346;12/04/2025;2303;Wong PLC;15/07/2020;Yard;member;;;;
277;369;14/10/2020;1608;Wong PLC;27/04/2020;This;already;;;;
277;443;11/01/2023;1251;Wong PLC;01/05/2020;How;such;;;;
277;446;18/12/2022;1617;Wong PLC;01/10/2020;Establish;one;;;;
277;498;26/04/2020;2595;Wong PLC;26/04/2020;;;;;;
277;527;19/12/2020;1468;Wong PLC;20/11/2020;Important;available;;;;
277;551;20/05/2020;230;Wong PLC;03/03/2020;Data;Republican;;;;
277;585;21/04/2021;1599;Wong PLC;21/06/2020;Opportunity;ok;;;;
277;620;22/02/2020;2719;Wong PLC;21/02/2020;;;;;;
277;693;16/05/2022;2348;Wong PLC;05/03/2021;Nothing;traditional;;;;
277;728;05/08/2021;1116;Wong PLC;30/01/2020;Fine;possible;;;;
277;751;01/02/2021;1633;Wong PLC;28/04/2020;Report;turn;;;;
277;812;13/11/2021;2519;Wong PLC;20/03/2020;;;;;;
277;883;20/09/2021;2547;Wong PLC;02/02/2020;Process;Crime;;;;
277;904;22/05/2024;399;Wong PLC;22/12/2020;Sometimes;mean;;;;
277;931;19/07/2022;975;Wong PLC;04/07/2022;Drop;water;;;;
277;963;11/01/2024;243;Wong PLC;22/07/2020;Food;thousand;;;;
277;995;05/02/2021;2249;Wong PLC;16/04/2020;Assume;and;;;;
278;27;01/02/2022;3680;Evans Inc;12/05/2021;Agree;open;;;;
278;212;04/03/2020;2436;Evans Inc;04/03/2020;;;;;;
278;223;10/03/2024;2260;Evans Inc;10/03/2020;;;;;;
278;310;09/04/2024;4742;Evans Inc;03/10/2020;;;;;;
278;376;09/05/2023;3056;Evans Inc;12/04/2020;Artist;seek;;;;
278;428;08/07/2024;3366;Evans Inc;03/03/2020;Me;across;;;;
278;439;15/06/2020;2707;Evans Inc;06/01/2020;Financial;east;;;;
278;447;19/06/2025;2545;Evans Inc;05/09/2020;Argue;rock;;;;
278;478;14/06/2022;446;Evans Inc;16/03/2020;Common;cold;;;;
278;519;13/07/2025;1514;Evans Inc;06/09/2020;Leader;technology;;;;
278;671;21/11/2021;3034;Evans Inc;20/01/2020;;;;;;
278;686;09/10/2024;1435;Evans Inc;10/10/2020;Human;vote;;;;
278;724;31/01/2022;4096;Evans Inc;21/02/2020;;;;;;
278;739;27/05/2021;498;Evans Inc;01/04/2020;Pull;beautiful;;;;
278;768;19/02/2024;2892;Evans Inc;30/11/2021;Generation;claim;;;;
278;832;30/09/2023;353;Evans Inc;08/09/2020;;;;;;
278;865;07/07/2022;4596;Evans Inc;12/05/2020;That;with;;;;
278;876;10/01/2025;1788;Evans Inc;12/08/2020;In;ever;;;;
278;927;20/12/2023;2919;Evans Inc;02/03/2020;;;;;;
278;952;24/10/2022;1037;Evans Inc;08/01/2021;Fire;another;;;;
279;178;17/08/2025;764;Chapman-Simmons;30/01/2020;Animal;huge;;;;
279;410;26/03/2022;3255;Chapman-Simmons;10/04/2020;Evening;throughout;;;;
279;507;14/08/2022;3167;Chapman-Simmons;07/05/2020;Own;line;;;;
279;697;12/11/2022;1132;Chapman-Simmons;06/08/2020;;;;;;
279;702;03/05/2020;4263;Chapman-Simmons;23/01/2020;He;desCribe;;;;
279;803;11/04/2025;1078;Chapman-Simmons;28/06/2020;Also;source;;;;
279;827;01/04/2022;4108;Chapman-Simmons;03/12/2020;Soldier;throughout;;;;
279;840;31/08/2023;1614;Chapman-Simmons;14/03/2020;Consider;people;;;;
279;909;18/05/2024;2201;Chapman-Simmons;16/07/2020;At;various;;;;
280;43;11/09/2022;2539;Saunders Inc;01/10/2020;Range;specific;158;personal;54;Cultura Urbana
280;131;28/12/2025;1537;Saunders Inc;02/07/2021;List;perhaps;158;personal;54;Cultura Urbana
280;148;03/12/2023;4437;Saunders Inc;12/01/2020;Pm;successful;158;personal;54;Cultura Urbana
280;158;24/05/2025;4247;Saunders Inc;05/04/2020;;;158;personal;54;Cultura Urbana
280;170;19/01/2020;1125;Saunders Inc;19/01/2020;Wind;top;158;personal;54;Cultura Urbana
280;248;21/12/2022;931;Saunders Inc;04/09/2020;;;158;personal;54;Cultura Urbana
280;322;11/10/2025;2271;Saunders Inc;22/01/2023;;;158;personal;54;Cultura Urbana
280;482;21/05/2021;2644;Saunders Inc;11/01/2020;;;158;personal;54;Cultura Urbana
280;543;13/03/2023;813;Saunders Inc;03/01/2020;Rule;lay;158;personal;54;Cultura Urbana
280;555;06/09/2020;4807;Saunders Inc;10/02/2020;;;158;personal;54;Cultura Urbana
280;571;15/05/2023;3821;Saunders Inc;07/09/2020;;;158;personal;54;Cultura Urbana
280;713;11/11/2022;1781;Saunders Inc;28/02/2020;Drug;talk;158;personal;54;Cultura Urbana
280;876;26/06/2024;2034;Saunders Inc;12/08/2020;In;ever;158;personal;54;Cultura Urbana
280;947;16/08/2025;2611;Saunders Inc;13/06/2020;Quite;last;158;personal;54;Cultura Urbana
280;986;21/04/2025;4823;Saunders Inc;10/04/2020;Appear;career;158;personal;54;Cultura Urbana
281;37;15/12/2024;3877;Hayes-Miller;18/06/2020;Box;land;;;;
281;63;18/02/2020;1896;Hayes-Miller;18/02/2020;;;;;;
281;106;28/07/2021;942;Hayes-Miller;20/01/2020;Peace;add;;;;
281;147;22/06/2021;2493;Hayes-Miller;24/01/2020;;;;;;
281;154;28/09/2025;3151;Hayes-Miller;28/12/2020;;;;;;
281;166;19/12/2025;4420;Hayes-Miller;25/10/2020;Director;feel;;;;
281;192;17/10/2020;2225;Hayes-Miller;17/10/2020;;;;;;
281;245;15/04/2020;3559;Hayes-Miller;08/01/2020;;;;;;
281;290;03/07/2020;1860;Hayes-Miller;30/05/2020;During;agree;;;;
281;537;25/10/2023;539;Hayes-Miller;07/04/2020;Cost;outside;;;;
281;569;12/09/2021;196;Hayes-Miller;06/07/2021;Degree;day;;;;
281;618;25/12/2022;1245;Hayes-Miller;27/06/2020;;;;;;
281;652;13/09/2023;202;Hayes-Miller;18/02/2020;School;public;;;;
281;657;02/12/2020;947;Hayes-Miller;16/01/2020;Will;pay;;;;
281;728;25/01/2022;3019;Hayes-Miller;30/01/2020;Fine;possible;;;;
281;900;12/08/2025;403;Hayes-Miller;05/04/2021;Rule;middle;;;;
281;980;22/04/2020;3794;Hayes-Miller;22/04/2020;Meeting;who;;;;
281;980;24/08/2025;4518;Hayes-Miller;22/04/2020;Meeting;who;;;;
282;52;05/01/2020;1265;Thomas LLC;05/01/2020;;;;;;
282;126;08/01/2020;2956;Thomas LLC;08/01/2020;Purpose;top;;;;
282;140;30/12/2024;3445;Thomas LLC;11/03/2021;Strategy;cover;;;;
282;260;19/04/2020;3980;Thomas LLC;19/04/2020;Expert;knowledge;;;;
282;264;19/07/2025;466;Thomas LLC;14/12/2020;Sport;case;;;;
282;266;18/09/2025;4508;Thomas LLC;13/03/2020;Seek;boy;;;;
282;279;11/02/2022;2361;Thomas LLC;03/07/2021;These;news;;;;
282;410;21/07/2022;2046;Thomas LLC;10/04/2020;Evening;throughout;;;;
282;441;29/07/2025;1159;Thomas LLC;26/05/2020;;;;;;
282;522;09/05/2024;820;Thomas LLC;30/01/2020;Laugh;else;;;;
282;580;01/09/2022;1014;Thomas LLC;22/03/2020;Feel;bad;;;;
282;581;03/02/2026;1437;Thomas LLC;23/05/2020;;;;;;
282;644;06/05/2024;154;Thomas LLC;30/11/2020;;;;;;
282;674;30/09/2024;3382;Thomas LLC;19/11/2022;Pay;generation;;;;
282;685;21/11/2024;4963;Thomas LLC;16/01/2021;Manage;situation;;;;
282;846;20/11/2025;3811;Thomas LLC;22/01/2020;Can;various;;;;
282;875;01/02/2023;4342;Thomas LLC;29/04/2020;;;;;;
282;958;22/01/2025;4015;Thomas LLC;29/11/2020;;;;;;
283;50;22/02/2025;2659;Haynes Group;01/01/2020;Book;difference;;;;
283;412;24/06/2020;4867;Haynes Group;24/06/2020;Night;third;;;;
283;507;14/10/2021;2909;Haynes Group;07/05/2020;Own;line;;;;
283;526;29/01/2026;3327;Haynes Group;23/09/2020;Accept;strong;;;;
283;538;02/12/2020;3501;Haynes Group;02/12/2020;Particularly;group;;;;
283;550;23/11/2021;2722;Haynes Group;24/04/2020;;;;;;
283;686;18/12/2024;3053;Haynes Group;10/10/2020;Human;vote;;;;
283;734;16/01/2020;2517;Haynes Group;16/01/2020;Clearly;safe;;;;
283;755;11/08/2023;3917;Haynes Group;22/01/2020;Hand;without;;;;
283;894;15/10/2022;663;Haynes Group;11/09/2020;Scientist;tax;;;;
284;96;22/06/2024;3850;Sanchez Inc;15/02/2020;Like;available;33;opportunity;366;Desenvolvimento e Estudos Culturais
284;111;31/07/2024;944;Sanchez Inc;25/04/2020;;;33;opportunity;366;Desenvolvimento e Estudos Culturais
284;137;25/08/2023;1395;Sanchez Inc;23/06/2020;Within;seat;33;opportunity;366;Desenvolvimento e Estudos Culturais
284;168;01/04/2022;4023;Sanchez Inc;03/03/2020;Mrs;cover;33;opportunity;366;Desenvolvimento e Estudos Culturais
284;175;05/02/2022;2396;Sanchez Inc;22/01/2020;;;33;opportunity;366;Desenvolvimento e Estudos Culturais
284;179;29/08/2024;2049;Sanchez Inc;18/08/2021;Organization;tree;33;opportunity;366;Desenvolvimento e Estudos Culturais
284;252;21/05/2023;3708;Sanchez Inc;16/10/2021;Clear;clearly;33;opportunity;366;Desenvolvimento e Estudos Culturais
284;355;10/03/2020;503;Sanchez Inc;10/03/2020;Dark;future;33;opportunity;366;Desenvolvimento e Estudos Culturais
284;484;25/03/2020;3854;Sanchez Inc;25/03/2020;Maybe;possible;33;opportunity;366;Desenvolvimento e Estudos Culturais
284;518;08/06/2021;731;Sanchez Inc;25/09/2020;Administration;have;33;opportunity;366;Desenvolvimento e Estudos Culturais
284;607;16/04/2024;4254;Sanchez Inc;06/03/2021;Much;alone;33;opportunity;366;Desenvolvimento e Estudos Culturais
284;659;13/11/2023;2678;Sanchez Inc;20/01/2020;Table;page;33;opportunity;366;Desenvolvimento e Estudos Culturais
284;740;22/05/2021;4635;Sanchez Inc;18/05/2020;Side;ok;33;opportunity;366;Desenvolvimento e Estudos Culturais
284;948;22/06/2020;2009;Sanchez Inc;02/04/2020;Quality;successful;33;opportunity;366;Desenvolvimento e Estudos Culturais
284;964;20/07/2025;3765;Sanchez Inc;04/06/2021;;;33;opportunity;366;Desenvolvimento e Estudos Culturais
285;30;29/06/2025;4630;Bryan-Fox;15/03/2020;Conference;product;;;;
285;155;16/02/2026;1251;Bryan-Fox;08/10/2021;Man;religious;;;;
285;288;06/05/2024;1748;Bryan-Fox;31/01/2020;Sea;understand;;;;
285;310;07/11/2021;2056;Bryan-Fox;03/10/2020;;;;;;
285;330;12/02/2025;455;Bryan-Fox;07/03/2020;Out;character;;;;
285;405;04/05/2023;3828;Bryan-Fox;22/06/2020;Time;sing;;;;
285;494;21/05/2022;847;Bryan-Fox;19/01/2020;;;;;;
285;562;08/11/2021;4115;Bryan-Fox;22/01/2020;;;;;;
285;916;29/06/2025;1580;Bryan-Fox;11/01/2020;Billion;process;;;;
285;937;08/10/2023;4892;Bryan-Fox;05/08/2020;;;;;;
285;952;24/04/2025;624;Bryan-Fox;08/01/2021;Fire;another;;;;
285;976;20/08/2020;4040;Bryan-Fox;12/01/2020;;;;;;
286;29;14/09/2025;3517;Duncan;10/02/2020;;;;;;
286;36;02/12/2022;2965;Duncan;29/10/2020;General;body;;;;
286;41;25/10/2020;4726;Duncan;25/10/2020;;;;;;
286;51;09/04/2021;1881;Duncan;12/01/2020;;;;;;
286;64;20/11/2023;1193;Duncan;06/12/2020;Red;information;;;;
286;148;24/09/2020;1390;Duncan;12/01/2020;Pm;successful;;;;
286;234;18/01/2023;2947;Duncan;19/05/2020;Administration;arm;;;;
286;364;07/07/2023;3603;Duncan;25/05/2020;Despite;church;;;;
286;400;17/01/2022;906;Duncan;25/03/2020;;;;;;
286;470;20/01/2023;3253;Duncan;07/09/2020;Red;against;;;;
286;503;15/09/2020;3981;Duncan;10/09/2020;;;;;;
286;543;09/05/2022;3282;Duncan;03/01/2020;Rule;lay;;;;
286;557;12/03/2023;4926;Duncan;14/09/2020;Animal;yes;;;;
286;572;14/10/2020;1749;Duncan;13/03/2020;Beyond;despite;;;;
286;730;05/10/2020;2896;Duncan;15/06/2020;;;;;;
286;816;27/11/2020;4916;Duncan;30/05/2020;They;go;;;;
286;850;11/01/2025;665;Duncan;04/02/2020;Four;travel;;;;
286;851;26/04/2021;539;Duncan;12/01/2020;Simple;itself;;;;
286;942;16/02/2021;3861;Duncan;10/01/2020;;;;;;
286;986;24/01/2025;3358;Duncan;10/04/2020;Appear;career;;;;
286;988;22/03/2020;3048;Duncan;22/03/2020;;;;;;
286;995;27/08/2023;364;Duncan;16/04/2020;Assume;and;;;;
287;152;04/05/2021;3250;Moore;23/07/2020;;;;;;
287;236;12/07/2020;1578;Moore;26/01/2020;;;;;;
287;261;17/01/2025;3872;Moore;02/02/2020;;;;;;
287;303;07/10/2022;1692;Moore;05/10/2020;;;;;;
287;358;18/05/2024;2546;Moore;23/11/2020;Including;similar;;;;
287;365;24/02/2024;167;Moore;16/01/2021;Order;share;;;;
287;507;06/02/2023;1727;Moore;07/05/2020;Own;line;;;;
287;511;19/03/2025;3185;Moore;07/07/2020;Either;much;;;;
287;533;04/06/2020;2546;Moore;04/06/2020;Reality;drop;;;;
287;573;28/10/2020;2003;Moore;28/10/2020;Drug;father;;;;
287;733;16/07/2024;3871;Moore;29/03/2021;Message;police;;;;
287;790;06/03/2021;3808;Moore;18/07/2020;;;;;;
287;830;14/01/2023;4345;Moore;08/09/2021;Girl;voice;;;;
288;7;23/03/2025;197;Mcdowell;27/01/2020;Hair;relate;;;;
288;143;21/09/2025;3233;Mcdowell;12/12/2020;;;;;;
288;210;07/06/2025;2209;Mcdowell;08/01/2022;Stage;they;;;;
288;311;28/04/2024;2578;Mcdowell;19/01/2020;Relationship;enough;;;;
288;515;04/01/2021;3924;Mcdowell;01/06/2020;There;dinner;;;;
288;526;11/10/2024;3462;Mcdowell;23/09/2020;Accept;strong;;;;
288;527;21/06/2022;4475;Mcdowell;20/11/2020;Important;available;;;;
288;578;04/01/2025;1311;Mcdowell;10/03/2020;;;;;;
288;631;26/06/2022;3060;Mcdowell;14/08/2020;;;;;;
288;668;16/02/2025;2490;Mcdowell;17/08/2020;;;;;;
288;670;23/12/2023;1533;Mcdowell;01/03/2020;;;;;;
288;755;21/02/2021;3835;Mcdowell;22/01/2020;Hand;without;;;;
288;794;20/04/2020;694;Mcdowell;20/04/2020;;;;;;
288;811;09/04/2020;984;Mcdowell;09/04/2020;;;;;;
288;861;16/02/2023;3674;Mcdowell;12/01/2020;Safe;every;;;;
289;117;29/04/2025;731;Wallace;22/09/2020;Wall;morning;;;;
289;201;17/05/2020;2913;Wallace;18/03/2020;Let;a;;;;
289;230;18/09/2021;3823;Wallace;26/07/2020;That;there;;;;
289;251;20/09/2025;746;Wallace;13/01/2020;Establish;green;;;;
289;395;21/04/2022;1268;Wallace;22/08/2020;Subject;raise;;;;
289;426;19/09/2021;3140;Wallace;11/01/2021;;;;;;
289;435;21/01/2021;232;Wallace;21/01/2021;;;;;;
289;478;17/10/2021;1341;Wallace;16/03/2020;Common;cold;;;;
289;539;29/06/2021;3585;Wallace;04/03/2020;After;policy;;;;
289;562;22/01/2020;2343;Wallace;22/01/2020;;;;;;
289;575;18/03/2024;3516;Wallace;09/09/2021;Report;notice;;;;
289;587;30/03/2021;4614;Wallace;25/12/2020;Arrive;different;;;;
289;618;24/01/2022;2872;Wallace;27/06/2020;;;;;;
289;626;19/01/2021;998;Wallace;09/07/2020;Sign;voice;;;;
289;661;16/06/2020;4409;Wallace;27/01/2020;Power;cut;;;;
289;763;20/03/2021;1117;Wallace;06/12/2020;;;;;;
289;794;12/09/2022;1355;Wallace;20/04/2020;;;;;;
289;815;20/09/2024;2490;Wallace;18/10/2020;;;;;;
289;936;05/06/2020;3353;Wallace;02/02/2020;;;;;;
289;991;20/09/2024;1290;Wallace;23/08/2020;Most;today;;;;
289;995;09/05/2021;4659;Wallace;16/04/2020;Assume;and;;;;
290;34;27/05/2025;4906;Moran;02/07/2021;;;;;;
290;71;31/10/2022;770;Moran;04/04/2020;Bank;standard;;;;
290;158;03/06/2025;1155;Moran;05/04/2020;;;;;;
290;195;02/01/2023;3783;Moran;02/07/2020;;;;;;
290;242;29/07/2023;4476;Moran;31/03/2020;;;;;;
290;256;08/02/2026;864;Moran;06/05/2022;Season;writer;;;;
290;277;24/09/2021;2328;Moran;10/11/2020;;;;;;
290;280;28/06/2023;3112;Moran;23/01/2020;Agree;participant;;;;
290;368;10/10/2021;3923;Moran;07/01/2020;Any;important;;;;
290;391;01/10/2025;804;Moran;02/02/2020;Off;meet;;;;
290;505;31/01/2020;2682;Moran;31/01/2020;Raise;them;;;;
290;557;10/05/2023;2993;Moran;14/09/2020;Animal;yes;;;;
290;659;06/06/2025;2531;Moran;20/01/2020;Table;page;;;;
290;732;17/07/2024;2552;Moran;30/03/2020;Happy;early;;;;
290;738;26/02/2020;1574;Moran;26/02/2020;Crime;country;;;;
290;907;20/07/2021;1094;Moran;22/03/2020;Public;change;;;;
290;926;05/03/2025;2311;Moran;31/07/2020;Health;born;;;;
290;952;03/03/2025;992;Moran;08/01/2021;Fire;another;;;;
290;973;21/08/2024;2935;Moran;01/05/2020;;;;;;
291;33;22/07/2022;3418;Lopez LLC;27/04/2020;;;;;;
291;62;18/08/2022;1300;Lopez LLC;20/05/2020;;;;;;
291;66;01/09/2022;4011;Lopez LLC;17/03/2021;Sister;door;;;;
291;106;20/10/2025;4419;Lopez LLC;20/01/2020;Peace;add;;;;
291;130;25/04/2022;3759;Lopez LLC;02/08/2020;Morning;real;;;;
291;158;09/08/2023;431;Lopez LLC;05/04/2020;;;;;;
291;159;05/03/2023;3328;Lopez LLC;01/11/2021;Help;activity;;;;
291;264;01/09/2024;956;Lopez LLC;14/12/2020;Sport;case;;;;
291;386;21/03/2025;2740;Lopez LLC;02/08/2020;Test;nothing;;;;
291;415;15/09/2024;4797;Lopez LLC;18/05/2020;;;;;;
291;477;11/06/2021;3738;Lopez LLC;21/01/2020;Citizen;over;;;;
291;485;23/08/2022;3515;Lopez LLC;31/01/2020;Answer;woman;;;;
291;504;14/08/2023;2107;Lopez LLC;11/06/2022;Baby;energy;;;;
291;507;26/03/2025;1421;Lopez LLC;07/05/2020;Own;line;;;;
291;515;13/03/2021;3670;Lopez LLC;01/06/2020;There;dinner;;;;
291;524;29/07/2021;1640;Lopez LLC;28/02/2021;Seven;rate;;;;
291;560;28/09/2023;4216;Lopez LLC;16/09/2020;;;;;;
291;683;02/05/2023;1263;Lopez LLC;08/01/2020;Away;wind;;;;
291;694;05/03/2025;2960;Lopez LLC;21/01/2020;Concern;west;;;;
291;799;07/08/2024;2490;Lopez LLC;12/06/2020;;;;;;
291;858;14/05/2023;3314;Lopez LLC;09/02/2020;Good;all;;;;
291;914;15/03/2023;2869;Lopez LLC;27/03/2020;School;hope;;;;
291;931;15/10/2024;741;Lopez LLC;04/07/2022;Drop;water;;;;
291;996;11/05/2021;264;Lopez LLC;13/05/2020;Why;cover;;;;
292;37;19/11/2025;4338;Murphy Ltd;18/06/2020;Box;land;;;;
292;43;28/08/2025;4020;Murphy Ltd;01/10/2020;Range;specific;;;;
292;55;19/12/2022;1376;Murphy Ltd;15/04/2020;;;;;;
292;161;03/03/2024;222;Murphy Ltd;01/02/2020;Have;party;;;;
292;247;15/08/2023;394;Murphy Ltd;27/04/2020;Never;allow;;;;
292;264;05/06/2024;725;Murphy Ltd;14/12/2020;Sport;case;;;;
292;264;14/12/2020;500;Murphy Ltd;14/12/2020;Sport;case;;;;
292;331;31/03/2022;3470;Murphy Ltd;23/02/2020;Hope;technology;;;;
292;359;09/12/2020;3840;Murphy Ltd;18/09/2020;Like;view;;;;
292;415;29/04/2021;4697;Murphy Ltd;18/05/2020;;;;;;
292;502;14/10/2025;1383;Murphy Ltd;13/10/2020;;;;;;
292;605;04/10/2020;538;Murphy Ltd;30/03/2020;;;;;;
292;743;31/12/2022;4735;Murphy Ltd;21/07/2020;Section;partner;;;;
292;831;19/12/2022;3580;Murphy Ltd;04/03/2020;Available;arrive;;;;
292;853;17/03/2020;1817;Murphy Ltd;17/03/2020;Office;eye;;;;
292;909;26/08/2025;2132;Murphy Ltd;16/07/2020;At;various;;;;
293;59;08/03/2022;3450;Elliott and Sons;07/01/2020;Reason;than;74;rise;366;Desenvolvimento e Estudos Culturais
293;100;08/06/2021;1854;Elliott and Sons;15/04/2020;Best;center;74;rise;366;Desenvolvimento e Estudos Culturais
293;171;12/10/2025;2452;Elliott and Sons;06/01/2020;;;74;rise;366;Desenvolvimento e Estudos Culturais
293;187;22/06/2020;3411;Elliott and Sons;04/06/2020;;;74;rise;366;Desenvolvimento e Estudos Culturais
293;255;08/11/2023;1564;Elliott and Sons;19/02/2020;Music;ability;74;rise;366;Desenvolvimento e Estudos Culturais
293;268;05/12/2021;1502;Elliott and Sons;24/05/2021;;;74;rise;366;Desenvolvimento e Estudos Culturais
293;282;28/01/2023;1627;Elliott and Sons;05/05/2020;;;74;rise;366;Desenvolvimento e Estudos Culturais
293;297;25/01/2024;3281;Elliott and Sons;20/11/2020;;;74;rise;366;Desenvolvimento e Estudos Culturais
293;642;09/01/2020;1125;Elliott and Sons;09/01/2020;Realize;financial;74;rise;366;Desenvolvimento e Estudos Culturais
293;698;07/06/2020;989;Elliott and Sons;07/06/2020;;;74;rise;366;Desenvolvimento e Estudos Culturais
293;748;08/02/2026;4226;Elliott and Sons;09/03/2020;People;provide;74;rise;366;Desenvolvimento e Estudos Culturais
293;765;31/01/2026;3841;Elliott and Sons;08/11/2020;Song;anyone;74;rise;366;Desenvolvimento e Estudos Culturais
293;790;18/07/2020;2182;Elliott and Sons;18/07/2020;;;74;rise;366;Desenvolvimento e Estudos Culturais
293;842;25/07/2022;1726;Elliott and Sons;20/07/2020;Concern;other;74;rise;366;Desenvolvimento e Estudos Culturais
293;878;24/07/2025;583;Elliott and Sons;08/07/2020;;;74;rise;366;Desenvolvimento e Estudos Culturais
293;946;24/10/2022;2616;Elliott and Sons;12/08/2020;Quickly;sign;74;rise;366;Desenvolvimento e Estudos Culturais
294;61;01/10/2020;3346;Smith Inc;01/10/2020;After;degree;152;yet;366;Desenvolvimento e Estudos Culturais
294;180;18/02/2020;3061;Smith Inc;18/02/2020;As;beyond;152;yet;366;Desenvolvimento e Estudos Culturais
294;212;03/09/2021;4826;Smith Inc;04/03/2020;;;152;yet;366;Desenvolvimento e Estudos Culturais
294;360;21/09/2022;596;Smith Inc;20/03/2020;Question;walk;152;yet;366;Desenvolvimento e Estudos Culturais
294;479;20/03/2022;1938;Smith Inc;28/01/2020;;;152;yet;366;Desenvolvimento e Estudos Culturais
294;568;26/03/2022;1958;Smith Inc;06/03/2020;Prepare;great;152;yet;366;Desenvolvimento e Estudos Culturais
294;593;10/02/2026;1741;Smith Inc;27/01/2020;Yet;nothing;152;yet;366;Desenvolvimento e Estudos Culturais
294;691;30/06/2022;4885;Smith Inc;06/11/2020;Rate;ground;152;yet;366;Desenvolvimento e Estudos Culturais
294;706;18/07/2021;3643;Smith Inc;02/01/2020;Paper;record;152;yet;366;Desenvolvimento e Estudos Culturais
294;739;01/04/2020;1627;Smith Inc;01/04/2020;Pull;beautiful;152;yet;366;Desenvolvimento e Estudos Culturais
294;786;12/02/2023;632;Smith Inc;06/05/2020;Move;dream;152;yet;366;Desenvolvimento e Estudos Culturais
294;944;29/10/2025;4843;Smith Inc;03/01/2020;Sort;stage;152;yet;366;Desenvolvimento e Estudos Culturais
295;179;24/04/2024;3290;Padilla;18/08/2021;Organization;tree;;;;
295;232;26/11/2024;1716;Padilla;03/09/2020;;;;;;
295;298;11/06/2022;4765;Padilla;15/01/2021;;;;;;
295;400;25/03/2020;3355;Padilla;25/03/2020;;;;;;
295;545;12/08/2024;3106;Padilla;03/03/2020;Yes;plant;;;;
295;549;24/08/2024;3612;Padilla;13/11/2020;;;;;;
295;605;28/04/2025;4199;Padilla;30/03/2020;;;;;;
295;623;28/05/2022;2926;Padilla;28/05/2022;;;;;;
295;653;09/08/2024;4395;Padilla;19/01/2021;;;;;;
295;776;21/06/2024;4568;Padilla;06/08/2020;;;;;;
295;778;17/03/2025;2172;Padilla;09/03/2020;Friend;do;;;;
295;805;17/06/2024;3932;Padilla;12/06/2022;Begin;company;;;;
295;884;12/10/2022;2458;Padilla;29/01/2020;Bar;opportunity;;;;
295;899;28/10/2020;4609;Padilla;13/03/2020;Fine;hundred;;;;
295;921;13/12/2020;1183;Padilla;13/02/2020;Local;often;;;;
295;974;23/06/2021;3223;Padilla;16/04/2021;Six;stop;;;;
295;977;19/04/2023;4158;Padilla;14/06/2020;Local;look;;;;
296;93;11/07/2021;4698;Grant;27/04/2021;Painting;away;;;;
296;125;25/08/2021;3258;Grant;10/04/2021;;;;;;
296;148;26/11/2020;1445;Grant;12/01/2020;Pm;successful;;;;
296;246;26/12/2020;3632;Grant;02/05/2020;Investment;marriage;;;;
296;277;07/01/2024;855;Grant;10/11/2020;;;;;;
296;281;13/01/2023;1824;Grant;03/02/2020;;;;;;
296;323;09/09/2023;3379;Grant;04/01/2020;Long;serve;;;;
296;375;14/01/2024;2084;Grant;13/01/2020;;;;;;
296;436;18/12/2023;3731;Grant;13/05/2020;Whatever;every;;;;
296;468;12/11/2023;3753;Grant;08/08/2020;;;;;;
296;522;30/01/2020;1507;Grant;30/01/2020;Laugh;else;;;;
296;604;19/06/2025;3909;Grant;11/02/2020;;;;;;
296;616;03/10/2020;1100;Grant;02/01/2020;Clear;reveal;;;;
296;635;08/05/2023;4370;Grant;02/06/2021;;;;;;
296;690;07/04/2023;2497;Grant;28/02/2020;South;attention;;;;
296;765;17/07/2022;1593;Grant;08/11/2020;Song;anyone;;;;
296;873;08/04/2021;2143;Grant;18/01/2021;Into;ask;;;;
296;992;17/09/2023;3535;Grant;17/02/2020;Prevent;mother;;;;
297;6;24/10/2023;3677;Mccarthy Group;23/04/2020;Million;attack;58;win;79;Critica da Arte
297;42;15/10/2021;4942;Mccarthy Group;01/10/2020;Light;free;58;win;79;Critica da Arte
297;55;15/04/2020;3312;Mccarthy Group;15/04/2020;;;58;win;79;Critica da Arte
297;61;31/10/2020;4291;Mccarthy Group;01/10/2020;After;degree;58;win;79;Critica da Arte
297;71;12/04/2024;4546;Mccarthy Group;04/04/2020;Bank;standard;58;win;79;Critica da Arte
297;152;17/06/2025;2759;Mccarthy Group;23/07/2020;;;58;win;79;Critica da Arte
297;157;23/11/2023;2487;Mccarthy Group;03/03/2020;;;58;win;79;Critica da Arte
297;250;14/04/2023;3299;Mccarthy Group;18/12/2020;;;58;win;79;Critica da Arte
297;265;23/01/2024;4365;Mccarthy Group;24/02/2020;Third;girl;58;win;79;Critica da Arte
297;367;23/10/2021;4806;Mccarthy Group;24/01/2021;Event;soon;58;win;79;Critica da Arte
297;436;06/01/2026;2183;Mccarthy Group;13/05/2020;Whatever;every;58;win;79;Critica da Arte
297;498;12/11/2021;2826;Mccarthy Group;26/04/2020;;;58;win;79;Critica da Arte
297;529;14/03/2024;869;Mccarthy Group;17/03/2022;Speech;camera;58;win;79;Critica da Arte
297;560;28/10/2024;2142;Mccarthy Group;16/09/2020;;;58;win;79;Critica da Arte
297;569;21/01/2026;3142;Mccarthy Group;06/07/2021;Degree;day;58;win;79;Critica da Arte
297;615;17/04/2023;4326;Mccarthy Group;16/03/2020;Unit;area;58;win;79;Critica da Arte
297;641;06/05/2023;2561;Mccarthy Group;31/03/2020;Face;spend;58;win;79;Critica da Arte
297;667;30/08/2022;1226;Mccarthy Group;19/12/2020;Apply;third;58;win;79;Critica da Arte
297;678;07/03/2021;4384;Mccarthy Group;26/05/2020;Treatment;once;58;win;79;Critica da Arte
297;696;06/10/2022;395;Mccarthy Group;31/08/2020;Fight;into;58;win;79;Critica da Arte
297;703;02/09/2020;1274;Mccarthy Group;02/09/2020;Form;fish;58;win;79;Critica da Arte
297;742;19/06/2022;4335;Mccarthy Group;21/05/2020;Computer;range;58;win;79;Critica da Arte
297;868;06/06/2020;1998;Mccarthy Group;06/06/2020;;;58;win;79;Critica da Arte
297;966;02/08/2024;3803;Mccarthy Group;14/02/2021;;;58;win;79;Critica da Arte
297;1000;09/05/2020;4368;Mccarthy Group;09/05/2020;Behavior;offer;58;win;79;Critica da Arte
297;1000;25/04/2023;3269;Mccarthy Group;09/05/2020;Behavior;offer;58;win;79;Critica da Arte
298;177;03/11/2023;4844;Murphy;21/04/2021;Second;actually;;;;
298;199;24/09/2020;4370;Murphy;24/09/2020;Whole;successful;;;;
298;217;14/06/2020;1380;Murphy;14/06/2020;Administration;create;;;;
298;239;15/01/2023;3090;Murphy;14/02/2020;;;;;;
298;247;09/06/2021;875;Murphy;27/04/2020;Never;allow;;;;
298;249;31/07/2020;3886;Murphy;25/05/2020;Member;skin;;;;
298;276;23/07/2024;3799;Murphy;08/01/2020;Chair;design;;;;
298;311;22/05/2024;2881;Murphy;19/01/2020;Relationship;enough;;;;
298;382;19/01/2021;1805;Murphy;10/05/2020;;;;;;
298;388;23/07/2024;4447;Murphy;25/01/2021;Everyone;him;;;;
298;391;28/07/2021;4541;Murphy;02/02/2020;Off;meet;;;;
298;471;29/06/2020;1815;Murphy;22/03/2020;Ask;conference;;;;
298;505;31/03/2022;617;Murphy;31/01/2020;Raise;them;;;;
298;561;20/12/2024;2175;Murphy;14/04/2021;;;;;;
298;644;02/07/2021;2871;Murphy;30/11/2020;;;;;;
298;695;27/08/2022;4893;Murphy;12/01/2020;;;;;;
298;706;29/11/2020;1656;Murphy;02/01/2020;Paper;record;;;;
298;815;26/10/2020;4167;Murphy;18/10/2020;;;;;;
298;826;10/02/2026;3494;Murphy;01/07/2021;;;;;;
298;889;25/04/2023;2657;Murphy;23/10/2020;Yard;white;;;;
299;21;13/03/2022;2061;Scott;25/03/2020;;;;;;
299;87;23/03/2023;1279;Scott;02/02/2020;Responsibility;dream;;;;
299;364;18/02/2022;1411;Scott;25/05/2020;Despite;church;;;;
299;447;05/09/2020;4682;Scott;05/09/2020;Argue;rock;;;;
299;476;04/11/2025;4716;Scott;19/01/2021;;;;;;
299;579;07/04/2024;1824;Scott;27/06/2021;;;;;;
299;594;12/08/2022;669;Scott;26/01/2020;;;;;;
299;638;21/06/2025;2349;Scott;19/03/2020;My;authority;;;;
299;648;10/01/2025;980;Scott;13/03/2020;Fish;high;;;;
299;671;04/10/2022;247;Scott;20/01/2020;;;;;;
299;729;21/08/2025;2149;Scott;08/12/2021;Store;value;;;;
299;843;14/07/2020;237;Scott;26/05/2020;Service;sense;;;;
299;976;16/02/2022;4258;Scott;12/01/2020;;;;;;
299;977;19/08/2022;1690;Scott;14/06/2020;Local;look;;;;
300;86;01/12/2023;4762;Hamilton;04/10/2020;;;;;;
300;176;19/01/2025;1330;Hamilton;08/05/2020;;;;;;
300;309;04/06/2024;4919;Hamilton;25/12/2020;Wear;radio;;;;
300;321;06/06/2020;3058;Hamilton;04/06/2020;;;;;;
300;378;15/02/2023;1481;Hamilton;23/02/2020;Support;rather;;;;
300;402;17/08/2023;3272;Hamilton;05/02/2020;Throughout;end;;;;
300;427;07/05/2025;3079;Hamilton;05/02/2021;;;;;;
300;480;30/05/2023;1907;Hamilton;23/04/2020;;;;;;
300;536;01/02/2023;3962;Hamilton;08/03/2020;Beat;factor;;;;
300;549;10/01/2025;3007;Hamilton;13/11/2020;;;;;;
300;561;13/02/2025;583;Hamilton;14/04/2021;;;;;;
300;579;10/03/2022;4871;Hamilton;27/06/2021;;;;;;
300;619;27/06/2023;2188;Hamilton;14/04/2020;;;;;;
300;644;30/11/2020;3346;Hamilton;30/11/2020;;;;;;
300;684;15/04/2024;1632;Hamilton;04/05/2022;Often;material;;;;
300;688;09/03/2025;254;Hamilton;02/06/2020;Skin;player;;;;
300;721;13/08/2021;3172;Hamilton;30/03/2021;;;;;;
300;731;20/05/2024;1751;Hamilton;29/04/2020;High;central;;;;
300;753;17/09/2022;1293;Hamilton;17/02/2020;Mr;clearly;;;;
300;809;14/09/2025;535;Hamilton;29/04/2020;;;;;;
300;811;29/04/2023;746;Hamilton;09/04/2020;;;;;;
300;857;14/11/2024;4010;Hamilton;06/03/2020;Operation;close;;;;
300;887;21/04/2024;1235;Hamilton;03/01/2021;Away;bill;;;;
300;922;30/05/2021;2091;Hamilton;29/04/2020;Price;threat;;;;
301;36;28/12/2021;1394;Knox-Tran;29/10/2020;General;body;;;;
301;142;29/08/2022;2584;Knox-Tran;16/03/2020;Analysis;evidence;;;;
301;169;21/07/2023;1262;Knox-Tran;04/07/2021;Through;military;;;;
301;187;16/01/2023;154;Knox-Tran;04/06/2020;;;;;;
301;235;17/06/2021;1394;Knox-Tran;01/04/2021;Down;him;;;;
301;251;18/06/2023;3933;Knox-Tran;13/01/2020;Establish;green;;;;
301;408;06/06/2021;2026;Knox-Tran;27/02/2020;Color;really;;;;
301;494;29/03/2025;3429;Knox-Tran;19/01/2020;;;;;;
301;542;06/01/2022;2456;Knox-Tran;25/04/2020;Yeah;base;;;;
301;600;06/12/2020;3654;Knox-Tran;08/07/2020;;;;;;
301;728;18/07/2025;245;Knox-Tran;30/01/2020;Fine;possible;;;;
301;782;04/05/2024;1051;Knox-Tran;15/07/2021;Success;despite;;;;
301;792;07/10/2022;2263;Knox-Tran;25/04/2020;;;;;;
301;842;01/02/2022;1431;Knox-Tran;20/07/2020;Concern;other;;;;
301;996;22/08/2022;163;Knox-Tran;13/05/2020;Why;cover;;;;
302;59;18/01/2021;2587;Smith;07/01/2020;Reason;than;;;;
302;79;20/08/2025;2673;Smith;28/06/2020;Worry;yard;;;;
302;80;01/03/2024;321;Smith;29/03/2020;;;;;;
302;87;04/03/2023;3603;Smith;02/02/2020;Responsibility;dream;;;;
302;90;11/02/2024;2254;Smith;26/05/2020;;;;;;
302;120;22/10/2021;3979;Smith;13/03/2021;Follow;democratic;;;;
302;174;02/12/2025;3467;Smith;02/02/2020;East;something;;;;
302;226;21/02/2021;4681;Smith;30/04/2020;Buy;share;;;;
302;268;07/07/2021;4518;Smith;24/05/2021;;;;;;
302;387;10/06/2024;3397;Smith;24/09/2020;Teacher;contain;;;;
302;600;25/03/2024;3199;Smith;08/07/2020;;;;;;
302;796;11/05/2023;1986;Smith;20/03/2020;;;;;;
302;823;07/01/2021;4936;Smith;23/04/2020;;;;;;
302;897;26/06/2021;847;Smith;26/05/2020;;;;;;
303;127;03/02/2021;679;Decker-Glover;14/08/2020;Wait;show;;;;
303;199;25/03/2021;3165;Decker-Glover;24/09/2020;Whole;successful;;;;
303;229;18/12/2024;4644;Decker-Glover;30/04/2020;;;;;;
303;342;11/11/2020;4763;Decker-Glover;09/09/2020;;;;;;
303;370;05/02/2021;4179;Decker-Glover;21/04/2020;Her;PM;;;;
303;380;05/09/2023;3519;Decker-Glover;08/09/2020;;;;;;
303;426;19/05/2023;4309;Decker-Glover;11/01/2021;;;;;;
303;450;19/07/2024;4001;Decker-Glover;07/02/2020;After;billion;;;;
303;466;25/12/2020;3994;Decker-Glover;29/02/2020;Hot;computer;;;;
303;633;30/08/2025;447;Decker-Glover;29/02/2020;Check;reach;;;;
303;648;13/07/2024;394;Decker-Glover;13/03/2020;Fish;high;;;;
303;701;21/11/2023;4310;Decker-Glover;15/11/2020;;;;;;
303;712;15/11/2024;4158;Decker-Glover;12/03/2023;;;;;;
303;737;17/01/2023;1290;Decker-Glover;12/02/2020;Sound;and;;;;
303;822;11/12/2024;3064;Decker-Glover;09/03/2020;Issue;in;;;;
303;897;26/05/2023;560;Decker-Glover;26/05/2020;;;;;;
303;912;14/02/2023;4725;Decker-Glover;10/09/2020;Cut;young;;;;
303;962;10/01/2022;3311;Decker-Glover;25/02/2020;Plant;statement;;;;
303;968;10/07/2025;4622;Decker-Glover;10/10/2020;Deep;tonight;;;;
304;6;23/04/2020;4335;Grant;23/04/2020;Million;attack;;;;
304;170;03/07/2020;3920;Grant;19/01/2020;Wind;top;;;;
304;182;19/12/2022;2457;Grant;27/10/2020;Old;top;;;;
304;184;07/04/2021;3884;Grant;25/03/2021;;;;;;
304;211;22/04/2023;1307;Grant;05/07/2021;;;;;;
304;328;27/02/2023;2067;Grant;03/03/2020;Painting;laugh;;;;
304;348;13/12/2023;965;Grant;19/02/2020;Almost;fine;;;;
304;373;31/10/2022;1025;Grant;22/01/2020;War;foot;;;;
304;423;12/10/2020;3878;Grant;08/10/2020;;;;;;
304;499;17/11/2021;243;Grant;14/03/2020;;;;;;
304;543;25/10/2020;2147;Grant;03/01/2020;Rule;lay;;;;
304;546;07/10/2024;3990;Grant;18/12/2022;;;;;;
304;555;14/02/2021;2084;Grant;10/02/2020;;;;;;
304;608;15/05/2020;3239;Grant;15/05/2020;Hard;prepare;;;;
304;644;09/07/2023;4508;Grant;30/11/2020;;;;;;
304;782;23/09/2021;2706;Grant;15/07/2021;Success;despite;;;;
304;796;23/07/2020;4722;Grant;20/03/2020;;;;;;
305;103;09/06/2023;2839;Delgado-Thomas;24/03/2020;Some;here;;;;
305;148;09/10/2021;4609;Delgado-Thomas;12/01/2020;Pm;successful;;;;
305;157;05/10/2020;3122;Delgado-Thomas;03/03/2020;;;;;;
305;307;16/04/2024;817;Delgado-Thomas;02/11/2020;Second;fill;;;;
305;309;26/01/2024;3873;Delgado-Thomas;25/12/2020;Wear;radio;;;;
305;402;27/12/2025;1354;Delgado-Thomas;05/02/2020;Throughout;end;;;;
305;463;25/03/2020;4393;Delgado-Thomas;25/03/2020;Money;rate;;;;
305;507;02/02/2024;2991;Delgado-Thomas;07/05/2020;Own;line;;;;
305;555;10/02/2020;4633;Delgado-Thomas;10/02/2020;;;;;;
305;580;12/05/2024;140;Delgado-Thomas;22/03/2020;Feel;bad;;;;
305;707;23/06/2024;4130;Delgado-Thomas;18/06/2020;;;;;;
305;747;20/08/2022;4604;Delgado-Thomas;27/08/2021;White;indeed;;;;
305;791;03/10/2025;2206;Delgado-Thomas;08/08/2020;;;;;;
305;816;10/03/2025;3071;Delgado-Thomas;30/05/2020;They;go;;;;
305;831;08/02/2024;4559;Delgado-Thomas;04/03/2020;Available;arrive;;;;
305;903;02/05/2020;2855;Delgado-Thomas;02/05/2020;Admit;create;;;;
306;28;28/12/2020;548;Long-Richardson;04/01/2020;What;field;;;;
306;40;24/01/2023;3556;Long-Richardson;04/01/2022;Speech;generation;;;;
306;57;23/08/2021;867;Long-Richardson;12/03/2020;;;;;;
306;195;05/02/2025;1511;Long-Richardson;02/07/2020;;;;;;
306;196;01/07/2022;2764;Long-Richardson;18/11/2020;;;;;;
306;436;08/10/2020;377;Long-Richardson;13/05/2020;Whatever;every;;;;
306;445;18/07/2021;2848;Long-Richardson;26/06/2020;Measure;skin;;;;
306;464;04/01/2021;4958;Long-Richardson;01/05/2020;Ground;happen;;;;
306;476;21/09/2023;1918;Long-Richardson;19/01/2021;;;;;;
306;596;14/06/2023;2567;Long-Richardson;03/10/2022;;;;;;
306;636;01/09/2024;3210;Long-Richardson;17/04/2020;Business;tell;;;;
306;714;12/06/2020;4849;Long-Richardson;21/04/2020;Standard;ahead;;;;
306;823;06/04/2025;1139;Long-Richardson;23/04/2020;;;;;;
306;896;01/03/2020;3208;Long-Richardson;15/01/2020;;;;;;
307;85;26/02/2023;2980;Aguilar LLC;14/03/2020;Cell;however;159;clearly;79;Critica da Arte
307;85;26/02/2023;2980;Aguilar LLC;14/03/2020;Cell;however;196;network;54;Cultura Urbana
307;141;16/09/2021;2969;Aguilar LLC;16/09/2021;;;159;clearly;79;Critica da Arte
307;141;16/09/2021;2969;Aguilar LLC;16/09/2021;;;196;network;54;Cultura Urbana
307;217;31/10/2022;1804;Aguilar LLC;14/06/2020;Administration;create;159;clearly;79;Critica da Arte
307;217;31/10/2022;1804;Aguilar LLC;14/06/2020;Administration;create;196;network;54;Cultura Urbana
307;233;16/06/2021;3575;Aguilar LLC;14/02/2020;Herself;water;159;clearly;79;Critica da Arte
307;233;16/06/2021;3575;Aguilar LLC;14/02/2020;Herself;water;196;network;54;Cultura Urbana
307;283;12/02/2026;2779;Aguilar LLC;26/03/2020;Nature;rise;159;clearly;79;Critica da Arte
307;283;12/02/2026;2779;Aguilar LLC;26/03/2020;Nature;rise;196;network;54;Cultura Urbana
307;298;19/01/2026;4544;Aguilar LLC;15/01/2021;;;159;clearly;79;Critica da Arte
307;298;19/01/2026;4544;Aguilar LLC;15/01/2021;;;196;network;54;Cultura Urbana
307;424;01/06/2021;4646;Aguilar LLC;29/01/2020;Item;usually;159;clearly;79;Critica da Arte
307;424;01/06/2021;4646;Aguilar LLC;29/01/2020;Item;usually;196;network;54;Cultura Urbana
307;497;10/04/2022;2637;Aguilar LLC;16/07/2020;All;nature;159;clearly;79;Critica da Arte
307;497;10/04/2022;2637;Aguilar LLC;16/07/2020;All;nature;196;network;54;Cultura Urbana
307;560;11/04/2024;3566;Aguilar LLC;16/09/2020;;;159;clearly;79;Critica da Arte
307;560;11/04/2024;3566;Aguilar LLC;16/09/2020;;;196;network;54;Cultura Urbana
307;607;16/03/2021;3874;Aguilar LLC;06/03/2021;Much;alone;159;clearly;79;Critica da Arte
307;607;16/03/2021;3874;Aguilar LLC;06/03/2021;Much;alone;196;network;54;Cultura Urbana
307;610;07/03/2025;1162;Aguilar LLC;16/07/2020;;;159;clearly;79;Critica da Arte
307;610;07/03/2025;1162;Aguilar LLC;16/07/2020;;;196;network;54;Cultura Urbana
307;639;27/01/2023;4092;Aguilar LLC;23/07/2021;Policy;into;159;clearly;79;Critica da Arte
307;639;27/01/2023;4092;Aguilar LLC;23/07/2021;Policy;into;196;network;54;Cultura Urbana
307;662;04/11/2024;2415;Aguilar LLC;20/12/2020;;;159;clearly;79;Critica da Arte
307;662;04/11/2024;2415;Aguilar LLC;20/12/2020;;;196;network;54;Cultura Urbana
307;674;26/09/2024;612;Aguilar LLC;19/11/2022;Pay;generation;159;clearly;79;Critica da Arte
307;674;26/09/2024;612;Aguilar LLC;19/11/2022;Pay;generation;196;network;54;Cultura Urbana
307;869;19/02/2024;477;Aguilar LLC;02/03/2020;Require;herself;159;clearly;79;Critica da Arte
307;869;19/02/2024;477;Aguilar LLC;02/03/2020;Require;herself;196;network;54;Cultura Urbana
307;986;27/05/2020;158;Aguilar LLC;10/04/2020;Appear;career;159;clearly;79;Critica da Arte
307;986;27/05/2020;158;Aguilar LLC;10/04/2020;Appear;career;196;network;54;Cultura Urbana
308;37;05/02/2021;3531;Stone-Campbell;18/06/2020;Box;land;;;;
308;70;20/10/2022;1655;Stone-Campbell;15/01/2020;If;set;;;;
308;114;23/01/2025;1683;Stone-Campbell;18/06/2020;Sport;throw;;;;
308;201;28/11/2022;1706;Stone-Campbell;18/03/2020;Let;a;;;;
308;215;12/09/2022;129;Stone-Campbell;05/01/2020;;;;;;
308;307;24/08/2022;3019;Stone-Campbell;02/11/2020;Second;fill;;;;
308;339;22/01/2021;3364;Stone-Campbell;27/03/2020;;;;;;
308;379;01/03/2023;186;Stone-Campbell;31/01/2020;Learn;husband;;;;
308;512;17/08/2023;4241;Stone-Campbell;17/05/2020;;;;;;
308;556;19/10/2023;1703;Stone-Campbell;08/03/2020;;;;;;
308;559;30/03/2020;1861;Stone-Campbell;16/01/2020;Where;interview;;;;
308;655;26/10/2022;4207;Stone-Campbell;23/04/2021;Billion;subject;;;;
308;698;12/11/2025;4140;Stone-Campbell;07/06/2020;;;;;;
308;708;14/12/2022;3829;Stone-Campbell;07/04/2020;Wife;far;;;;
308;741;30/05/2021;3713;Stone-Campbell;27/01/2020;Late;I;;;;
308;778;05/03/2021;4362;Stone-Campbell;09/03/2020;Friend;do;;;;
308;825;16/04/2025;2669;Stone-Campbell;01/01/2020;;;;;;
308;830;01/09/2022;3595;Stone-Campbell;08/09/2021;Girl;voice;;;;
308;840;08/04/2025;3771;Stone-Campbell;14/03/2020;Consider;people;;;;
308;861;21/11/2020;2840;Stone-Campbell;12/01/2020;Safe;every;;;;
308;884;22/02/2024;3061;Stone-Campbell;29/01/2020;Bar;opportunity;;;;
308;895;01/09/2022;1474;Stone-Campbell;15/01/2020;Eye;husband;;;;
308;921;24/07/2024;404;Stone-Campbell;13/02/2020;Local;often;;;;
308;967;13/06/2023;4538;Stone-Campbell;27/02/2022;Last;enough;;;;
309;196;26/08/2022;2278;Bell;18/11/2020;;;;;;
309;237;09/03/2021;4773;Bell;02/01/2020;Notice;war;;;;
309;257;08/01/2020;4384;Bell;08/01/2020;House;walk;;;;
309;466;17/12/2023;3911;Bell;29/02/2020;Hot;computer;;;;
309;506;11/07/2020;3034;Bell;11/07/2020;;;;;;
309;521;14/03/2020;331;Bell;14/03/2020;;;;;;
309;559;16/01/2020;3417;Bell;16/01/2020;Where;interview;;;;
309;571;10/09/2021;566;Bell;07/09/2020;;;;;;
309;639;15/06/2025;387;Bell;23/07/2021;Policy;into;;;;
309;655;06/02/2025;1688;Bell;23/04/2021;Billion;subject;;;;
309;666;30/06/2021;4187;Bell;30/06/2021;;;;;;
309;696;03/07/2023;1082;Bell;31/08/2020;Fight;into;;;;
309;705;03/10/2021;4457;Bell;16/01/2020;North;door;;;;
309;711;07/05/2021;4415;Bell;21/04/2021;;;;;;
309;720;02/11/2020;2806;Bell;10/09/2020;Rock;woman;;;;
309;769;08/10/2024;2229;Bell;23/01/2020;;;;;;
309;812;07/06/2020;2150;Bell;20/03/2020;;;;;;
309;828;08/09/2023;1416;Bell;27/01/2021;Above;five;;;;
309;866;02/11/2020;4099;Bell;31/08/2020;Factor;physical;;;;
309;892;17/07/2023;4852;Bell;15/07/2020;;;;;;
309;897;26/05/2020;1504;Bell;26/05/2020;;;;;;
310;105;09/02/2024;2004;Pearson and Sons;02/04/2020;Same;nation;;;;
310;283;04/12/2022;2153;Pearson and Sons;26/03/2020;Nature;rise;;;;
310;324;12/12/2024;133;Pearson and Sons;11/04/2020;Daughter;radio;;;;
310;364;19/12/2025;4933;Pearson and Sons;25/05/2020;Despite;church;;;;
310;433;22/05/2023;847;Pearson and Sons;23/10/2020;;;;;;
310;506;30/06/2024;4852;Pearson and Sons;11/07/2020;;;;;;
310;558;05/05/2025;3473;Pearson and Sons;12/02/2020;Prepare;wish;;;;
310;598;15/04/2021;1218;Pearson and Sons;29/05/2020;Value;key;;;;
310;648;24/01/2026;371;Pearson and Sons;13/03/2020;Fish;high;;;;
310;705;10/10/2025;708;Pearson and Sons;16/01/2020;North;door;;;;
310;711;21/04/2021;1139;Pearson and Sons;21/04/2021;;;;;;
310;876;29/01/2021;2529;Pearson and Sons;12/08/2020;In;ever;;;;
310;906;05/09/2025;4160;Pearson and Sons;26/08/2020;Third;newspaper;;;;
310;934;18/02/2021;209;Pearson and Sons;08/01/2021;;;;;;
310;947;13/06/2020;1797;Pearson and Sons;13/06/2020;Quite;last;;;;
311;58;11/10/2022;386;Bryan-Lee;10/02/2020;;;;;;
311;230;16/01/2026;1091;Bryan-Lee;26/07/2020;That;there;;;;
311;284;23/02/2025;2082;Bryan-Lee;10/03/2023;Safe;hotel;;;;
311;287;07/09/2020;1470;Bryan-Lee;28/05/2020;Budget;understand;;;;
311;294;27/03/2021;4024;Bryan-Lee;01/01/2020;;;;;;
311;296;21/03/2024;1399;Bryan-Lee;08/02/2022;Pass;safe;;;;
311;357;21/01/2021;3218;Bryan-Lee;03/02/2020;;;;;;
311;390;02/06/2025;2302;Bryan-Lee;25/02/2020;Mind;information;;;;
311;436;07/08/2020;3781;Bryan-Lee;13/05/2020;Whatever;every;;;;
311;497;21/05/2021;491;Bryan-Lee;16/07/2020;All;nature;;;;
311;511;05/05/2022;2947;Bryan-Lee;07/07/2020;Either;much;;;;
311;591;07/10/2022;1329;Bryan-Lee;23/02/2022;;;;;;
311;715;06/11/2023;842;Bryan-Lee;06/07/2020;Walk;ahead;;;;
311;719;16/01/2024;1545;Bryan-Lee;22/04/2022;;;;;;
311;723;09/04/2022;3247;Bryan-Lee;05/02/2020;Take;above;;;;
311;789;17/11/2023;4017;Bryan-Lee;07/04/2020;Dinner;upon;;;;
311;792;02/12/2021;2901;Bryan-Lee;25/04/2020;;;;;;
311;797;04/11/2020;929;Bryan-Lee;07/01/2020;Quickly;top;;;;
311;899;20/06/2024;4497;Bryan-Lee;13/03/2020;Fine;hundred;;;;
311;967;27/02/2022;291;Bryan-Lee;27/02/2022;Last;enough;;;;
311;969;21/08/2021;210;Bryan-Lee;10/02/2020;;;;;;
312;29;24/04/2022;3667;Dickerson PLC;10/02/2020;;;171;black;101;Arte Contemporânea
312;59;01/02/2024;1131;Dickerson PLC;07/01/2020;Reason;than;171;black;101;Arte Contemporânea
312;71;12/02/2021;1831;Dickerson PLC;04/04/2020;Bank;standard;171;black;101;Arte Contemporânea
312;88;14/11/2021;2847;Dickerson PLC;31/05/2020;Else;goal;171;black;101;Arte Contemporânea
312;97;07/08/2022;2895;Dickerson PLC;31/03/2020;Edge;use;171;black;101;Arte Contemporânea
312;111;27/04/2020;395;Dickerson PLC;25/04/2020;;;171;black;101;Arte Contemporânea
312;149;25/07/2022;4063;Dickerson PLC;16/04/2020;Perform;these;171;black;101;Arte Contemporânea
312;151;19/02/2025;1564;Dickerson PLC;14/09/2020;Risk;picture;171;black;101;Arte Contemporânea
312;289;09/01/2021;2538;Dickerson PLC;22/07/2020;Action;very;171;black;101;Arte Contemporânea
312;324;11/04/2020;3282;Dickerson PLC;11/04/2020;Daughter;radio;171;black;101;Arte Contemporânea
312;379;08/12/2025;4843;Dickerson PLC;31/01/2020;Learn;husband;171;black;101;Arte Contemporânea
312;476;23/09/2021;2504;Dickerson PLC;19/01/2021;;;171;black;101;Arte Contemporânea
312;521;26/10/2023;995;Dickerson PLC;14/03/2020;;;171;black;101;Arte Contemporânea
312;561;14/11/2024;770;Dickerson PLC;14/04/2021;;;171;black;101;Arte Contemporânea
312;564;25/02/2023;3992;Dickerson PLC;16/08/2020;Contain;force;171;black;101;Arte Contemporânea
312;598;10/11/2024;2896;Dickerson PLC;29/05/2020;Value;key;171;black;101;Arte Contemporânea
312;613;24/01/2022;4140;Dickerson PLC;31/07/2021;Hear;body;171;black;101;Arte Contemporânea
312;695;13/08/2020;3929;Dickerson PLC;12/01/2020;;;171;black;101;Arte Contemporânea
312;796;31/01/2026;2019;Dickerson PLC;20/03/2020;;;171;black;101;Arte Contemporânea
312;853;17/11/2025;3546;Dickerson PLC;17/03/2020;Office;eye;171;black;101;Arte Contemporânea
312;1000;25/01/2025;1529;Dickerson PLC;09/05/2020;Behavior;offer;171;black;101;Arte Contemporânea
313;21;06/04/2021;1652;Proctor and Sons;25/03/2020;;;66;medical;101;Arte Contemporânea
313;39;08/04/2024;1687;Proctor and Sons;27/02/2020;;;66;medical;101;Arte Contemporânea
313;76;03/09/2025;3576;Proctor and Sons;12/05/2020;Rest;would;66;medical;101;Arte Contemporânea
313;139;24/07/2025;1714;Proctor and Sons;11/06/2020;Myself;bag;66;medical;101;Arte Contemporânea
313;153;24/09/2024;4184;Proctor and Sons;14/03/2020;What;out;66;medical;101;Arte Contemporânea
313;163;07/08/2023;3466;Proctor and Sons;04/03/2020;Treat;majority;66;medical;101;Arte Contemporânea
313;326;23/01/2026;411;Proctor and Sons;31/01/2020;Hot;film;66;medical;101;Arte Contemporânea
313;342;20/10/2020;1509;Proctor and Sons;09/09/2020;;;66;medical;101;Arte Contemporânea
313;490;27/03/2021;833;Proctor and Sons;27/03/2021;Road;campaign;66;medical;101;Arte Contemporânea
313;500;30/09/2021;646;Proctor and Sons;31/08/2020;Event;help;66;medical;101;Arte Contemporânea
313;511;23/10/2023;370;Proctor and Sons;07/07/2020;Either;much;66;medical;101;Arte Contemporânea
313;543;02/10/2021;754;Proctor and Sons;03/01/2020;Rule;lay;66;medical;101;Arte Contemporânea
313;578;20/04/2025;814;Proctor and Sons;10/03/2020;;;66;medical;101;Arte Contemporânea
313;661;13/12/2025;2347;Proctor and Sons;27/01/2020;Power;cut;66;medical;101;Arte Contemporânea
313;664;22/11/2023;823;Proctor and Sons;01/03/2020;Yes;keep;66;medical;101;Arte Contemporânea
313;690;25/05/2022;1789;Proctor and Sons;28/02/2020;South;attention;66;medical;101;Arte Contemporânea
313;779;19/05/2020;3472;Proctor and Sons;13/02/2020;Whole;street;66;medical;101;Arte Contemporânea
313;783;19/06/2023;4509;Proctor and Sons;06/06/2020;;;66;medical;101;Arte Contemporânea
313;785;27/09/2022;2804;Proctor and Sons;28/05/2020;Entire;close;66;medical;101;Arte Contemporânea
313;815;14/12/2024;934;Proctor and Sons;18/10/2020;;;66;medical;101;Arte Contemporânea
313;820;27/11/2023;1341;Proctor and Sons;16/03/2020;Red;probably;66;medical;101;Arte Contemporânea
313;865;21/06/2025;635;Proctor and Sons;12/05/2020;That;with;66;medical;101;Arte Contemporânea
313;943;02/05/2022;1450;Proctor and Sons;20/03/2020;Culture;goal;66;medical;101;Arte Contemporânea
314;74;15/03/2025;2016;Myers-Lee;19/11/2021;Federal;forward;;;;
314;148;22/11/2024;830;Myers-Lee;12/01/2020;Pm;successful;;;;
314;192;08/06/2024;645;Myers-Lee;17/10/2020;;;;;;
314;226;19/03/2024;4973;Myers-Lee;30/04/2020;Buy;share;;;;
314;420;28/10/2024;1017;Myers-Lee;25/08/2021;;;;;;
314;439;06/01/2020;4456;Myers-Lee;06/01/2020;Financial;east;;;;
314;448;30/08/2024;3920;Myers-Lee;23/07/2022;Morning;I;;;;
314;454;12/02/2020;928;Myers-Lee;12/02/2020;Stock;responsibility;;;;
314;505;18/11/2024;1349;Myers-Lee;31/01/2020;Raise;them;;;;
314;508;13/12/2020;2759;Myers-Lee;12/12/2020;Daughter;board;;;;
314;596;08/11/2023;1609;Myers-Lee;03/10/2022;;;;;;
314;629;17/12/2024;2846;Myers-Lee;12/05/2020;;;;;;
314;758;25/10/2025;1491;Myers-Lee;16/01/2021;;;;;;
314;820;28/03/2022;1508;Myers-Lee;16/03/2020;Red;probably;;;;
314;866;23/10/2020;365;Myers-Lee;31/08/2020;Factor;physical;;;;
314;872;16/02/2022;3682;Myers-Lee;01/01/2021;;;;;;
314;927;07/11/2022;475;Myers-Lee;02/03/2020;;;;;;
315;1;25/06/2024;3080;Cole;02/01/2020;;;;;;
315;30;10/06/2020;2582;Cole;15/03/2020;Conference;product;;;;
315;157;12/01/2024;1444;Cole;03/03/2020;;;;;;
315;165;22/11/2025;480;Cole;22/09/2020;;;;;;
315;172;25/10/2025;2676;Cole;16/04/2021;Turn;war;;;;
315;254;13/12/2021;404;Cole;13/12/2021;Human;because;;;;
315;335;18/08/2020;1084;Cole;03/03/2020;;;;;;
315;516;11/10/2022;3090;Cole;26/03/2021;Worker;own;;;;
315;525;06/02/2023;4120;Cole;15/04/2020;;;;;;
315;532;09/07/2022;3675;Cole;23/11/2020;Time;town;;;;
315;533;12/11/2020;2441;Cole;04/06/2020;Reality;drop;;;;
315;599;27/07/2022;3641;Cole;20/11/2020;Population;use;;;;
315;604;23/06/2020;3272;Cole;11/02/2020;;;;;;
315;617;28/08/2025;3563;Cole;25/02/2020;;;;;;
315;701;06/03/2022;4149;Cole;15/11/2020;;;;;;
315;764;22/01/2024;4634;Cole;04/08/2020;Laugh;send;;;;
315;793;10/10/2025;998;Cole;05/08/2022;Laugh;far;;;;
315;933;12/09/2025;3940;Cole;21/08/2020;Party;success;;;;
316;40;30/07/2024;1303;Phillips-Baker;04/01/2022;Speech;generation;;;;
316;77;09/03/2022;2400;Phillips-Baker;29/01/2020;Help;together;;;;
316;89;08/04/2020;4158;Phillips-Baker;08/04/2020;Involve;term;;;;
316;145;03/08/2021;2046;Phillips-Baker;29/12/2020;Bag;character;;;;
316;211;14/08/2022;1393;Phillips-Baker;05/07/2021;;;;;;
316;304;23/10/2021;4078;Phillips-Baker;11/07/2021;;;;;;
316;371;04/03/2024;1026;Phillips-Baker;19/09/2020;South;return;;;;
316;432;26/01/2023;3162;Phillips-Baker;28/03/2020;;;;;;
316;516;09/02/2026;1905;Phillips-Baker;26/03/2021;Worker;own;;;;
316;545;27/05/2025;3378;Phillips-Baker;03/03/2020;Yes;plant;;;;
316;548;08/08/2023;4889;Phillips-Baker;31/03/2020;;;;;;
316;570;05/06/2020;3629;Phillips-Baker;05/06/2020;Rather;professional;;;;
316;577;09/08/2024;1988;Phillips-Baker;10/06/2021;Strong;seek;;;;
316;679;19/02/2024;4807;Phillips-Baker;27/04/2020;Word;hard;;;;
316;719;22/04/2022;2707;Phillips-Baker;22/04/2022;;;;;;
316;750;22/04/2024;391;Phillips-Baker;08/05/2020;;;;;;
316;761;01/08/2020;3604;Phillips-Baker;26/01/2020;Company;age;;;;
316;775;02/01/2024;3973;Phillips-Baker;27/12/2021;No;end;;;;
316;999;04/04/2024;322;Phillips-Baker;17/01/2021;Public;late;;;;
317;99;15/08/2022;305;Harris;01/04/2021;Stuff;by;;;;
317;161;21/12/2021;2182;Harris;01/02/2020;Have;party;;;;
317;210;26/04/2025;4439;Harris;08/01/2022;Stage;they;;;;
317;215;19/01/2024;3436;Harris;05/01/2020;;;;;;
317;341;05/10/2025;2265;Harris;02/03/2020;;;;;;
317;382;11/08/2021;2718;Harris;10/05/2020;;;;;;
317;423;29/04/2021;3180;Harris;08/10/2020;;;;;;
317;423;08/10/2020;2844;Harris;08/10/2020;;;;;;
317;444;22/11/2021;630;Harris;12/03/2020;Development;despite;;;;
317;492;04/06/2022;4558;Harris;01/04/2020;Staff;treatment;;;;
317;543;14/09/2025;4634;Harris;03/01/2020;Rule;lay;;;;
317;613;11/03/2022;1463;Harris;31/07/2021;Hear;body;;;;
317;673;13/01/2024;2415;Harris;18/08/2021;If;need;;;;
317;694;07/09/2024;3145;Harris;21/01/2020;Concern;west;;;;
317;738;28/05/2022;686;Harris;26/02/2020;Crime;country;;;;
317;739;01/09/2022;961;Harris;01/04/2020;Pull;beautiful;;;;
317;800;29/01/2024;3910;Harris;20/02/2020;Focus;check;;;;
317;856;02/12/2022;4127;Harris;23/03/2020;Likely;city;;;;
317;879;26/04/2020;3668;Harris;26/04/2020;Interesting;board;;;;
317;1000;04/07/2022;4046;Harris;09/05/2020;Behavior;offer;;;;
318;57;12/03/2020;1837;Adams-Mckinney;12/03/2020;;;;;;
318;100;10/06/2024;1543;Adams-Mckinney;15/04/2020;Best;center;;;;
318;100;29/11/2022;4760;Adams-Mckinney;15/04/2020;Best;center;;;;
318;127;28/06/2025;3599;Adams-Mckinney;14/08/2020;Wait;show;;;;
318;144;21/03/2022;3267;Adams-Mckinney;11/12/2020;;;;;;
318;252;17/02/2023;1605;Adams-Mckinney;16/10/2021;Clear;clearly;;;;
318;353;23/09/2023;1356;Adams-Mckinney;01/05/2020;Kitchen;sign;;;;
318;394;10/11/2022;3022;Adams-Mckinney;21/12/2021;My;contain;;;;
318;402;21/12/2020;2394;Adams-Mckinney;05/02/2020;Throughout;end;;;;
318;403;08/04/2023;1657;Adams-Mckinney;30/01/2020;Goal;interest;;;;
318;403;04/06/2023;3221;Adams-Mckinney;30/01/2020;Goal;interest;;;;
318;405;15/12/2024;556;Adams-Mckinney;22/06/2020;Time;sing;;;;
318;415;22/12/2025;1216;Adams-Mckinney;18/05/2020;;;;;;
318;436;09/09/2021;1664;Adams-Mckinney;13/05/2020;Whatever;every;;;;
318;478;19/01/2026;4209;Adams-Mckinney;16/03/2020;Common;cold;;;;
318;490;28/05/2024;1763;Adams-Mckinney;27/03/2021;Road;campaign;;;;
318;603;06/02/2024;2867;Adams-Mckinney;05/06/2020;;;;;;
318;647;06/11/2023;4696;Adams-Mckinney;05/01/2020;Maintain;coach;;;;
318;731;15/11/2023;3183;Adams-Mckinney;29/04/2020;High;central;;;;
318;781;08/02/2022;1196;Adams-Mckinney;12/08/2020;Wife;sure;;;;
318;802;18/05/2023;3933;Adams-Mckinney;18/02/2020;Hard;cost;;;;
318;902;27/02/2020;2460;Adams-Mckinney;27/02/2020;Eat;happy;;;;
318;982;18/05/2022;3248;Adams-Mckinney;25/01/2021;Operation;time;;;;
319;3;28/05/2025;1883;Kelley;24/07/2021;Unit;film;;;;
319;44;30/07/2021;3595;Kelley;26/09/2020;Sound;far;;;;
319;78;04/05/2022;1730;Kelley;18/01/2020;;;;;;
319;93;27/04/2021;4296;Kelley;27/04/2021;Painting;away;;;;
319;248;05/05/2025;1587;Kelley;04/09/2020;;;;;;
319;350;17/07/2025;622;Kelley;08/01/2021;Represent;example;;;;
319;411;04/04/2023;3131;Kelley;28/07/2020;Board;ground;;;;
319;418;13/11/2025;1762;Kelley;03/05/2021;Method;civil;;;;
319;562;30/12/2021;1035;Kelley;22/01/2020;;;;;;
319;571;23/06/2023;4822;Kelley;07/09/2020;;;;;;
319;592;23/05/2021;3975;Kelley;03/03/2021;Teacher;themselves;;;;
319;626;24/03/2021;1355;Kelley;09/07/2020;Sign;voice;;;;
319;727;15/12/2020;3431;Kelley;01/08/2020;Allow;peace;;;;
319;836;07/01/2026;3262;Kelley;23/10/2020;Benefit;accept;;;;
319;915;05/09/2025;160;Kelley;02/03/2020;But;forget;;;;
319;922;29/04/2020;1444;Kelley;29/04/2020;Price;threat;;;;
320;178;30/01/2020;478;French;30/01/2020;Animal;huge;;;;
320;206;05/08/2020;3335;French;25/01/2020;He;main;;;;
320;212;28/08/2023;3765;French;04/03/2020;;;;;;
320;276;20/09/2022;1752;French;08/01/2020;Chair;design;;;;
320;291;11/06/2024;596;French;20/11/2020;Customer;set;;;;
320;294;27/08/2023;939;French;01/01/2020;;;;;;
320;305;13/07/2024;371;French;25/07/2023;Despite;protect;;;;
320;327;12/11/2020;1127;French;12/11/2020;Image;style;;;;
320;403;02/01/2023;2466;French;30/01/2020;Goal;interest;;;;
320;474;12/05/2025;2500;French;07/09/2020;;;;;;
320;501;06/06/2022;656;French;20/04/2021;Avoid;approach;;;;
320;528;20/10/2022;1501;French;23/03/2021;;;;;;
320;605;21/08/2023;3807;French;30/03/2020;;;;;;
320;633;21/06/2021;3660;French;29/02/2020;Check;reach;;;;
320;647;22/09/2023;3865;French;05/01/2020;Maintain;coach;;;;
320;671;25/07/2021;4277;French;20/01/2020;;;;;;
320;805;21/08/2024;1548;French;12/06/2022;Begin;company;;;;
320;855;27/08/2021;2605;French;27/08/2021;Five;Crime;;;;
320;879;07/12/2023;3009;French;26/04/2020;Interesting;board;;;;
320;936;03/12/2024;216;French;02/02/2020;;;;;;
320;972;24/03/2023;2167;French;14/02/2020;;;;;;
321;31;22/09/2022;1769;Wang-Young;31/08/2020;Health;respond;170;like;366;Desenvolvimento e Estudos Culturais
321;32;03/05/2025;2544;Wang-Young;20/01/2022;Event;continue;170;like;366;Desenvolvimento e Estudos Culturais
321;42;08/07/2025;3450;Wang-Young;01/10/2020;Light;free;170;like;366;Desenvolvimento e Estudos Culturais
321;66;15/01/2025;335;Wang-Young;17/03/2021;Sister;door;170;like;366;Desenvolvimento e Estudos Culturais
321;89;02/09/2020;438;Wang-Young;08/04/2020;Involve;term;170;like;366;Desenvolvimento e Estudos Culturais
321;269;02/03/2020;3768;Wang-Young;02/03/2020;But;leg;170;like;366;Desenvolvimento e Estudos Culturais
321;274;15/10/2024;2356;Wang-Young;12/01/2020;;;170;like;366;Desenvolvimento e Estudos Culturais
321;278;02/05/2025;3620;Wang-Young;01/03/2020;;;170;like;366;Desenvolvimento e Estudos Culturais
321;385;01/10/2023;3945;Wang-Young;23/02/2020;Knowledge;at;170;like;366;Desenvolvimento e Estudos Culturais
321;410;13/06/2024;4069;Wang-Young;10/04/2020;Evening;throughout;170;like;366;Desenvolvimento e Estudos Culturais
321;585;18/01/2022;149;Wang-Young;21/06/2020;Opportunity;ok;170;like;366;Desenvolvimento e Estudos Culturais
321;601;07/02/2022;584;Wang-Young;07/02/2022;Everybody;world;170;like;366;Desenvolvimento e Estudos Culturais
321;609;06/05/2022;4317;Wang-Young;24/04/2021;Specific;move;170;like;366;Desenvolvimento e Estudos Culturais
321;655;08/08/2024;4702;Wang-Young;23/04/2021;Billion;subject;170;like;366;Desenvolvimento e Estudos Culturais
321;705;30/04/2023;4193;Wang-Young;16/01/2020;North;door;170;like;366;Desenvolvimento e Estudos Culturais
321;844;30/03/2022;4199;Wang-Young;24/09/2020;Statement;benefit;170;like;366;Desenvolvimento e Estudos Culturais
321;847;04/03/2023;4188;Wang-Young;20/01/2020;No;wall;170;like;366;Desenvolvimento e Estudos Culturais
321;859;12/02/2020;1910;Wang-Young;12/02/2020;Teach;should;170;like;366;Desenvolvimento e Estudos Culturais
321;872;01/01/2021;1349;Wang-Young;01/01/2021;;;170;like;366;Desenvolvimento e Estudos Culturais
321;940;15/04/2022;3022;Wang-Young;08/08/2020;Natural;wind;170;like;366;Desenvolvimento e Estudos Culturais
321;975;07/01/2020;2193;Wang-Young;07/01/2020;For;rather;170;like;366;Desenvolvimento e Estudos Culturais
321;988;07/07/2024;2962;Wang-Young;22/03/2020;;;170;like;366;Desenvolvimento e Estudos Culturais
322;104;15/10/2021;703;Jones;07/07/2020;Concern;stay;;;;
322;148;12/01/2020;2378;Jones;12/01/2020;Pm;successful;;;;
322;225;05/01/2025;1450;Jones;30/01/2020;Book;quality;;;;
322;226;13/01/2022;2896;Jones;30/04/2020;Buy;share;;;;
322;234;16/10/2025;3907;Jones;19/05/2020;Administration;arm;;;;
322;249;07/10/2022;3165;Jones;25/05/2020;Member;skin;;;;
322;261;06/08/2024;1539;Jones;02/02/2020;;;;;;
322;360;04/03/2024;4874;Jones;20/03/2020;Question;walk;;;;
322;525;01/03/2025;2551;Jones;15/04/2020;;;;;;
322;628;29/03/2023;2970;Jones;13/01/2020;Policy;often;;;;
322;714;22/03/2023;4562;Jones;21/04/2020;Standard;ahead;;;;
322;738;08/11/2024;4779;Jones;26/02/2020;Crime;country;;;;
322;760;09/04/2021;1150;Jones;06/04/2020;;;;;;
322;819;23/04/2024;1306;Jones;20/11/2020;Former;involve;;;;
322;844;20/02/2021;4021;Jones;24/09/2020;Statement;benefit;;;;
322;850;28/07/2025;4940;Jones;04/02/2020;Four;travel;;;;
322;859;18/08/2023;694;Jones;12/02/2020;Teach;should;;;;
322;860;16/10/2021;3565;Jones;07/04/2020;Push;yard;;;;
322;861;17/08/2021;3391;Jones;12/01/2020;Safe;every;;;;
322;873;03/12/2022;2705;Jones;18/01/2021;Into;ask;;;;
322;879;12/12/2020;172;Jones;26/04/2020;Interesting;board;;;;
322;986;12/09/2022;1896;Jones;10/04/2020;Appear;career;;;;
323;31;10/03/2022;4599;Chambers;31/08/2020;Health;respond;;;;
323;54;18/07/2022;1219;Chambers;25/05/2020;;;;;;
323;147;08/03/2025;1964;Chambers;24/01/2020;;;;;;
323;213;18/06/2022;4450;Chambers;06/11/2020;Yet;product;;;;
323;357;01/12/2020;944;Chambers;03/02/2020;;;;;;
323;389;15/12/2022;4770;Chambers;15/01/2021;Where;house;;;;
323;397;04/03/2024;1510;Chambers;11/09/2020;;;;;;
323;460;27/04/2023;560;Chambers;02/04/2020;For;reach;;;;
323;470;18/03/2023;2715;Chambers;07/09/2020;Red;against;;;;
323;650;28/08/2025;3847;Chambers;07/05/2020;Perform;entire;;;;
323;740;13/07/2025;4017;Chambers;18/05/2020;Side;ok;;;;
323;745;10/12/2025;3557;Chambers;14/01/2020;But;song;;;;
323;755;23/04/2021;2166;Chambers;22/01/2020;Hand;without;;;;
323;769;22/04/2025;3848;Chambers;23/01/2020;;;;;;
323;798;07/10/2025;2484;Chambers;11/08/2021;;;;;;
323;896;04/04/2023;373;Chambers;15/01/2020;;;;;;
323;971;07/10/2022;929;Chambers;05/02/2021;;;;;;
324;50;02/07/2020;4186;Gonzalez-Pope;01/01/2020;Book;difference;;;;
324;128;26/04/2021;1803;Gonzalez-Pope;03/10/2020;Hour;out;;;;
324;227;21/11/2020;1728;Gonzalez-Pope;21/11/2020;Ok;air;;;;
324;231;17/12/2020;1806;Gonzalez-Pope;17/12/2020;;;;;;
324;324;24/01/2026;4229;Gonzalez-Pope;11/04/2020;Daughter;radio;;;;
324;330;10/07/2025;3823;Gonzalez-Pope;07/03/2020;Out;character;;;;
324;361;13/01/2022;3420;Gonzalez-Pope;13/04/2020;Staff;radio;;;;
324;366;10/10/2024;3759;Gonzalez-Pope;03/06/2022;Eye;Mrs;;;;
324;491;01/08/2023;3835;Gonzalez-Pope;14/02/2020;Year;ask;;;;
324;523;07/03/2023;1308;Gonzalez-Pope;19/03/2020;Base;remember;;;;
324;550;16/07/2022;2874;Gonzalez-Pope;24/04/2020;;;;;;
324;644;08/12/2023;4378;Gonzalez-Pope;30/11/2020;;;;;;
324;645;05/11/2025;1985;Gonzalez-Pope;29/04/2020;;;;;;
324;670;21/08/2020;3928;Gonzalez-Pope;01/03/2020;;;;;;
324;673;25/08/2024;4685;Gonzalez-Pope;18/08/2021;If;need;;;;
324;679;09/07/2021;878;Gonzalez-Pope;27/04/2020;Word;hard;;;;
324;808;01/01/2025;3515;Gonzalez-Pope;21/03/2020;Ahead;whose;;;;
324;881;28/08/2021;4993;Gonzalez-Pope;13/12/2020;;;;;;
324;892;26/03/2023;1293;Gonzalez-Pope;15/07/2020;;;;;;
324;909;28/08/2022;309;Gonzalez-Pope;16/07/2020;At;various;;;;
324;965;17/01/2026;4900;Gonzalez-Pope;24/02/2020;;;;;;
324;971;21/03/2023;1164;Gonzalez-Pope;05/02/2021;;;;;;
325;84;02/11/2022;316;Singh Ltd;16/07/2020;She;marriage;63;always;79;Critica da Arte
325;84;02/11/2022;316;Singh Ltd;16/07/2020;She;marriage;57;dinner;366;Desenvolvimento e Estudos Culturais
325;110;27/01/2021;3724;Singh Ltd;27/02/2020;Thus;heavy;63;always;79;Critica da Arte
325;110;27/01/2021;3724;Singh Ltd;27/02/2020;Thus;heavy;57;dinner;366;Desenvolvimento e Estudos Culturais
325;139;11/06/2020;1612;Singh Ltd;11/06/2020;Myself;bag;63;always;79;Critica da Arte
325;139;11/06/2020;1612;Singh Ltd;11/06/2020;Myself;bag;57;dinner;366;Desenvolvimento e Estudos Culturais
325;142;29/04/2025;4353;Singh Ltd;16/03/2020;Analysis;evidence;63;always;79;Critica da Arte
325;142;29/04/2025;4353;Singh Ltd;16/03/2020;Analysis;evidence;57;dinner;366;Desenvolvimento e Estudos Culturais
325;173;01/05/2023;3398;Singh Ltd;14/03/2020;;;63;always;79;Critica da Arte
325;173;01/05/2023;3398;Singh Ltd;14/03/2020;;;57;dinner;366;Desenvolvimento e Estudos Culturais
325;211;18/01/2025;1423;Singh Ltd;05/07/2021;;;63;always;79;Critica da Arte
325;211;18/01/2025;1423;Singh Ltd;05/07/2021;;;57;dinner;366;Desenvolvimento e Estudos Culturais
325;236;26/01/2020;4404;Singh Ltd;26/01/2020;;;63;always;79;Critica da Arte
325;236;26/01/2020;4404;Singh Ltd;26/01/2020;;;57;dinner;366;Desenvolvimento e Estudos Culturais
325;275;06/11/2022;317;Singh Ltd;19/04/2020;;;63;always;79;Critica da Arte
325;275;06/11/2022;317;Singh Ltd;19/04/2020;;;57;dinner;366;Desenvolvimento e Estudos Culturais
325;319;12/01/2021;2673;Singh Ltd;15/03/2020;Behavior;occur;63;always;79;Critica da Arte
325;319;12/01/2021;2673;Singh Ltd;15/03/2020;Behavior;occur;57;dinner;366;Desenvolvimento e Estudos Culturais
325;348;21/12/2020;4772;Singh Ltd;19/02/2020;Almost;fine;63;always;79;Critica da Arte
325;348;21/12/2020;4772;Singh Ltd;19/02/2020;Almost;fine;57;dinner;366;Desenvolvimento e Estudos Culturais
325;537;02/02/2025;471;Singh Ltd;07/04/2020;Cost;outside;63;always;79;Critica da Arte
325;537;02/02/2025;471;Singh Ltd;07/04/2020;Cost;outside;57;dinner;366;Desenvolvimento e Estudos Culturais
325;555;26/06/2024;4061;Singh Ltd;10/02/2020;;;63;always;79;Critica da Arte
325;555;26/06/2024;4061;Singh Ltd;10/02/2020;;;57;dinner;366;Desenvolvimento e Estudos Culturais
325;645;21/11/2025;3241;Singh Ltd;29/04/2020;;;63;always;79;Critica da Arte
325;645;21/11/2025;3241;Singh Ltd;29/04/2020;;;57;dinner;366;Desenvolvimento e Estudos Culturais
325;888;27/03/2022;2523;Singh Ltd;03/04/2020;History;appear;63;always;79;Critica da Arte
325;888;27/03/2022;2523;Singh Ltd;03/04/2020;History;appear;57;dinner;366;Desenvolvimento e Estudos Culturais
325;893;04/08/2022;2286;Singh Ltd;08/04/2020;Officer;maintain;63;always;79;Critica da Arte
325;893;04/08/2022;2286;Singh Ltd;08/04/2020;Officer;maintain;57;dinner;366;Desenvolvimento e Estudos Culturais
326;8;05/10/2024;495;Rose;22/03/2020;White;build;;;;
326;31;28/02/2021;4273;Rose;31/08/2020;Health;respond;;;;
326;54;23/02/2025;4564;Rose;25/05/2020;;;;;;
326;57;06/07/2022;3303;Rose;12/03/2020;;;;;;
326;92;30/11/2020;4939;Rose;07/07/2020;Read;fly;;;;
326;189;26/09/2024;4520;Rose;11/11/2020;Toward;station;;;;
326;273;02/10/2024;1863;Rose;13/01/2020;Doctor;admit;;;;
326;339;11/05/2021;1879;Rose;27/03/2020;;;;;;
326;362;23/06/2022;3169;Rose;13/02/2020;Memory;late;;;;
326;410;09/11/2023;1348;Rose;10/04/2020;Evening;throughout;;;;
326;449;26/12/2023;3658;Rose;03/01/2020;Get;to;;;;
326;470;07/12/2023;4495;Rose;07/09/2020;Red;against;;;;
326;523;02/02/2023;4719;Rose;19/03/2020;Base;remember;;;;
326;544;29/08/2021;943;Rose;24/09/2020;He;two;;;;
326;628;06/02/2020;2680;Rose;13/01/2020;Policy;often;;;;
326;652;11/03/2025;3012;Rose;18/02/2020;School;public;;;;
326;662;07/05/2024;2731;Rose;20/12/2020;;;;;;
326;671;19/08/2020;972;Rose;20/01/2020;;;;;;
326;676;16/03/2024;687;Rose;11/12/2020;Manage;same;;;;
326;692;18/01/2026;4977;Rose;12/12/2020;Street;walk;;;;
326;725;02/04/2024;4367;Rose;22/05/2020;;;;;;
326;807;24/05/2023;3311;Rose;05/06/2020;;;;;;
326;855;26/12/2023;1345;Rose;27/08/2021;Five;Crime;;;;
326;864;04/09/2025;3454;Rose;03/07/2020;Amount;show;;;;
326;920;19/05/2024;4145;Rose;05/05/2020;Issue;suffer;;;;
326;952;17/03/2023;1943;Rose;08/01/2021;Fire;another;;;;
327;53;19/04/2023;1476;Moore Ltd;29/11/2021;Become;themselves;;;;
327;56;14/04/2022;4000;Moore Ltd;28/02/2020;;;;;;
327;64;08/07/2023;3441;Moore Ltd;06/12/2020;Red;information;;;;
327;142;10/06/2022;2844;Moore Ltd;16/03/2020;Analysis;evidence;;;;
327;305;25/07/2023;4389;Moore Ltd;25/07/2023;Despite;protect;;;;
327;328;13/10/2024;3919;Moore Ltd;03/03/2020;Painting;laugh;;;;
327;484;14/05/2021;2438;Moore Ltd;25/03/2020;Maybe;possible;;;;
327;533;23/03/2025;934;Moore Ltd;04/06/2020;Reality;drop;;;;
327;535;24/12/2023;2515;Moore Ltd;05/04/2020;Feeling;red;;;;
327;577;16/07/2022;1685;Moore Ltd;10/06/2021;Strong;seek;;;;
327;584;29/05/2024;591;Moore Ltd;25/03/2020;;;;;;
327;630;02/06/2023;4360;Moore Ltd;09/07/2020;;;;;;
327;657;18/03/2020;633;Moore Ltd;16/01/2020;Will;pay;;;;
327;666;24/05/2024;4007;Moore Ltd;30/06/2021;;;;;;
327;668;02/06/2023;3307;Moore Ltd;17/08/2020;;;;;;
327;673;26/09/2025;4303;Moore Ltd;18/08/2021;If;need;;;;
327;689;21/05/2022;4385;Moore Ltd;29/07/2020;Growth;sport;;;;
327;694;01/08/2020;469;Moore Ltd;21/01/2020;Concern;west;;;;
327;718;11/03/2022;2755;Moore Ltd;23/04/2021;Partner;ball;;;;
327;765;16/08/2021;3505;Moore Ltd;08/11/2020;Song;anyone;;;;
327;814;05/08/2021;4510;Moore Ltd;03/05/2020;;;;;;
327;943;20/03/2020;2723;Moore Ltd;20/03/2020;Culture;goal;;;;
327;976;07/09/2020;1648;Moore Ltd;12/01/2020;;;;;;
327;985;21/05/2022;1516;Moore Ltd;25/08/2021;Detail;speech;;;;
327;996;23/04/2022;3211;Moore Ltd;13/05/2020;Why;cover;;;;
328;17;17/08/2022;889;Delgado;19/01/2020;;;;;;
328;52;27/08/2024;4836;Delgado;05/01/2020;;;;;;
328;78;28/08/2020;4286;Delgado;18/01/2020;;;;;;
328;145;29/12/2020;4627;Delgado;29/12/2020;Bag;character;;;;
328;163;18/08/2023;595;Delgado;04/03/2020;Treat;majority;;;;
328;192;04/09/2022;3761;Delgado;17/10/2020;;;;;;
328;208;01/04/2024;2921;Delgado;23/02/2020;;;;;;
328;261;01/09/2021;3853;Delgado;02/02/2020;;;;;;
328;265;11/11/2024;2802;Delgado;24/02/2020;Third;girl;;;;
328;270;09/11/2023;1920;Delgado;13/03/2020;Product;state;;;;
328;274;18/02/2023;4230;Delgado;12/01/2020;;;;;;
328;349;30/03/2025;2890;Delgado;16/07/2021;;;;;;
328;423;26/08/2021;4025;Delgado;08/10/2020;;;;;;
328;480;30/11/2025;2496;Delgado;23/04/2020;;;;;;
328;482;10/05/2021;1137;Delgado;11/01/2020;;;;;;
328;573;20/10/2022;4804;Delgado;28/10/2020;Drug;father;;;;
328;659;28/12/2022;514;Delgado;20/01/2020;Table;page;;;;
328;900;06/11/2025;1631;Delgado;05/04/2021;Rule;middle;;;;
328;904;09/08/2024;4191;Delgado;22/12/2020;Sometimes;mean;;;;
328;906;26/08/2020;968;Delgado;26/08/2020;Third;newspaper;;;;
328;923;10/04/2024;4242;Delgado;08/11/2020;Today;new;;;;
328;936;26/07/2023;3494;Delgado;02/02/2020;;;;;;
328;952;22/04/2021;1642;Delgado;08/01/2021;Fire;another;;;;
328;955;02/03/2024;976;Delgado;13/02/2020;;;;;;
329;18;20/10/2025;4148;Robertson-Holt;30/01/2020;;;;;;
329;26;15/10/2021;3885;Robertson-Holt;15/10/2021;Give;consider;;;;
329;39;17/06/2022;2304;Robertson-Holt;27/02/2020;;;;;;
329;58;04/02/2023;4109;Robertson-Holt;10/02/2020;;;;;;
329;72;23/05/2022;2393;Robertson-Holt;22/02/2020;How;white;;;;
329;216;23/09/2021;3132;Robertson-Holt;03/07/2020;Top;likely;;;;
329;259;14/08/2021;1155;Robertson-Holt;20/06/2020;Picture;build;;;;
329;361;13/04/2020;3609;Robertson-Holt;13/04/2020;Staff;radio;;;;
329;462;18/04/2023;2686;Robertson-Holt;09/02/2020;Group;carry;;;;
329;590;26/10/2024;3323;Robertson-Holt;07/01/2020;Rich;thus;;;;
329;597;11/08/2025;4826;Robertson-Holt;13/06/2021;Radio;to;;;;
329;642;25/01/2026;1400;Robertson-Holt;09/01/2020;Realize;financial;;;;
329;694;20/10/2021;564;Robertson-Holt;21/01/2020;Concern;west;;;;
329;723;27/07/2024;999;Robertson-Holt;05/02/2020;Take;above;;;;
329;744;01/05/2022;3186;Robertson-Holt;29/01/2020;Radio;like;;;;
329;828;15/01/2022;957;Robertson-Holt;27/01/2021;Above;five;;;;
329;858;29/12/2022;1199;Robertson-Holt;09/02/2020;Good;all;;;;
329;870;01/01/2023;4310;Robertson-Holt;24/09/2022;Cold;also;;;;
329;918;13/07/2023;3982;Robertson-Holt;16/04/2020;;;;;;
329;958;08/07/2023;417;Robertson-Holt;29/11/2020;;;;;;
330;1;21/07/2025;1794;Harris;02/01/2020;;;;;;
330;103;15/02/2023;420;Harris;24/03/2020;Some;here;;;;
330;108;18/11/2023;1058;Harris;07/04/2020;;;;;;
330;173;24/06/2025;1421;Harris;14/03/2020;;;;;;
330;193;17/11/2025;2733;Harris;28/09/2020;;;;;;
330;219;08/06/2020;1239;Harris;20/01/2020;;;;;;
330;291;12/01/2023;1930;Harris;20/11/2020;Customer;set;;;;
330;309;09/11/2022;3172;Harris;25/12/2020;Wear;radio;;;;
330;316;28/11/2022;3997;Harris;19/06/2020;;;;;;
330;352;15/06/2024;3711;Harris;07/08/2020;Suddenly;boy;;;;
330;403;24/06/2025;3971;Harris;30/01/2020;Goal;interest;;;;
330;502;10/04/2025;1712;Harris;13/10/2020;;;;;;
330;510;08/05/2023;2875;Harris;02/04/2020;;;;;;
330;526;09/12/2024;4361;Harris;23/09/2020;Accept;strong;;;;
330;595;15/02/2021;172;Harris;15/02/2021;;;;;;
330;615;04/09/2021;3884;Harris;16/03/2020;Unit;area;;;;
330;712;12/03/2023;4694;Harris;12/03/2023;;;;;;
330;742;13/12/2020;3237;Harris;21/05/2020;Computer;range;;;;
330;790;05/01/2021;3089;Harris;18/07/2020;;;;;;
330;791;10/07/2023;4732;Harris;08/08/2020;;;;;;
330;794;27/08/2022;2431;Harris;20/04/2020;;;;;;
330;802;15/09/2024;2082;Harris;18/02/2020;Hard;cost;;;;
330;828;26/09/2023;2809;Harris;27/01/2021;Above;five;;;;
330;837;18/04/2021;2011;Harris;13/01/2021;;;;;;
330;856;03/11/2025;4891;Harris;23/03/2020;Likely;city;;;;
330;975;10/12/2020;2165;Harris;07/01/2020;For;rather;;;;
331;19;08/02/2021;4032;Lawrence;13/05/2020;Ever;hope;;;;
331;112;07/11/2022;4118;Lawrence;30/04/2020;Example;lose;;;;
331;113;02/01/2022;4339;Lawrence;30/12/2020;Feel;simply;;;;
331;127;06/03/2024;3356;Lawrence;14/08/2020;Wait;show;;;;
331;167;11/06/2023;2963;Lawrence;15/04/2020;Happy;land;;;;
331;284;04/01/2025;649;Lawrence;10/03/2023;Safe;hotel;;;;
331;415;15/07/2022;2967;Lawrence;18/05/2020;;;;;;
331;501;02/03/2025;4960;Lawrence;20/04/2021;Avoid;approach;;;;
331;670;11/06/2023;3757;Lawrence;01/03/2020;;;;;;
331;722;18/05/2021;3830;Lawrence;23/02/2020;Attack;natural;;;;
331;725;01/05/2023;3447;Lawrence;22/05/2020;;;;;;
331;727;20/06/2022;3013;Lawrence;01/08/2020;Allow;peace;;;;
331;735;15/11/2021;2401;Lawrence;08/01/2021;Learn;lose;;;;
331;772;01/07/2023;4809;Lawrence;02/02/2020;Fish;form;;;;
331;784;15/12/2020;3317;Lawrence;21/03/2020;Exactly;a;;;;
331;924;26/09/2025;3006;Lawrence;01/04/2021;Somebody;offer;;;;
331;957;17/07/2022;4615;Lawrence;14/04/2021;My;morning;;;;
331;959;28/01/2022;4314;Lawrence;20/05/2020;Their;read;;;;
331;971;04/06/2024;843;Lawrence;05/02/2021;;;;;;
332;64;15/08/2025;1590;Barber and Sons;06/12/2020;Red;information;;;;
332;127;14/08/2020;2733;Barber and Sons;14/08/2020;Wait;show;;;;
332;138;21/09/2022;4128;Barber and Sons;31/05/2021;Kind;choose;;;;
332;154;14/04/2024;1810;Barber and Sons;28/12/2020;;;;;;
332;160;06/12/2020;2880;Barber and Sons;12/06/2020;Style;shoulder;;;;
332;166;29/09/2021;4722;Barber and Sons;25/10/2020;Director;feel;;;;
332;172;25/10/2023;2265;Barber and Sons;16/04/2021;Turn;war;;;;
332;276;01/11/2025;2226;Barber and Sons;08/01/2020;Chair;design;;;;
332;281;07/08/2020;3195;Barber and Sons;03/02/2020;;;;;;
332;332;25/02/2021;3424;Barber and Sons;25/02/2021;Avoid;television;;;;
332;402;05/02/2020;4678;Barber and Sons;05/02/2020;Throughout;end;;;;
332;471;13/04/2024;3096;Barber and Sons;22/03/2020;Ask;conference;;;;
332;589;23/10/2022;3030;Barber and Sons;13/07/2020;Necessary;far;;;;
332;611;24/12/2020;2482;Barber and Sons;01/02/2020;Series;seven;;;;
332;617;12/06/2020;3706;Barber and Sons;25/02/2020;;;;;;
332;620;21/02/2020;1773;Barber and Sons;21/02/2020;;;;;;
332;632;11/02/2020;2087;Barber and Sons;11/02/2020;Although;book;;;;
332;727;21/10/2021;1172;Barber and Sons;01/08/2020;Allow;peace;;;;
332;841;01/10/2020;516;Barber and Sons;05/08/2020;Old;investment;;;;
332;921;03/11/2020;2413;Barber and Sons;13/02/2020;Local;often;;;;
332;935;13/11/2020;556;Barber and Sons;13/11/2020;Part;quality;;;;
332;985;20/02/2024;2737;Barber and Sons;25/08/2021;Detail;speech;;;;
332;998;13/11/2024;3342;Barber and Sons;28/06/2020;Stop;clear;;;;
333;42;02/02/2026;2895;Morris Inc;01/10/2020;Light;free;;;;
333;56;04/10/2021;942;Morris Inc;28/02/2020;;;;;;
333;80;11/11/2024;4234;Morris Inc;29/03/2020;;;;;;
333;121;03/05/2023;2135;Morris Inc;16/01/2021;Avoid;probably;;;;
333;153;13/02/2022;4179;Morris Inc;14/03/2020;What;out;;;;
333;167;01/12/2022;246;Morris Inc;15/04/2020;Happy;land;;;;
333;202;23/01/2026;553;Morris Inc;20/10/2020;Number;news;;;;
333;273;14/09/2022;2785;Morris Inc;13/01/2020;Doctor;admit;;;;
333;317;21/08/2025;3594;Morris Inc;10/11/2021;Surface;bit;;;;
333;455;12/05/2023;3440;Morris Inc;23/07/2020;Former;public;;;;
333;481;14/03/2025;3109;Morris Inc;28/03/2021;;;;;;
333;486;01/09/2024;630;Morris Inc;28/12/2020;Try;sell;;;;
333;498;06/07/2023;2472;Morris Inc;26/04/2020;;;;;;
333;846;22/01/2020;2750;Morris Inc;22/01/2020;Can;various;;;;
333;882;27/10/2023;4174;Morris Inc;25/03/2020;;;;;;
333;963;26/12/2025;1469;Morris Inc;22/07/2020;Food;thousand;;;;
334;62;19/07/2024;3575;Phillips;20/05/2020;;;;;;
334;148;15/12/2020;4035;Phillips;12/01/2020;Pm;successful;;;;
334;176;04/04/2022;537;Phillips;08/05/2020;;;;;;
334;333;17/11/2020;908;Phillips;28/01/2020;Over;grow;;;;
334;428;14/08/2021;3038;Phillips;03/03/2020;Me;across;;;;
334;437;30/06/2020;4523;Phillips;29/04/2020;;;;;;
334;457;06/12/2021;1793;Phillips;01/03/2021;Standard;choose;;;;
334;553;13/07/2023;1969;Phillips;20/12/2020;Claim;news;;;;
334;627;27/12/2021;2915;Phillips;10/06/2020;;;;;;
334;631;14/04/2021;2111;Phillips;14/08/2020;;;;;;
334;649;20/02/2025;293;Phillips;06/01/2021;Us;group;;;;
334;653;14/06/2022;4108;Phillips;19/01/2021;;;;;;
334;668;16/08/2025;4197;Phillips;17/08/2020;;;;;;
334;859;22/01/2025;1636;Phillips;12/02/2020;Teach;should;;;;
334;971;15/01/2024;1804;Phillips;05/02/2021;;;;;;
335;161;27/02/2021;1143;Carlson-Smith;01/02/2020;Have;party;;;;
335;345;28/05/2023;1395;Carlson-Smith;10/10/2020;Although;place;;;;
335;360;19/12/2020;3254;Carlson-Smith;20/03/2020;Question;walk;;;;
335;403;30/10/2021;415;Carlson-Smith;30/01/2020;Goal;interest;;;;
335;458;02/01/2022;4458;Carlson-Smith;29/04/2020;Decide;morning;;;;
335;477;25/03/2022;3578;Carlson-Smith;21/01/2020;Citizen;over;;;;
335;478;24/12/2020;3064;Carlson-Smith;16/03/2020;Common;cold;;;;
335;487;07/12/2024;2246;Carlson-Smith;17/07/2020;Become;heavy;;;;
335;531;24/05/2023;4126;Carlson-Smith;24/04/2021;Commercial;relate;;;;
335;606;28/11/2022;824;Carlson-Smith;26/12/2020;;;;;;
335;648;13/03/2020;1388;Carlson-Smith;13/03/2020;Fish;high;;;;
335;656;06/04/2023;4461;Carlson-Smith;30/12/2020;Person;yourself;;;;
335;686;01/03/2021;2449;Carlson-Smith;10/10/2020;Human;vote;;;;
335;693;18/10/2022;4753;Carlson-Smith;05/03/2021;Nothing;traditional;;;;
335;735;02/10/2021;1552;Carlson-Smith;08/01/2021;Learn;lose;;;;
335;873;17/06/2022;2897;Carlson-Smith;18/01/2021;Into;ask;;;;
335;880;09/09/2022;2239;Carlson-Smith;21/08/2020;Rock;season;;;;
335;966;10/08/2021;4138;Carlson-Smith;14/02/2021;;;;;;
336;204;08/12/2022;654;Oconnor;12/03/2021;Significant;ten;;;;
336;291;09/10/2022;4638;Oconnor;20/11/2020;Customer;set;;;;
336;433;23/10/2020;3822;Oconnor;23/10/2020;;;;;;
336;488;18/09/2020;3325;Oconnor;24/07/2020;Street;its;;;;
336;509;28/05/2022;1193;Oconnor;24/06/2020;;;;;;
336;542;25/04/2020;808;Oconnor;25/04/2020;Yeah;base;;;;
336;619;12/09/2020;2629;Oconnor;14/04/2020;;;;;;
336;681;02/03/2023;4047;Oconnor;20/01/2020;Fast;spend;;;;
336;722;23/02/2020;3038;Oconnor;23/02/2020;Attack;natural;;;;
336;734;29/10/2022;3878;Oconnor;16/01/2020;Clearly;safe;;;;
336;898;27/08/2021;628;Oconnor;29/02/2020;;;;;;
336;993;09/12/2023;2552;Oconnor;01/11/2020;;;;;;
337;73;22/12/2024;1825;Carrillo-Farmer;27/05/2020;Feel;oil;;;;
337;107;07/04/2024;4655;Carrillo-Farmer;19/08/2023;Provide;know;;;;
337;164;13/02/2025;1919;Carrillo-Farmer;31/01/2020;Evening;guy;;;;
337;258;23/08/2021;2314;Carrillo-Farmer;12/04/2021;Enough;buy;;;;
337;261;17/07/2021;3496;Carrillo-Farmer;02/02/2020;;;;;;
337;281;17/09/2024;3621;Carrillo-Farmer;03/02/2020;;;;;;
337;294;14/10/2024;2207;Carrillo-Farmer;01/01/2020;;;;;;
337;360;30/10/2020;4135;Carrillo-Farmer;20/03/2020;Question;walk;;;;
337;398;08/07/2025;4867;Carrillo-Farmer;06/01/2020;Authority;treatment;;;;
337;432;15/12/2024;593;Carrillo-Farmer;28/03/2020;;;;;;
337;468;31/10/2023;2498;Carrillo-Farmer;08/08/2020;;;;;;
337;499;13/12/2022;2253;Carrillo-Farmer;14/03/2020;;;;;;
337;502;15/12/2024;492;Carrillo-Farmer;13/10/2020;;;;;;
337;514;16/11/2022;4786;Carrillo-Farmer;22/08/2020;;;;;;
337;539;01/09/2022;1800;Carrillo-Farmer;04/03/2020;After;policy;;;;
337;557;09/02/2023;287;Carrillo-Farmer;14/09/2020;Animal;yes;;;;
337;619;16/12/2022;3886;Carrillo-Farmer;14/04/2020;;;;;;
337;668;28/08/2021;3335;Carrillo-Farmer;17/08/2020;;;;;;
337;690;13/02/2023;913;Carrillo-Farmer;28/02/2020;South;attention;;;;
337;719;20/05/2023;168;Carrillo-Farmer;22/04/2022;;;;;;
337;732;30/03/2020;811;Carrillo-Farmer;30/03/2020;Happy;early;;;;
337;761;25/02/2025;479;Carrillo-Farmer;26/01/2020;Company;age;;;;
337;785;22/11/2020;1574;Carrillo-Farmer;28/05/2020;Entire;close;;;;
337;785;24/11/2021;2292;Carrillo-Farmer;28/05/2020;Entire;close;;;;
337;828;19/04/2023;4503;Carrillo-Farmer;27/01/2021;Above;five;;;;
337;981;30/05/2024;223;Carrillo-Farmer;09/05/2021;Walk;federal;;;;
338;6;29/04/2021;3166;Bailey Ltd;23/04/2020;Million;attack;;;;
338;126;09/01/2025;1361;Bailey Ltd;08/01/2020;Purpose;top;;;;
338;210;27/06/2025;1671;Bailey Ltd;08/01/2022;Stage;they;;;;
338;231;06/09/2025;2987;Bailey Ltd;17/12/2020;;;;;;
338;236;23/01/2023;2200;Bailey Ltd;26/01/2020;;;;;;
338;243;31/01/2020;202;Bailey Ltd;31/01/2020;First;population;;;;
338;249;22/03/2021;3322;Bailey Ltd;25/05/2020;Member;skin;;;;
338;302;03/09/2020;660;Bailey Ltd;15/04/2020;;;;;;
338;317;10/11/2021;377;Bailey Ltd;10/11/2021;Surface;bit;;;;
338;360;12/07/2021;4292;Bailey Ltd;20/03/2020;Question;walk;;;;
338;368;21/07/2025;1967;Bailey Ltd;07/01/2020;Any;important;;;;
338;384;28/03/2021;1312;Bailey Ltd;29/01/2020;Heavy;win;;;;
338;402;15/12/2024;3080;Bailey Ltd;05/02/2020;Throughout;end;;;;
338;422;07/12/2024;2811;Bailey Ltd;28/01/2020;Soldier;six;;;;
338;462;08/04/2024;3217;Bailey Ltd;09/02/2020;Group;carry;;;;
338;493;02/03/2023;4773;Bailey Ltd;22/03/2020;;;;;;
338;536;08/03/2020;4986;Bailey Ltd;08/03/2020;Beat;factor;;;;
338;549;12/02/2023;3825;Bailey Ltd;13/11/2020;;;;;;
338;580;13/09/2020;2745;Bailey Ltd;22/03/2020;Feel;bad;;;;
338;643;31/05/2020;4349;Bailey Ltd;31/05/2020;Term;example;;;;
338;743;15/03/2021;2898;Bailey Ltd;21/07/2020;Section;partner;;;;
338;758;02/05/2023;3132;Bailey Ltd;16/01/2021;;;;;;
338;761;08/10/2025;1160;Bailey Ltd;26/01/2020;Company;age;;;;
338;786;30/09/2025;3376;Bailey Ltd;06/05/2020;Move;dream;;;;
338;945;03/10/2024;2701;Bailey Ltd;15/04/2020;;;;;;
339;102;30/06/2025;591;Barrett PLC;22/06/2020;We;country;;;;
339;142;06/04/2021;1712;Barrett PLC;16/03/2020;Analysis;evidence;;;;
339;183;21/02/2021;3450;Barrett PLC;12/03/2020;;;;;;
339;191;29/04/2025;1821;Barrett PLC;18/06/2020;;;;;;
339;255;23/07/2025;1206;Barrett PLC;19/02/2020;Music;ability;;;;
339;319;20/08/2020;609;Barrett PLC;15/03/2020;Behavior;occur;;;;
339;379;08/07/2024;3116;Barrett PLC;31/01/2020;Learn;husband;;;;
339;451;29/08/2023;1425;Barrett PLC;03/03/2020;Sign;face;;;;
339;526;14/10/2021;2393;Barrett PLC;23/09/2020;Accept;strong;;;;
339;551;29/01/2022;4162;Barrett PLC;03/03/2020;Data;Republican;;;;
339;705;14/05/2025;337;Barrett PLC;16/01/2020;North;door;;;;
339;724;30/03/2023;822;Barrett PLC;21/02/2020;;;;;;
339;735;26/06/2023;3109;Barrett PLC;08/01/2021;Learn;lose;;;;
339;749;13/09/2022;322;Barrett PLC;04/04/2020;Cup;human;;;;
339;756;27/02/2025;660;Barrett PLC;15/04/2020;Audience;election;;;;
339;767;09/09/2020;3008;Barrett PLC;09/09/2020;Artist;wait;;;;
339;842;27/10/2021;1203;Barrett PLC;20/07/2020;Concern;other;;;;
339;883;25/10/2021;3063;Barrett PLC;02/02/2020;Process;Crime;;;;
339;950;21/11/2023;2087;Barrett PLC;17/03/2020;;;;;;
340;6;03/04/2022;4886;Walter Group;23/04/2020;Million;attack;81;grow;54;Cultura Urbana
340;209;12/12/2021;2620;Walter Group;06/01/2020;Draw;adult;81;grow;54;Cultura Urbana
340;280;13/05/2022;2597;Walter Group;23/01/2020;Agree;participant;81;grow;54;Cultura Urbana
340;408;15/12/2025;2013;Walter Group;27/02/2020;Color;really;81;grow;54;Cultura Urbana
340;449;01/11/2024;968;Walter Group;03/01/2020;Get;to;81;grow;54;Cultura Urbana
340;456;07/11/2021;359;Walter Group;03/03/2020;Save;put;81;grow;54;Cultura Urbana
340;563;28/09/2023;4777;Walter Group;18/05/2020;;;81;grow;54;Cultura Urbana
340;651;23/09/2020;3160;Walter Group;23/09/2020;Relate;offer;81;grow;54;Cultura Urbana
340;660;17/04/2025;3595;Walter Group;10/01/2021;;;81;grow;54;Cultura Urbana
340;698;11/10/2024;3774;Walter Group;07/06/2020;;;81;grow;54;Cultura Urbana
340;721;29/06/2022;3525;Walter Group;30/03/2021;;;81;grow;54;Cultura Urbana
340;912;21/04/2023;3263;Walter Group;10/09/2020;Cut;young;81;grow;54;Cultura Urbana
340;920;01/11/2024;343;Walter Group;05/05/2020;Issue;suffer;81;grow;54;Cultura Urbana
340;994;18/01/2025;1155;Walter Group;16/07/2021;Security;challenge;81;grow;54;Cultura Urbana
341;88;24/08/2025;625;Peterson;31/05/2020;Else;goal;;;;
341;176;02/05/2024;2653;Peterson;08/05/2020;;;;;;
341;249;06/09/2021;3851;Peterson;25/05/2020;Member;skin;;;;
341;270;07/06/2025;1716;Peterson;13/03/2020;Product;state;;;;
341;343;29/06/2025;4222;Peterson;12/01/2020;;;;;;
341;366;20/08/2024;4571;Peterson;03/06/2022;Eye;Mrs;;;;
341;570;09/07/2023;2562;Peterson;05/06/2020;Rather;professional;;;;
341;697;06/08/2020;4055;Peterson;06/08/2020;;;;;;
341;717;26/01/2025;2760;Peterson;05/04/2020;Think;future;;;;
341;853;21/05/2024;1240;Peterson;17/03/2020;Office;eye;;;;
341;881;05/11/2024;1516;Peterson;13/12/2020;;;;;;
341;905;22/07/2022;3934;Peterson;19/01/2020;Future;build;;;;
341;909;16/07/2020;4573;Peterson;16/07/2020;At;various;;;;
341;937;03/03/2024;2559;Peterson;05/08/2020;;;;;;
341;943;15/08/2025;1463;Peterson;20/03/2020;Culture;goal;;;;
342;12;26/08/2020;461;Molina and Sons;26/08/2020;Early;arrive;;;;
342;188;31/12/2020;2273;Molina and Sons;31/12/2020;;;;;;
342;205;04/11/2021;1312;Molina and Sons;28/06/2020;;;;;;
342;259;07/08/2022;3932;Molina and Sons;20/06/2020;Picture;build;;;;
342;414;24/03/2021;2042;Molina and Sons;06/04/2020;;;;;;
342;419;25/08/2024;3928;Molina and Sons;13/07/2020;;;;;;
342;430;11/12/2024;1169;Molina and Sons;03/04/2020;Recent;be;;;;
342;585;21/01/2022;3311;Molina and Sons;21/06/2020;Opportunity;ok;;;;
342;589;05/06/2025;4127;Molina and Sons;13/07/2020;Necessary;far;;;;
342;597;09/03/2023;381;Molina and Sons;13/06/2021;Radio;to;;;;
342;611;29/03/2024;762;Molina and Sons;01/02/2020;Series;seven;;;;
342;674;27/08/2023;3758;Molina and Sons;19/11/2022;Pay;generation;;;;
342;705;27/08/2022;1728;Molina and Sons;16/01/2020;North;door;;;;
342;853;14/10/2023;2906;Molina and Sons;17/03/2020;Office;eye;;;;
342;973;16/03/2021;2029;Molina and Sons;01/05/2020;;;;;;
342;975;08/02/2025;1296;Molina and Sons;07/01/2020;For;rather;;;;
343;110;17/08/2025;3916;Reynolds-Wheeler;27/02/2020;Thus;heavy;;;;
343;119;12/02/2021;3100;Reynolds-Wheeler;31/03/2020;Although;bring;;;;
343;125;12/07/2022;2179;Reynolds-Wheeler;10/04/2021;;;;;;
343;137;09/11/2024;2701;Reynolds-Wheeler;23/06/2020;Within;seat;;;;
343;161;31/08/2024;1240;Reynolds-Wheeler;01/02/2020;Have;party;;;;
343;217;27/08/2022;3272;Reynolds-Wheeler;14/06/2020;Administration;create;;;;
343;332;22/07/2021;3396;Reynolds-Wheeler;25/02/2021;Avoid;television;;;;
343;345;14/02/2024;346;Reynolds-Wheeler;10/10/2020;Although;place;;;;
343;387;24/09/2020;1011;Reynolds-Wheeler;24/09/2020;Teacher;contain;;;;
343;392;22/03/2021;4677;Reynolds-Wheeler;04/01/2021;Budget;because;;;;
343;429;12/11/2022;1136;Reynolds-Wheeler;19/01/2020;;;;;;
343;597;08/10/2023;1746;Reynolds-Wheeler;13/06/2021;Radio;to;;;;
343;727;01/08/2020;1892;Reynolds-Wheeler;01/08/2020;Allow;peace;;;;
343;831;06/11/2021;4946;Reynolds-Wheeler;04/03/2020;Available;arrive;;;;
343;839;06/07/2023;3584;Reynolds-Wheeler;21/08/2021;General;growth;;;;
343;873;18/01/2021;2859;Reynolds-Wheeler;18/01/2021;Into;ask;;;;
344;199;31/12/2021;3637;Oliver-Andrews;24/09/2020;Whole;successful;80;among;79;Critica da Arte
344;199;31/12/2021;3637;Oliver-Andrews;24/09/2020;Whole;successful;134;report;101;Arte Contemporânea
344;222;20/02/2025;4349;Oliver-Andrews;26/11/2020;;;80;among;79;Critica da Arte
344;222;20/02/2025;4349;Oliver-Andrews;26/11/2020;;;134;report;101;Arte Contemporânea
344;259;25/07/2025;4494;Oliver-Andrews;20/06/2020;Picture;build;80;among;79;Critica da Arte
344;259;25/07/2025;4494;Oliver-Andrews;20/06/2020;Picture;build;134;report;101;Arte Contemporânea
344;267;27/07/2025;2461;Oliver-Andrews;19/11/2020;;;80;among;79;Critica da Arte
344;267;27/07/2025;2461;Oliver-Andrews;19/11/2020;;;134;report;101;Arte Contemporânea
344;291;20/11/2020;3968;Oliver-Andrews;20/11/2020;Customer;set;80;among;79;Critica da Arte
344;291;20/11/2020;3968;Oliver-Andrews;20/11/2020;Customer;set;134;report;101;Arte Contemporânea
344;296;12/11/2024;1626;Oliver-Andrews;08/02/2022;Pass;safe;80;among;79;Critica da Arte
344;296;12/11/2024;1626;Oliver-Andrews;08/02/2022;Pass;safe;134;report;101;Arte Contemporânea
344;321;14/09/2024;4002;Oliver-Andrews;04/06/2020;;;80;among;79;Critica da Arte
344;321;14/09/2024;4002;Oliver-Andrews;04/06/2020;;;134;report;101;Arte Contemporânea
344;380;06/02/2024;2478;Oliver-Andrews;08/09/2020;;;80;among;79;Critica da Arte
344;380;06/02/2024;2478;Oliver-Andrews;08/09/2020;;;134;report;101;Arte Contemporânea
344;413;19/07/2023;1577;Oliver-Andrews;08/11/2020;Stop;country;80;among;79;Critica da Arte
344;413;19/07/2023;1577;Oliver-Andrews;08/11/2020;Stop;country;134;report;101;Arte Contemporânea
344;475;11/12/2025;1543;Oliver-Andrews;16/10/2020;Young;without;80;among;79;Critica da Arte
344;475;11/12/2025;1543;Oliver-Andrews;16/10/2020;Young;without;134;report;101;Arte Contemporânea
344;523;05/06/2022;1193;Oliver-Andrews;19/03/2020;Base;remember;80;among;79;Critica da Arte
344;523;05/06/2022;1193;Oliver-Andrews;19/03/2020;Base;remember;134;report;101;Arte Contemporânea
344;525;25/01/2022;4893;Oliver-Andrews;15/04/2020;;;80;among;79;Critica da Arte
344;525;25/01/2022;4893;Oliver-Andrews;15/04/2020;;;134;report;101;Arte Contemporânea
344;554;20/10/2022;3956;Oliver-Andrews;01/03/2021;;;80;among;79;Critica da Arte
344;554;20/10/2022;3956;Oliver-Andrews;01/03/2021;;;134;report;101;Arte Contemporânea
344;571;31/01/2025;2482;Oliver-Andrews;07/09/2020;;;80;among;79;Critica da Arte
344;571;31/01/2025;2482;Oliver-Andrews;07/09/2020;;;134;report;101;Arte Contemporânea
344;572;01/12/2020;1454;Oliver-Andrews;13/03/2020;Beyond;despite;80;among;79;Critica da Arte
344;572;01/12/2020;1454;Oliver-Andrews;13/03/2020;Beyond;despite;134;report;101;Arte Contemporânea
344;595;31/05/2024;715;Oliver-Andrews;15/02/2021;;;80;among;79;Critica da Arte
344;595;31/05/2024;715;Oliver-Andrews;15/02/2021;;;134;report;101;Arte Contemporânea
344;698;03/09/2020;3302;Oliver-Andrews;07/06/2020;;;80;among;79;Critica da Arte
344;698;03/09/2020;3302;Oliver-Andrews;07/06/2020;;;134;report;101;Arte Contemporânea
344;745;05/08/2021;4486;Oliver-Andrews;14/01/2020;But;song;80;among;79;Critica da Arte
344;745;05/08/2021;4486;Oliver-Andrews;14/01/2020;But;song;134;report;101;Arte Contemporânea
344;787;06/02/2021;3486;Oliver-Andrews;06/02/2021;;;80;among;79;Critica da Arte
344;787;06/02/2021;3486;Oliver-Andrews;06/02/2021;;;134;report;101;Arte Contemporânea
344;799;25/03/2024;1836;Oliver-Andrews;12/06/2020;;;80;among;79;Critica da Arte
344;799;25/03/2024;1836;Oliver-Andrews;12/06/2020;;;134;report;101;Arte Contemporânea
344;799;23/07/2025;3859;Oliver-Andrews;12/06/2020;;;80;among;79;Critica da Arte
344;799;23/07/2025;3859;Oliver-Andrews;12/06/2020;;;134;report;101;Arte Contemporânea
344;821;17/10/2021;4092;Oliver-Andrews;31/07/2020;Dog;decide;80;among;79;Critica da Arte
344;821;17/10/2021;4092;Oliver-Andrews;31/07/2020;Dog;decide;134;report;101;Arte Contemporânea
344;861;12/01/2020;3120;Oliver-Andrews;12/01/2020;Safe;every;80;among;79;Critica da Arte
344;861;12/01/2020;3120;Oliver-Andrews;12/01/2020;Safe;every;134;report;101;Arte Contemporânea
344;982;25/12/2024;2213;Oliver-Andrews;25/01/2021;Operation;time;80;among;79;Critica da Arte
344;982;25/12/2024;2213;Oliver-Andrews;25/01/2021;Operation;time;134;report;101;Arte Contemporânea
345;31;07/12/2024;1507;Johnson LLC;31/08/2020;Health;respond;;;;
345;84;01/08/2025;4747;Johnson LLC;16/07/2020;She;marriage;;;;
345;86;16/07/2022;4238;Johnson LLC;04/10/2020;;;;;;
345;117;25/05/2022;2044;Johnson LLC;22/09/2020;Wall;morning;;;;
345;127;14/01/2022;1445;Johnson LLC;14/08/2020;Wait;show;;;;
345;151;19/07/2022;567;Johnson LLC;14/09/2020;Risk;picture;;;;
345;268;27/08/2025;835;Johnson LLC;24/05/2021;;;;;;
345;379;23/11/2024;2963;Johnson LLC;31/01/2020;Learn;husband;;;;
345;478;28/04/2024;2126;Johnson LLC;16/03/2020;Common;cold;;;;
345;484;29/08/2020;3632;Johnson LLC;25/03/2020;Maybe;possible;;;;
345;558;17/01/2025;2337;Johnson LLC;12/02/2020;Prepare;wish;;;;
345;581;12/01/2023;4753;Johnson LLC;23/05/2020;;;;;;
345;650;24/08/2022;197;Johnson LLC;07/05/2020;Perform;entire;;;;
345;691;01/02/2024;4911;Johnson LLC;06/11/2020;Rate;ground;;;;
345;708;24/02/2022;1932;Johnson LLC;07/04/2020;Wife;far;;;;
345;722;18/01/2022;3216;Johnson LLC;23/02/2020;Attack;natural;;;;
345;772;14/08/2025;4736;Johnson LLC;02/02/2020;Fish;form;;;;
345;912;10/09/2020;2093;Johnson LLC;10/09/2020;Cut;young;;;;
345;946;13/02/2022;3231;Johnson LLC;12/08/2020;Quickly;sign;;;;
345;991;23/08/2020;2644;Johnson LLC;23/08/2020;Most;today;;;;
345;1000;19/07/2025;3810;Johnson LLC;09/05/2020;Behavior;offer;;;;
346;50;01/01/2020;3797;Olsen-Ellis;01/01/2020;Book;difference;;;;
346;89;18/01/2024;290;Olsen-Ellis;08/04/2020;Involve;term;;;;
346;130;14/11/2022;1237;Olsen-Ellis;02/08/2020;Morning;real;;;;
346;173;27/11/2022;2881;Olsen-Ellis;14/03/2020;;;;;;
346;262;31/05/2023;1204;Olsen-Ellis;01/01/2020;Kind;pick;;;;
346;370;26/11/2025;4646;Olsen-Ellis;21/04/2020;Her;PM;;;;
346;408;06/08/2025;541;Olsen-Ellis;27/02/2020;Color;really;;;;
346;466;06/07/2023;1430;Olsen-Ellis;29/02/2020;Hot;computer;;;;
346;507;18/08/2022;1793;Olsen-Ellis;07/05/2020;Own;line;;;;
346;647;05/12/2024;4118;Olsen-Ellis;05/01/2020;Maintain;coach;;;;
346;723;04/12/2023;4502;Olsen-Ellis;05/02/2020;Take;above;;;;
346;726;15/09/2023;690;Olsen-Ellis;18/03/2020;Beyond;almost;;;;
346;758;21/03/2023;4727;Olsen-Ellis;16/01/2021;;;;;;
346;763;19/07/2023;131;Olsen-Ellis;06/12/2020;;;;;;
346;881;26/05/2024;3863;Olsen-Ellis;13/12/2020;;;;;;
346;904;08/06/2025;4655;Olsen-Ellis;22/12/2020;Sometimes;mean;;;;
347;12;28/01/2021;4171;Parker PLC;26/08/2020;Early;arrive;117;court;366;Desenvolvimento e Estudos Culturais
347;12;28/01/2021;4171;Parker PLC;26/08/2020;Early;arrive;133;kind;54;Cultura Urbana
347;52;07/06/2021;1468;Parker PLC;05/01/2020;;;117;court;366;Desenvolvimento e Estudos Culturais
347;52;07/06/2021;1468;Parker PLC;05/01/2020;;;133;kind;54;Cultura Urbana
347;63;01/06/2021;1696;Parker PLC;18/02/2020;;;117;court;366;Desenvolvimento e Estudos Culturais
347;63;01/06/2021;1696;Parker PLC;18/02/2020;;;133;kind;54;Cultura Urbana
347;87;11/08/2020;1631;Parker PLC;02/02/2020;Responsibility;dream;117;court;366;Desenvolvimento e Estudos Culturais
347;87;11/08/2020;1631;Parker PLC;02/02/2020;Responsibility;dream;133;kind;54;Cultura Urbana
347;95;14/07/2024;2475;Parker PLC;14/05/2021;Leg;area;117;court;366;Desenvolvimento e Estudos Culturais
347;95;14/07/2024;2475;Parker PLC;14/05/2021;Leg;area;133;kind;54;Cultura Urbana
347;214;08/02/2025;4743;Parker PLC;26/03/2020;Moment;cut;117;court;366;Desenvolvimento e Estudos Culturais
347;214;08/02/2025;4743;Parker PLC;26/03/2020;Moment;cut;133;kind;54;Cultura Urbana
347;356;12/05/2021;3687;Parker PLC;26/09/2020;;;117;court;366;Desenvolvimento e Estudos Culturais
347;356;12/05/2021;3687;Parker PLC;26/09/2020;;;133;kind;54;Cultura Urbana
347;371;19/09/2020;2045;Parker PLC;19/09/2020;South;return;117;court;366;Desenvolvimento e Estudos Culturais
347;371;19/09/2020;2045;Parker PLC;19/09/2020;South;return;133;kind;54;Cultura Urbana
347;396;24/06/2022;4972;Parker PLC;04/07/2021;Also;mother;117;court;366;Desenvolvimento e Estudos Culturais
347;396;24/06/2022;4972;Parker PLC;04/07/2021;Also;mother;133;kind;54;Cultura Urbana
347;432;10/04/2022;2577;Parker PLC;28/03/2020;;;117;court;366;Desenvolvimento e Estudos Culturais
347;432;10/04/2022;2577;Parker PLC;28/03/2020;;;133;kind;54;Cultura Urbana
347;444;22/05/2024;4220;Parker PLC;12/03/2020;Development;despite;117;court;366;Desenvolvimento e Estudos Culturais
347;444;22/05/2024;4220;Parker PLC;12/03/2020;Development;despite;133;kind;54;Cultura Urbana
347;651;22/10/2025;3843;Parker PLC;23/09/2020;Relate;offer;117;court;366;Desenvolvimento e Estudos Culturais
347;651;22/10/2025;3843;Parker PLC;23/09/2020;Relate;offer;133;kind;54;Cultura Urbana
347;653;26/08/2021;4678;Parker PLC;19/01/2021;;;117;court;366;Desenvolvimento e Estudos Culturais
347;653;26/08/2021;4678;Parker PLC;19/01/2021;;;133;kind;54;Cultura Urbana
347;674;08/02/2026;1009;Parker PLC;19/11/2022;Pay;generation;117;court;366;Desenvolvimento e Estudos Culturais
347;674;08/02/2026;1009;Parker PLC;19/11/2022;Pay;generation;133;kind;54;Cultura Urbana
347;713;07/11/2021;4468;Parker PLC;28/02/2020;Drug;talk;117;court;366;Desenvolvimento e Estudos Culturais
347;713;07/11/2021;4468;Parker PLC;28/02/2020;Drug;talk;133;kind;54;Cultura Urbana
347;727;21/10/2023;4780;Parker PLC;01/08/2020;Allow;peace;117;court;366;Desenvolvimento e Estudos Culturais
347;727;21/10/2023;4780;Parker PLC;01/08/2020;Allow;peace;133;kind;54;Cultura Urbana
347;773;14/11/2025;886;Parker PLC;22/04/2020;;;117;court;366;Desenvolvimento e Estudos Culturais
347;773;14/11/2025;886;Parker PLC;22/04/2020;;;133;kind;54;Cultura Urbana
347;792;25/04/2020;3312;Parker PLC;25/04/2020;;;117;court;366;Desenvolvimento e Estudos Culturais
347;792;25/04/2020;3312;Parker PLC;25/04/2020;;;133;kind;54;Cultura Urbana
347;802;27/05/2021;4361;Parker PLC;18/02/2020;Hard;cost;117;court;366;Desenvolvimento e Estudos Culturais
347;802;27/05/2021;4361;Parker PLC;18/02/2020;Hard;cost;133;kind;54;Cultura Urbana
347;805;12/06/2022;325;Parker PLC;12/06/2022;Begin;company;117;court;366;Desenvolvimento e Estudos Culturais
347;805;12/06/2022;325;Parker PLC;12/06/2022;Begin;company;133;kind;54;Cultura Urbana
347;819;06/01/2025;199;Parker PLC;20/11/2020;Former;involve;117;court;366;Desenvolvimento e Estudos Culturais
347;819;06/01/2025;199;Parker PLC;20/11/2020;Former;involve;133;kind;54;Cultura Urbana
347;848;27/07/2025;4055;Parker PLC;28/04/2020;Piece;particularly;117;court;366;Desenvolvimento e Estudos Culturais
347;848;27/07/2025;4055;Parker PLC;28/04/2020;Piece;particularly;133;kind;54;Cultura Urbana
347;904;16/03/2025;3591;Parker PLC;22/12/2020;Sometimes;mean;117;court;366;Desenvolvimento e Estudos Culturais
347;904;16/03/2025;3591;Parker PLC;22/12/2020;Sometimes;mean;133;kind;54;Cultura Urbana
348;2;31/01/2020;3801;Smith;31/01/2020;Benefit;key;;;;
348;15;24/06/2021;2762;Smith;01/04/2021;;;;;;
348;33;29/12/2020;4938;Smith;27/04/2020;;;;;;
348;99;25/03/2024;4773;Smith;01/04/2021;Stuff;by;;;;
348;115;24/04/2022;2307;Smith;31/08/2020;;;;;;
348;147;21/03/2023;3962;Smith;24/01/2020;;;;;;
348;213;06/11/2020;494;Smith;06/11/2020;Yet;product;;;;
348;263;07/12/2023;3078;Smith;22/03/2020;Always;may;;;;
348;339;25/02/2023;1602;Smith;27/03/2020;;;;;;
348;423;27/12/2020;2412;Smith;08/10/2020;;;;;;
348;508;12/11/2021;695;Smith;12/12/2020;Daughter;board;;;;
348;578;23/09/2024;2225;Smith;10/03/2020;;;;;;
348;610;17/12/2024;2269;Smith;16/07/2020;;;;;;
348;637;29/09/2025;435;Smith;23/08/2020;;;;;;
348;699;12/01/2022;1756;Smith;04/02/2020;;;;;;
348;713;03/10/2020;2549;Smith;28/02/2020;Drug;talk;;;;
348;800;05/06/2022;2837;Smith;20/02/2020;Focus;check;;;;
348;898;06/07/2020;1069;Smith;29/02/2020;;;;;;
348;986;10/09/2022;507;Smith;10/04/2020;Appear;career;;;;
349;32;04/09/2022;2988;Harrell;20/01/2022;Event;continue;;;;
349;97;19/11/2020;463;Harrell;31/03/2020;Edge;use;;;;
349;157;26/06/2023;1777;Harrell;03/03/2020;;;;;;
349;171;18/02/2020;2844;Harrell;06/01/2020;;;;;;
349;179;10/01/2025;229;Harrell;18/08/2021;Organization;tree;;;;
349;197;29/01/2026;2389;Harrell;10/10/2021;;;;;;
349;229;21/07/2025;2360;Harrell;30/04/2020;;;;;;
349;230;26/07/2020;136;Harrell;26/07/2020;That;there;;;;
349;240;05/12/2022;3311;Harrell;14/04/2020;Unit;president;;;;
349;255;30/03/2020;4082;Harrell;19/02/2020;Music;ability;;;;
349;270;17/06/2021;476;Harrell;13/03/2020;Product;state;;;;
349;321;04/01/2025;1221;Harrell;04/06/2020;;;;;;
349;346;29/07/2024;2600;Harrell;15/07/2020;Yard;member;;;;
349;353;13/01/2022;2992;Harrell;01/05/2020;Kitchen;sign;;;;
349;429;19/01/2020;2732;Harrell;19/01/2020;;;;;;
349;448;29/10/2025;1099;Harrell;23/07/2022;Morning;I;;;;
349;548;08/04/2021;3374;Harrell;31/03/2020;;;;;;
349;600;05/01/2022;4465;Harrell;08/07/2020;;;;;;
349;600;14/06/2023;2599;Harrell;08/07/2020;;;;;;
349;646;27/04/2021;520;Harrell;22/02/2020;;;;;;
349;647;17/01/2022;2551;Harrell;05/01/2020;Maintain;coach;;;;
349;662;10/04/2024;377;Harrell;20/12/2020;;;;;;
349;673;03/05/2023;1691;Harrell;18/08/2021;If;need;;;;
349;673;07/04/2022;4418;Harrell;18/08/2021;If;need;;;;
349;986;23/03/2022;4852;Harrell;10/04/2020;Appear;career;;;;
350;18;20/10/2024;3292;Keller-Carrillo;30/01/2020;;;5;particular;54;Cultura Urbana
350;37;17/01/2026;2884;Keller-Carrillo;18/06/2020;Box;land;5;particular;54;Cultura Urbana
350;49;14/01/2021;595;Keller-Carrillo;21/05/2020;;;5;particular;54;Cultura Urbana
350;52;07/08/2024;3213;Keller-Carrillo;05/01/2020;;;5;particular;54;Cultura Urbana
350;241;24/07/2024;3032;Keller-Carrillo;10/06/2021;Clearly;serious;5;particular;54;Cultura Urbana
350;291;19/06/2022;2375;Keller-Carrillo;20/11/2020;Customer;set;5;particular;54;Cultura Urbana
350;299;29/10/2024;4497;Keller-Carrillo;01/03/2021;Answer;hard;5;particular;54;Cultura Urbana
350;318;19/03/2021;642;Keller-Carrillo;01/07/2020;;;5;particular;54;Cultura Urbana
350;329;17/04/2022;4821;Keller-Carrillo;17/06/2020;Hit;house;5;particular;54;Cultura Urbana
350;360;20/03/2020;1943;Keller-Carrillo;20/03/2020;Question;walk;5;particular;54;Cultura Urbana
350;482;01/05/2024;2917;Keller-Carrillo;11/01/2020;;;5;particular;54;Cultura Urbana
350;503;12/04/2023;2888;Keller-Carrillo;10/09/2020;;;5;particular;54;Cultura Urbana
350;570;30/11/2022;1271;Keller-Carrillo;05/06/2020;Rather;professional;5;particular;54;Cultura Urbana
350;674;16/03/2025;820;Keller-Carrillo;19/11/2022;Pay;generation;5;particular;54;Cultura Urbana
350;989;20/08/2021;834;Keller-Carrillo;07/04/2020;Chair;we;5;particular;54;Cultura Urbana
351;100;15/04/2020;2394;Cochran;15/04/2020;Best;center;;;;
351;208;27/05/2023;2449;Cochran;23/02/2020;;;;;;
351;218;25/08/2023;1263;Cochran;22/05/2022;Heart;simply;;;;
351;259;05/11/2022;2662;Cochran;20/06/2020;Picture;build;;;;
351;437;05/11/2021;4856;Cochran;29/04/2020;;;;;;
351;487;01/03/2025;1227;Cochran;17/07/2020;Become;heavy;;;;
351;522;01/02/2025;2288;Cochran;30/01/2020;Laugh;else;;;;
351;583;06/02/2025;1396;Cochran;12/12/2020;Data;popular;;;;
351;603;11/01/2024;3935;Cochran;05/06/2020;;;;;;
351;656;03/08/2023;4119;Cochran;30/12/2020;Person;yourself;;;;
351;729;27/05/2022;698;Cochran;08/12/2021;Store;value;;;;
351;800;12/02/2023;667;Cochran;20/02/2020;Focus;check;;;;
351;835;28/02/2025;224;Cochran;12/02/2020;;;;;;
351;918;16/04/2020;1281;Cochran;16/04/2020;;;;;;
351;972;23/04/2022;2877;Cochran;14/02/2020;;;;;;
352;1;06/05/2022;349;Hill-Owen;02/01/2020;;;180;area;366;Desenvolvimento e Estudos Culturais
352;1;06/05/2022;349;Hill-Owen;02/01/2020;;;129;six;366;Desenvolvimento e Estudos Culturais
352;25;25/08/2025;3496;Hill-Owen;04/09/2022;Upon;sport;180;area;366;Desenvolvimento e Estudos Culturais
352;25;25/08/2025;3496;Hill-Owen;04/09/2022;Upon;sport;129;six;366;Desenvolvimento e Estudos Culturais
352;38;12/10/2020;3138;Hill-Owen;06/05/2020;;;180;area;366;Desenvolvimento e Estudos Culturais
352;38;12/10/2020;3138;Hill-Owen;06/05/2020;;;129;six;366;Desenvolvimento e Estudos Culturais
352;65;23/01/2026;379;Hill-Owen;01/01/2021;Possible;network;180;area;366;Desenvolvimento e Estudos Culturais
352;65;23/01/2026;379;Hill-Owen;01/01/2021;Possible;network;129;six;366;Desenvolvimento e Estudos Culturais
352;86;16/09/2025;4736;Hill-Owen;04/10/2020;;;180;area;366;Desenvolvimento e Estudos Culturais
352;86;16/09/2025;4736;Hill-Owen;04/10/2020;;;129;six;366;Desenvolvimento e Estudos Culturais
352;96;28/04/2024;4567;Hill-Owen;15/02/2020;Like;available;180;area;366;Desenvolvimento e Estudos Culturais
352;96;28/04/2024;4567;Hill-Owen;15/02/2020;Like;available;129;six;366;Desenvolvimento e Estudos Culturais
352;165;03/08/2021;4275;Hill-Owen;22/09/2020;;;180;area;366;Desenvolvimento e Estudos Culturais
352;165;03/08/2021;4275;Hill-Owen;22/09/2020;;;129;six;366;Desenvolvimento e Estudos Culturais
352;197;19/01/2023;4165;Hill-Owen;10/10/2021;;;180;area;366;Desenvolvimento e Estudos Culturais
352;197;19/01/2023;4165;Hill-Owen;10/10/2021;;;129;six;366;Desenvolvimento e Estudos Culturais
352;262;09/10/2021;1703;Hill-Owen;01/01/2020;Kind;pick;180;area;366;Desenvolvimento e Estudos Culturais
352;262;09/10/2021;1703;Hill-Owen;01/01/2020;Kind;pick;129;six;366;Desenvolvimento e Estudos Culturais
352;374;19/10/2021;2147;Hill-Owen;31/12/2020;Imagine;like;180;area;366;Desenvolvimento e Estudos Culturais
352;374;19/10/2021;2147;Hill-Owen;31/12/2020;Imagine;like;129;six;366;Desenvolvimento e Estudos Culturais
352;399;16/02/2023;1185;Hill-Owen;09/09/2020;Home;difficult;180;area;366;Desenvolvimento e Estudos Culturais
352;399;16/02/2023;1185;Hill-Owen;09/09/2020;Home;difficult;129;six;366;Desenvolvimento e Estudos Culturais
352;444;23/03/2024;1844;Hill-Owen;12/03/2020;Development;despite;180;area;366;Desenvolvimento e Estudos Culturais
352;444;23/03/2024;1844;Hill-Owen;12/03/2020;Development;despite;129;six;366;Desenvolvimento e Estudos Culturais
352;451;03/03/2020;4029;Hill-Owen;03/03/2020;Sign;face;180;area;366;Desenvolvimento e Estudos Culturais
352;451;03/03/2020;4029;Hill-Owen;03/03/2020;Sign;face;129;six;366;Desenvolvimento e Estudos Culturais
352;458;20/10/2024;3027;Hill-Owen;29/04/2020;Decide;morning;180;area;366;Desenvolvimento e Estudos Culturais
352;458;20/10/2024;3027;Hill-Owen;29/04/2020;Decide;morning;129;six;366;Desenvolvimento e Estudos Culturais
352;479;28/09/2022;1623;Hill-Owen;28/01/2020;;;180;area;366;Desenvolvimento e Estudos Culturais
352;479;28/09/2022;1623;Hill-Owen;28/01/2020;;;129;six;366;Desenvolvimento e Estudos Culturais
352;593;02/02/2023;4577;Hill-Owen;27/01/2020;Yet;nothing;180;area;366;Desenvolvimento e Estudos Culturais
352;593;02/02/2023;4577;Hill-Owen;27/01/2020;Yet;nothing;129;six;366;Desenvolvimento e Estudos Culturais
352;607;19/11/2024;1902;Hill-Owen;06/03/2021;Much;alone;180;area;366;Desenvolvimento e Estudos Culturais
352;607;19/11/2024;1902;Hill-Owen;06/03/2021;Much;alone;129;six;366;Desenvolvimento e Estudos Culturais
352;644;06/03/2023;3550;Hill-Owen;30/11/2020;;;180;area;366;Desenvolvimento e Estudos Culturais
352;644;06/03/2023;3550;Hill-Owen;30/11/2020;;;129;six;366;Desenvolvimento e Estudos Culturais
352;656;10/01/2022;3613;Hill-Owen;30/12/2020;Person;yourself;180;area;366;Desenvolvimento e Estudos Culturais
352;656;10/01/2022;3613;Hill-Owen;30/12/2020;Person;yourself;129;six;366;Desenvolvimento e Estudos Culturais
352;734;02/01/2021;1832;Hill-Owen;16/01/2020;Clearly;safe;180;area;366;Desenvolvimento e Estudos Culturais
352;734;02/01/2021;1832;Hill-Owen;16/01/2020;Clearly;safe;129;six;366;Desenvolvimento e Estudos Culturais
352;826;27/07/2025;1011;Hill-Owen;01/07/2021;;;180;area;366;Desenvolvimento e Estudos Culturais
352;826;27/07/2025;1011;Hill-Owen;01/07/2021;;;129;six;366;Desenvolvimento e Estudos Culturais
352;847;15/04/2025;860;Hill-Owen;20/01/2020;No;wall;180;area;366;Desenvolvimento e Estudos Culturais
352;847;15/04/2025;860;Hill-Owen;20/01/2020;No;wall;129;six;366;Desenvolvimento e Estudos Culturais
352;856;23/03/2020;632;Hill-Owen;23/03/2020;Likely;city;180;area;366;Desenvolvimento e Estudos Culturais
352;856;23/03/2020;632;Hill-Owen;23/03/2020;Likely;city;129;six;366;Desenvolvimento e Estudos Culturais
353;31;19/02/2024;1845;Reyes Ltd;31/08/2020;Health;respond;;;;
353;107;15/04/2024;172;Reyes Ltd;19/08/2023;Provide;know;;;;
353;161;30/12/2023;3661;Reyes Ltd;01/02/2020;Have;party;;;;
353;199;27/09/2021;2966;Reyes Ltd;24/09/2020;Whole;successful;;;;
353;214;14/03/2025;2002;Reyes Ltd;26/03/2020;Moment;cut;;;;
353;413;24/01/2024;436;Reyes Ltd;08/11/2020;Stop;country;;;;
353;457;17/09/2023;4845;Reyes Ltd;01/03/2021;Standard;choose;;;;
353;499;22/11/2025;3256;Reyes Ltd;14/03/2020;;;;;;
353;502;13/10/2020;4252;Reyes Ltd;13/10/2020;;;;;;
353;508;03/02/2022;2688;Reyes Ltd;12/12/2020;Daughter;board;;;;
353;549;13/11/2020;4362;Reyes Ltd;13/11/2020;;;;;;
353;573;25/06/2023;4965;Reyes Ltd;28/10/2020;Drug;father;;;;
353;587;30/11/2021;2228;Reyes Ltd;25/12/2020;Arrive;different;;;;
353;634;29/03/2021;3647;Reyes Ltd;11/02/2020;Ever;employee;;;;
353;635;11/12/2021;1092;Reyes Ltd;02/06/2021;;;;;;
353;669;17/12/2021;1873;Reyes Ltd;17/12/2021;;;;;;
353;683;10/05/2024;685;Reyes Ltd;08/01/2020;Away;wind;;;;
353;811;24/11/2025;3771;Reyes Ltd;09/04/2020;;;;;;
353;813;22/09/2020;2121;Reyes Ltd;22/09/2020;;;;;;
353;962;04/06/2022;3818;Reyes Ltd;25/02/2020;Plant;statement;;;;
353;995;16/04/2020;2984;Reyes Ltd;16/04/2020;Assume;and;;;;
354;57;21/06/2021;3747;Kirk-Huff;12/03/2020;;;189;glass;101;Arte Contemporânea
354;104;07/07/2020;2330;Kirk-Huff;07/07/2020;Concern;stay;189;glass;101;Arte Contemporânea
354;166;06/08/2022;3394;Kirk-Huff;25/10/2020;Director;feel;189;glass;101;Arte Contemporânea
354;196;22/11/2024;2459;Kirk-Huff;18/11/2020;;;189;glass;101;Arte Contemporânea
354;288;15/08/2021;1361;Kirk-Huff;31/01/2020;Sea;understand;189;glass;101;Arte Contemporânea
354;337;21/04/2024;1905;Kirk-Huff;22/12/2020;Example;chance;189;glass;101;Arte Contemporânea
354;437;08/01/2021;2193;Kirk-Huff;29/04/2020;;;189;glass;101;Arte Contemporânea
354;461;20/04/2023;3827;Kirk-Huff;03/11/2020;Issue;one;189;glass;101;Arte Contemporânea
354;507;22/08/2024;581;Kirk-Huff;07/05/2020;Own;line;189;glass;101;Arte Contemporânea
354;570;03/05/2021;3612;Kirk-Huff;05/06/2020;Rather;professional;189;glass;101;Arte Contemporânea
354;580;13/05/2020;3948;Kirk-Huff;22/03/2020;Feel;bad;189;glass;101;Arte Contemporânea
354;669;22/06/2025;847;Kirk-Huff;17/12/2021;;;189;glass;101;Arte Contemporânea
354;684;04/05/2022;2985;Kirk-Huff;04/05/2022;Often;material;189;glass;101;Arte Contemporânea
354;731;29/04/2020;856;Kirk-Huff;29/04/2020;High;central;189;glass;101;Arte Contemporânea
354;797;24/11/2021;678;Kirk-Huff;07/01/2020;Quickly;top;189;glass;101;Arte Contemporânea
354;870;13/09/2025;2469;Kirk-Huff;24/09/2022;Cold;also;189;glass;101;Arte Contemporânea
354;910;05/02/2026;1881;Kirk-Huff;05/07/2021;Rise;according;189;glass;101;Arte Contemporânea
354;915;06/09/2024;4473;Kirk-Huff;02/03/2020;But;forget;189;glass;101;Arte Contemporânea
355;95;08/08/2023;4922;Herman-Berry;14/05/2021;Leg;area;;;;
355;98;31/10/2021;556;Herman-Berry;20/04/2020;Recent;kind;;;;
355;106;17/05/2022;3036;Herman-Berry;20/01/2020;Peace;add;;;;
355;111;25/04/2020;2254;Herman-Berry;25/04/2020;;;;;;
355;160;12/06/2020;1333;Herman-Berry;12/06/2020;Style;shoulder;;;;
355;225;17/10/2024;2486;Herman-Berry;30/01/2020;Book;quality;;;;
355;248;21/03/2021;1671;Herman-Berry;04/09/2020;;;;;;
355;296;08/02/2022;1668;Herman-Berry;08/02/2022;Pass;safe;;;;
355;312;13/02/2020;2285;Herman-Berry;13/02/2020;;;;;;
355;425;23/09/2025;481;Herman-Berry;25/06/2020;;;;;;
355;469;20/11/2024;220;Herman-Berry;02/03/2022;Individual;whatever;;;;
355;602;26/04/2021;1512;Herman-Berry;12/02/2020;;;;;;
355;622;06/02/2025;790;Herman-Berry;24/04/2020;How;buy;;;;
355;642;06/04/2021;1075;Herman-Berry;09/01/2020;Realize;financial;;;;
355;662;11/09/2022;4341;Herman-Berry;20/12/2020;;;;;;
355;712;28/01/2026;1587;Herman-Berry;12/03/2023;;;;;;
355;740;16/09/2022;3891;Herman-Berry;18/05/2020;Side;ok;;;;
355;750;08/05/2020;1052;Herman-Berry;08/05/2020;;;;;;
355;759;29/12/2021;884;Herman-Berry;04/12/2020;Once;deep;;;;
355;771;14/01/2025;4030;Herman-Berry;18/01/2020;Should;wrong;;;;
355;795;09/03/2021;3090;Herman-Berry;09/03/2021;Room;thought;;;;
355;860;03/02/2026;995;Herman-Berry;07/04/2020;Push;yard;;;;
355;862;02/05/2024;4499;Herman-Berry;13/11/2021;;;;;;
356;8;10/01/2026;4708;Gomez and Sons;22/03/2020;White;build;;;;
356;165;23/03/2022;1805;Gomez and Sons;22/09/2020;;;;;;
356;195;02/07/2020;3495;Gomez and Sons;02/07/2020;;;;;;
356;215;26/06/2024;683;Gomez and Sons;05/01/2020;;;;;;
356;277;30/03/2022;3862;Gomez and Sons;10/11/2020;;;;;;
356;377;02/11/2022;2097;Gomez and Sons;25/04/2020;Performance;state;;;;
356;519;27/03/2021;3025;Gomez and Sons;06/09/2020;Leader;technology;;;;
356;521;16/11/2021;1647;Gomez and Sons;14/03/2020;;;;;;
356;590;09/08/2020;2530;Gomez and Sons;07/01/2020;Rich;thus;;;;
356;692;19/06/2025;316;Gomez and Sons;12/12/2020;Street;walk;;;;
356;728;28/09/2024;2080;Gomez and Sons;30/01/2020;Fine;possible;;;;
356;758;08/07/2024;1772;Gomez and Sons;16/01/2021;;;;;;
356;798;04/05/2025;4295;Gomez and Sons;11/08/2021;;;;;;
356;870;16/03/2023;4282;Gomez and Sons;24/09/2022;Cold;also;;;;
356;879;05/05/2024;2012;Gomez and Sons;26/04/2020;Interesting;board;;;;
356;944;03/01/2020;4246;Gomez and Sons;03/01/2020;Sort;stage;;;;
356;949;04/07/2023;3607;Gomez and Sons;25/06/2021;Fight;agent;;;;
357;19;04/11/2024;2137;Mcconnell Ltd;13/05/2020;Ever;hope;;;;
357;94;19/01/2023;2180;Mcconnell Ltd;07/05/2020;Trouble;project;;;;
357;118;01/10/2024;3673;Mcconnell Ltd;17/05/2021;Ever;which;;;;
357;132;05/08/2023;1884;Mcconnell Ltd;30/08/2020;;;;;;
357;207;27/03/2023;3574;Mcconnell Ltd;24/04/2021;Success;president;;;;
357;245;02/02/2024;3362;Mcconnell Ltd;08/01/2020;;;;;;
357;265;06/06/2020;361;Mcconnell Ltd;24/02/2020;Third;girl;;;;
357;362;10/02/2022;234;Mcconnell Ltd;13/02/2020;Memory;late;;;;
357;367;24/01/2021;2726;Mcconnell Ltd;24/01/2021;Event;soon;;;;
357;381;04/02/2020;4891;Mcconnell Ltd;04/02/2020;;;;;;
357;407;22/09/2023;1528;Mcconnell Ltd;14/03/2021;Politics;tough;;;;
357;416;09/02/2023;3495;Mcconnell Ltd;13/03/2020;Some;kitchen;;;;
357;455;24/04/2024;2606;Mcconnell Ltd;23/07/2020;Former;public;;;;
357;475;06/11/2024;3555;Mcconnell Ltd;16/10/2020;Young;without;;;;
357;488;22/02/2023;1346;Mcconnell Ltd;24/07/2020;Street;its;;;;
357;619;14/04/2020;2353;Mcconnell Ltd;14/04/2020;;;;;;
357;694;03/05/2025;3100;Mcconnell Ltd;21/01/2020;Concern;west;;;;
357;870;24/09/2022;1210;Mcconnell Ltd;24/09/2022;Cold;also;;;;
357;883;05/01/2024;3757;Mcconnell Ltd;02/02/2020;Process;Crime;;;;
357;928;02/11/2022;240;Mcconnell Ltd;24/01/2020;Wonder;respond;;;;
357;945;26/11/2021;967;Mcconnell Ltd;15/04/2020;;;;;;
357;947;16/08/2021;493;Mcconnell Ltd;13/06/2020;Quite;last;;;;
358;1;25/12/2022;828;Hull;02/01/2020;;;;;;
358;206;26/04/2021;3635;Hull;25/01/2020;He;main;;;;
358;321;02/02/2022;523;Hull;04/06/2020;;;;;;
358;347;11/06/2024;4104;Hull;22/09/2020;Tax;perhaps;;;;
358;432;02/03/2022;4985;Hull;28/03/2020;;;;;;
358;526;18/02/2023;2288;Hull;23/09/2020;Accept;strong;;;;
358;528;20/12/2021;4957;Hull;23/03/2021;;;;;;
358;547;01/10/2024;200;Hull;17/07/2020;President;we;;;;
358;549;22/08/2022;482;Hull;13/11/2020;;;;;;
358;636;24/02/2023;1047;Hull;17/04/2020;Business;tell;;;;
358;665;13/12/2020;1426;Hull;30/05/2020;Say;reduce;;;;
358;672;03/01/2020;987;Hull;03/01/2020;Once;yeah;;;;
358;821;27/12/2023;2717;Hull;31/07/2020;Dog;decide;;;;
358;847;01/11/2021;349;Hull;20/01/2020;No;wall;;;;
358;871;13/04/2021;2079;Hull;13/04/2021;;;;;;
358;899;13/03/2020;3561;Hull;13/03/2020;Fine;hundred;;;;
358;938;04/05/2022;4841;Hull;25/08/2021;American;but;;;;
358;962;25/02/2020;3728;Hull;25/02/2020;Plant;statement;;;;
359;214;20/02/2021;3890;Fisher;26/03/2020;Moment;cut;;;;
359;320;14/01/2024;4719;Fisher;04/02/2021;Happy;American;;;;
359;352;03/02/2026;627;Fisher;07/08/2020;Suddenly;boy;;;;
359;356;26/09/2020;2643;Fisher;26/09/2020;;;;;;
359;519;23/02/2021;4095;Fisher;06/09/2020;Leader;technology;;;;
359;576;17/06/2024;605;Fisher;20/05/2020;Article;surface;;;;
359;704;16/01/2026;2529;Fisher;29/02/2020;Mission;thought;;;;
359;720;23/04/2021;2757;Fisher;10/09/2020;Rock;woman;;;;
359;723;03/02/2022;3404;Fisher;05/02/2020;Take;above;;;;
359;792;25/05/2021;2840;Fisher;25/04/2020;;;;;;
359;815;28/03/2023;1790;Fisher;18/10/2020;;;;;;
359;840;12/02/2022;3942;Fisher;14/03/2020;Consider;people;;;;
360;16;07/09/2022;4971;Mitchell Ltd;25/01/2021;Artist;young;;;;
360;32;27/02/2022;1178;Mitchell Ltd;20/01/2022;Event;continue;;;;
360;271;12/02/2023;180;Mitchell Ltd;10/03/2021;Create;garden;;;;
360;318;24/10/2025;2113;Mitchell Ltd;01/07/2020;;;;;;
360;369;03/06/2024;1143;Mitchell Ltd;27/04/2020;This;already;;;;
360;379;25/05/2024;4493;Mitchell Ltd;31/01/2020;Learn;husband;;;;
360;455;23/07/2020;2958;Mitchell Ltd;23/07/2020;Former;public;;;;
360;484;02/05/2023;1173;Mitchell Ltd;25/03/2020;Maybe;possible;;;;
360;563;11/12/2021;3269;Mitchell Ltd;18/05/2020;;;;;;
360;634;04/01/2025;4913;Mitchell Ltd;11/02/2020;Ever;employee;;;;
360;840;30/08/2022;2963;Mitchell Ltd;14/03/2020;Consider;people;;;;
360;983;14/11/2023;2558;Mitchell Ltd;30/06/2020;Black;thus;;;;
361;11;24/04/2025;242;Collins PLC;09/06/2021;This;face;;;;
361;18;13/07/2024;4363;Collins PLC;30/01/2020;;;;;;
361;32;06/10/2025;172;Collins PLC;20/01/2022;Event;continue;;;;
361;50;01/06/2022;4642;Collins PLC;01/01/2020;Book;difference;;;;
361;85;21/12/2025;633;Collins PLC;14/03/2020;Cell;however;;;;
361;227;22/02/2025;2799;Collins PLC;21/11/2020;Ok;air;;;;
361;273;18/12/2021;4313;Collins PLC;13/01/2020;Doctor;admit;;;;
361;275;11/04/2023;1001;Collins PLC;19/04/2020;;;;;;
361;405;03/09/2022;452;Collins PLC;22/06/2020;Time;sing;;;;
361;449;11/02/2024;4680;Collins PLC;03/01/2020;Get;to;;;;
361;604;15/03/2025;2538;Collins PLC;11/02/2020;;;;;;
361;612;13/08/2024;707;Collins PLC;10/03/2020;;;;;;
361;678;17/12/2023;588;Collins PLC;26/05/2020;Treatment;once;;;;
361;693;05/03/2021;794;Collins PLC;05/03/2021;Nothing;traditional;;;;
361;863;06/09/2020;2821;Collins PLC;26/01/2020;Scene;particular;;;;
361;886;30/03/2022;3026;Collins PLC;15/10/2020;Some;street;;;;
361;897;10/08/2024;1775;Collins PLC;26/05/2020;;;;;;
361;899;31/07/2024;3173;Collins PLC;13/03/2020;Fine;hundred;;;;
361;927;07/01/2024;3048;Collins PLC;02/03/2020;;;;;;
361;946;16/07/2021;162;Collins PLC;12/08/2020;Quickly;sign;;;;
361;982;25/01/2021;615;Collins PLC;25/01/2021;Operation;time;;;;
362;8;08/06/2021;3863;Tate LLC;22/03/2020;White;build;;;;
362;89;27/11/2022;2834;Tate LLC;08/04/2020;Involve;term;;;;
362;101;02/02/2025;2344;Tate LLC;12/01/2020;Single;well;;;;
362;139;30/12/2021;4428;Tate LLC;11/06/2020;Myself;bag;;;;
362;272;16/05/2024;1992;Tate LLC;25/04/2020;Glass;outside;;;;
362;312;19/02/2025;3529;Tate LLC;13/02/2020;;;;;;
362;369;14/07/2021;386;Tate LLC;27/04/2020;This;already;;;;
362;452;17/11/2020;3534;Tate LLC;11/02/2020;Clearly;message;;;;
362;474;02/01/2024;4024;Tate LLC;07/09/2020;;;;;;
362;509;10/03/2021;4833;Tate LLC;24/06/2020;;;;;;
362;516;22/10/2022;481;Tate LLC;26/03/2021;Worker;own;;;;
362;518;19/01/2023;4018;Tate LLC;25/09/2020;Administration;have;;;;
362;524;06/05/2023;3639;Tate LLC;28/02/2021;Seven;rate;;;;
362;564;31/07/2023;336;Tate LLC;16/08/2020;Contain;force;;;;
362;666;17/09/2024;1495;Tate LLC;30/06/2021;;;;;;
362;852;06/03/2024;2836;Tate LLC;06/12/2020;;;;;;
362;880;25/05/2022;4735;Tate LLC;21/08/2020;Rock;season;;;;
362;888;04/05/2025;3329;Tate LLC;03/04/2020;History;appear;;;;
363;30;28/10/2025;4215;Harrison LLC;15/03/2020;Conference;product;141;you;54;Cultura Urbana
363;254;06/01/2024;484;Harrison LLC;13/12/2021;Human;because;141;you;54;Cultura Urbana
363;333;17/09/2020;299;Harrison LLC;28/01/2020;Over;grow;141;you;54;Cultura Urbana
363;343;19/05/2023;3158;Harrison LLC;12/01/2020;;;141;you;54;Cultura Urbana
363;349;26/02/2024;1208;Harrison LLC;16/07/2021;;;141;you;54;Cultura Urbana
363;363;12/11/2020;4343;Harrison LLC;20/04/2020;Her;foreign;141;you;54;Cultura Urbana
363;398;06/08/2025;294;Harrison LLC;06/01/2020;Authority;treatment;141;you;54;Cultura Urbana
363;443;20/05/2020;3302;Harrison LLC;01/05/2020;How;such;141;you;54;Cultura Urbana
363;487;03/05/2021;721;Harrison LLC;17/07/2020;Become;heavy;141;you;54;Cultura Urbana
363;490;22/06/2025;3538;Harrison LLC;27/03/2021;Road;campaign;141;you;54;Cultura Urbana
363;584;06/11/2022;1601;Harrison LLC;25/03/2020;;;141;you;54;Cultura Urbana
363;654;26/10/2021;2651;Harrison LLC;26/10/2021;Early;me;141;you;54;Cultura Urbana
363;717;03/12/2025;679;Harrison LLC;05/04/2020;Think;future;141;you;54;Cultura Urbana
363;730;17/12/2024;4898;Harrison LLC;15/06/2020;;;141;you;54;Cultura Urbana
363;776;25/05/2023;4086;Harrison LLC;06/08/2020;;;141;you;54;Cultura Urbana
363;910;18/06/2022;4747;Harrison LLC;05/07/2021;Rise;according;141;you;54;Cultura Urbana
364;27;03/10/2024;3775;Shields;12/05/2021;Agree;open;;;;
364;116;13/04/2021;4487;Shields;31/01/2020;;;;;;
364;157;12/09/2020;4933;Shields;03/03/2020;;;;;;
364;333;27/12/2020;103;Shields;28/01/2020;Over;grow;;;;
364;463;05/10/2023;4361;Shields;25/03/2020;Money;rate;;;;
364;598;29/01/2021;603;Shields;29/05/2020;Value;key;;;;
364;762;02/05/2024;1535;Shields;25/02/2020;Authority;road;;;;
364;770;22/06/2025;3601;Shields;06/12/2020;Use;reach;;;;
364;819;09/12/2020;1713;Shields;20/11/2020;Former;involve;;;;
364;891;02/02/2025;4370;Shields;25/06/2023;;;;;;
364;987;09/02/2022;334;Shields;21/03/2020;;;;;;
364;994;25/05/2025;3915;Shields;16/07/2021;Security;challenge;;;;
365;6;12/03/2023;2926;Quinn Group;23/04/2020;Million;attack;97;policy;79;Critica da Arte
365;6;12/03/2023;2926;Quinn Group;23/04/2020;Million;attack;35;situation;101;Arte Contemporânea
365;87;26/01/2024;3648;Quinn Group;02/02/2020;Responsibility;dream;97;policy;79;Critica da Arte
365;87;26/01/2024;3648;Quinn Group;02/02/2020;Responsibility;dream;35;situation;101;Arte Contemporânea
365;90;05/09/2023;2052;Quinn Group;26/05/2020;;;97;policy;79;Critica da Arte
365;90;05/09/2023;2052;Quinn Group;26/05/2020;;;35;situation;101;Arte Contemporânea
365;120;29/01/2023;1030;Quinn Group;13/03/2021;Follow;democratic;97;policy;79;Critica da Arte
365;120;29/01/2023;1030;Quinn Group;13/03/2021;Follow;democratic;35;situation;101;Arte Contemporânea
365;185;12/10/2021;3526;Quinn Group;06/10/2020;Smile;player;97;policy;79;Critica da Arte
365;185;12/10/2021;3526;Quinn Group;06/10/2020;Smile;player;35;situation;101;Arte Contemporânea
365;219;28/04/2020;1317;Quinn Group;20/01/2020;;;97;policy;79;Critica da Arte
365;219;28/04/2020;1317;Quinn Group;20/01/2020;;;35;situation;101;Arte Contemporânea
365;226;07/08/2023;2945;Quinn Group;30/04/2020;Buy;share;97;policy;79;Critica da Arte
365;226;07/08/2023;2945;Quinn Group;30/04/2020;Buy;share;35;situation;101;Arte Contemporânea
365;353;25/09/2025;624;Quinn Group;01/05/2020;Kitchen;sign;97;policy;79;Critica da Arte
365;353;25/09/2025;624;Quinn Group;01/05/2020;Kitchen;sign;35;situation;101;Arte Contemporânea
365;360;29/01/2024;4446;Quinn Group;20/03/2020;Question;walk;97;policy;79;Critica da Arte
365;360;29/01/2024;4446;Quinn Group;20/03/2020;Question;walk;35;situation;101;Arte Contemporânea
365;458;21/03/2021;2053;Quinn Group;29/04/2020;Decide;morning;97;policy;79;Critica da Arte
365;458;21/03/2021;2053;Quinn Group;29/04/2020;Decide;morning;35;situation;101;Arte Contemporânea
365;526;21/05/2022;2862;Quinn Group;23/09/2020;Accept;strong;97;policy;79;Critica da Arte
365;526;21/05/2022;2862;Quinn Group;23/09/2020;Accept;strong;35;situation;101;Arte Contemporânea
365;526;23/09/2020;3797;Quinn Group;23/09/2020;Accept;strong;97;policy;79;Critica da Arte
365;526;23/09/2020;3797;Quinn Group;23/09/2020;Accept;strong;35;situation;101;Arte Contemporânea
365;550;01/11/2024;499;Quinn Group;24/04/2020;;;97;policy;79;Critica da Arte
365;550;01/11/2024;499;Quinn Group;24/04/2020;;;35;situation;101;Arte Contemporânea
365;708;28/12/2025;3773;Quinn Group;07/04/2020;Wife;far;97;policy;79;Critica da Arte
365;708;28/12/2025;3773;Quinn Group;07/04/2020;Wife;far;35;situation;101;Arte Contemporânea
365;770;13/08/2021;857;Quinn Group;06/12/2020;Use;reach;97;policy;79;Critica da Arte
365;770;13/08/2021;857;Quinn Group;06/12/2020;Use;reach;35;situation;101;Arte Contemporânea
365;811;11/08/2025;1043;Quinn Group;09/04/2020;;;97;policy;79;Critica da Arte
365;811;11/08/2025;1043;Quinn Group;09/04/2020;;;35;situation;101;Arte Contemporânea
365;821;05/07/2023;3107;Quinn Group;31/07/2020;Dog;decide;97;policy;79;Critica da Arte
365;821;05/07/2023;3107;Quinn Group;31/07/2020;Dog;decide;35;situation;101;Arte Contemporânea
365;973;30/08/2025;2900;Quinn Group;01/05/2020;;;97;policy;79;Critica da Arte
365;973;30/08/2025;2900;Quinn Group;01/05/2020;;;35;situation;101;Arte Contemporânea
366;113;09/09/2024;4324;Miller;30/12/2020;Feel;simply;;;;
366;155;14/06/2024;2881;Miller;08/10/2021;Man;religious;;;;
366;182;17/02/2023;4962;Miller;27/10/2020;Old;top;;;;
366;239;15/02/2026;3160;Miller;14/02/2020;;;;;;
366;315;01/05/2022;2504;Miller;09/01/2020;Majority;call;;;;
366;419;18/02/2025;318;Miller;13/07/2020;;;;;;
366;434;11/08/2022;4827;Miller;04/06/2020;Fall;huge;;;;
366;465;11/03/2024;3641;Miller;20/08/2021;Thus;choice;;;;
366;525;27/08/2021;1234;Miller;15/04/2020;;;;;;
366;622;01/03/2024;4074;Miller;24/04/2020;How;buy;;;;
366;635;07/03/2025;3946;Miller;02/06/2021;;;;;;
366;676;06/04/2024;3308;Miller;11/12/2020;Manage;same;;;;
366;715;31/12/2022;4417;Miller;06/07/2020;Walk;ahead;;;;
366;761;26/04/2022;1467;Miller;26/01/2020;Company;age;;;;
366;868;06/07/2021;1790;Miller;06/06/2020;;;;;;
366;892;07/05/2025;155;Miller;15/07/2020;;;;;;
366;913;28/08/2025;1847;Miller;08/07/2020;;;;;;
366;914;02/01/2025;1986;Miller;27/03/2020;School;hope;;;;
367;17;17/10/2020;1878;Hayden;19/01/2020;;;;;;
367;141;12/08/2023;1381;Hayden;16/09/2021;;;;;;
367;167;26/01/2023;3434;Hayden;15/04/2020;Happy;land;;;;
367;202;12/05/2025;1923;Hayden;20/10/2020;Number;news;;;;
367;203;26/08/2024;1432;Hayden;29/05/2020;Key;time;;;;
367;274;12/01/2020;331;Hayden;12/01/2020;;;;;;
367;352;27/12/2020;597;Hayden;07/08/2020;Suddenly;boy;;;;
367;634;14/09/2020;2653;Hayden;11/02/2020;Ever;employee;;;;
367;760;19/02/2025;353;Hayden;06/04/2020;;;;;;
367;768;01/03/2022;966;Hayden;30/11/2021;Generation;claim;;;;
367;780;21/12/2020;3735;Hayden;21/12/2020;;;;;;
367;826;01/07/2021;4243;Hayden;01/07/2021;;;;;;
367;923;07/02/2024;454;Hayden;08/11/2020;Today;new;;;;
368;56;29/10/2024;1539;Meyer Inc;28/02/2020;;;38;human;101;Arte Contemporânea
368;77;27/06/2021;334;Meyer Inc;29/01/2020;Help;together;38;human;101;Arte Contemporânea
368;100;29/01/2022;366;Meyer Inc;15/04/2020;Best;center;38;human;101;Arte Contemporânea
368;226;21/01/2023;3347;Meyer Inc;30/04/2020;Buy;share;38;human;101;Arte Contemporânea
368;312;17/08/2023;3104;Meyer Inc;13/02/2020;;;38;human;101;Arte Contemporânea
368;432;16/02/2022;3423;Meyer Inc;28/03/2020;;;38;human;101;Arte Contemporânea
368;472;06/02/2026;1264;Meyer Inc;30/06/2020;Senior;reality;38;human;101;Arte Contemporânea
368;600;10/11/2023;701;Meyer Inc;08/07/2020;;;38;human;101;Arte Contemporânea
368;786;19/10/2021;4741;Meyer Inc;06/05/2020;Move;dream;38;human;101;Arte Contemporânea
368;845;23/12/2020;536;Meyer Inc;23/12/2020;They;herself;38;human;101;Arte Contemporânea
368;876;17/06/2025;2162;Meyer Inc;12/08/2020;In;ever;38;human;101;Arte Contemporânea
368;883;03/03/2020;1178;Meyer Inc;02/02/2020;Process;Crime;38;human;101;Arte Contemporânea
368;932;27/05/2023;4715;Meyer Inc;29/02/2020;Some;debate;38;human;101;Arte Contemporânea
368;966;10/10/2021;1362;Meyer Inc;14/02/2021;;;38;human;101;Arte Contemporânea
368;988;17/06/2025;1562;Meyer Inc;22/03/2020;;;38;human;101;Arte Contemporânea
369;30;15/03/2020;1523;Sanchez;15/03/2020;Conference;product;;;;
369;162;26/09/2025;3374;Sanchez;16/12/2020;;;;;;
369;286;04/02/2025;3076;Sanchez;16/05/2021;Property;notice;;;;
369;365;28/10/2022;1886;Sanchez;16/01/2021;Order;share;;;;
369;370;17/12/2025;3698;Sanchez;21/04/2020;Her;PM;;;;
369;400;09/12/2022;2173;Sanchez;25/03/2020;;;;;;
369;445;08/12/2022;2972;Sanchez;26/06/2020;Measure;skin;;;;
369;505;23/05/2024;4324;Sanchez;31/01/2020;Raise;them;;;;
369;570;20/10/2020;2773;Sanchez;05/06/2020;Rather;professional;;;;
369;621;07/12/2023;2841;Sanchez;15/09/2020;;;;;;
369;647;02/09/2023;4743;Sanchez;05/01/2020;Maintain;coach;;;;
369;682;05/03/2021;3794;Sanchez;21/06/2020;Final;figure;;;;
369;704;09/10/2022;1467;Sanchez;29/02/2020;Mission;thought;;;;
369;777;12/10/2020;4237;Sanchez;12/10/2020;;;;;;
369;817;27/01/2022;3035;Sanchez;13/02/2020;Me;quite;;;;
369;829;03/11/2022;3419;Sanchez;09/01/2020;Few;line;;;;
369;900;27/03/2025;2848;Sanchez;05/04/2021;Rule;middle;;;;
370;8;16/07/2024;2281;Morton;22/03/2020;White;build;;;;
370;75;04/06/2022;1573;Morton;17/02/2020;Surface;throughout;;;;
370;144;24/12/2025;3302;Morton;11/12/2020;;;;;;
370;194;27/03/2020;779;Morton;27/03/2020;Pass;physical;;;;
370;343;13/08/2024;3106;Morton;12/01/2020;;;;;;
370;400;24/11/2023;4304;Morton;25/03/2020;;;;;;
370;428;28/07/2022;4290;Morton;03/03/2020;Me;across;;;;
370;453;26/02/2020;4130;Morton;26/02/2020;Her;beautiful;;;;
370;492;21/05/2020;4056;Morton;01/04/2020;Staff;treatment;;;;
370;553;20/03/2025;2364;Morton;20/12/2020;Claim;news;;;;
370;584;25/03/2020;4523;Morton;25/03/2020;;;;;;
370;597;12/08/2021;2127;Morton;13/06/2021;Radio;to;;;;
370;632;02/05/2024;3352;Morton;11/02/2020;Although;book;;;;
370;660;07/11/2024;4544;Morton;10/01/2021;;;;;;
370;700;02/05/2022;2571;Morton;28/02/2022;;;;;;
370;724;09/07/2024;791;Morton;21/02/2020;;;;;;
370;740;10/06/2020;3705;Morton;18/05/2020;Side;ok;;;;
370;761;28/11/2023;1046;Morton;26/01/2020;Company;age;;;;
370;791;08/08/2020;2472;Morton;08/08/2020;;;;;;
370;912;24/11/2024;3920;Morton;10/09/2020;Cut;young;;;;
370;932;30/05/2021;3916;Morton;29/02/2020;Some;debate;;;;
370;937;10/09/2025;2884;Morton;05/08/2020;;;;;;
370;952;06/03/2023;473;Morton;08/01/2021;Fire;another;;;;
370;992;15/12/2020;4627;Morton;17/02/2020;Prevent;mother;;;;
371;21;26/02/2023;3096;Palmer;25/03/2020;;;;;;
371;55;05/10/2025;3649;Palmer;15/04/2020;;;;;;
371;117;22/09/2020;513;Palmer;22/09/2020;Wall;morning;;;;
371;180;04/04/2024;4012;Palmer;18/02/2020;As;beyond;;;;
371;246;01/07/2020;1148;Palmer;02/05/2020;Investment;marriage;;;;
371;331;11/04/2024;4515;Palmer;23/02/2020;Hope;technology;;;;
371;418;24/07/2024;1676;Palmer;03/05/2021;Method;civil;;;;
371;581;23/05/2020;2827;Palmer;23/05/2020;;;;;;
371;598;30/11/2024;1683;Palmer;29/05/2020;Value;key;;;;
371;667;28/03/2022;3669;Palmer;19/12/2020;Apply;third;;;;
371;680;19/01/2023;3109;Palmer;19/02/2020;;;;;;
371;794;06/11/2025;3480;Palmer;20/04/2020;;;;;;
371;852;26/02/2025;4111;Palmer;06/12/2020;;;;;;
371;913;17/10/2025;508;Palmer;08/07/2020;;;;;;
372;38;06/05/2020;1793;Burns;06/05/2020;;;;;;
372;66;28/08/2024;1257;Burns;17/03/2021;Sister;door;;;;
372;69;14/04/2022;4597;Burns;03/01/2020;College;doctor;;;;
372;180;13/09/2025;2844;Burns;18/02/2020;As;beyond;;;;
372;205;21/02/2021;1582;Burns;28/06/2020;;;;;;
372;209;06/01/2020;1998;Burns;06/01/2020;Draw;adult;;;;
372;236;31/03/2020;610;Burns;26/01/2020;;;;;;
372;295;09/08/2024;968;Burns;13/12/2020;;;;;;
372;339;27/03/2020;2623;Burns;27/03/2020;;;;;;
372;343;14/01/2021;148;Burns;12/01/2020;;;;;;
372;379;27/04/2025;2588;Burns;31/01/2020;Learn;husband;;;;
372;407;08/07/2022;2703;Burns;14/03/2021;Politics;tough;;;;
372;741;04/04/2022;4116;Burns;27/01/2020;Late;I;;;;
372;761;17/02/2020;2553;Burns;26/01/2020;Company;age;;;;
372;821;15/12/2025;1014;Burns;31/07/2020;Dog;decide;;;;
372;847;12/10/2021;2102;Burns;20/01/2020;No;wall;;;;
372;877;01/09/2023;2787;Burns;27/01/2020;Operation;safe;;;;
372;967;11/11/2022;141;Burns;27/02/2022;Last;enough;;;;
372;993;12/08/2021;2686;Burns;01/11/2020;;;;;;
372;995;27/09/2020;3589;Burns;16/04/2020;Assume;and;;;;
373;77;26/01/2023;2091;Coleman;29/01/2020;Help;together;;;;
373;134;04/11/2022;3120;Coleman;17/02/2020;Some;both;;;;
373;201;04/08/2020;2873;Coleman;18/03/2020;Let;a;;;;
373;208;30/06/2021;527;Coleman;23/02/2020;;;;;;
373;229;30/10/2021;178;Coleman;30/04/2020;;;;;;
373;248;07/10/2023;3228;Coleman;04/09/2020;;;;;;
373;334;14/08/2024;572;Coleman;29/01/2022;Build;term;;;;
373;355;25/07/2022;4522;Coleman;10/03/2020;Dark;future;;;;
373;539;26/02/2022;493;Coleman;04/03/2020;After;policy;;;;
373;548;15/01/2021;4783;Coleman;31/03/2020;;;;;;
373;584;26/10/2023;171;Coleman;25/03/2020;;;;;;
373;598;29/07/2025;4564;Coleman;29/05/2020;Value;key;;;;
373;640;22/02/2022;4420;Coleman;12/01/2020;Important;yes;;;;
373;662;17/07/2021;4751;Coleman;20/12/2020;;;;;;
373;782;29/03/2024;2591;Coleman;15/07/2021;Success;despite;;;;
373;801;25/08/2024;2403;Coleman;08/04/2020;Best;apply;;;;
373;842;20/07/2020;2957;Coleman;20/07/2020;Concern;other;;;;
373;859;31/03/2022;4628;Coleman;12/02/2020;Teach;should;;;;
373;975;26/11/2023;412;Coleman;07/01/2020;For;rather;;;;
374;26;05/12/2022;1088;Tucker-White;15/10/2021;Give;consider;77;factor;79;Critica da Arte
374;26;05/12/2022;1088;Tucker-White;15/10/2021;Give;consider;42;what;54;Cultura Urbana
374;190;23/06/2023;2716;Tucker-White;19/10/2020;During;hit;77;factor;79;Critica da Arte
374;190;23/06/2023;2716;Tucker-White;19/10/2020;During;hit;42;what;54;Cultura Urbana
374;194;16/08/2025;4239;Tucker-White;27/03/2020;Pass;physical;77;factor;79;Critica da Arte
374;194;16/08/2025;4239;Tucker-White;27/03/2020;Pass;physical;42;what;54;Cultura Urbana
374;206;10/12/2025;4057;Tucker-White;25/01/2020;He;main;77;factor;79;Critica da Arte
374;206;10/12/2025;4057;Tucker-White;25/01/2020;He;main;42;what;54;Cultura Urbana
374;223;10/03/2020;777;Tucker-White;10/03/2020;;;77;factor;79;Critica da Arte
374;223;10/03/2020;777;Tucker-White;10/03/2020;;;42;what;54;Cultura Urbana
374;259;28/06/2024;3833;Tucker-White;20/06/2020;Picture;build;77;factor;79;Critica da Arte
374;259;28/06/2024;3833;Tucker-White;20/06/2020;Picture;build;42;what;54;Cultura Urbana
374;273;22/06/2020;2848;Tucker-White;13/01/2020;Doctor;admit;77;factor;79;Critica da Arte
374;273;22/06/2020;2848;Tucker-White;13/01/2020;Doctor;admit;42;what;54;Cultura Urbana
374;427;05/02/2021;199;Tucker-White;05/02/2021;;;77;factor;79;Critica da Arte
374;427;05/02/2021;199;Tucker-White;05/02/2021;;;42;what;54;Cultura Urbana
374;459;30/09/2022;3441;Tucker-White;01/02/2020;Station;suggest;77;factor;79;Critica da Arte
374;459;30/09/2022;3441;Tucker-White;01/02/2020;Station;suggest;42;what;54;Cultura Urbana
374;560;16/09/2020;4081;Tucker-White;16/09/2020;;;77;factor;79;Critica da Arte
374;560;16/09/2020;4081;Tucker-White;16/09/2020;;;42;what;54;Cultura Urbana
374;610;16/05/2025;2380;Tucker-White;16/07/2020;;;77;factor;79;Critica da Arte
374;610;16/05/2025;2380;Tucker-White;16/07/2020;;;42;what;54;Cultura Urbana
374;635;08/03/2024;4990;Tucker-White;02/06/2021;;;77;factor;79;Critica da Arte
374;635;08/03/2024;4990;Tucker-White;02/06/2021;;;42;what;54;Cultura Urbana
374;733;29/03/2021;4100;Tucker-White;29/03/2021;Message;police;77;factor;79;Critica da Arte
374;733;29/03/2021;4100;Tucker-White;29/03/2021;Message;police;42;what;54;Cultura Urbana
374;742;21/11/2021;1602;Tucker-White;21/05/2020;Computer;range;77;factor;79;Critica da Arte
374;742;21/11/2021;1602;Tucker-White;21/05/2020;Computer;range;42;what;54;Cultura Urbana
374;777;16/02/2022;1412;Tucker-White;12/10/2020;;;77;factor;79;Critica da Arte
374;777;16/02/2022;1412;Tucker-White;12/10/2020;;;42;what;54;Cultura Urbana
374;915;07/04/2020;631;Tucker-White;02/03/2020;But;forget;77;factor;79;Critica da Arte
374;915;07/04/2020;631;Tucker-White;02/03/2020;But;forget;42;what;54;Cultura Urbana
374;927;18/12/2025;4650;Tucker-White;02/03/2020;;;77;factor;79;Critica da Arte
374;927;18/12/2025;4650;Tucker-White;02/03/2020;;;42;what;54;Cultura Urbana
374;998;01/07/2024;1611;Tucker-White;28/06/2020;Stop;clear;77;factor;79;Critica da Arte
374;998;01/07/2024;1611;Tucker-White;28/06/2020;Stop;clear;42;what;54;Cultura Urbana
375;82;19/03/2020;3194;Fowler and Sons;19/03/2020;Physical;simple;;;;
375;124;26/09/2023;2751;Fowler and Sons;18/08/2020;Friend;prevent;;;;
375;130;12/05/2021;641;Fowler and Sons;02/08/2020;Morning;real;;;;
375;152;20/08/2023;3875;Fowler and Sons;23/07/2020;;;;;;
375;158;02/01/2026;346;Fowler and Sons;05/04/2020;;;;;;
375;398;17/03/2024;2143;Fowler and Sons;06/01/2020;Authority;treatment;;;;
375;418;20/02/2022;818;Fowler and Sons;03/05/2021;Method;civil;;;;
375;441;26/10/2025;4760;Fowler and Sons;26/05/2020;;;;;;
375;450;04/08/2025;3894;Fowler and Sons;07/02/2020;After;billion;;;;
375;549;05/11/2025;2323;Fowler and Sons;13/11/2020;;;;;;
375;647;04/09/2024;1874;Fowler and Sons;05/01/2020;Maintain;coach;;;;
375;660;30/04/2021;4446;Fowler and Sons;10/01/2021;;;;;;
375;663;03/06/2025;2211;Fowler and Sons;16/02/2021;Skin;Mrs;;;;
375;678;04/10/2024;4197;Fowler and Sons;26/05/2020;Treatment;once;;;;
375;724;05/06/2020;2052;Fowler and Sons;21/02/2020;;;;;;
375;730;31/07/2020;551;Fowler and Sons;15/06/2020;;;;;;
375;831;28/01/2022;466;Fowler and Sons;04/03/2020;Available;arrive;;;;
375;921;13/02/2020;679;Fowler and Sons;13/02/2020;Local;often;;;;
375;947;24/12/2020;1914;Fowler and Sons;13/06/2020;Quite;last;;;;
376;189;22/01/2024;986;George Inc;11/11/2020;Toward;station;;;;
376;238;16/01/2025;1173;George Inc;17/10/2021;;;;;;
376;498;08/12/2021;2142;George Inc;26/04/2020;;;;;;
376;532;23/11/2020;2668;George Inc;23/11/2020;Time;town;;;;
376;646;22/02/2020;870;George Inc;22/02/2020;;;;;;
376;705;11/12/2023;1626;George Inc;16/01/2020;North;door;;;;
376;821;19/04/2024;2239;George Inc;31/07/2020;Dog;decide;;;;
376;838;10/02/2026;1687;George Inc;09/02/2020;;;;;;
376;932;08/03/2023;3623;George Inc;29/02/2020;Some;debate;;;;
376;990;05/10/2023;3230;George Inc;28/11/2020;;;;;;
377;52;19/06/2023;4681;Young;05/01/2020;;;;;;
377;55;08/07/2020;3463;Young;15/04/2020;;;;;;
377;255;24/07/2023;1806;Young;19/02/2020;Music;ability;;;;
377;278;30/03/2022;4456;Young;01/03/2020;;;;;;
377;310;21/04/2023;3162;Young;03/10/2020;;;;;;
377;415;08/03/2024;4782;Young;18/05/2020;;;;;;
377;459;03/08/2025;698;Young;01/02/2020;Station;suggest;;;;
377;481;28/03/2021;1410;Young;28/03/2021;;;;;;
377;498;16/12/2020;3070;Young;26/04/2020;;;;;;
377;633;04/10/2021;211;Young;29/02/2020;Check;reach;;;;
377;703;13/07/2024;1787;Young;02/09/2020;Form;fish;;;;
377;777;02/04/2021;1441;Young;12/10/2020;;;;;;
377;832;06/02/2022;2713;Young;08/09/2020;;;;;;
377;844;06/09/2023;292;Young;24/09/2020;Statement;benefit;;;;
377;882;13/04/2025;3059;Young;25/03/2020;;;;;;
377;986;29/09/2023;1581;Young;10/04/2020;Appear;career;;;;
377;994;08/10/2022;2283;Young;16/07/2021;Security;challenge;;;;
378;96;06/02/2021;3386;Patrick-Shepard;15/02/2020;Like;available;;;;
378;179;09/07/2022;3642;Patrick-Shepard;18/08/2021;Organization;tree;;;;
378;350;08/01/2021;2101;Patrick-Shepard;08/01/2021;Represent;example;;;;
378;407;14/03/2021;323;Patrick-Shepard;14/03/2021;Politics;tough;;;;
378;499;15/10/2025;1466;Patrick-Shepard;14/03/2020;;;;;;
378;533;17/03/2022;2845;Patrick-Shepard;04/06/2020;Reality;drop;;;;
378;559;13/04/2020;4783;Patrick-Shepard;16/01/2020;Where;interview;;;;
378;709;22/01/2025;2536;Patrick-Shepard;23/03/2020;Improve;fact;;;;
378;735;28/09/2022;784;Patrick-Shepard;08/01/2021;Learn;lose;;;;
378;750;12/01/2024;4784;Patrick-Shepard;08/05/2020;;;;;;
378;760;17/05/2022;1495;Patrick-Shepard;06/04/2020;;;;;;
378;761;01/04/2022;1061;Patrick-Shepard;26/01/2020;Company;age;;;;
378;761;09/03/2023;3810;Patrick-Shepard;26/01/2020;Company;age;;;;
378;768;10/03/2022;4172;Patrick-Shepard;30/11/2021;Generation;claim;;;;
378;786;10/02/2021;2767;Patrick-Shepard;06/05/2020;Move;dream;;;;
378;797;28/02/2024;2641;Patrick-Shepard;07/01/2020;Quickly;top;;;;
378;822;18/10/2022;3736;Patrick-Shepard;09/03/2020;Issue;in;;;;
378;967;06/03/2022;4387;Patrick-Shepard;27/02/2022;Last;enough;;;;
379;10;18/01/2024;1945;Shaw Ltd;08/10/2020;;;83;life;54;Cultura Urbana
379;13;31/10/2022;3889;Shaw Ltd;02/01/2020;;;83;life;54;Cultura Urbana
379;17;11/05/2025;1492;Shaw Ltd;19/01/2020;;;83;life;54;Cultura Urbana
379;31;31/08/2020;4586;Shaw Ltd;31/08/2020;Health;respond;83;life;54;Cultura Urbana
379;114;08/10/2020;3122;Shaw Ltd;18/06/2020;Sport;throw;83;life;54;Cultura Urbana
379;212;29/01/2024;3873;Shaw Ltd;04/03/2020;;;83;life;54;Cultura Urbana
379;218;04/11/2022;4832;Shaw Ltd;22/05/2022;Heart;simply;83;life;54;Cultura Urbana
379;219;14/04/2022;4993;Shaw Ltd;20/01/2020;;;83;life;54;Cultura Urbana
379;246;06/12/2020;3219;Shaw Ltd;02/05/2020;Investment;marriage;83;life;54;Cultura Urbana
379;264;08/10/2023;4933;Shaw Ltd;14/12/2020;Sport;case;83;life;54;Cultura Urbana
379;265;24/02/2020;303;Shaw Ltd;24/02/2020;Third;girl;83;life;54;Cultura Urbana
379;404;20/02/2022;3509;Shaw Ltd;09/03/2020;Blood;treat;83;life;54;Cultura Urbana
379;550;26/01/2023;3775;Shaw Ltd;24/04/2020;;;83;life;54;Cultura Urbana
379;558;22/04/2020;3244;Shaw Ltd;12/02/2020;Prepare;wish;83;life;54;Cultura Urbana
379;602;08/06/2020;2657;Shaw Ltd;12/02/2020;;;83;life;54;Cultura Urbana
379;611;06/05/2025;146;Shaw Ltd;01/02/2020;Series;seven;83;life;54;Cultura Urbana
379;659;29/03/2023;4982;Shaw Ltd;20/01/2020;Table;page;83;life;54;Cultura Urbana
379;723;17/05/2025;2077;Shaw Ltd;05/02/2020;Take;above;83;life;54;Cultura Urbana
379;876;17/11/2025;3682;Shaw Ltd;12/08/2020;In;ever;83;life;54;Cultura Urbana
379;905;14/04/2023;1504;Shaw Ltd;19/01/2020;Future;build;83;life;54;Cultura Urbana
379;917;07/09/2021;4335;Shaw Ltd;25/05/2020;;;83;life;54;Cultura Urbana
379;966;15/10/2022;4380;Shaw Ltd;14/02/2021;;;83;life;54;Cultura Urbana
380;93;11/05/2023;4217;Noble Ltd;27/04/2021;Painting;away;61;item;366;Desenvolvimento e Estudos Culturais
380;114;19/10/2025;4670;Noble Ltd;18/06/2020;Sport;throw;61;item;366;Desenvolvimento e Estudos Culturais
380;146;09/01/2024;1092;Noble Ltd;06/11/2021;Choose;vote;61;item;366;Desenvolvimento e Estudos Culturais
380;179;31/08/2021;666;Noble Ltd;18/08/2021;Organization;tree;61;item;366;Desenvolvimento e Estudos Culturais
380;252;01/03/2023;835;Noble Ltd;16/10/2021;Clear;clearly;61;item;366;Desenvolvimento e Estudos Culturais
380;273;12/02/2024;467;Noble Ltd;13/01/2020;Doctor;admit;61;item;366;Desenvolvimento e Estudos Culturais
380;309;25/12/2020;4293;Noble Ltd;25/12/2020;Wear;radio;61;item;366;Desenvolvimento e Estudos Culturais
380;385;23/02/2020;2210;Noble Ltd;23/02/2020;Knowledge;at;61;item;366;Desenvolvimento e Estudos Culturais
380;466;02/11/2025;4352;Noble Ltd;29/02/2020;Hot;computer;61;item;366;Desenvolvimento e Estudos Culturais
380;511;06/06/2024;4147;Noble Ltd;07/07/2020;Either;much;61;item;366;Desenvolvimento e Estudos Culturais
380;537;03/12/2021;2507;Noble Ltd;07/04/2020;Cost;outside;61;item;366;Desenvolvimento e Estudos Culturais
380;557;06/01/2022;3188;Noble Ltd;14/09/2020;Animal;yes;61;item;366;Desenvolvimento e Estudos Culturais
380;571;11/11/2025;4946;Noble Ltd;07/09/2020;;;61;item;366;Desenvolvimento e Estudos Culturais
380;740;27/11/2025;1108;Noble Ltd;18/05/2020;Side;ok;61;item;366;Desenvolvimento e Estudos Culturais
380;762;16/01/2024;4623;Noble Ltd;25/02/2020;Authority;road;61;item;366;Desenvolvimento e Estudos Culturais
380;830;08/09/2021;2475;Noble Ltd;08/09/2021;Girl;voice;61;item;366;Desenvolvimento e Estudos Culturais
380;874;15/10/2022;1350;Noble Ltd;12/08/2020;Authority;or;61;item;366;Desenvolvimento e Estudos Culturais
380;885;12/06/2021;301;Noble Ltd;12/06/2021;Commercial;answer;61;item;366;Desenvolvimento e Estudos Culturais
380;889;10/04/2023;2047;Noble Ltd;23/10/2020;Yard;white;61;item;366;Desenvolvimento e Estudos Culturais
380;915;21/02/2025;1106;Noble Ltd;02/03/2020;But;forget;61;item;366;Desenvolvimento e Estudos Culturais
380;941;21/11/2023;390;Noble Ltd;29/01/2020;However;require;61;item;366;Desenvolvimento e Estudos Culturais
380;993;07/08/2023;4721;Noble Ltd;01/11/2020;;;61;item;366;Desenvolvimento e Estudos Culturais
381;6;28/12/2023;1880;Lee;23/04/2020;Million;attack;;;;
381;150;31/07/2024;1530;Lee;15/06/2020;Take;do;;;;
381;197;10/10/2021;4214;Lee;10/10/2021;;;;;;
381;280;12/01/2025;4028;Lee;23/01/2020;Agree;participant;;;;
381;303;03/11/2020;388;Lee;05/10/2020;;;;;;
381;391;02/02/2020;2115;Lee;02/02/2020;Off;meet;;;;
381;443;28/07/2020;1757;Lee;01/05/2020;How;such;;;;
381;459;01/02/2020;4695;Lee;01/02/2020;Station;suggest;;;;
381;494;19/01/2020;3362;Lee;19/01/2020;;;;;;
381;494;09/06/2025;4065;Lee;19/01/2020;;;;;;
381;501;19/11/2024;4365;Lee;20/04/2021;Avoid;approach;;;;
381;518;09/06/2024;4809;Lee;25/09/2020;Administration;have;;;;
381;579;30/10/2023;3773;Lee;27/06/2021;;;;;;
381;748;09/03/2020;328;Lee;09/03/2020;People;provide;;;;
381;867;29/07/2020;4723;Lee;11/03/2020;Standard;maybe;;;;
381;874;25/10/2020;4693;Lee;12/08/2020;Authority;or;;;;
381;879;19/11/2021;1617;Lee;26/04/2020;Interesting;board;;;;
381;905;17/08/2024;3827;Lee;19/01/2020;Future;build;;;;
381;914;10/10/2020;3764;Lee;27/03/2020;School;hope;;;;
381;915;05/01/2024;4044;Lee;02/03/2020;But;forget;;;;
381;935;19/10/2025;420;Lee;13/11/2020;Part;quality;;;;
382;44;31/10/2022;1919;Gordon;26/09/2020;Sound;far;;;;
382;90;27/09/2020;4095;Gordon;26/05/2020;;;;;;
382;177;03/07/2023;498;Gordon;21/04/2021;Second;actually;;;;
382;255;19/02/2020;3148;Gordon;19/02/2020;Music;ability;;;;
382;257;03/12/2022;4209;Gordon;08/01/2020;House;walk;;;;
382;268;24/03/2024;322;Gordon;24/05/2021;;;;;;
382;354;27/05/2024;3417;Gordon;13/12/2020;;;;;;
382;410;10/04/2020;1576;Gordon;10/04/2020;Evening;throughout;;;;
382;419;24/07/2023;4601;Gordon;13/07/2020;;;;;;
382;472;13/01/2021;2719;Gordon;30/06/2020;Senior;reality;;;;
382;475;05/01/2025;2376;Gordon;16/10/2020;Young;without;;;;
382;485;18/11/2022;1036;Gordon;31/01/2020;Answer;woman;;;;
382;558;12/02/2020;2189;Gordon;12/02/2020;Prepare;wish;;;;
382;572;26/12/2022;3573;Gordon;13/03/2020;Beyond;despite;;;;
382;668;17/08/2020;4686;Gordon;17/08/2020;;;;;;
382;695;08/12/2022;195;Gordon;12/01/2020;;;;;;
382;701;08/02/2026;4330;Gordon;15/11/2020;;;;;;
382;717;16/07/2021;4803;Gordon;05/04/2020;Think;future;;;;
382;753;17/02/2020;3005;Gordon;17/02/2020;Mr;clearly;;;;
382;843;25/03/2024;1368;Gordon;26/05/2020;Service;sense;;;;
382;900;02/07/2021;3466;Gordon;05/04/2021;Rule;middle;;;;
382;923;18/07/2025;886;Gordon;08/11/2020;Today;new;;;;
382;931;05/09/2022;2608;Gordon;04/07/2022;Drop;water;;;;
382;949;09/04/2023;408;Gordon;25/06/2021;Fight;agent;;;;
383;28;06/07/2020;964;Mathis;04/01/2020;What;field;;;;
383;117;10/04/2021;944;Mathis;22/09/2020;Wall;morning;;;;
383;137;25/04/2022;1959;Mathis;23/06/2020;Within;seat;;;;
383;211;11/02/2022;3559;Mathis;05/07/2021;;;;;;
383;224;24/05/2023;625;Mathis;12/10/2020;Tonight;brother;;;;
383;306;29/11/2023;4055;Mathis;22/04/2020;;;;;;
383;344;28/11/2024;792;Mathis;09/11/2020;;;;;;
383;432;07/03/2021;503;Mathis;28/03/2020;;;;;;
383;452;19/05/2024;538;Mathis;11/02/2020;Clearly;message;;;;
383;520;03/09/2021;1166;Mathis;05/12/2020;Green;cultural;;;;
383;589;18/02/2024;3660;Mathis;13/07/2020;Necessary;far;;;;
383;597;11/03/2022;3998;Mathis;13/06/2021;Radio;to;;;;
383;684;20/09/2022;2289;Mathis;04/05/2022;Often;material;;;;
383;712;26/01/2024;175;Mathis;12/03/2023;;;;;;
383;853;08/05/2024;1193;Mathis;17/03/2020;Office;eye;;;;
383;916;30/09/2025;3696;Mathis;11/01/2020;Billion;process;;;;
383;924;07/07/2021;595;Mathis;01/04/2021;Somebody;offer;;;;
384;23;02/02/2020;705;Hensley;02/02/2020;These;and;;;;
384;31;17/05/2021;3171;Hensley;31/08/2020;Health;respond;;;;
384;66;25/12/2025;1080;Hensley;17/03/2021;Sister;door;;;;
384;157;03/03/2020;795;Hensley;03/03/2020;;;;;;
384;171;14/08/2020;4872;Hensley;06/01/2020;;;;;;
384;355;01/06/2022;3150;Hensley;10/03/2020;Dark;future;;;;
384;402;18/05/2022;2615;Hensley;05/02/2020;Throughout;end;;;;
384;421;23/02/2025;2152;Hensley;27/03/2020;Top;finally;;;;
384;467;17/05/2021;497;Hensley;08/01/2020;Too;ago;;;;
384;482;02/09/2021;1060;Hensley;11/01/2020;;;;;;
384;620;20/08/2024;1250;Hensley;21/02/2020;;;;;;
384;719;06/10/2025;686;Hensley;22/04/2022;;;;;;
384;739;07/01/2025;3467;Hensley;01/04/2020;Pull;beautiful;;;;
384;746;21/06/2020;150;Hensley;18/04/2020;;;;;;
384;777;31/10/2024;4122;Hensley;12/10/2020;;;;;;
384;792;19/05/2021;4737;Hensley;25/04/2020;;;;;;
384;827;28/01/2022;234;Hensley;03/12/2020;Soldier;throughout;;;;
384;841;11/11/2021;4925;Hensley;05/08/2020;Old;investment;;;;
384;881;10/04/2022;4658;Hensley;13/12/2020;;;;;;
384;962;10/09/2025;2281;Hensley;25/02/2020;Plant;statement;;;;
385;48;15/05/2020;4175;Cole Group;06/05/2020;A;job;;;;
385;134;05/05/2024;1844;Cole Group;17/02/2020;Some;both;;;;
385;263;28/10/2023;1403;Cole Group;22/03/2020;Always;may;;;;
385;286;05/09/2021;4639;Cole Group;16/05/2021;Property;notice;;;;
385;291;05/05/2021;2583;Cole Group;20/11/2020;Customer;set;;;;
385;321;26/07/2021;2163;Cole Group;04/06/2020;;;;;;
385;336;01/10/2025;2782;Cole Group;08/01/2020;History;decide;;;;
385;351;07/06/2022;1578;Cole Group;15/02/2020;Identify;section;;;;
385;359;18/09/2020;335;Cole Group;18/09/2020;Like;view;;;;
385;447;31/03/2024;3118;Cole Group;05/09/2020;Argue;rock;;;;
385;460;06/08/2021;3242;Cole Group;02/04/2020;For;reach;;;;
385;510;07/06/2022;3243;Cole Group;02/04/2020;;;;;;
385;819;03/07/2022;1540;Cole Group;20/11/2020;Former;involve;;;;
385;883;02/02/2020;3818;Cole Group;02/02/2020;Process;Crime;;;;
385;899;06/09/2020;1400;Cole Group;13/03/2020;Fine;hundred;;;;
385;906;02/07/2022;2419;Cole Group;26/08/2020;Third;newspaper;;;;
385;988;31/03/2024;1156;Cole Group;22/03/2020;;;;;;
385;989;20/04/2025;2814;Cole Group;07/04/2020;Chair;we;;;;
386;23;17/12/2022;4611;Knox-Collins;02/02/2020;These;and;;;;
386;155;01/01/2026;380;Knox-Collins;08/10/2021;Man;religious;;;;
386;380;12/01/2021;4865;Knox-Collins;08/09/2020;;;;;;
386;417;09/04/2020;295;Knox-Collins;09/04/2020;Approach;interview;;;;
386;572;25/10/2022;3993;Knox-Collins;13/03/2020;Beyond;despite;;;;
386;628;19/03/2023;3382;Knox-Collins;13/01/2020;Policy;often;;;;
386;695;12/04/2023;3015;Knox-Collins;12/01/2020;;;;;;
386;778;04/03/2024;4231;Knox-Collins;09/03/2020;Friend;do;;;;
386;836;29/10/2020;3701;Knox-Collins;23/10/2020;Benefit;accept;;;;
386;857;04/06/2025;155;Knox-Collins;06/03/2020;Operation;close;;;;
386;903;10/03/2025;2802;Knox-Collins;02/05/2020;Admit;create;;;;
386;909;22/12/2023;1324;Knox-Collins;16/07/2020;At;various;;;;
386;974;27/11/2021;3661;Knox-Collins;16/04/2021;Six;stop;;;;
386;989;01/12/2024;3799;Knox-Collins;07/04/2020;Chair;we;;;;
387;70;20/03/2023;2487;Jackson and Sons;15/01/2020;If;set;;;;
387;90;10/07/2025;737;Jackson and Sons;26/05/2020;;;;;;
387;104;04/01/2025;1196;Jackson and Sons;07/07/2020;Concern;stay;;;;
387;128;12/01/2024;4940;Jackson and Sons;03/10/2020;Hour;out;;;;
387;133;16/07/2022;1043;Jackson and Sons;16/11/2020;Forward;market;;;;
387;214;01/02/2024;776;Jackson and Sons;26/03/2020;Moment;cut;;;;
387;223;23/03/2021;2225;Jackson and Sons;10/03/2020;;;;;;
387;274;26/01/2025;3443;Jackson and Sons;12/01/2020;;;;;;
387;347;05/10/2023;4101;Jackson and Sons;22/09/2020;Tax;perhaps;;;;
387;348;30/11/2024;1129;Jackson and Sons;19/02/2020;Almost;fine;;;;
387;369;05/11/2024;2573;Jackson and Sons;27/04/2020;This;already;;;;
387;387;12/02/2026;1137;Jackson and Sons;24/09/2020;Teacher;contain;;;;
387;611;06/07/2025;508;Jackson and Sons;01/02/2020;Series;seven;;;;
387;771;29/12/2021;1502;Jackson and Sons;18/01/2020;Should;wrong;;;;
387;858;22/01/2021;3299;Jackson and Sons;09/02/2020;Good;all;;;;
387;886;13/01/2025;1765;Jackson and Sons;15/10/2020;Some;street;;;;
387;893;11/02/2022;4040;Jackson and Sons;08/04/2020;Officer;maintain;;;;
387;950;29/01/2024;1015;Jackson and Sons;17/03/2020;;;;;;
388;73;11/01/2021;1498;Gill;27/05/2020;Feel;oil;;;;
388;94;01/12/2025;939;Gill;07/05/2020;Trouble;project;;;;
388;102;27/12/2024;3615;Gill;22/06/2020;We;country;;;;
388;133;10/07/2024;2352;Gill;16/11/2020;Forward;market;;;;
388;149;28/04/2021;254;Gill;16/04/2020;Perform;these;;;;
388;169;21/01/2023;531;Gill;04/07/2021;Through;military;;;;
388;302;30/06/2020;2971;Gill;15/04/2020;;;;;;
388;317;09/04/2022;2061;Gill;10/11/2021;Surface;bit;;;;
388;384;22/03/2022;270;Gill;29/01/2020;Heavy;win;;;;
388;434;08/09/2025;351;Gill;04/06/2020;Fall;huge;;;;
388;541;02/08/2023;4506;Gill;19/01/2020;Put;foot;;;;
388;695;12/01/2020;515;Gill;12/01/2020;;;;;;
388;726;22/01/2022;440;Gill;18/03/2020;Beyond;almost;;;;
388;741;16/02/2025;3219;Gill;27/01/2020;Late;I;;;;
388;749;16/03/2024;1392;Gill;04/04/2020;Cup;human;;;;
388;865;08/04/2024;547;Gill;12/05/2020;That;with;;;;
389;16;03/03/2025;2850;White-Vasquez;25/01/2021;Artist;young;;;;
389;93;05/09/2025;4993;White-Vasquez;27/04/2021;Painting;away;;;;
389;96;26/12/2020;1165;White-Vasquez;15/02/2020;Like;available;;;;
389;102;21/06/2023;1895;White-Vasquez;22/06/2020;We;country;;;;
389;110;04/05/2021;1798;White-Vasquez;27/02/2020;Thus;heavy;;;;
389;169;07/03/2023;1056;White-Vasquez;04/07/2021;Through;military;;;;
389;176;08/05/2020;3313;White-Vasquez;08/05/2020;;;;;;
389;184;02/04/2022;1302;White-Vasquez;25/03/2021;;;;;;
389;192;25/09/2022;4599;White-Vasquez;17/10/2020;;;;;;
389;326;03/02/2021;4189;White-Vasquez;31/01/2020;Hot;film;;;;
389;410;30/12/2023;261;White-Vasquez;10/04/2020;Evening;throughout;;;;
389;418;03/05/2021;2268;White-Vasquez;03/05/2021;Method;civil;;;;
389;436;18/02/2022;311;White-Vasquez;13/05/2020;Whatever;every;;;;
389;470;07/09/2020;483;White-Vasquez;07/09/2020;Red;against;;;;
389;492;30/04/2020;4714;White-Vasquez;01/04/2020;Staff;treatment;;;;
389;547;04/05/2024;3348;White-Vasquez;17/07/2020;President;we;;;;
389;630;12/02/2021;1217;White-Vasquez;09/07/2020;;;;;;
389;741;29/02/2024;3153;White-Vasquez;27/01/2020;Late;I;;;;
389;766;04/04/2021;426;White-Vasquez;09/04/2020;;;;;;
389;768;22/12/2021;4463;White-Vasquez;30/11/2021;Generation;claim;;;;
389;807;11/05/2023;1133;White-Vasquez;05/06/2020;;;;;;
389;816;30/05/2020;1727;White-Vasquez;30/05/2020;They;go;;;;
389;911;12/10/2023;560;White-Vasquez;13/11/2020;Anything;plant;;;;
389;938;14/04/2024;4918;White-Vasquez;25/08/2021;American;but;;;;
389;991;06/08/2025;4278;White-Vasquez;23/08/2020;Most;today;;;;
390;20;26/11/2021;359;Harvey and Sons;08/02/2020;Road;though;;;;
390;81;01/02/2021;4405;Harvey and Sons;20/04/2020;Chair;dark;;;;
390;123;02/05/2024;935;Harvey and Sons;28/05/2021;Moment;across;;;;
390;152;25/05/2023;2547;Harvey and Sons;23/07/2020;;;;;;
390;314;11/08/2023;462;Harvey and Sons;03/01/2020;Follow;street;;;;
390;476;19/06/2024;1623;Harvey and Sons;19/01/2021;;;;;;
390;672;06/01/2022;922;Harvey and Sons;03/01/2020;Once;yeah;;;;
390;753;31/08/2022;1195;Harvey and Sons;17/02/2020;Mr;clearly;;;;
390;797;08/09/2021;3780;Harvey and Sons;07/01/2020;Quickly;top;;;;
390;840;12/04/2021;1721;Harvey and Sons;14/03/2020;Consider;people;;;;
390;869;03/04/2024;2583;Harvey and Sons;02/03/2020;Require;herself;;;;
390;958;27/02/2024;3305;Harvey and Sons;29/11/2020;;;;;;
391;28;28/07/2023;2637;Johnson;04/01/2020;What;field;;;;
391;117;15/11/2020;4371;Johnson;22/09/2020;Wall;morning;;;;
391;171;13/07/2023;147;Johnson;06/01/2020;;;;;;
391;243;02/05/2023;3701;Johnson;31/01/2020;First;population;;;;
391;288;13/01/2021;1711;Johnson;31/01/2020;Sea;understand;;;;
391;316;01/06/2024;200;Johnson;19/06/2020;;;;;;
391;318;21/07/2021;3262;Johnson;01/07/2020;;;;;;
391;335;31/12/2025;1436;Johnson;03/03/2020;;;;;;
391;415;06/11/2025;3006;Johnson;18/05/2020;;;;;;
391;420;14/10/2023;695;Johnson;25/08/2021;;;;;;
391;457;27/10/2024;1495;Johnson;01/03/2021;Standard;choose;;;;
391;488;26/01/2021;4135;Johnson;24/07/2020;Street;its;;;;
391;560;01/10/2024;4501;Johnson;16/09/2020;;;;;;
391;653;17/07/2025;1421;Johnson;19/01/2021;;;;;;
391;874;24/06/2022;1167;Johnson;12/08/2020;Authority;or;;;;
391;965;17/09/2022;4504;Johnson;24/02/2020;;;;;;
392;14;20/08/2024;4960;Guzman and Sons;30/01/2020;Billion;hair;;;;
392;144;22/07/2021;3809;Guzman and Sons;11/12/2020;;;;;;
392;205;13/05/2024;4008;Guzman and Sons;28/06/2020;;;;;;
392;219;31/05/2021;2854;Guzman and Sons;20/01/2020;;;;;;
392;273;13/08/2024;4304;Guzman and Sons;13/01/2020;Doctor;admit;;;;
392;360;13/11/2025;3739;Guzman and Sons;20/03/2020;Question;walk;;;;
392;370;21/02/2022;3225;Guzman and Sons;21/04/2020;Her;PM;;;;
392;427;09/09/2023;3392;Guzman and Sons;05/02/2021;;;;;;
392;537;07/04/2020;4976;Guzman and Sons;07/04/2020;Cost;outside;;;;
392;646;29/05/2020;4449;Guzman and Sons;22/02/2020;;;;;;
392;656;06/12/2023;1572;Guzman and Sons;30/12/2020;Person;yourself;;;;
392;762;13/04/2021;3793;Guzman and Sons;25/02/2020;Authority;road;;;;
392;820;28/01/2024;3504;Guzman and Sons;16/03/2020;Red;probably;;;;
393;6;23/10/2022;1667;Fitzgerald-Mills;23/04/2020;Million;attack;91;career;366;Desenvolvimento e Estudos Culturais
393;65;24/09/2022;1568;Fitzgerald-Mills;01/01/2021;Possible;network;91;career;366;Desenvolvimento e Estudos Culturais
393;78;18/01/2020;3522;Fitzgerald-Mills;18/01/2020;;;91;career;366;Desenvolvimento e Estudos Culturais
393;89;24/02/2024;3871;Fitzgerald-Mills;08/04/2020;Involve;term;91;career;366;Desenvolvimento e Estudos Culturais
393;144;24/01/2025;3725;Fitzgerald-Mills;11/12/2020;;;91;career;366;Desenvolvimento e Estudos Culturais
393;167;27/04/2022;3625;Fitzgerald-Mills;15/04/2020;Happy;land;91;career;366;Desenvolvimento e Estudos Culturais
393;216;03/07/2020;2720;Fitzgerald-Mills;03/07/2020;Top;likely;91;career;366;Desenvolvimento e Estudos Culturais
393;275;19/04/2020;4068;Fitzgerald-Mills;19/04/2020;;;91;career;366;Desenvolvimento e Estudos Culturais
393;339;24/09/2021;4715;Fitzgerald-Mills;27/03/2020;;;91;career;366;Desenvolvimento e Estudos Culturais
393;360;11/12/2023;3351;Fitzgerald-Mills;20/03/2020;Question;walk;91;career;366;Desenvolvimento e Estudos Culturais
393;379;02/01/2021;441;Fitzgerald-Mills;31/01/2020;Learn;husband;91;career;366;Desenvolvimento e Estudos Culturais
393;528;05/01/2024;4557;Fitzgerald-Mills;23/03/2021;;;91;career;366;Desenvolvimento e Estudos Culturais
393;551;03/06/2024;696;Fitzgerald-Mills;03/03/2020;Data;Republican;91;career;366;Desenvolvimento e Estudos Culturais
393;575;27/02/2024;353;Fitzgerald-Mills;09/09/2021;Report;notice;91;career;366;Desenvolvimento e Estudos Culturais
393;650;07/05/2020;3508;Fitzgerald-Mills;07/05/2020;Perform;entire;91;career;366;Desenvolvimento e Estudos Culturais
393;722;19/02/2024;2418;Fitzgerald-Mills;23/02/2020;Attack;natural;91;career;366;Desenvolvimento e Estudos Culturais
393;728;20/05/2023;4268;Fitzgerald-Mills;30/01/2020;Fine;possible;91;career;366;Desenvolvimento e Estudos Culturais
393;881;19/08/2024;3391;Fitzgerald-Mills;13/12/2020;;;91;career;366;Desenvolvimento e Estudos Culturais
393;925;05/01/2021;3677;Fitzgerald-Mills;15/04/2020;;;91;career;366;Desenvolvimento e Estudos Culturais
394;24;16/04/2025;4463;Jordan-Reyes;19/11/2021;Cut;similar;;;;
394;68;23/08/2023;348;Jordan-Reyes;30/10/2020;Century;soldier;;;;
394;127;26/03/2025;2280;Jordan-Reyes;14/08/2020;Wait;show;;;;
394;216;12/05/2023;797;Jordan-Reyes;03/07/2020;Top;likely;;;;
394;260;12/09/2020;290;Jordan-Reyes;19/04/2020;Expert;knowledge;;;;
394;432;07/05/2025;4358;Jordan-Reyes;28/03/2020;;;;;;
394;557;07/02/2025;3529;Jordan-Reyes;14/09/2020;Animal;yes;;;;
394;600;08/07/2020;3278;Jordan-Reyes;08/07/2020;;;;;;
394;638;25/05/2020;2523;Jordan-Reyes;19/03/2020;My;authority;;;;
394;653;25/06/2025;4199;Jordan-Reyes;19/01/2021;;;;;;
394;682;30/05/2024;2786;Jordan-Reyes;21/06/2020;Final;figure;;;;
394;694;10/02/2026;3156;Jordan-Reyes;21/01/2020;Concern;west;;;;
394;738;02/12/2025;2893;Jordan-Reyes;26/02/2020;Crime;country;;;;
394;741;23/11/2024;3334;Jordan-Reyes;27/01/2020;Late;I;;;;
394;836;14/10/2022;2353;Jordan-Reyes;23/10/2020;Benefit;accept;;;;
394;848;12/10/2021;4981;Jordan-Reyes;28/04/2020;Piece;particularly;;;;
394;853;24/10/2021;1625;Jordan-Reyes;17/03/2020;Office;eye;;;;
394;884;16/03/2023;4946;Jordan-Reyes;29/01/2020;Bar;opportunity;;;;
394;892;13/01/2023;2741;Jordan-Reyes;15/07/2020;;;;;;
394;901;01/11/2023;3963;Jordan-Reyes;07/04/2020;;;;;;
395;50;16/05/2023;2026;Jones;01/01/2020;Book;difference;;;;
395;111;10/04/2024;3963;Jones;25/04/2020;;;;;;
395;154;04/09/2023;2330;Jones;28/12/2020;;;;;;
395;176;26/03/2024;891;Jones;08/05/2020;;;;;;
395;205;29/08/2023;3956;Jones;28/06/2020;;;;;;
395;282;23/11/2024;4684;Jones;05/05/2020;;;;;;
395;294;08/09/2023;2618;Jones;01/01/2020;;;;;;
395;307;20/03/2024;3476;Jones;02/11/2020;Second;fill;;;;
395;310;23/05/2023;2750;Jones;03/10/2020;;;;;;
395;398;03/02/2026;3806;Jones;06/01/2020;Authority;treatment;;;;
395;449;16/08/2024;3417;Jones;03/01/2020;Get;to;;;;
395;624;05/04/2023;3377;Jones;26/02/2020;Why;professor;;;;
395;679;24/11/2022;2574;Jones;27/04/2020;Word;hard;;;;
395;772;09/05/2025;3358;Jones;02/02/2020;Fish;form;;;;
395;792;02/02/2022;4981;Jones;25/04/2020;;;;;;
395;798;26/11/2025;2975;Jones;11/08/2021;;;;;;
395;950;11/08/2024;3973;Jones;17/03/2020;;;;;;
396;10;02/09/2025;2132;Gillespie Inc;08/10/2020;;;;;;
396;66;11/04/2021;1120;Gillespie Inc;17/03/2021;Sister;door;;;;
396;75;08/10/2023;1386;Gillespie Inc;17/02/2020;Surface;throughout;;;;
396;77;30/09/2021;2458;Gillespie Inc;29/01/2020;Help;together;;;;
396;95;13/06/2024;924;Gillespie Inc;14/05/2021;Leg;area;;;;
396;143;08/03/2022;3934;Gillespie Inc;12/12/2020;;;;;;
396;175;12/04/2023;2439;Gillespie Inc;22/01/2020;;;;;;
396;215;02/06/2025;4775;Gillespie Inc;05/01/2020;;;;;;
396;259;05/12/2021;1344;Gillespie Inc;20/06/2020;Picture;build;;;;
396;283;19/03/2025;4504;Gillespie Inc;26/03/2020;Nature;rise;;;;
396;299;10/10/2025;2556;Gillespie Inc;01/03/2021;Answer;hard;;;;
396;333;28/01/2020;3554;Gillespie Inc;28/01/2020;Over;grow;;;;
396;351;15/02/2020;3570;Gillespie Inc;15/02/2020;Identify;section;;;;
396;385;14/12/2025;1319;Gillespie Inc;23/02/2020;Knowledge;at;;;;
396;494;17/12/2022;4285;Gillespie Inc;19/01/2020;;;;;;
396;544;30/03/2025;2527;Gillespie Inc;24/09/2020;He;two;;;;
396;650;16/09/2023;434;Gillespie Inc;07/05/2020;Perform;entire;;;;
396;654;08/02/2023;529;Gillespie Inc;26/10/2021;Early;me;;;;
396;679;02/08/2022;3771;Gillespie Inc;27/04/2020;Word;hard;;;;
396;722;13/04/2022;3017;Gillespie Inc;23/02/2020;Attack;natural;;;;
396;740;13/04/2025;845;Gillespie Inc;18/05/2020;Side;ok;;;;
396;954;15/12/2020;2700;Gillespie Inc;25/04/2020;Our;face;;;;
397;3;30/05/2023;4912;Barber Ltd;24/07/2021;Unit;film;174;central;79;Critica da Arte
397;35;14/12/2021;3466;Barber Ltd;30/12/2020;Record;fund;174;central;79;Critica da Arte
397;59;11/08/2025;2850;Barber Ltd;07/01/2020;Reason;than;174;central;79;Critica da Arte
397;73;30/08/2021;1958;Barber Ltd;27/05/2020;Feel;oil;174;central;79;Critica da Arte
397;98;25/05/2024;1827;Barber Ltd;20/04/2020;Recent;kind;174;central;79;Critica da Arte
397;122;21/07/2024;4123;Barber Ltd;08/04/2020;Want;wind;174;central;79;Critica da Arte
397;176;25/10/2022;1274;Barber Ltd;08/05/2020;;;174;central;79;Critica da Arte
397;211;26/08/2023;1930;Barber Ltd;05/07/2021;;;174;central;79;Critica da Arte
397;237;03/06/2025;796;Barber Ltd;02/01/2020;Notice;war;174;central;79;Critica da Arte
397;262;18/09/2025;3174;Barber Ltd;01/01/2020;Kind;pick;174;central;79;Critica da Arte
397;276;10/05/2021;1522;Barber Ltd;08/01/2020;Chair;design;174;central;79;Critica da Arte
397;383;17/02/2023;2846;Barber Ltd;17/02/2020;Anything;station;174;central;79;Critica da Arte
397;427;21/07/2024;787;Barber Ltd;05/02/2021;;;174;central;79;Critica da Arte
397;477;14/11/2020;655;Barber Ltd;21/01/2020;Citizen;over;174;central;79;Critica da Arte
397;508;08/01/2022;3548;Barber Ltd;12/12/2020;Daughter;board;174;central;79;Critica da Arte
397;608;02/12/2021;2108;Barber Ltd;15/05/2020;Hard;prepare;174;central;79;Critica da Arte
397;630;01/04/2025;194;Barber Ltd;09/07/2020;;;174;central;79;Critica da Arte
397;671;20/01/2020;685;Barber Ltd;20/01/2020;;;174;central;79;Critica da Arte
397;699;06/12/2021;3220;Barber Ltd;04/02/2020;;;174;central;79;Critica da Arte
397;759;20/09/2022;1987;Barber Ltd;04/12/2020;Once;deep;174;central;79;Critica da Arte
397;795;23/06/2021;3671;Barber Ltd;09/03/2021;Room;thought;174;central;79;Critica da Arte
397;834;06/03/2021;3006;Barber Ltd;07/06/2020;Positive;age;174;central;79;Critica da Arte
397;867;11/01/2024;2517;Barber Ltd;11/03/2020;Standard;maybe;174;central;79;Critica da Arte
397;916;19/01/2024;3592;Barber Ltd;11/01/2020;Billion;process;174;central;79;Critica da Arte
397;921;24/08/2020;221;Barber Ltd;13/02/2020;Local;often;174;central;79;Critica da Arte
398;1;15/12/2024;1657;Snow and Sons;02/01/2020;;;;;;
398;9;18/03/2021;3570;Snow and Sons;03/01/2020;Star;land;;;;
398;43;31/05/2024;2628;Snow and Sons;01/10/2020;Range;specific;;;;
398;173;15/08/2020;790;Snow and Sons;14/03/2020;;;;;;
398;198;03/09/2024;606;Snow and Sons;15/11/2020;Water;rise;;;;
398;262;15/02/2022;3235;Snow and Sons;01/01/2020;Kind;pick;;;;
398;329;12/08/2020;4567;Snow and Sons;17/06/2020;Hit;house;;;;
398;359;11/12/2023;1541;Snow and Sons;18/09/2020;Like;view;;;;
398;400;28/03/2020;3271;Snow and Sons;25/03/2020;;;;;;
398;402;07/07/2021;2954;Snow and Sons;05/02/2020;Throughout;end;;;;
398;457;29/08/2022;1314;Snow and Sons;01/03/2021;Standard;choose;;;;
398;481;12/08/2023;846;Snow and Sons;28/03/2021;;;;;;
398;704;29/02/2020;3199;Snow and Sons;29/02/2020;Mission;thought;;;;
398;717;27/08/2022;4100;Snow and Sons;05/04/2020;Think;future;;;;
398;787;21/11/2024;3262;Snow and Sons;06/02/2021;;;;;;
398;796;25/07/2023;1127;Snow and Sons;20/03/2020;;;;;;
398;821;27/04/2022;3601;Snow and Sons;31/07/2020;Dog;decide;;;;
399;15;29/09/2021;3207;Martinez;01/04/2021;;;;;;
399;54;23/09/2022;522;Martinez;25/05/2020;;;;;;
399;84;06/12/2020;3826;Martinez;16/07/2020;She;marriage;;;;
399;111;21/12/2025;3192;Martinez;25/04/2020;;;;;;
399;135;29/01/2020;4091;Martinez;29/01/2020;;;;;;
399;156;05/10/2022;3470;Martinez;21/05/2022;Hundred;support;;;;
399;179;30/10/2022;2158;Martinez;18/08/2021;Organization;tree;;;;
399;286;13/09/2022;2878;Martinez;16/05/2021;Property;notice;;;;
399;364;25/02/2024;433;Martinez;25/05/2020;Despite;church;;;;
399;376;20/06/2025;2891;Martinez;12/04/2020;Artist;seek;;;;
399;444;09/08/2024;4605;Martinez;12/03/2020;Development;despite;;;;
399;535;12/02/2025;4488;Martinez;05/04/2020;Feeling;red;;;;
399;547;03/04/2024;4507;Martinez;17/07/2020;President;we;;;;
399;588;13/09/2023;208;Martinez;21/08/2020;Successful;air;;;;
399;618;30/09/2020;1238;Martinez;27/06/2020;;;;;;
399;729;09/09/2024;2801;Martinez;08/12/2021;Store;value;;;;
399;813;22/08/2024;3363;Martinez;22/09/2020;;;;;;
399;873;24/05/2025;3986;Martinez;18/01/2021;Into;ask;;;;
399;890;10/02/2020;4325;Martinez;10/02/2020;Must;technology;;;;
399;998;05/06/2025;893;Martinez;28/06/2020;Stop;clear;;;;
400;220;05/03/2025;4953;Meyer LLC;08/02/2020;Board;keep;;;;
400;373;13/06/2022;3214;Meyer LLC;22/01/2020;War;foot;;;;
400;439;01/10/2023;2659;Meyer LLC;06/01/2020;Financial;east;;;;
400;462;09/02/2020;2855;Meyer LLC;09/02/2020;Group;carry;;;;
400;464;07/03/2023;1116;Meyer LLC;01/05/2020;Ground;happen;;;;
400;491;24/05/2023;4858;Meyer LLC;14/02/2020;Year;ask;;;;
400;510;03/06/2021;2893;Meyer LLC;02/04/2020;;;;;;
400;572;04/12/2023;1429;Meyer LLC;13/03/2020;Beyond;despite;;;;
400;738;05/08/2021;1514;Meyer LLC;26/02/2020;Crime;country;;;;
400;794;09/06/2021;995;Meyer LLC;20/04/2020;;;;;;
400;802;29/09/2023;3987;Meyer LLC;18/02/2020;Hard;cost;;;;
400;863;03/01/2023;3585;Meyer LLC;26/01/2020;Scene;particular;;;;
400;883;29/09/2024;4434;Meyer LLC;02/02/2020;Process;Crime;;;;
400;921;23/05/2025;1284;Meyer LLC;13/02/2020;Local;often;;;;
400;966;24/10/2021;1889;Meyer LLC;14/02/2021;;;;;;
400;976;29/01/2022;4604;Meyer LLC;12/01/2020;;;;;;
401;127;22/11/2022;357;George Ltd;14/08/2020;Wait;show;20;better;54;Cultura Urbana
401;149;12/05/2023;220;George Ltd;16/04/2020;Perform;these;20;better;54;Cultura Urbana
401;186;11/10/2023;2490;George Ltd;09/07/2020;Congress;song;20;better;54;Cultura Urbana
401;203;16/12/2023;1688;George Ltd;29/05/2020;Key;time;20;better;54;Cultura Urbana
401;412;12/01/2022;3419;George Ltd;24/06/2020;Night;third;20;better;54;Cultura Urbana
401;449;07/09/2022;4550;George Ltd;03/01/2020;Get;to;20;better;54;Cultura Urbana
401;471;28/03/2024;4993;George Ltd;22/03/2020;Ask;conference;20;better;54;Cultura Urbana
401;476;31/01/2021;512;George Ltd;19/01/2021;;;20;better;54;Cultura Urbana
401;510;25/06/2023;1074;George Ltd;02/04/2020;;;20;better;54;Cultura Urbana
401;518;01/11/2021;3360;George Ltd;25/09/2020;Administration;have;20;better;54;Cultura Urbana
401;551;22/06/2024;4959;George Ltd;03/03/2020;Data;Republican;20;better;54;Cultura Urbana
401;560;12/01/2026;1477;George Ltd;16/09/2020;;;20;better;54;Cultura Urbana
401;613;16/01/2023;2353;George Ltd;31/07/2021;Hear;body;20;better;54;Cultura Urbana
401;680;29/06/2025;2062;George Ltd;19/02/2020;;;20;better;54;Cultura Urbana
401;693;20/11/2025;1973;George Ltd;05/03/2021;Nothing;traditional;20;better;54;Cultura Urbana
401;726;03/12/2021;1801;George Ltd;18/03/2020;Beyond;almost;20;better;54;Cultura Urbana
401;736;22/10/2024;4490;George Ltd;25/07/2020;Among;official;20;better;54;Cultura Urbana
401;755;22/01/2020;1036;George Ltd;22/01/2020;Hand;without;20;better;54;Cultura Urbana
401;770;09/11/2021;4236;George Ltd;06/12/2020;Use;reach;20;better;54;Cultura Urbana
401;864;12/02/2026;1556;George Ltd;03/07/2020;Amount;show;20;better;54;Cultura Urbana
401;865;01/06/2023;1722;George Ltd;12/05/2020;That;with;20;better;54;Cultura Urbana
401;865;15/08/2025;1853;George Ltd;12/05/2020;That;with;20;better;54;Cultura Urbana
401;872;27/01/2023;2323;George Ltd;01/01/2021;;;20;better;54;Cultura Urbana
401;964;25/12/2023;1125;George Ltd;04/06/2021;;;20;better;54;Cultura Urbana
401;974;27/08/2021;4438;George Ltd;16/04/2021;Six;stop;20;better;54;Cultura Urbana
402;4;06/12/2024;2806;Morton Ltd;21/04/2020;Read;detail;;;;
402;28;17/04/2022;4166;Morton Ltd;04/01/2020;What;field;;;;
402;73;10/09/2025;366;Morton Ltd;27/05/2020;Feel;oil;;;;
402;128;12/06/2024;4342;Morton Ltd;03/10/2020;Hour;out;;;;
402;128;27/10/2022;2102;Morton Ltd;03/10/2020;Hour;out;;;;
402;147;30/03/2024;4040;Morton Ltd;24/01/2020;;;;;;
402;239;16/05/2025;3261;Morton Ltd;14/02/2020;;;;;;
402;306;06/08/2020;3395;Morton Ltd;22/04/2020;;;;;;
402;311;19/01/2020;1543;Morton Ltd;19/01/2020;Relationship;enough;;;;
402;339;20/04/2022;2563;Morton Ltd;27/03/2020;;;;;;
402;418;01/12/2024;3449;Morton Ltd;03/05/2021;Method;civil;;;;
402;541;10/11/2024;1923;Morton Ltd;19/01/2020;Put;foot;;;;
402;549;09/03/2023;2800;Morton Ltd;13/11/2020;;;;;;
402;590;14/02/2023;4843;Morton Ltd;07/01/2020;Rich;thus;;;;
402;643;27/01/2024;2532;Morton Ltd;31/05/2020;Term;example;;;;
402;650;22/08/2022;2699;Morton Ltd;07/05/2020;Perform;entire;;;;
402;665;28/06/2025;904;Morton Ltd;30/05/2020;Say;reduce;;;;
402;771;20/06/2025;4716;Morton Ltd;18/01/2020;Should;wrong;;;;
402;859;25/11/2024;3308;Morton Ltd;12/02/2020;Teach;should;;;;
402;866;22/07/2021;3361;Morton Ltd;31/08/2020;Factor;physical;;;;
402;867;29/04/2024;1058;Morton Ltd;11/03/2020;Standard;maybe;;;;
402;907;10/03/2025;4208;Morton Ltd;22/03/2020;Public;change;;;;
402;907;20/04/2020;1802;Morton Ltd;22/03/2020;Public;change;;;;
402;915;16/11/2023;1532;Morton Ltd;02/03/2020;But;forget;;;;
402;953;14/12/2022;2859;Morton Ltd;03/09/2020;Involve;interest;;;;
402;963;21/11/2024;2610;Morton Ltd;22/07/2020;Food;thousand;;;;
403;142;01/05/2020;3285;Bates-James;16/03/2020;Analysis;evidence;116;test;79;Critica da Arte
403;199;29/09/2021;4773;Bates-James;24/09/2020;Whole;successful;116;test;79;Critica da Arte
403;200;05/12/2022;1812;Bates-James;23/02/2021;Produce;significant;116;test;79;Critica da Arte
403;222;07/03/2024;133;Bates-James;26/11/2020;;;116;test;79;Critica da Arte
403;222;15/11/2025;1584;Bates-James;26/11/2020;;;116;test;79;Critica da Arte
403;347;14/08/2022;3312;Bates-James;22/09/2020;Tax;perhaps;116;test;79;Critica da Arte
403;370;16/01/2021;3710;Bates-James;21/04/2020;Her;PM;116;test;79;Critica da Arte
403;385;22/09/2022;372;Bates-James;23/02/2020;Knowledge;at;116;test;79;Critica da Arte
403;409;09/04/2021;3771;Bates-James;09/04/2021;Public;he;116;test;79;Critica da Arte
403;438;22/06/2025;4185;Bates-James;13/01/2020;West;language;116;test;79;Critica da Arte
403;453;09/12/2023;4465;Bates-James;26/02/2020;Her;beautiful;116;test;79;Critica da Arte
403;529;12/08/2025;4809;Bates-James;17/03/2022;Speech;camera;116;test;79;Critica da Arte
403;582;05/08/2020;3998;Bates-James;05/08/2020;Adult;mean;116;test;79;Critica da Arte
403;609;24/04/2021;4180;Bates-James;24/04/2021;Specific;move;116;test;79;Critica da Arte
403;633;28/05/2021;3441;Bates-James;29/02/2020;Check;reach;116;test;79;Critica da Arte
403;705;15/01/2022;1098;Bates-James;16/01/2020;North;door;116;test;79;Critica da Arte
403;742;10/08/2024;912;Bates-James;21/05/2020;Computer;range;116;test;79;Critica da Arte
403;828;27/01/2021;4730;Bates-James;27/01/2021;Above;five;116;test;79;Critica da Arte
403;836;18/06/2024;3401;Bates-James;23/10/2020;Benefit;accept;116;test;79;Critica da Arte
403;927;02/03/2020;784;Bates-James;02/03/2020;;;116;test;79;Critica da Arte
403;958;16/12/2025;1672;Bates-James;29/11/2020;;;116;test;79;Critica da Arte
403;980;22/03/2025;1773;Bates-James;22/04/2020;Meeting;who;116;test;79;Critica da Arte
403;983;28/11/2025;1361;Bates-James;30/06/2020;Black;thus;116;test;79;Critica da Arte
404;21;26/11/2022;2524;Mathews;25/03/2020;;;;;;
404;23;29/11/2020;626;Mathews;02/02/2020;These;and;;;;
404;156;20/10/2025;830;Mathews;21/05/2022;Hundred;support;;;;
404;228;07/05/2021;4554;Mathews;24/01/2020;;;;;;
404;278;01/03/2020;2449;Mathews;01/03/2020;;;;;;
404;435;21/12/2022;995;Mathews;21/01/2021;;;;;;
404;452;29/11/2021;4080;Mathews;11/02/2020;Clearly;message;;;;
404;468;20/06/2022;4347;Mathews;08/08/2020;;;;;;
404;538;29/11/2024;515;Mathews;02/12/2020;Particularly;group;;;;
404;670;28/09/2023;1059;Mathews;01/03/2020;;;;;;
404;923;30/09/2021;1901;Mathews;08/11/2020;Today;new;;;;
404;950;28/11/2024;4648;Mathews;17/03/2020;;;;;;
405;13;21/09/2020;2720;Clark;02/01/2020;;;;;;
405;293;27/03/2022;2032;Clark;14/10/2020;;;;;;
405;333;09/10/2023;4161;Clark;28/01/2020;Over;grow;;;;
405;383;07/12/2023;4857;Clark;17/02/2020;Anything;station;;;;
405;559;03/08/2023;2413;Clark;16/01/2020;Where;interview;;;;
405;572;11/07/2024;1926;Clark;13/03/2020;Beyond;despite;;;;
405;573;15/07/2024;2770;Clark;28/10/2020;Drug;father;;;;
405;742;18/05/2024;3340;Clark;21/05/2020;Computer;range;;;;
405;804;05/03/2020;4938;Clark;05/03/2020;;;;;;
405;822;15/06/2022;4737;Clark;09/03/2020;Issue;in;;;;
405;878;08/07/2020;2491;Clark;08/07/2020;;;;;;
405;878;06/05/2023;4916;Clark;08/07/2020;;;;;;
406;103;31/12/2025;1336;Park;24/03/2020;Some;here;;;;
406;214;06/04/2021;1875;Park;26/03/2020;Moment;cut;;;;
406;262;28/10/2023;1540;Park;01/01/2020;Kind;pick;;;;
406;341;12/01/2025;1226;Park;02/03/2020;;;;;;
406;400;05/07/2021;4611;Park;25/03/2020;;;;;;
406;405;22/06/2020;3805;Park;22/06/2020;Time;sing;;;;
406;431;17/03/2022;679;Park;03/04/2020;Appear;agency;;;;
406;474;29/01/2023;1957;Park;07/09/2020;;;;;;
406;478;01/10/2020;2299;Park;16/03/2020;Common;cold;;;;
406;583;12/06/2023;1846;Park;12/12/2020;Data;popular;;;;
406;584;26/02/2024;2076;Park;25/03/2020;;;;;;
406;636;04/12/2021;4240;Park;17/04/2020;Business;tell;;;;
406;650;21/07/2021;3962;Park;07/05/2020;Perform;entire;;;;
406;762;12/04/2024;998;Park;25/02/2020;Authority;road;;;;
406;861;01/10/2024;3621;Park;12/01/2020;Safe;every;;;;
406;898;29/02/2020;1765;Park;29/02/2020;;;;;;
406;917;05/06/2025;433;Park;25/05/2020;;;;;;
406;946;26/05/2025;2122;Park;12/08/2020;Quickly;sign;;;;
407;5;19/07/2023;934;Neal-Smith;14/05/2020;;;140;whose;54;Cultura Urbana
407;34;24/10/2023;1754;Neal-Smith;02/07/2021;;;140;whose;54;Cultura Urbana
407;99;05/06/2025;4318;Neal-Smith;01/04/2021;Stuff;by;140;whose;54;Cultura Urbana
407;195;07/09/2024;112;Neal-Smith;02/07/2020;;;140;whose;54;Cultura Urbana
407;229;16/02/2023;2799;Neal-Smith;30/04/2020;;;140;whose;54;Cultura Urbana
407;248;13/01/2022;3128;Neal-Smith;04/09/2020;;;140;whose;54;Cultura Urbana
407;262;23/05/2020;2446;Neal-Smith;01/01/2020;Kind;pick;140;whose;54;Cultura Urbana
407;302;15/04/2020;452;Neal-Smith;15/04/2020;;;140;whose;54;Cultura Urbana
407;303;11/11/2023;3319;Neal-Smith;05/10/2020;;;140;whose;54;Cultura Urbana
407;327;31/03/2024;2882;Neal-Smith;12/11/2020;Image;style;140;whose;54;Cultura Urbana
407;361;10/06/2023;552;Neal-Smith;13/04/2020;Staff;radio;140;whose;54;Cultura Urbana
407;375;12/05/2023;2630;Neal-Smith;13/01/2020;;;140;whose;54;Cultura Urbana
407;379;24/01/2024;175;Neal-Smith;31/01/2020;Learn;husband;140;whose;54;Cultura Urbana
407;425;11/04/2021;4991;Neal-Smith;25/06/2020;;;140;whose;54;Cultura Urbana
407;436;13/05/2020;2686;Neal-Smith;13/05/2020;Whatever;every;140;whose;54;Cultura Urbana
407;465;14/03/2024;1179;Neal-Smith;20/08/2021;Thus;choice;140;whose;54;Cultura Urbana
407;503;15/12/2023;4906;Neal-Smith;10/09/2020;;;140;whose;54;Cultura Urbana
407;642;06/10/2021;1186;Neal-Smith;09/01/2020;Realize;financial;140;whose;54;Cultura Urbana
407;762;04/05/2023;3311;Neal-Smith;25/02/2020;Authority;road;140;whose;54;Cultura Urbana
407;766;08/07/2023;3303;Neal-Smith;09/04/2020;;;140;whose;54;Cultura Urbana
407;867;11/03/2020;1072;Neal-Smith;11/03/2020;Standard;maybe;140;whose;54;Cultura Urbana
407;883;21/04/2021;2531;Neal-Smith;02/02/2020;Process;Crime;140;whose;54;Cultura Urbana
407;925;18/09/2023;3007;Neal-Smith;15/04/2020;;;140;whose;54;Cultura Urbana
408;137;22/01/2025;1193;Pierce;23/06/2020;Within;seat;;;;
408;160;15/12/2022;572;Pierce;12/06/2020;Style;shoulder;;;;
408;174;04/08/2020;4363;Pierce;02/02/2020;East;something;;;;
408;288;04/07/2025;4730;Pierce;31/01/2020;Sea;understand;;;;
408;312;26/07/2022;4282;Pierce;13/02/2020;;;;;;
408;333;24/12/2020;2329;Pierce;28/01/2020;Over;grow;;;;
408;352;07/08/2020;1041;Pierce;07/08/2020;Suddenly;boy;;;;
408;418;24/04/2023;163;Pierce;03/05/2021;Method;civil;;;;
408;473;09/06/2021;1045;Pierce;24/07/2020;;;;;;
408;512;17/05/2020;4174;Pierce;17/05/2020;;;;;;
408;522;26/03/2020;3854;Pierce;30/01/2020;Laugh;else;;;;
408;532;30/07/2024;3173;Pierce;23/11/2020;Time;town;;;;
408;549;18/07/2021;849;Pierce;13/11/2020;;;;;;
408;551;08/03/2025;690;Pierce;03/03/2020;Data;Republican;;;;
408;587;25/12/2020;4490;Pierce;25/12/2020;Arrive;different;;;;
408;687;12/11/2021;2260;Pierce;27/04/2020;Many;where;;;;
408;710;24/06/2023;1365;Pierce;11/06/2020;;;;;;
408;733;06/06/2024;966;Pierce;29/03/2021;Message;police;;;;
408;753;24/05/2025;4672;Pierce;17/02/2020;Mr;clearly;;;;
408;779;13/02/2020;1319;Pierce;13/02/2020;Whole;street;;;;
408;909;11/06/2021;2954;Pierce;16/07/2020;At;various;;;;
408;951;18/12/2021;2739;Pierce;11/04/2020;Door;speak;;;;
409;206;30/09/2025;940;Underwood-Dodson;25/01/2020;He;main;;;;
409;219;17/03/2023;996;Underwood-Dodson;20/01/2020;;;;;;
409;256;15/05/2023;3380;Underwood-Dodson;06/05/2022;Season;writer;;;;
409;260;20/11/2021;171;Underwood-Dodson;19/04/2020;Expert;knowledge;;;;
409;318;24/10/2022;3686;Underwood-Dodson;01/07/2020;;;;;;
409;345;19/03/2021;4591;Underwood-Dodson;10/10/2020;Although;place;;;;
409;355;12/03/2025;1122;Underwood-Dodson;10/03/2020;Dark;future;;;;
409;390;11/03/2025;1792;Underwood-Dodson;25/02/2020;Mind;information;;;;
409;431;03/04/2020;548;Underwood-Dodson;03/04/2020;Appear;agency;;;;
409;455;28/03/2024;4560;Underwood-Dodson;23/07/2020;Former;public;;;;
409;461;15/11/2020;986;Underwood-Dodson;03/11/2020;Issue;one;;;;
409;508;08/02/2026;905;Underwood-Dodson;12/12/2020;Daughter;board;;;;
409;583;12/12/2020;2059;Underwood-Dodson;12/12/2020;Data;popular;;;;
409;613;22/11/2024;1432;Underwood-Dodson;31/07/2021;Hear;body;;;;
409;626;14/11/2022;662;Underwood-Dodson;09/07/2020;Sign;voice;;;;
409;641;03/08/2024;1079;Underwood-Dodson;31/03/2020;Face;spend;;;;
409;684;24/08/2025;228;Underwood-Dodson;04/05/2022;Often;material;;;;
409;699;02/04/2020;1719;Underwood-Dodson;04/02/2020;;;;;;
409;699;30/04/2025;3559;Underwood-Dodson;04/02/2020;;;;;;
409;752;06/09/2020;3131;Underwood-Dodson;05/08/2020;South;season;;;;
409;787;27/11/2025;2341;Underwood-Dodson;06/02/2021;;;;;;
409;797;07/01/2020;3882;Underwood-Dodson;07/01/2020;Quickly;top;;;;
409;816;07/02/2026;3671;Underwood-Dodson;30/05/2020;They;go;;;;
409;821;31/07/2020;2352;Underwood-Dodson;31/07/2020;Dog;decide;;;;
409;933;19/09/2024;3565;Underwood-Dodson;21/08/2020;Party;success;;;;
409;961;25/09/2023;2378;Underwood-Dodson;05/02/2020;;;;;;
410;212;30/09/2023;955;Gonzalez;04/03/2020;;;;;;
410;231;28/08/2025;1787;Gonzalez;17/12/2020;;;;;;
410;270;22/05/2023;107;Gonzalez;13/03/2020;Product;state;;;;
410;322;19/03/2023;3724;Gonzalez;22/01/2023;;;;;;
410;373;03/01/2024;3074;Gonzalez;22/01/2020;War;foot;;;;
410;434;23/08/2022;234;Gonzalez;04/06/2020;Fall;huge;;;;
410;535;22/04/2024;2060;Gonzalez;05/04/2020;Feeling;red;;;;
410;578;31/01/2022;3487;Gonzalez;10/03/2020;;;;;;
410;589;01/07/2024;744;Gonzalez;13/07/2020;Necessary;far;;;;
410;601;08/09/2023;482;Gonzalez;07/02/2022;Everybody;world;;;;
410;695;21/01/2023;3530;Gonzalez;12/01/2020;;;;;;
410;738;22/06/2023;1539;Gonzalez;26/02/2020;Crime;country;;;;
410;762;14/08/2020;1347;Gonzalez;25/02/2020;Authority;road;;;;
410;766;10/11/2020;1650;Gonzalez;09/04/2020;;;;;;
410;840;16/08/2024;4514;Gonzalez;14/03/2020;Consider;people;;;;
411;176;18/05/2023;3992;Lopez;08/05/2020;;;;;;
411;207;24/04/2021;3799;Lopez;24/04/2021;Success;president;;;;
411;257;09/05/2023;2439;Lopez;08/01/2020;House;walk;;;;
411;284;23/05/2025;4596;Lopez;10/03/2023;Safe;hotel;;;;
411;311;02/01/2024;4345;Lopez;19/01/2020;Relationship;enough;;;;
411;316;08/12/2024;970;Lopez;19/06/2020;;;;;;
411;319;30/04/2022;788;Lopez;15/03/2020;Behavior;occur;;;;
411;415;20/01/2024;3230;Lopez;18/05/2020;;;;;;
411;430;04/08/2025;3291;Lopez;03/04/2020;Recent;be;;;;
411;459;05/12/2024;261;Lopez;01/02/2020;Station;suggest;;;;
411;544;14/10/2023;4987;Lopez;24/09/2020;He;two;;;;
411;574;04/05/2022;2593;Lopez;03/03/2020;Well;explain;;;;
411;613;18/01/2022;3045;Lopez;31/07/2021;Hear;body;;;;
411;630;14/04/2021;109;Lopez;09/07/2020;;;;;;
411;632;20/07/2025;170;Lopez;11/02/2020;Although;book;;;;
411;671;22/09/2020;3698;Lopez;20/01/2020;;;;;;
411;678;10/09/2023;3691;Lopez;26/05/2020;Treatment;once;;;;
411;744;09/07/2023;2579;Lopez;29/01/2020;Radio;like;;;;
411;764;26/12/2022;4396;Lopez;04/08/2020;Laugh;send;;;;
411;775;27/12/2021;1034;Lopez;27/12/2021;No;end;;;;
411;782;15/07/2021;4320;Lopez;15/07/2021;Success;despite;;;;
411;827;18/05/2024;1279;Lopez;03/12/2020;Soldier;throughout;;;;
411;879;18/12/2023;1245;Lopez;26/04/2020;Interesting;board;;;;
411;915;20/04/2022;2259;Lopez;02/03/2020;But;forget;;;;
411;997;27/04/2023;840;Lopez;06/12/2021;Pass;her;;;;
412;82;18/07/2020;2419;Wise-Matthews;19/03/2020;Physical;simple;;;;
412;106;15/11/2022;1761;Wise-Matthews;20/01/2020;Peace;add;;;;
412;123;11/05/2023;1982;Wise-Matthews;28/05/2021;Moment;across;;;;
412;170;30/08/2025;4754;Wise-Matthews;19/01/2020;Wind;top;;;;
412;212;27/06/2023;1027;Wise-Matthews;04/03/2020;;;;;;
412;256;29/03/2025;3281;Wise-Matthews;06/05/2022;Season;writer;;;;
412;270;02/04/2023;3997;Wise-Matthews;13/03/2020;Product;state;;;;
412;422;16/03/2025;2265;Wise-Matthews;28/01/2020;Soldier;six;;;;
412;465;23/05/2022;2814;Wise-Matthews;20/08/2021;Thus;choice;;;;
412;471;07/02/2026;2268;Wise-Matthews;22/03/2020;Ask;conference;;;;
412;532;31/07/2021;2795;Wise-Matthews;23/11/2020;Time;town;;;;
412;599;25/11/2020;2868;Wise-Matthews;20/11/2020;Population;use;;;;
412;634;12/05/2020;1400;Wise-Matthews;11/02/2020;Ever;employee;;;;
412;683;17/10/2020;4784;Wise-Matthews;08/01/2020;Away;wind;;;;
412;713;17/11/2020;2521;Wise-Matthews;28/02/2020;Drug;talk;;;;
412;722;02/02/2025;498;Wise-Matthews;23/02/2020;Attack;natural;;;;
412;823;12/10/2023;4624;Wise-Matthews;23/04/2020;;;;;;
412;860;15/09/2023;639;Wise-Matthews;07/04/2020;Push;yard;;;;
412;932;10/04/2022;4874;Wise-Matthews;29/02/2020;Some;debate;;;;
412;987;21/03/2020;3877;Wise-Matthews;21/03/2020;;;;;;
413;143;11/10/2024;1320;Johnson-Smith;12/12/2020;;;;;;
413;172;28/11/2023;1608;Johnson-Smith;16/04/2021;Turn;war;;;;
413;190;13/10/2021;3162;Johnson-Smith;19/10/2020;During;hit;;;;
413;190;16/07/2022;1942;Johnson-Smith;19/10/2020;During;hit;;;;
413;261;02/02/2020;1154;Johnson-Smith;02/02/2020;;;;;;
413;317;10/10/2025;3903;Johnson-Smith;10/11/2021;Surface;bit;;;;
413;329;17/06/2020;2347;Johnson-Smith;17/06/2020;Hit;house;;;;
413;416;31/12/2021;4931;Johnson-Smith;13/03/2020;Some;kitchen;;;;
413;461;03/11/2020;1888;Johnson-Smith;03/11/2020;Issue;one;;;;
413;465;27/11/2021;3749;Johnson-Smith;20/08/2021;Thus;choice;;;;
413;530;01/07/2024;4808;Johnson-Smith;16/11/2021;;;;;;
413;530;12/10/2024;4507;Johnson-Smith;16/11/2021;;;;;;
413;531;27/06/2023;4272;Johnson-Smith;24/04/2021;Commercial;relate;;;;
413;555;12/11/2022;514;Johnson-Smith;10/02/2020;;;;;;
413;569;28/10/2023;3213;Johnson-Smith;06/07/2021;Degree;day;;;;
413;580;19/05/2025;4147;Johnson-Smith;22/03/2020;Feel;bad;;;;
413;604;12/08/2025;4068;Johnson-Smith;11/02/2020;;;;;;
413;605;14/09/2025;4488;Johnson-Smith;30/03/2020;;;;;;
413;634;18/08/2024;2903;Johnson-Smith;11/02/2020;Ever;employee;;;;
413;635;02/06/2021;131;Johnson-Smith;02/06/2021;;;;;;
413;640;12/01/2020;3733;Johnson-Smith;12/01/2020;Important;yes;;;;
413;746;08/07/2020;3956;Johnson-Smith;18/04/2020;;;;;;
413;830;15/12/2023;2862;Johnson-Smith;08/09/2021;Girl;voice;;;;
413;915;02/03/2020;2291;Johnson-Smith;02/03/2020;But;forget;;;;
413;925;21/10/2024;3885;Johnson-Smith;15/04/2020;;;;;;
413;996;02/03/2022;2804;Johnson-Smith;13/05/2020;Why;cover;;;;
414;18;30/01/2020;405;Olson;30/01/2020;;;;;;
414;42;25/05/2022;4168;Olson;01/10/2020;Light;free;;;;
414;90;18/01/2025;3355;Olson;26/05/2020;;;;;;
414;128;09/01/2022;2603;Olson;03/10/2020;Hour;out;;;;
414;221;10/10/2025;4393;Olson;05/06/2020;Move;board;;;;
414;237;26/04/2025;3864;Olson;02/01/2020;Notice;war;;;;
414;252;29/04/2025;2307;Olson;16/10/2021;Clear;clearly;;;;
414;313;22/06/2021;4151;Olson;02/05/2021;;;;;;
414;466;01/07/2022;2401;Olson;29/02/2020;Hot;computer;;;;
414;472;02/06/2022;207;Olson;30/06/2020;Senior;reality;;;;
414;494;09/01/2024;4398;Olson;19/01/2020;;;;;;
414;507;26/11/2025;1779;Olson;07/05/2020;Own;line;;;;
414;512;21/05/2022;3314;Olson;17/05/2020;;;;;;
414;515;21/05/2025;1661;Olson;01/06/2020;There;dinner;;;;
414;550;24/04/2020;3645;Olson;24/04/2020;;;;;;
414;667;16/09/2021;4653;Olson;19/12/2020;Apply;third;;;;
414;709;24/05/2022;447;Olson;23/03/2020;Improve;fact;;;;
414;734;22/05/2025;2674;Olson;16/01/2020;Clearly;safe;;;;
414;781;23/12/2023;522;Olson;12/08/2020;Wife;sure;;;;
414;824;07/12/2020;4198;Olson;07/12/2020;Hit;less;;;;
414;838;19/11/2021;4353;Olson;09/02/2020;;;;;;
414;841;08/07/2021;4304;Olson;05/08/2020;Old;investment;;;;
414;893;22/12/2025;1070;Olson;08/04/2020;Officer;maintain;;;;
414;977;13/07/2021;1158;Olson;14/06/2020;Local;look;;;;
415;174;25/12/2025;547;Dean-Herrera;02/02/2020;East;something;;;;
415;185;03/01/2025;962;Dean-Herrera;06/10/2020;Smile;player;;;;
415;201;09/10/2020;2813;Dean-Herrera;18/03/2020;Let;a;;;;
415;206;25/01/2020;1836;Dean-Herrera;25/01/2020;He;main;;;;
415;252;26/04/2024;4667;Dean-Herrera;16/10/2021;Clear;clearly;;;;
415;321;04/06/2020;2621;Dean-Herrera;04/06/2020;;;;;;
415;323;11/02/2024;270;Dean-Herrera;04/01/2020;Long;serve;;;;
415;405;13/09/2023;3689;Dean-Herrera;22/06/2020;Time;sing;;;;
415;504;23/02/2023;848;Dean-Herrera;11/06/2022;Baby;energy;;;;
415;625;06/02/2020;4179;Dean-Herrera;06/02/2020;Need;a;;;;
415;677;07/01/2024;4689;Dean-Herrera;26/08/2021;Bit;again;;;;
415;692;25/03/2023;3128;Dean-Herrera;12/12/2020;Street;walk;;;;
415;902;04/08/2025;3841;Dean-Herrera;27/02/2020;Eat;happy;;;;
415;971;05/02/2021;4912;Dean-Herrera;05/02/2021;;;;;;
416;14;30/05/2024;1692;Holland PLC;30/01/2020;Billion;hair;;;;
416;169;04/12/2025;2846;Holland PLC;04/07/2021;Through;military;;;;
416;267;29/10/2022;3385;Holland PLC;19/11/2020;;;;;;
416;326;01/01/2021;2341;Holland PLC;31/01/2020;Hot;film;;;;
416;347;23/01/2025;1071;Holland PLC;22/09/2020;Tax;perhaps;;;;
416;396;30/03/2024;205;Holland PLC;04/07/2021;Also;mother;;;;
416;427;17/05/2025;2432;Holland PLC;05/02/2021;;;;;;
416;493;01/10/2025;1268;Holland PLC;22/03/2020;;;;;;
416;493;05/08/2025;3577;Holland PLC;22/03/2020;;;;;;
416;540;27/06/2020;1647;Holland PLC;27/06/2020;Seven;check;;;;
416;636;02/05/2021;787;Holland PLC;17/04/2020;Business;tell;;;;
416;672;16/12/2020;1075;Holland PLC;03/01/2020;Once;yeah;;;;
416;674;08/11/2025;3003;Holland PLC;19/11/2022;Pay;generation;;;;
416;675;30/07/2023;2509;Holland PLC;26/04/2020;Stand;likely;;;;
416;714;21/04/2020;4675;Holland PLC;21/04/2020;Standard;ahead;;;;
416;799;04/12/2020;2692;Holland PLC;12/06/2020;;;;;;
416;808;08/07/2021;684;Holland PLC;21/03/2020;Ahead;whose;;;;
416;853;23/12/2024;2773;Holland PLC;17/03/2020;Office;eye;;;;
416;859;21/02/2024;3461;Holland PLC;12/02/2020;Teach;should;;;;
416;893;18/06/2024;3856;Holland PLC;08/04/2020;Officer;maintain;;;;
416;984;15/11/2021;4594;Holland PLC;04/01/2020;Treatment;stage;;;;
417;7;04/04/2025;4013;Mitchell Ltd;27/01/2020;Hair;relate;;;;
417;9;03/02/2025;2295;Mitchell Ltd;03/01/2020;Star;land;;;;
417;39;27/02/2020;2695;Mitchell Ltd;27/02/2020;;;;;;
417;43;21/05/2023;1103;Mitchell Ltd;01/10/2020;Range;specific;;;;
417;64;01/11/2024;190;Mitchell Ltd;06/12/2020;Red;information;;;;
417;116;04/04/2022;1983;Mitchell Ltd;31/01/2020;;;;;;
417;122;08/04/2020;2822;Mitchell Ltd;08/04/2020;Want;wind;;;;
417;133;01/09/2023;1587;Mitchell Ltd;16/11/2020;Forward;market;;;;
417;142;07/02/2023;4859;Mitchell Ltd;16/03/2020;Analysis;evidence;;;;
417;164;06/07/2020;243;Mitchell Ltd;31/01/2020;Evening;guy;;;;
417;177;17/09/2024;920;Mitchell Ltd;21/04/2021;Second;actually;;;;
417;198;09/03/2022;1541;Mitchell Ltd;15/11/2020;Water;rise;;;;
417;260;05/11/2025;2001;Mitchell Ltd;19/04/2020;Expert;knowledge;;;;
417;307;02/11/2020;2477;Mitchell Ltd;02/11/2020;Second;fill;;;;
417;314;04/12/2023;2538;Mitchell Ltd;03/01/2020;Follow;street;;;;
417;439;12/07/2022;1721;Mitchell Ltd;06/01/2020;Financial;east;;;;
417;462;02/09/2021;3202;Mitchell Ltd;09/02/2020;Group;carry;;;;
417;536;22/09/2021;2029;Mitchell Ltd;08/03/2020;Beat;factor;;;;
417;563;10/05/2025;969;Mitchell Ltd;18/05/2020;;;;;;
417;571;12/11/2024;1886;Mitchell Ltd;07/09/2020;;;;;;
417;575;24/01/2024;1445;Mitchell Ltd;09/09/2021;Report;notice;;;;
417;624;30/04/2020;889;Mitchell Ltd;26/02/2020;Why;professor;;;;
417;630;26/05/2024;3143;Mitchell Ltd;09/07/2020;;;;;;
417;674;19/11/2022;2162;Mitchell Ltd;19/11/2022;Pay;generation;;;;
417;713;25/09/2022;1455;Mitchell Ltd;28/02/2020;Drug;talk;;;;
417;718;28/11/2021;3691;Mitchell Ltd;23/04/2021;Partner;ball;;;;
417;818;24/07/2020;3804;Mitchell Ltd;31/01/2020;Though;difficult;;;;
417;863;26/01/2020;110;Mitchell Ltd;26/01/2020;Scene;particular;;;;
417;883;31/01/2026;3408;Mitchell Ltd;02/02/2020;Process;Crime;;;;
418;17;12/03/2024;4434;Cooper PLC;19/01/2020;;;;;;
418;37;15/05/2025;4490;Cooper PLC;18/06/2020;Box;land;;;;
418;109;10/07/2020;4785;Cooper PLC;10/07/2020;Media;purpose;;;;
418;115;31/08/2020;2904;Cooper PLC;31/08/2020;;;;;;
418;235;26/08/2022;357;Cooper PLC;01/04/2021;Down;him;;;;
418;244;08/08/2020;1420;Cooper PLC;07/06/2020;Military;level;;;;
418;246;30/05/2025;2387;Cooper PLC;02/05/2020;Investment;marriage;;;;
418;264;08/02/2024;2686;Cooper PLC;14/12/2020;Sport;case;;;;
418;315;29/09/2021;2688;Cooper PLC;09/01/2020;Majority;call;;;;
418;622;07/12/2022;1425;Cooper PLC;24/04/2020;How;buy;;;;
418;632;31/05/2025;2354;Cooper PLC;11/02/2020;Although;book;;;;
418;652;30/12/2024;464;Cooper PLC;18/02/2020;School;public;;;;
418;705;05/02/2021;4659;Cooper PLC;16/01/2020;North;door;;;;
418;742;10/08/2025;2209;Cooper PLC;21/05/2020;Computer;range;;;;
418;822;15/12/2022;835;Cooper PLC;09/03/2020;Issue;in;;;;
418;884;28/03/2022;2816;Cooper PLC;29/01/2020;Bar;opportunity;;;;
418;885;31/12/2024;4585;Cooper PLC;12/06/2021;Commercial;answer;;;;
419;42;13/01/2023;449;Cohen-Hodge;01/10/2020;Light;free;;;;
419;100;02/12/2025;129;Cohen-Hodge;15/04/2020;Best;center;;;;
419;303;22/07/2025;3203;Cohen-Hodge;05/10/2020;;;;;;
419;406;18/03/2025;4255;Cohen-Hodge;10/11/2020;Fight;sometimes;;;;
419;452;11/02/2020;4865;Cohen-Hodge;11/02/2020;Clearly;message;;;;
419;494;16/06/2024;2667;Cohen-Hodge;19/01/2020;;;;;;
419;647;09/04/2020;1351;Cohen-Hodge;05/01/2020;Maintain;coach;;;;
419;694;11/06/2022;4608;Cohen-Hodge;21/01/2020;Concern;west;;;;
419;793;01/04/2024;287;Cohen-Hodge;05/08/2022;Laugh;far;;;;
419;850;23/04/2024;1335;Cohen-Hodge;04/02/2020;Four;travel;;;;
419;916;10/01/2024;1104;Cohen-Hodge;11/01/2020;Billion;process;;;;
419;968;26/09/2021;3819;Cohen-Hodge;10/10/2020;Deep;tonight;;;;
419;997;27/04/2022;2498;Cohen-Hodge;06/12/2021;Pass;her;;;;
420;124;31/08/2021;585;Lee Inc;18/08/2020;Friend;prevent;;;;
420;126;18/08/2021;4853;Lee Inc;08/01/2020;Purpose;top;;;;
420;169;04/07/2021;281;Lee Inc;04/07/2021;Through;military;;;;
420;218;22/05/2022;4436;Lee Inc;22/05/2022;Heart;simply;;;;
420;246;12/02/2023;4467;Lee Inc;02/05/2020;Investment;marriage;;;;
420;300;26/12/2022;4817;Lee Inc;04/05/2020;;;;;;
420;312;25/06/2023;1031;Lee Inc;13/02/2020;;;;;;
420;397;01/07/2023;957;Lee Inc;11/09/2020;;;;;;
420;507;16/11/2020;2240;Lee Inc;07/05/2020;Own;line;;;;
420;516;25/09/2024;1716;Lee Inc;26/03/2021;Worker;own;;;;
420;547;24/03/2023;390;Lee Inc;17/07/2020;President;we;;;;
420;550;11/05/2024;2514;Lee Inc;24/04/2020;;;;;;
420;568;06/03/2020;4833;Lee Inc;06/03/2020;Prepare;great;;;;
420;602;18/08/2024;282;Lee Inc;12/02/2020;;;;;;
420;605;14/11/2020;4930;Lee Inc;30/03/2020;;;;;;
420;699;04/07/2022;1680;Lee Inc;04/02/2020;;;;;;
420;724;15/12/2023;1767;Lee Inc;21/02/2020;;;;;;
420;748;21/08/2022;4433;Lee Inc;09/03/2020;People;provide;;;;
420;790;11/04/2023;3019;Lee Inc;18/07/2020;;;;;;
420;841;23/08/2022;4487;Lee Inc;05/08/2020;Old;investment;;;;
420;844;07/02/2021;3137;Lee Inc;24/09/2020;Statement;benefit;;;;
420;881;13/10/2022;4683;Lee Inc;13/12/2020;;;;;;
421;32;26/04/2022;3142;Martinez;20/01/2022;Event;continue;;;;
421;49;20/01/2025;4063;Martinez;21/05/2020;;;;;;
421;88;31/05/2020;3447;Martinez;31/05/2020;Else;goal;;;;
421;98;06/11/2022;3674;Martinez;20/04/2020;Recent;kind;;;;
421;108;07/04/2020;152;Martinez;07/04/2020;;;;;;
421;123;12/07/2025;4446;Martinez;28/05/2021;Moment;across;;;;
421;253;21/06/2023;4838;Martinez;02/09/2021;Various;whether;;;;
421;306;02/12/2024;3914;Martinez;22/04/2020;;;;;;
421;314;01/10/2024;4199;Martinez;03/01/2020;Follow;street;;;;
421;487;02/07/2022;1174;Martinez;17/07/2020;Become;heavy;;;;
421;535;05/06/2021;4111;Martinez;05/04/2020;Feeling;red;;;;
421;540;10/07/2025;4169;Martinez;27/06/2020;Seven;check;;;;
421;565;18/03/2025;3464;Martinez;09/03/2020;Week;change;;;;
421;642;04/04/2025;2615;Martinez;09/01/2020;Realize;financial;;;;
421;655;28/01/2022;4229;Martinez;23/04/2021;Billion;subject;;;;
421;656;08/09/2021;604;Martinez;30/12/2020;Person;yourself;;;;
421;722;14/05/2025;3453;Martinez;23/02/2020;Attack;natural;;;;
421;912;29/05/2023;4461;Martinez;10/09/2020;Cut;young;;;;
421;913;15/01/2023;3039;Martinez;08/07/2020;;;;;;
421;950;17/11/2025;1926;Martinez;17/03/2020;;;;;;
421;968;17/01/2022;1179;Martinez;10/10/2020;Deep;tonight;;;;
421;972;02/06/2025;3470;Martinez;14/02/2020;;;;;;
421;988;27/06/2024;1173;Martinez;22/03/2020;;;;;;
422;88;05/08/2024;3430;Mendez-Thompson;31/05/2020;Else;goal;188;type;54;Cultura Urbana
422;148;22/10/2023;557;Mendez-Thompson;12/01/2020;Pm;successful;188;type;54;Cultura Urbana
422;168;09/11/2025;1889;Mendez-Thompson;03/03/2020;Mrs;cover;188;type;54;Cultura Urbana
422;221;05/06/2020;3663;Mendez-Thompson;05/06/2020;Move;board;188;type;54;Cultura Urbana
422;254;11/06/2023;4482;Mendez-Thompson;13/12/2021;Human;because;188;type;54;Cultura Urbana
422;445;13/01/2025;2127;Mendez-Thompson;26/06/2020;Measure;skin;188;type;54;Cultura Urbana
422;493;17/09/2021;3016;Mendez-Thompson;22/03/2020;;;188;type;54;Cultura Urbana
422;497;09/10/2021;4486;Mendez-Thompson;16/07/2020;All;nature;188;type;54;Cultura Urbana
422;514;01/07/2021;4055;Mendez-Thompson;22/08/2020;;;188;type;54;Cultura Urbana
422;535;27/04/2024;1547;Mendez-Thompson;05/04/2020;Feeling;red;188;type;54;Cultura Urbana
422;583;12/02/2021;1241;Mendez-Thompson;12/12/2020;Data;popular;188;type;54;Cultura Urbana
422;704;24/02/2022;3917;Mendez-Thompson;29/02/2020;Mission;thought;188;type;54;Cultura Urbana
422;784;04/06/2022;372;Mendez-Thompson;21/03/2020;Exactly;a;188;type;54;Cultura Urbana
422;797;01/10/2020;3154;Mendez-Thompson;07/01/2020;Quickly;top;188;type;54;Cultura Urbana
422;933;13/05/2024;1259;Mendez-Thompson;21/08/2020;Party;success;188;type;54;Cultura Urbana
422;948;11/12/2021;2052;Mendez-Thompson;02/04/2020;Quality;successful;188;type;54;Cultura Urbana
422;978;02/05/2025;2553;Mendez-Thompson;05/07/2021;Listen;nature;188;type;54;Cultura Urbana
423;153;14/03/2020;3283;Farley PLC;14/03/2020;What;out;125;across;101;Arte Contemporânea
423;235;02/06/2022;727;Farley PLC;01/04/2021;Down;him;125;across;101;Arte Contemporânea
423;259;11/02/2021;788;Farley PLC;20/06/2020;Picture;build;125;across;101;Arte Contemporânea
423;269;17/10/2020;4252;Farley PLC;02/03/2020;But;leg;125;across;101;Arte Contemporânea
423;315;15/06/2022;2581;Farley PLC;09/01/2020;Majority;call;125;across;101;Arte Contemporânea
423;379;04/04/2021;2859;Farley PLC;31/01/2020;Learn;husband;125;across;101;Arte Contemporânea
423;391;09/09/2022;2565;Farley PLC;02/02/2020;Off;meet;125;across;101;Arte Contemporânea
423;440;01/08/2023;4562;Farley PLC;16/01/2020;Short;physical;125;across;101;Arte Contemporânea
423;500;08/02/2026;3610;Farley PLC;31/08/2020;Event;help;125;across;101;Arte Contemporânea
423;504;01/06/2024;1080;Farley PLC;11/06/2022;Baby;energy;125;across;101;Arte Contemporânea
423;515;22/07/2023;4026;Farley PLC;01/06/2020;There;dinner;125;across;101;Arte Contemporânea
423;532;15/01/2021;3688;Farley PLC;23/11/2020;Time;town;125;across;101;Arte Contemporânea
423;541;19/01/2020;4732;Farley PLC;19/01/2020;Put;foot;125;across;101;Arte Contemporânea
423;658;30/04/2022;2006;Farley PLC;25/06/2021;Decide;job;125;across;101;Arte Contemporânea
423;665;30/05/2020;2236;Farley PLC;30/05/2020;Say;reduce;125;across;101;Arte Contemporânea
423;802;24/07/2023;3901;Farley PLC;18/02/2020;Hard;cost;125;across;101;Arte Contemporânea
423;867;05/09/2023;1202;Farley PLC;11/03/2020;Standard;maybe;125;across;101;Arte Contemporânea
423;921;15/02/2026;1860;Farley PLC;13/02/2020;Local;often;125;across;101;Arte Contemporânea
423;934;19/09/2023;4985;Farley PLC;08/01/2021;;;125;across;101;Arte Contemporânea
423;977;04/12/2024;3572;Farley PLC;14/06/2020;Local;look;125;across;101;Arte Contemporânea
423;990;06/08/2024;1549;Farley PLC;28/11/2020;;;125;across;101;Arte Contemporânea
424;257;28/01/2021;2207;Sutton-Huffman;08/01/2020;House;walk;;;;
424;264;01/04/2022;952;Sutton-Huffman;14/12/2020;Sport;case;;;;
424;288;11/12/2020;3358;Sutton-Huffman;31/01/2020;Sea;understand;;;;
424;292;29/08/2025;4104;Sutton-Huffman;27/03/2020;Card;rich;;;;
424;365;10/12/2025;207;Sutton-Huffman;16/01/2021;Order;share;;;;
424;421;02/07/2020;1269;Sutton-Huffman;27/03/2020;Top;finally;;;;
424;550;11/10/2020;4453;Sutton-Huffman;24/04/2020;;;;;;
424;574;03/03/2020;2985;Sutton-Huffman;03/03/2020;Well;explain;;;;
424;736;09/02/2026;581;Sutton-Huffman;25/07/2020;Among;official;;;;
424;817;06/02/2025;2104;Sutton-Huffman;13/02/2020;Me;quite;;;;
424;836;26/03/2023;4570;Sutton-Huffman;23/10/2020;Benefit;accept;;;;
424;843;11/03/2023;2369;Sutton-Huffman;26/05/2020;Service;sense;;;;
424;957;02/09/2025;1381;Sutton-Huffman;14/04/2021;My;morning;;;;
424;978;02/11/2022;2127;Sutton-Huffman;05/07/2021;Listen;nature;;;;
424;996;02/05/2025;4013;Sutton-Huffman;13/05/2020;Why;cover;;;;
425;89;30/09/2020;572;Osborne Inc;08/04/2020;Involve;term;120;strong;79;Critica da Arte
425;203;18/01/2026;3945;Osborne Inc;29/05/2020;Key;time;120;strong;79;Critica da Arte
425;227;20/09/2024;2207;Osborne Inc;21/11/2020;Ok;air;120;strong;79;Critica da Arte
425;461;09/01/2022;4467;Osborne Inc;03/11/2020;Issue;one;120;strong;79;Critica da Arte
425;473;20/10/2024;1736;Osborne Inc;24/07/2020;;;120;strong;79;Critica da Arte
425;490;09/10/2024;4941;Osborne Inc;27/03/2021;Road;campaign;120;strong;79;Critica da Arte
425;511;26/08/2021;2016;Osborne Inc;07/07/2020;Either;much;120;strong;79;Critica da Arte
425;540;08/08/2023;3367;Osborne Inc;27/06/2020;Seven;check;120;strong;79;Critica da Arte
425;563;05/06/2022;4336;Osborne Inc;18/05/2020;;;120;strong;79;Critica da Arte
425;652;16/12/2024;2576;Osborne Inc;18/02/2020;School;public;120;strong;79;Critica da Arte
425;657;28/08/2021;1766;Osborne Inc;16/01/2020;Will;pay;120;strong;79;Critica da Arte
425;738;10/03/2021;2383;Osborne Inc;26/02/2020;Crime;country;120;strong;79;Critica da Arte
425;743;24/05/2022;1069;Osborne Inc;21/07/2020;Section;partner;120;strong;79;Critica da Arte
425;819;04/08/2022;3259;Osborne Inc;20/11/2020;Former;involve;120;strong;79;Critica da Arte
425;824;14/10/2023;3285;Osborne Inc;07/12/2020;Hit;less;120;strong;79;Critica da Arte
425;949;25/06/2021;786;Osborne Inc;25/06/2021;Fight;agent;120;strong;79;Critica da Arte
426;69;14/03/2022;520;Campbell-Rangel;03/01/2020;College;doctor;166;water;101;Arte Contemporânea
426;172;13/11/2023;4222;Campbell-Rangel;16/04/2021;Turn;war;166;water;101;Arte Contemporânea
426;419;09/11/2020;4595;Campbell-Rangel;13/07/2020;;;166;water;101;Arte Contemporânea
426;460;09/07/2021;4574;Campbell-Rangel;02/04/2020;For;reach;166;water;101;Arte Contemporânea
426;465;14/12/2021;4796;Campbell-Rangel;20/08/2021;Thus;choice;166;water;101;Arte Contemporânea
426;576;14/11/2025;2893;Campbell-Rangel;20/05/2020;Article;surface;166;water;101;Arte Contemporânea
426;681;02/02/2024;2206;Campbell-Rangel;20/01/2020;Fast;spend;166;water;101;Arte Contemporânea
426;725;11/06/2025;3748;Campbell-Rangel;22/05/2020;;;166;water;101;Arte Contemporânea
426;757;13/08/2022;929;Campbell-Rangel;15/08/2021;;;166;water;101;Arte Contemporânea
426;798;19/01/2022;2187;Campbell-Rangel;11/08/2021;;;166;water;101;Arte Contemporânea
426;800;21/03/2025;1520;Campbell-Rangel;20/02/2020;Focus;check;166;water;101;Arte Contemporânea
426;913;21/04/2025;297;Campbell-Rangel;08/07/2020;;;166;water;101;Arte Contemporânea
426;928;26/08/2022;1990;Campbell-Rangel;24/01/2020;Wonder;respond;166;water;101;Arte Contemporânea
426;991;04/10/2023;3924;Campbell-Rangel;23/08/2020;Most;today;166;water;101;Arte Contemporânea
427;2;09/08/2023;2513;Sellers PLC;31/01/2020;Benefit;key;;;;
427;77;29/01/2020;1043;Sellers PLC;29/01/2020;Help;together;;;;
427;164;16/09/2020;741;Sellers PLC;31/01/2020;Evening;guy;;;;
427;187;10/07/2022;2954;Sellers PLC;04/06/2020;;;;;;
427;307;19/09/2023;2851;Sellers PLC;02/11/2020;Second;fill;;;;
427;362;19/12/2022;2296;Sellers PLC;13/02/2020;Memory;late;;;;
427;429;08/06/2020;3283;Sellers PLC;19/01/2020;;;;;;
427;478;21/11/2023;1867;Sellers PLC;16/03/2020;Common;cold;;;;
427;519;24/12/2025;2361;Sellers PLC;06/09/2020;Leader;technology;;;;
427;625;29/06/2024;2752;Sellers PLC;06/02/2020;Need;a;;;;
427;705;16/01/2020;4753;Sellers PLC;16/01/2020;North;door;;;;
427;755;20/09/2025;3800;Sellers PLC;22/01/2020;Hand;without;;;;
427;841;05/08/2020;165;Sellers PLC;05/08/2020;Old;investment;;;;
427;994;17/06/2025;3678;Sellers PLC;16/07/2021;Security;challenge;;;;
428;45;09/06/2024;4256;Lester-Mcclure;27/09/2021;Play;why;;;;
428;56;24/06/2025;4199;Lester-Mcclure;28/02/2020;;;;;;
428;58;03/07/2024;284;Lester-Mcclure;10/02/2020;;;;;;
428;80;04/05/2024;4506;Lester-Mcclure;29/03/2020;;;;;;
428;142;14/09/2020;3026;Lester-Mcclure;16/03/2020;Analysis;evidence;;;;
428;234;03/04/2021;1994;Lester-Mcclure;19/05/2020;Administration;arm;;;;
428;287;20/02/2024;4182;Lester-Mcclure;28/05/2020;Budget;understand;;;;
428;316;27/12/2021;3872;Lester-Mcclure;19/06/2020;;;;;;
428;363;24/01/2023;3480;Lester-Mcclure;20/04/2020;Her;foreign;;;;
428;427;10/02/2022;1336;Lester-Mcclure;05/02/2021;;;;;;
428;548;05/06/2023;930;Lester-Mcclure;31/03/2020;;;;;;
428;552;23/12/2025;3350;Lester-Mcclure;10/08/2020;Lead;message;;;;
428;614;10/04/2022;4698;Lester-Mcclure;10/04/2022;Majority;myself;;;;
428;661;27/01/2020;4639;Lester-Mcclure;27/01/2020;Power;cut;;;;
428;661;16/11/2023;1050;Lester-Mcclure;27/01/2020;Power;cut;;;;
428;671;22/11/2024;1944;Lester-Mcclure;20/01/2020;;;;;;
428;703;04/05/2025;2358;Lester-Mcclure;02/09/2020;Form;fish;;;;
428;747;27/08/2021;2566;Lester-Mcclure;27/08/2021;White;indeed;;;;
428;754;15/04/2023;423;Lester-Mcclure;30/08/2020;That;country;;;;
428;796;20/03/2020;494;Lester-Mcclure;20/03/2020;;;;;;
428;840;26/11/2020;1835;Lester-Mcclure;14/03/2020;Consider;people;;;;
428;880;13/02/2023;3991;Lester-Mcclure;21/08/2020;Rock;season;;;;
428;895;19/09/2020;3920;Lester-Mcclure;15/01/2020;Eye;husband;;;;
428;960;02/11/2022;3300;Lester-Mcclure;02/01/2021;Finally;personal;;;;
429;1;26/11/2022;2715;Nelson-Smith;02/01/2020;;;;;;
429;172;03/04/2024;1459;Nelson-Smith;16/04/2021;Turn;war;;;;
429;173;19/04/2022;256;Nelson-Smith;14/03/2020;;;;;;
429;182;05/02/2023;690;Nelson-Smith;27/10/2020;Old;top;;;;
429;288;02/09/2022;1123;Nelson-Smith;31/01/2020;Sea;understand;;;;
429;330;07/03/2020;3061;Nelson-Smith;07/03/2020;Out;character;;;;
429;424;03/11/2023;2887;Nelson-Smith;29/01/2020;Item;usually;;;;
429;457;08/05/2022;3127;Nelson-Smith;01/03/2021;Standard;choose;;;;
429;492;27/01/2023;2882;Nelson-Smith;01/04/2020;Staff;treatment;;;;
429;548;28/03/2022;3606;Nelson-Smith;31/03/2020;;;;;;
429;573;22/02/2021;3737;Nelson-Smith;28/10/2020;Drug;father;;;;
429;624;07/05/2021;4613;Nelson-Smith;26/02/2020;Why;professor;;;;
429;679;25/04/2023;1778;Nelson-Smith;27/04/2020;Word;hard;;;;
429;703;07/01/2025;3921;Nelson-Smith;02/09/2020;Form;fish;;;;
429;714;05/12/2025;2549;Nelson-Smith;21/04/2020;Standard;ahead;;;;
429;740;21/07/2025;4916;Nelson-Smith;18/05/2020;Side;ok;;;;
429;762;26/09/2024;1934;Nelson-Smith;25/02/2020;Authority;road;;;;
429;940;14/10/2025;2642;Nelson-Smith;08/08/2020;Natural;wind;;;;
430;12;08/07/2023;645;Smith;26/08/2020;Early;arrive;;;;
430;135;16/02/2022;108;Smith;29/01/2020;;;;;;
430;162;08/06/2023;1718;Smith;16/12/2020;;;;;;
430;191;05/07/2022;2114;Smith;18/06/2020;;;;;;
430;245;24/12/2021;2314;Smith;08/01/2020;;;;;;
430;283;15/09/2021;3495;Smith;26/03/2020;Nature;rise;;;;
430;404;24/05/2020;1574;Smith;09/03/2020;Blood;treat;;;;
430;531;11/03/2022;1999;Smith;24/04/2021;Commercial;relate;;;;
430;540;12/08/2021;4022;Smith;27/06/2020;Seven;check;;;;
430;582;29/03/2022;2070;Smith;05/08/2020;Adult;mean;;;;
430;759;30/06/2023;1698;Smith;04/12/2020;Once;deep;;;;
430;804;09/10/2020;853;Smith;05/03/2020;;;;;;
430;805;14/09/2022;4473;Smith;12/06/2022;Begin;company;;;;
430;826;14/09/2023;4503;Smith;01/07/2021;;;;;;
430;845;23/01/2026;4000;Smith;23/12/2020;They;herself;;;;
430;861;24/07/2023;2130;Smith;12/01/2020;Safe;every;;;;
430;936;03/12/2020;2401;Smith;02/02/2020;;;;;;
430;937;16/07/2023;272;Smith;05/08/2020;;;;;;
430;975;28/12/2020;1350;Smith;07/01/2020;For;rather;;;;
430;997;08/05/2024;2387;Smith;06/12/2021;Pass;her;;;;
431;15;22/11/2021;4351;Potter-Rhodes;01/04/2021;;;139;treat;54;Cultura Urbana
431;64;20/02/2025;1314;Potter-Rhodes;06/12/2020;Red;information;139;treat;54;Cultura Urbana
431;161;13/06/2023;137;Potter-Rhodes;01/02/2020;Have;party;139;treat;54;Cultura Urbana
431;216;06/02/2022;3526;Potter-Rhodes;03/07/2020;Top;likely;139;treat;54;Cultura Urbana
431;224;30/10/2025;1319;Potter-Rhodes;12/10/2020;Tonight;brother;139;treat;54;Cultura Urbana
431;226;19/12/2022;2604;Potter-Rhodes;30/04/2020;Buy;share;139;treat;54;Cultura Urbana
431;278;03/03/2023;209;Potter-Rhodes;01/03/2020;;;139;treat;54;Cultura Urbana
431;562;22/09/2021;759;Potter-Rhodes;22/01/2020;;;139;treat;54;Cultura Urbana
431;612;05/05/2025;3696;Potter-Rhodes;10/03/2020;;;139;treat;54;Cultura Urbana
431;625;16/11/2025;275;Potter-Rhodes;06/02/2020;Need;a;139;treat;54;Cultura Urbana
431;641;02/09/2024;3167;Potter-Rhodes;31/03/2020;Face;spend;139;treat;54;Cultura Urbana
431;680;11/09/2020;4737;Potter-Rhodes;19/02/2020;;;139;treat;54;Cultura Urbana
431;828;26/10/2022;3125;Potter-Rhodes;27/01/2021;Above;five;139;treat;54;Cultura Urbana
431;829;09/01/2020;2597;Potter-Rhodes;09/01/2020;Few;line;139;treat;54;Cultura Urbana
431;852;31/01/2022;4916;Potter-Rhodes;06/12/2020;;;139;treat;54;Cultura Urbana
431;917;03/06/2021;2459;Potter-Rhodes;25/05/2020;;;139;treat;54;Cultura Urbana
431;917;25/05/2020;762;Potter-Rhodes;25/05/2020;;;139;treat;54;Cultura Urbana
431;952;28/04/2024;2472;Potter-Rhodes;08/01/2021;Fire;another;139;treat;54;Cultura Urbana
431;981;09/05/2021;877;Potter-Rhodes;09/05/2021;Walk;federal;139;treat;54;Cultura Urbana
431;992;10/03/2020;1768;Potter-Rhodes;17/02/2020;Prevent;mother;139;treat;54;Cultura Urbana
432;1;02/01/2020;4682;Fitzgerald-Hernandez;02/01/2020;;;;;;
432;49;02/07/2020;4262;Fitzgerald-Hernandez;21/05/2020;;;;;;
432;190;19/10/2020;2672;Fitzgerald-Hernandez;19/10/2020;During;hit;;;;
432;196;13/12/2020;683;Fitzgerald-Hernandez;18/11/2020;;;;;;
432;233;31/07/2025;124;Fitzgerald-Hernandez;14/02/2020;Herself;water;;;;
432;364;09/03/2023;3357;Fitzgerald-Hernandez;25/05/2020;Despite;church;;;;
432;370;04/05/2022;4006;Fitzgerald-Hernandez;21/04/2020;Her;PM;;;;
432;379;05/02/2020;4887;Fitzgerald-Hernandez;31/01/2020;Learn;husband;;;;
432;386;02/08/2020;757;Fitzgerald-Hernandez;02/08/2020;Test;nothing;;;;
432;388;25/01/2021;2543;Fitzgerald-Hernandez;25/01/2021;Everyone;him;;;;
432;454;12/09/2025;2943;Fitzgerald-Hernandez;12/02/2020;Stock;responsibility;;;;
432;516;06/10/2023;860;Fitzgerald-Hernandez;26/03/2021;Worker;own;;;;
432;537;24/12/2020;2924;Fitzgerald-Hernandez;07/04/2020;Cost;outside;;;;
432;557;27/06/2021;3069;Fitzgerald-Hernandez;14/09/2020;Animal;yes;;;;
432;612;08/11/2021;1842;Fitzgerald-Hernandez;10/03/2020;;;;;;
432;645;09/03/2022;1354;Fitzgerald-Hernandez;29/04/2020;;;;;;
432;705;19/08/2024;4726;Fitzgerald-Hernandez;16/01/2020;North;door;;;;
432;717;05/04/2020;3687;Fitzgerald-Hernandez;05/04/2020;Think;future;;;;
432;738;23/06/2025;337;Fitzgerald-Hernandez;26/02/2020;Crime;country;;;;
432;750;09/11/2022;4534;Fitzgerald-Hernandez;08/05/2020;;;;;;
432;771;21/03/2020;3136;Fitzgerald-Hernandez;18/01/2020;Should;wrong;;;;
432;794;05/02/2025;3622;Fitzgerald-Hernandez;20/04/2020;;;;;;
432;800;28/04/2020;2850;Fitzgerald-Hernandez;20/02/2020;Focus;check;;;;
432;823;06/06/2021;3742;Fitzgerald-Hernandez;23/04/2020;;;;;;
432;845;07/08/2023;2962;Fitzgerald-Hernandez;23/12/2020;They;herself;;;;
433;30;19/09/2020;3629;Diaz-Gonzalez;15/03/2020;Conference;product;;;;
433;45;14/09/2025;4289;Diaz-Gonzalez;27/09/2021;Play;why;;;;
433;77;03/07/2021;1005;Diaz-Gonzalez;29/01/2020;Help;together;;;;
433;102;27/08/2020;3444;Diaz-Gonzalez;22/06/2020;We;country;;;;
433;129;09/04/2023;1674;Diaz-Gonzalez;12/01/2020;;;;;;
433;132;15/11/2021;3354;Diaz-Gonzalez;30/08/2020;;;;;;
433;192;09/02/2026;494;Diaz-Gonzalez;17/10/2020;;;;;;
433;224;14/05/2023;2312;Diaz-Gonzalez;12/10/2020;Tonight;brother;;;;
433;225;30/01/2020;2619;Diaz-Gonzalez;30/01/2020;Book;quality;;;;
433;377;02/12/2021;4396;Diaz-Gonzalez;25/04/2020;Performance;state;;;;
433;402;25/02/2025;3787;Diaz-Gonzalez;05/02/2020;Throughout;end;;;;
433;413;08/11/2020;113;Diaz-Gonzalez;08/11/2020;Stop;country;;;;
433;475;22/10/2025;3684;Diaz-Gonzalez;16/10/2020;Young;without;;;;
433;494;17/04/2021;3591;Diaz-Gonzalez;19/01/2020;;;;;;
433;595;09/01/2023;3468;Diaz-Gonzalez;15/02/2021;;;;;;
433;648;17/11/2023;282;Diaz-Gonzalez;13/03/2020;Fish;high;;;;
433;764;22/07/2021;3187;Diaz-Gonzalez;04/08/2020;Laugh;send;;;;
433;769;23/01/2020;4245;Diaz-Gonzalez;23/01/2020;;;;;;
433;901;07/04/2020;3939;Diaz-Gonzalez;07/04/2020;;;;;;
433;971;19/06/2021;3469;Diaz-Gonzalez;05/02/2021;;;;;;
433;986;06/11/2024;3554;Diaz-Gonzalez;10/04/2020;Appear;career;;;;
433;988;05/03/2023;2724;Diaz-Gonzalez;22/03/2020;;;;;;
434;35;11/12/2021;3297;Harris-Duncan;30/12/2020;Record;fund;;;;
434;64;21/07/2022;3262;Harris-Duncan;06/12/2020;Red;information;;;;
434;204;11/04/2021;4161;Harris-Duncan;12/03/2021;Significant;ten;;;;
434;207;21/05/2023;1034;Harris-Duncan;24/04/2021;Success;president;;;;
434;230;23/07/2025;3024;Harris-Duncan;26/07/2020;That;there;;;;
434;294;26/12/2021;4305;Harris-Duncan;01/01/2020;;;;;;
434;396;04/07/2021;1404;Harris-Duncan;04/07/2021;Also;mother;;;;
434;438;13/01/2020;1167;Harris-Duncan;13/01/2020;West;language;;;;
434;486;12/12/2025;3206;Harris-Duncan;28/12/2020;Try;sell;;;;
434;509;20/08/2024;4026;Harris-Duncan;24/06/2020;;;;;;
434;585;31/07/2022;4517;Harris-Duncan;21/06/2020;Opportunity;ok;;;;
434;618;13/10/2021;2150;Harris-Duncan;27/06/2020;;;;;;
434;627;09/03/2022;1270;Harris-Duncan;10/06/2020;;;;;;
434;629;12/10/2022;2752;Harris-Duncan;12/05/2020;;;;;;
434;676;12/10/2025;3028;Harris-Duncan;11/12/2020;Manage;same;;;;
434;689;14/12/2024;3856;Harris-Duncan;29/07/2020;Growth;sport;;;;
434;704;05/12/2024;4777;Harris-Duncan;29/02/2020;Mission;thought;;;;
434;755;17/02/2023;2983;Harris-Duncan;22/01/2020;Hand;without;;;;
434;917;09/10/2024;4358;Harris-Duncan;25/05/2020;;;;;;
434;929;25/04/2023;3793;Harris-Duncan;25/09/2020;Environmental;quality;;;;
435;33;14/11/2020;712;Stewart;27/04/2020;;;;;;
435;167;12/11/2023;763;Stewart;15/04/2020;Happy;land;;;;
435;343;27/11/2020;742;Stewart;12/01/2020;;;;;;
435;346;27/09/2020;4624;Stewart;15/07/2020;Yard;member;;;;
435;460;11/09/2025;4619;Stewart;02/04/2020;For;reach;;;;
435;512;17/10/2021;3940;Stewart;17/05/2020;;;;;;
435;675;26/04/2020;4980;Stewart;26/04/2020;Stand;likely;;;;
435;703;26/11/2020;1598;Stewart;02/09/2020;Form;fish;;;;
435;714;15/12/2020;3723;Stewart;21/04/2020;Standard;ahead;;;;
435;816;05/09/2022;4617;Stewart;30/05/2020;They;go;;;;
435;819;20/11/2020;4126;Stewart;20/11/2020;Former;involve;;;;
435;838;26/09/2025;4038;Stewart;09/02/2020;;;;;;
435;875;25/06/2022;346;Stewart;29/04/2020;;;;;;
435;948;02/04/2020;3601;Stewart;02/04/2020;Quality;successful;;;;
435;978;26/08/2023;2546;Stewart;05/07/2021;Listen;nature;;;;
436;337;22/12/2020;3505;Beltran-Cooper;22/12/2020;Example;chance;;;;
436;344;19/02/2025;2579;Beltran-Cooper;09/11/2020;;;;;;
436;372;11/11/2020;2749;Beltran-Cooper;18/01/2020;;;;;;
436;374;18/02/2025;4091;Beltran-Cooper;31/12/2020;Imagine;like;;;;
436;415;22/12/2020;1230;Beltran-Cooper;18/05/2020;;;;;;
436;607;18/08/2023;2020;Beltran-Cooper;06/03/2021;Much;alone;;;;
436;637;12/04/2025;728;Beltran-Cooper;23/08/2020;;;;;;
436;643;23/11/2020;3309;Beltran-Cooper;31/05/2020;Term;example;;;;
436;694;19/12/2023;2899;Beltran-Cooper;21/01/2020;Concern;west;;;;
436;759;30/08/2024;4625;Beltran-Cooper;04/12/2020;Once;deep;;;;
436;801;13/11/2025;4032;Beltran-Cooper;08/04/2020;Best;apply;;;;
436;904;09/09/2021;4627;Beltran-Cooper;22/12/2020;Sometimes;mean;;;;
437;41;14/08/2022;4627;Solis;25/10/2020;;;;;;
437;48;22/02/2021;4318;Solis;06/05/2020;A;job;;;;
437;78;20/09/2020;739;Solis;18/01/2020;;;;;;
437;98;21/01/2021;160;Solis;20/04/2020;Recent;kind;;;;
437;99;17/05/2022;2838;Solis;01/04/2021;Stuff;by;;;;
437;125;24/05/2022;732;Solis;10/04/2021;;;;;;
437;134;14/04/2025;4662;Solis;17/02/2020;Some;both;;;;
437;335;10/09/2023;3881;Solis;03/03/2020;;;;;;
437;359;10/09/2023;789;Solis;18/09/2020;Like;view;;;;
437;474;19/10/2023;4623;Solis;07/09/2020;;;;;;
437;578;10/03/2020;2955;Solis;10/03/2020;;;;;;
437;603;05/02/2021;4921;Solis;05/06/2020;;;;;;
437;617;29/01/2025;2635;Solis;25/02/2020;;;;;;
437;645;04/03/2025;2030;Solis;29/04/2020;;;;;;
437;650;13/11/2025;2267;Solis;07/05/2020;Perform;entire;;;;
437;654;29/01/2026;2749;Solis;26/10/2021;Early;me;;;;
437;690;03/01/2023;891;Solis;28/02/2020;South;attention;;;;
438;9;10/08/2021;4990;Shelton;03/01/2020;Star;land;;;;
438;141;29/03/2024;295;Shelton;16/09/2021;;;;;;
438;252;11/07/2022;4486;Shelton;16/10/2021;Clear;clearly;;;;
438;311;25/03/2022;4649;Shelton;19/01/2020;Relationship;enough;;;;
438;357;20/02/2021;3976;Shelton;03/02/2020;;;;;;
438;367;20/03/2024;2964;Shelton;24/01/2021;Event;soon;;;;
438;411;28/07/2020;2889;Shelton;28/07/2020;Board;ground;;;;
438;424;16/08/2022;2766;Shelton;29/01/2020;Item;usually;;;;
438;459;19/01/2023;3836;Shelton;01/02/2020;Station;suggest;;;;
438;469;27/01/2023;4428;Shelton;02/03/2022;Individual;whatever;;;;
438;512;19/03/2022;301;Shelton;17/05/2020;;;;;;
438;694;07/08/2022;3805;Shelton;21/01/2020;Concern;west;;;;
438;719;23/02/2024;395;Shelton;22/04/2022;;;;;;
438;821;12/10/2022;3773;Shelton;31/07/2020;Dog;decide;;;;
438;860;15/06/2022;4951;Shelton;07/04/2020;Push;yard;;;;
438;880;21/08/2020;3377;Shelton;21/08/2020;Rock;season;;;;
438;955;12/06/2020;3161;Shelton;13/02/2020;;;;;;
438;982;23/06/2021;889;Shelton;25/01/2021;Operation;time;;;;
439;17;19/01/2020;4291;Bradshaw;19/01/2020;;;;;;
439;78;23/09/2024;919;Bradshaw;18/01/2020;;;;;;
439;175;17/04/2024;1724;Bradshaw;22/01/2020;;;;;;
439;242;06/09/2025;544;Bradshaw;31/03/2020;;;;;;
439;247;12/08/2020;1102;Bradshaw;27/04/2020;Never;allow;;;;
439;256;06/05/2022;2290;Bradshaw;06/05/2022;Season;writer;;;;
439;268;18/09/2023;4599;Bradshaw;24/05/2021;;;;;;
439;354;13/12/2020;4828;Bradshaw;13/12/2020;;;;;;
439;422;12/04/2022;330;Bradshaw;28/01/2020;Soldier;six;;;;
439;447;26/01/2023;4433;Bradshaw;05/09/2020;Argue;rock;;;;
439;510;11/09/2024;4589;Bradshaw;02/04/2020;;;;;;
439;555;19/08/2025;4108;Bradshaw;10/02/2020;;;;;;
439;636;29/12/2022;3579;Bradshaw;17/04/2020;Business;tell;;;;
439;721;28/07/2022;2456;Bradshaw;30/03/2021;;;;;;
439;740;16/04/2024;4532;Bradshaw;18/05/2020;Side;ok;;;;
439;929;06/05/2024;3542;Bradshaw;25/09/2020;Environmental;quality;;;;
440;42;08/03/2024;4133;Edwards Inc;01/10/2020;Light;free;;;;
440;70;13/07/2024;1262;Edwards Inc;15/01/2020;If;set;;;;
440;137;13/08/2025;3195;Edwards Inc;23/06/2020;Within;seat;;;;
440;212;19/11/2024;1776;Edwards Inc;04/03/2020;;;;;;
440;214;13/06/2024;2654;Edwards Inc;26/03/2020;Moment;cut;;;;
440;245;08/01/2020;4410;Edwards Inc;08/01/2020;;;;;;
440;282;30/03/2021;3217;Edwards Inc;05/05/2020;;;;;;
440;295;16/09/2024;196;Edwards Inc;13/12/2020;;;;;;
440;373;06/09/2023;310;Edwards Inc;22/01/2020;War;foot;;;;
440;464;18/02/2022;4878;Edwards Inc;01/05/2020;Ground;happen;;;;
440;535;11/02/2026;3353;Edwards Inc;05/04/2020;Feeling;red;;;;
440;586;07/11/2024;3963;Edwards Inc;08/02/2020;;;;;;
440;588;09/10/2024;3420;Edwards Inc;21/08/2020;Successful;air;;;;
440;598;23/01/2026;1240;Edwards Inc;29/05/2020;Value;key;;;;
440;604;11/02/2020;2191;Edwards Inc;11/02/2020;;;;;;
440;686;09/02/2024;1378;Edwards Inc;10/10/2020;Human;vote;;;;
440;710;16/06/2025;3373;Edwards Inc;11/06/2020;;;;;;
440;757;05/11/2025;969;Edwards Inc;15/08/2021;;;;;;
440;856;05/10/2023;4317;Edwards Inc;23/03/2020;Likely;city;;;;
440;884;04/07/2021;2323;Edwards Inc;29/01/2020;Bar;opportunity;;;;
440;889;14/01/2025;3510;Edwards Inc;23/10/2020;Yard;white;;;;
440;895;08/10/2024;2364;Edwards Inc;15/01/2020;Eye;husband;;;;
440;931;04/07/2022;511;Edwards Inc;04/07/2022;Drop;water;;;;
440;933;01/08/2025;1095;Edwards Inc;21/08/2020;Party;success;;;;
440;944;08/09/2022;3509;Edwards Inc;03/01/2020;Sort;stage;;;;
441;85;18/09/2025;2411;Reed PLC;14/03/2020;Cell;however;;;;
441;163;16/07/2022;1057;Reed PLC;04/03/2020;Treat;majority;;;;
441;319;18/08/2025;4057;Reed PLC;15/03/2020;Behavior;occur;;;;
441;331;18/10/2023;215;Reed PLC;23/02/2020;Hope;technology;;;;
441;344;11/07/2024;339;Reed PLC;09/11/2020;;;;;;
441;377;24/11/2023;1109;Reed PLC;25/04/2020;Performance;state;;;;
441;410;07/07/2024;682;Reed PLC;10/04/2020;Evening;throughout;;;;
441;424;01/12/2022;2658;Reed PLC;29/01/2020;Item;usually;;;;
441;441;02/10/2024;2816;Reed PLC;26/05/2020;;;;;;
441;515;28/08/2025;491;Reed PLC;01/06/2020;There;dinner;;;;
441;530;16/09/2023;3140;Reed PLC;16/11/2021;;;;;;
441;575;06/06/2023;2395;Reed PLC;09/09/2021;Report;notice;;;;
441;618;16/08/2023;4305;Reed PLC;27/06/2020;;;;;;
441;708;20/10/2024;1817;Reed PLC;07/04/2020;Wife;far;;;;
441;758;13/03/2025;2251;Reed PLC;16/01/2021;;;;;;
441;902;17/10/2024;3654;Reed PLC;27/02/2020;Eat;happy;;;;
441;936;02/02/2020;2639;Reed PLC;02/02/2020;;;;;;
441;951;09/07/2022;1910;Reed PLC;11/04/2020;Door;speak;;;;
441;961;27/05/2022;4066;Reed PLC;05/02/2020;;;;;;
442;34;11/10/2024;4385;Williams-Crawford;02/07/2021;;;;;;
442;77;27/03/2021;158;Williams-Crawford;29/01/2020;Help;together;;;;
442;98;01/11/2021;2022;Williams-Crawford;20/04/2020;Recent;kind;;;;
442;126;07/08/2024;4333;Williams-Crawford;08/01/2020;Purpose;top;;;;
442;156;12/09/2024;2319;Williams-Crawford;21/05/2022;Hundred;support;;;;
442;164;04/02/2020;2936;Williams-Crawford;31/01/2020;Evening;guy;;;;
442;187;04/06/2020;2398;Williams-Crawford;04/06/2020;;;;;;
442;213;02/04/2021;284;Williams-Crawford;06/11/2020;Yet;product;;;;
442;230;08/01/2023;4409;Williams-Crawford;26/07/2020;That;there;;;;
442;278;14/12/2025;1725;Williams-Crawford;01/03/2020;;;;;;
442;279;03/07/2021;2714;Williams-Crawford;03/07/2021;These;news;;;;
442;320;04/02/2021;3415;Williams-Crawford;04/02/2021;Happy;American;;;;
442;378;19/02/2025;2422;Williams-Crawford;23/02/2020;Support;rather;;;;
442;400;19/03/2025;356;Williams-Crawford;25/03/2020;;;;;;
442;584;13/09/2025;2454;Williams-Crawford;25/03/2020;;;;;;
442;625;30/03/2024;4683;Williams-Crawford;06/02/2020;Need;a;;;;
442;665;16/01/2025;3487;Williams-Crawford;30/05/2020;Say;reduce;;;;
442;701;15/11/2020;4494;Williams-Crawford;15/11/2020;;;;;;
442;719;25/12/2024;279;Williams-Crawford;22/04/2022;;;;;;
442;737;15/03/2022;4960;Williams-Crawford;12/02/2020;Sound;and;;;;
442;743;28/05/2023;440;Williams-Crawford;21/07/2020;Section;partner;;;;
442;853;20/07/2020;1543;Williams-Crawford;17/03/2020;Office;eye;;;;
442;950;10/10/2020;1085;Williams-Crawford;17/03/2020;;;;;;
442;976;10/08/2021;2979;Williams-Crawford;12/01/2020;;;;;;
443;77;12/02/2024;4702;Lopez-Richardson;29/01/2020;Help;together;;;;
443;104;09/08/2021;3684;Lopez-Richardson;07/07/2020;Concern;stay;;;;
443;126;03/04/2024;4026;Lopez-Richardson;08/01/2020;Purpose;top;;;;
443;162;02/02/2024;599;Lopez-Richardson;16/12/2020;;;;;;
443;188;19/01/2021;1657;Lopez-Richardson;31/12/2020;;;;;;
443;189;31/10/2022;598;Lopez-Richardson;11/11/2020;Toward;station;;;;
443;198;30/11/2024;299;Lopez-Richardson;15/11/2020;Water;rise;;;;
443;224;26/02/2021;532;Lopez-Richardson;12/10/2020;Tonight;brother;;;;
443;388;23/05/2025;712;Lopez-Richardson;25/01/2021;Everyone;him;;;;
443;430;07/11/2023;1063;Lopez-Richardson;03/04/2020;Recent;be;;;;
443;461;12/02/2022;1016;Lopez-Richardson;03/11/2020;Issue;one;;;;
443;556;03/11/2022;733;Lopez-Richardson;08/03/2020;;;;;;
443;678;24/12/2020;1115;Lopez-Richardson;26/05/2020;Treatment;once;;;;
443;707;02/01/2024;2521;Lopez-Richardson;18/06/2020;;;;;;
443;716;10/08/2024;4929;Lopez-Richardson;29/06/2020;Person;race;;;;
443;801;20/09/2021;3132;Lopez-Richardson;08/04/2020;Best;apply;;;;
443;885;22/03/2022;4243;Lopez-Richardson;12/06/2021;Commercial;answer;;;;
443;955;09/07/2024;120;Lopez-Richardson;13/02/2020;;;;;;
444;59;06/03/2021;2899;Davidson;07/01/2020;Reason;than;;;;
444;97;28/02/2024;3477;Davidson;31/03/2020;Edge;use;;;;
444;150;15/09/2023;4881;Davidson;15/06/2020;Take;do;;;;
444;187;27/10/2020;4725;Davidson;04/06/2020;;;;;;
444;288;31/01/2020;2010;Davidson;31/01/2020;Sea;understand;;;;
444;291;14/07/2025;906;Davidson;20/11/2020;Customer;set;;;;
444;338;29/04/2024;1326;Davidson;03/06/2022;Present;positive;;;;
444;469;02/03/2022;1117;Davidson;02/03/2022;Individual;whatever;;;;
444;518;30/04/2023;2833;Davidson;25/09/2020;Administration;have;;;;
444;546;29/04/2025;1685;Davidson;18/12/2022;;;;;;
444;818;30/06/2025;504;Davidson;31/01/2020;Though;difficult;;;;
444;963;25/05/2023;4604;Davidson;22/07/2020;Food;thousand;;;;
445;67;09/10/2020;2090;Norman-Bender;09/10/2020;If;and;;;;
445;131;06/02/2026;3987;Norman-Bender;02/07/2021;List;perhaps;;;;
445;213;30/06/2021;1059;Norman-Bender;06/11/2020;Yet;product;;;;
445;311;16/09/2025;737;Norman-Bender;19/01/2020;Relationship;enough;;;;
445;339;04/09/2022;3874;Norman-Bender;27/03/2020;;;;;;
445;376;29/08/2020;2035;Norman-Bender;12/04/2020;Artist;seek;;;;
445;404;15/07/2025;3432;Norman-Bender;09/03/2020;Blood;treat;;;;
445;453;14/01/2026;2736;Norman-Bender;26/02/2020;Her;beautiful;;;;
445;472;30/01/2022;2539;Norman-Bender;30/06/2020;Senior;reality;;;;
445;564;21/04/2021;3949;Norman-Bender;16/08/2020;Contain;force;;;;
445;618;26/06/2022;2200;Norman-Bender;27/06/2020;;;;;;
445;642;01/04/2022;992;Norman-Bender;09/01/2020;Realize;financial;;;;
445;730;28/05/2022;2861;Norman-Bender;15/06/2020;;;;;;
445;776;26/02/2022;588;Norman-Bender;06/08/2020;;;;;;
445;857;28/07/2024;1469;Norman-Bender;06/03/2020;Operation;close;;;;
445;874;06/10/2020;3397;Norman-Bender;12/08/2020;Authority;or;;;;
445;962;13/12/2020;2954;Norman-Bender;25/02/2020;Plant;statement;;;;
446;1;05/10/2023;2537;Ellis;02/01/2020;;;;;;
446;108;28/07/2022;1256;Ellis;07/04/2020;;;;;;
446;213;21/06/2025;3033;Ellis;06/11/2020;Yet;product;;;;
446;293;28/12/2023;1116;Ellis;14/10/2020;;;;;;
446;402;04/10/2025;2540;Ellis;05/02/2020;Throughout;end;;;;
446;511;07/07/2020;4957;Ellis;07/07/2020;Either;much;;;;
446;573;19/01/2026;2187;Ellis;28/10/2020;Drug;father;;;;
446;580;22/03/2020;4024;Ellis;22/03/2020;Feel;bad;;;;
446;606;08/03/2021;3299;Ellis;26/12/2020;;;;;;
446;612;08/09/2024;851;Ellis;10/03/2020;;;;;;
446;645;29/04/2020;4243;Ellis;29/04/2020;;;;;;
446;677;09/11/2021;632;Ellis;26/08/2021;Bit;again;;;;
446;707;28/09/2025;1836;Ellis;18/06/2020;;;;;;
446;735;08/01/2021;4910;Ellis;08/01/2021;Learn;lose;;;;
446;776;25/02/2023;1893;Ellis;06/08/2020;;;;;;
446;821;01/02/2022;3430;Ellis;31/07/2020;Dog;decide;;;;
446;852;16/11/2025;1917;Ellis;06/12/2020;;;;;;
446;912;16/07/2025;256;Ellis;10/09/2020;Cut;young;;;;
446;938;19/08/2024;4230;Ellis;25/08/2021;American;but;;;;
447;18;22/04/2020;1543;Chapman;30/01/2020;;;;;;
447;44;26/02/2022;3006;Chapman;26/09/2020;Sound;far;;;;
447;91;22/11/2022;3911;Chapman;25/07/2020;Billion;tend;;;;
447;106;29/01/2023;3087;Chapman;20/01/2020;Peace;add;;;;
447;212;16/08/2023;4246;Chapman;04/03/2020;;;;;;
447;217;21/03/2021;578;Chapman;14/06/2020;Administration;create;;;;
447;444;12/03/2020;1280;Chapman;12/03/2020;Development;despite;;;;
447;487;24/07/2024;1775;Chapman;17/07/2020;Become;heavy;;;;
447;627;26/04/2022;4443;Chapman;10/06/2020;;;;;;
447;731;16/10/2022;376;Chapman;29/04/2020;High;central;;;;
447;889;03/02/2024;2919;Chapman;23/10/2020;Yard;white;;;;
447;987;12/02/2024;3555;Chapman;21/03/2020;;;;;;
448;46;28/02/2023;3156;White Ltd;26/01/2021;Authority;artist;;;;
448;248;04/09/2020;2468;White Ltd;04/09/2020;;;;;;
448;296;05/09/2023;3636;White Ltd;08/02/2022;Pass;safe;;;;
448;360;06/01/2024;1473;White Ltd;20/03/2020;Question;walk;;;;
448;361;03/08/2022;1155;White Ltd;13/04/2020;Staff;radio;;;;
448;380;06/01/2024;3663;White Ltd;08/09/2020;;;;;;
448;419;22/02/2024;4820;White Ltd;13/07/2020;;;;;;
448;450;09/09/2022;1224;White Ltd;07/02/2020;After;billion;;;;
448;462;08/12/2023;4240;White Ltd;09/02/2020;Group;carry;;;;
448;465;22/03/2023;1475;White Ltd;20/08/2021;Thus;choice;;;;
448;505;02/03/2023;2245;White Ltd;31/01/2020;Raise;them;;;;
448;517;16/09/2020;2109;White Ltd;16/09/2020;;;;;;
448;546;09/11/2023;639;White Ltd;18/12/2022;;;;;;
448;592;20/02/2022;2598;White Ltd;03/03/2021;Teacher;themselves;;;;
448;659;20/01/2020;3880;White Ltd;20/01/2020;Table;page;;;;
448;678;07/09/2022;4248;White Ltd;26/05/2020;Treatment;once;;;;
448;746;03/05/2024;2892;White Ltd;18/04/2020;;;;;;
448;765;22/04/2021;1637;White Ltd;08/11/2020;Song;anyone;;;;
448;766;21/08/2023;3818;White Ltd;09/04/2020;;;;;;
448;786;22/04/2024;4060;White Ltd;06/05/2020;Move;dream;;;;
448;857;24/10/2024;1235;White Ltd;06/03/2020;Operation;close;;;;
448;927;31/01/2022;4060;White Ltd;02/03/2020;;;;;;
449;65;19/08/2025;4200;Young-Aguirre;01/01/2021;Possible;network;;;;
449;82;01/05/2022;4494;Young-Aguirre;19/03/2020;Physical;simple;;;;
449;195;18/10/2023;922;Young-Aguirre;02/07/2020;;;;;;
449;262;21/07/2023;2690;Young-Aguirre;01/01/2020;Kind;pick;;;;
449;269;15/03/2024;514;Young-Aguirre;02/03/2020;But;leg;;;;
449;285;07/02/2022;3571;Young-Aguirre;11/02/2020;Kitchen;two;;;;
449;515;01/06/2020;2845;Young-Aguirre;01/06/2020;There;dinner;;;;
449;563;18/05/2020;3825;Young-Aguirre;18/05/2020;;;;;;
449;637;08/05/2021;358;Young-Aguirre;23/08/2020;;;;;;
449;702;04/05/2025;584;Young-Aguirre;23/01/2020;He;desCribe;;;;
449;704;01/08/2020;3806;Young-Aguirre;29/02/2020;Mission;thought;;;;
449;707;14/11/2021;3402;Young-Aguirre;18/06/2020;;;;;;
449;784;23/05/2023;2937;Young-Aguirre;21/03/2020;Exactly;a;;;;
449;822;18/11/2024;1821;Young-Aguirre;09/03/2020;Issue;in;;;;
449;863;06/05/2021;3451;Young-Aguirre;26/01/2020;Scene;particular;;;;
449;911;10/12/2025;1657;Young-Aguirre;13/11/2020;Anything;plant;;;;
449;980;23/06/2025;1756;Young-Aguirre;22/04/2020;Meeting;who;;;;
450;44;04/02/2024;1159;Cannon-Blankenship;26/09/2020;Sound;far;;;;
450;150;31/07/2022;1306;Cannon-Blankenship;15/06/2020;Take;do;;;;
450;233;19/01/2025;2987;Cannon-Blankenship;14/02/2020;Herself;water;;;;
450;273;27/11/2022;1861;Cannon-Blankenship;13/01/2020;Doctor;admit;;;;
450;383;27/11/2024;342;Cannon-Blankenship;17/02/2020;Anything;station;;;;
450;497;25/07/2022;4770;Cannon-Blankenship;16/07/2020;All;nature;;;;
450;546;04/02/2025;1920;Cannon-Blankenship;18/12/2022;;;;;;
450;555;07/11/2021;4998;Cannon-Blankenship;10/02/2020;;;;;;
450;649;22/12/2022;2022;Cannon-Blankenship;06/01/2021;Us;group;;;;
450;683;08/01/2020;295;Cannon-Blankenship;08/01/2020;Away;wind;;;;
450;712;28/04/2023;1354;Cannon-Blankenship;12/03/2023;;;;;;
450;737;01/07/2021;1702;Cannon-Blankenship;12/02/2020;Sound;and;;;;
450;816;22/08/2020;2631;Cannon-Blankenship;30/05/2020;They;go;;;;
450;837;13/01/2021;2815;Cannon-Blankenship;13/01/2021;;;;;;
450;843;27/08/2023;2939;Cannon-Blankenship;26/05/2020;Service;sense;;;;
450;872;08/04/2023;1665;Cannon-Blankenship;01/01/2021;;;;;;
450;925;22/05/2023;4378;Cannon-Blankenship;15/04/2020;;;;;;
450;986;07/04/2023;2493;Cannon-Blankenship;10/04/2020;Appear;career;;;;
451;84;01/12/2022;3259;Abbott-Shannon;16/07/2020;She;marriage;;;;
451;87;13/05/2025;4455;Abbott-Shannon;02/02/2020;Responsibility;dream;;;;
451;393;22/12/2024;2536;Abbott-Shannon;18/01/2022;;;;;;
451;404;20/02/2021;1836;Abbott-Shannon;09/03/2020;Blood;treat;;;;
451;407;23/06/2022;851;Abbott-Shannon;14/03/2021;Politics;tough;;;;
451;432;12/06/2022;2725;Abbott-Shannon;28/03/2020;;;;;;
451;480;14/06/2021;3343;Abbott-Shannon;23/04/2020;;;;;;
451;556;06/02/2022;1937;Abbott-Shannon;08/03/2020;;;;;;
451;846;28/08/2025;335;Abbott-Shannon;22/01/2020;Can;various;;;;
451;923;06/11/2022;2196;Abbott-Shannon;08/11/2020;Today;new;;;;
451;923;08/11/2020;3515;Abbott-Shannon;08/11/2020;Today;new;;;;
451;948;06/07/2025;4515;Abbott-Shannon;02/04/2020;Quality;successful;;;;
452;15;08/08/2021;3916;Myers Group;01/04/2021;;;;;;
452;19;03/04/2025;1925;Myers Group;13/05/2020;Ever;hope;;;;
452;82;12/02/2024;2673;Myers Group;19/03/2020;Physical;simple;;;;
452;103;13/07/2022;2267;Myers Group;24/03/2020;Some;here;;;;
452;113;08/08/2021;1471;Myers Group;30/12/2020;Feel;simply;;;;
452;133;26/03/2025;3095;Myers Group;16/11/2020;Forward;market;;;;
452;192;20/08/2021;912;Myers Group;17/10/2020;;;;;;
452;207;03/08/2023;2539;Myers Group;24/04/2021;Success;president;;;;
452;275;01/06/2024;2590;Myers Group;19/04/2020;;;;;;
452;313;09/09/2024;958;Myers Group;02/05/2021;;;;;;
452;336;25/01/2020;4684;Myers Group;08/01/2020;History;decide;;;;
452;337;13/07/2022;4253;Myers Group;22/12/2020;Example;chance;;;;
452;353;13/03/2024;1028;Myers Group;01/05/2020;Kitchen;sign;;;;
452;459;10/07/2025;1348;Myers Group;01/02/2020;Station;suggest;;;;
452;497;10/10/2020;4207;Myers Group;16/07/2020;All;nature;;;;
452;559;31/03/2020;2182;Myers Group;16/01/2020;Where;interview;;;;
452;569;09/02/2024;2343;Myers Group;06/07/2021;Degree;day;;;;
452;616;02/08/2022;4900;Myers Group;02/01/2020;Clear;reveal;;;;
452;633;02/08/2022;445;Myers Group;29/02/2020;Check;reach;;;;
452;657;16/01/2020;4971;Myers Group;16/01/2020;Will;pay;;;;
452;663;15/03/2024;1260;Myers Group;16/02/2021;Skin;Mrs;;;;
452;731;26/01/2026;3410;Myers Group;29/04/2020;High;central;;;;
452;752;18/08/2020;797;Myers Group;05/08/2020;South;season;;;;
452;774;29/04/2025;429;Myers Group;13/12/2021;Start;area;;;;
452;840;26/11/2025;114;Myers Group;14/03/2020;Consider;people;;;;
452;856;23/07/2025;2493;Myers Group;23/03/2020;Likely;city;;;;
452;877;01/05/2023;1589;Myers Group;27/01/2020;Operation;safe;;;;
452;881;04/09/2024;3786;Myers Group;13/12/2020;;;;;;
452;893;09/05/2023;894;Myers Group;08/04/2020;Officer;maintain;;;;
452;922;15/10/2021;1718;Myers Group;29/04/2020;Price;threat;;;;
452;934;08/01/2021;2044;Myers Group;08/01/2021;;;;;;
452;962;26/01/2023;1568;Myers Group;25/02/2020;Plant;statement;;;;
452;999;04/12/2023;3371;Myers Group;17/01/2021;Public;late;;;;
453;5;14/05/2020;3034;Peterson LLC;14/05/2020;;;;;;
453;8;18/07/2024;2539;Peterson LLC;22/03/2020;White;build;;;;
453;67;13/01/2024;2270;Peterson LLC;09/10/2020;If;and;;;;
453;116;04/08/2023;995;Peterson LLC;31/01/2020;;;;;;
453;145;23/05/2021;2551;Peterson LLC;29/12/2020;Bag;character;;;;
453;215;23/09/2020;4124;Peterson LLC;05/01/2020;;;;;;
453;261;03/09/2021;4695;Peterson LLC;02/02/2020;;;;;;
453;316;08/11/2025;543;Peterson LLC;19/06/2020;;;;;;
453;341;09/09/2025;3606;Peterson LLC;02/03/2020;;;;;;
453;361;03/02/2022;4623;Peterson LLC;13/04/2020;Staff;radio;;;;
453;395;22/08/2020;4970;Peterson LLC;22/08/2020;Subject;raise;;;;
453;485;19/07/2022;4945;Peterson LLC;31/01/2020;Answer;woman;;;;
453;496;09/01/2021;3997;Peterson LLC;11/03/2020;;;;;;
453;607;30/08/2022;1584;Peterson LLC;06/03/2021;Much;alone;;;;
453;608;19/02/2024;2446;Peterson LLC;15/05/2020;Hard;prepare;;;;
453;635;23/07/2023;1064;Peterson LLC;02/06/2021;;;;;;
453;672;23/12/2023;2022;Peterson LLC;03/01/2020;Once;yeah;;;;
453;673;25/05/2025;824;Peterson LLC;18/08/2021;If;need;;;;
453;723;07/04/2022;3173;Peterson LLC;05/02/2020;Take;above;;;;
453;746;01/01/2024;1809;Peterson LLC;18/04/2020;;;;;;
453;784;18/01/2024;2817;Peterson LLC;21/03/2020;Exactly;a;;;;
453;785;28/04/2022;2567;Peterson LLC;28/05/2020;Entire;close;;;;
453;832;05/02/2025;859;Peterson LLC;08/09/2020;;;;;;
453;857;29/11/2022;1955;Peterson LLC;06/03/2020;Operation;close;;;;
453;918;23/09/2021;4827;Peterson LLC;16/04/2020;;;;;;
454;13;02/01/2020;2813;Smith Ltd;02/01/2020;;;;;;
454;137;02/11/2024;4204;Smith Ltd;23/06/2020;Within;seat;;;;
454;236;27/06/2020;4710;Smith Ltd;26/01/2020;;;;;;
454;293;12/07/2022;124;Smith Ltd;14/10/2020;;;;;;
454;322;05/05/2025;4560;Smith Ltd;22/01/2023;;;;;;
454;370;21/04/2020;4149;Smith Ltd;21/04/2020;Her;PM;;;;
454;419;01/05/2023;2990;Smith Ltd;13/07/2020;;;;;;
454;514;02/08/2025;3390;Smith Ltd;22/08/2020;;;;;;
454;547;17/07/2020;3346;Smith Ltd;17/07/2020;President;we;;;;
454;639;23/07/2021;4963;Smith Ltd;23/07/2021;Policy;into;;;;
454;653;05/09/2025;4186;Smith Ltd;19/01/2021;;;;;;
454;710;02/02/2024;187;Smith Ltd;11/06/2020;;;;;;
454;860;23/01/2026;3467;Smith Ltd;07/04/2020;Push;yard;;;;
454;895;15/01/2020;492;Smith Ltd;15/01/2020;Eye;husband;;;;
454;903;22/06/2023;2643;Smith Ltd;02/05/2020;Admit;create;;;;
454;924;01/04/2021;4107;Smith Ltd;01/04/2021;Somebody;offer;;;;
454;926;23/06/2021;3035;Smith Ltd;31/07/2020;Health;born;;;;
454;968;11/11/2024;2099;Smith Ltd;10/10/2020;Deep;tonight;;;;
454;992;18/05/2021;3084;Smith Ltd;17/02/2020;Prevent;mother;;;;
455;217;09/03/2025;788;Dickerson-Smith;14/06/2020;Administration;create;;;;
455;340;09/08/2022;4152;Dickerson-Smith;29/06/2020;Morning;reflect;;;;
455;352;23/08/2024;3418;Dickerson-Smith;07/08/2020;Suddenly;boy;;;;
455;353;05/04/2021;2977;Dickerson-Smith;01/05/2020;Kitchen;sign;;;;
455;392;04/01/2021;233;Dickerson-Smith;04/01/2021;Budget;because;;;;
455;423;22/12/2021;4703;Dickerson-Smith;08/10/2020;;;;;;
455;465;29/01/2026;2860;Dickerson-Smith;20/08/2021;Thus;choice;;;;
455;588;21/08/2020;4168;Dickerson-Smith;21/08/2020;Successful;air;;;;
455;605;26/01/2024;4823;Dickerson-Smith;30/03/2020;;;;;;
455;631;16/11/2021;2179;Dickerson-Smith;14/08/2020;;;;;;
455;711;23/06/2025;1617;Dickerson-Smith;21/04/2021;;;;;;
455;746;10/08/2021;1252;Dickerson-Smith;18/04/2020;;;;;;
455;768;01/12/2021;2494;Dickerson-Smith;30/11/2021;Generation;claim;;;;
455;778;30/04/2023;580;Dickerson-Smith;09/03/2020;Friend;do;;;;
455;799;26/02/2025;2017;Dickerson-Smith;12/06/2020;;;;;;
455;928;24/06/2020;1797;Dickerson-Smith;24/01/2020;Wonder;respond;;;;
456;37;27/07/2024;1155;Gonzalez Ltd;18/06/2020;Box;land;;;;
456;58;06/05/2024;1426;Gonzalez Ltd;10/02/2020;;;;;;
456;59;07/12/2023;1367;Gonzalez Ltd;07/01/2020;Reason;than;;;;
456;180;07/08/2022;784;Gonzalez Ltd;18/02/2020;As;beyond;;;;
456;302;18/09/2021;892;Gonzalez Ltd;15/04/2020;;;;;;
456;577;10/06/2021;1952;Gonzalez Ltd;10/06/2021;Strong;seek;;;;
456;693;07/12/2022;2682;Gonzalez Ltd;05/03/2021;Nothing;traditional;;;;
456;836;23/10/2020;3854;Gonzalez Ltd;23/10/2020;Benefit;accept;;;;
456;884;29/01/2020;1073;Gonzalez Ltd;29/01/2020;Bar;opportunity;;;;
456;891;16/09/2024;4048;Gonzalez Ltd;25/06/2023;;;;;;
456;985;18/12/2022;4553;Gonzalez Ltd;25/08/2021;Detail;speech;;;;
457;42;05/08/2021;3129;Johnson Ltd;01/10/2020;Light;free;;;;
457;60;13/06/2020;3426;Johnson Ltd;15/02/2020;;;;;;
457;91;07/05/2025;4197;Johnson Ltd;25/07/2020;Billion;tend;;;;
457;106;29/08/2025;3678;Johnson Ltd;20/01/2020;Peace;add;;;;
457;164;13/04/2024;3579;Johnson Ltd;31/01/2020;Evening;guy;;;;
457;233;23/01/2024;4171;Johnson Ltd;14/02/2020;Herself;water;;;;
457;251;23/10/2025;370;Johnson Ltd;13/01/2020;Establish;green;;;;
457;290;05/07/2023;4552;Johnson Ltd;30/05/2020;During;agree;;;;
457;295;18/08/2021;3544;Johnson Ltd;13/12/2020;;;;;;
457;299;01/03/2021;1824;Johnson Ltd;01/03/2021;Answer;hard;;;;
457;405;02/02/2024;3172;Johnson Ltd;22/06/2020;Time;sing;;;;
457;460;14/05/2025;2158;Johnson Ltd;02/04/2020;For;reach;;;;
457;512;10/04/2023;1630;Johnson Ltd;17/05/2020;;;;;;
457;721;07/02/2022;2177;Johnson Ltd;30/03/2021;;;;;;
457;749;29/09/2025;890;Johnson Ltd;04/04/2020;Cup;human;;;;
457;760;06/04/2020;3948;Johnson Ltd;06/04/2020;;;;;;
457;839;15/03/2022;4739;Johnson Ltd;21/08/2021;General;growth;;;;
457;904;20/04/2025;1509;Johnson Ltd;22/12/2020;Sometimes;mean;;;;
457;911;12/02/2025;4425;Johnson Ltd;13/11/2020;Anything;plant;;;;
457;974;30/05/2025;1967;Johnson Ltd;16/04/2021;Six;stop;;;;
458;42;16/06/2024;481;Davidson and Sons;01/10/2020;Light;free;11;player;79;Critica da Arte
458;49;17/01/2022;3930;Davidson and Sons;21/05/2020;;;11;player;79;Critica da Arte
458;101;30/08/2025;351;Davidson and Sons;12/01/2020;Single;well;11;player;79;Critica da Arte
458;227;25/03/2023;492;Davidson and Sons;21/11/2020;Ok;air;11;player;79;Critica da Arte
458;340;24/07/2022;4324;Davidson and Sons;29/06/2020;Morning;reflect;11;player;79;Critica da Arte
458;347;21/05/2021;2013;Davidson and Sons;22/09/2020;Tax;perhaps;11;player;79;Critica da Arte
458;696;07/01/2024;2033;Davidson and Sons;31/08/2020;Fight;into;11;player;79;Critica da Arte
458;707;08/01/2025;3609;Davidson and Sons;18/06/2020;;;11;player;79;Critica da Arte
458;863;26/02/2020;4713;Davidson and Sons;26/01/2020;Scene;particular;11;player;79;Critica da Arte
458;912;09/12/2022;3766;Davidson and Sons;10/09/2020;Cut;young;11;player;79;Critica da Arte
458;929;25/01/2021;2654;Davidson and Sons;25/09/2020;Environmental;quality;11;player;79;Critica da Arte
459;30;02/09/2024;566;Turner;15/03/2020;Conference;product;;;;
459;116;31/01/2020;622;Turner;31/01/2020;;;;;;
459;154;28/12/2020;554;Turner;28/12/2020;;;;;;
459;198;11/10/2024;4455;Turner;15/11/2020;Water;rise;;;;
459;249;25/05/2020;700;Turner;25/05/2020;Member;skin;;;;
459;251;14/07/2021;2491;Turner;13/01/2020;Establish;green;;;;
459;371;08/07/2024;3617;Turner;19/09/2020;South;return;;;;
459;431;22/05/2023;2513;Turner;03/04/2020;Appear;agency;;;;
459;563;03/09/2021;3032;Turner;18/05/2020;;;;;;
459;566;17/03/2020;4837;Turner;17/03/2020;Different;husband;;;;
459;572;26/05/2020;456;Turner;13/03/2020;Beyond;despite;;;;
459;734;20/11/2023;489;Turner;16/01/2020;Clearly;safe;;;;
459;781;13/11/2023;4644;Turner;12/08/2020;Wife;sure;;;;
459;805;17/10/2022;569;Turner;12/06/2022;Begin;company;;;;
459;865;23/05/2025;3729;Turner;12/05/2020;That;with;;;;
459;875;19/11/2024;4144;Turner;29/04/2020;;;;;;
459;878;11/11/2023;3474;Turner;08/07/2020;;;;;;
459;907;27/04/2023;223;Turner;22/03/2020;Public;change;;;;
459;916;07/12/2024;4992;Turner;11/01/2020;Billion;process;;;;
459;931;18/06/2025;1877;Turner;04/07/2022;Drop;water;;;;
459;986;15/08/2023;2019;Turner;10/04/2020;Appear;career;;;;
460;14;24/07/2024;648;Ramirez Inc;30/01/2020;Billion;hair;;;;
460;168;28/06/2025;2213;Ramirez Inc;03/03/2020;Mrs;cover;;;;
460;178;03/11/2024;2270;Ramirez Inc;30/01/2020;Animal;huge;;;;
460;393;30/03/2025;4057;Ramirez Inc;18/01/2022;;;;;;
460;415;14/12/2022;1807;Ramirez Inc;18/05/2020;;;;;;
460;450;23/06/2020;4930;Ramirez Inc;07/02/2020;After;billion;;;;
460;486;17/08/2023;1420;Ramirez Inc;28/12/2020;Try;sell;;;;
460;561;12/09/2021;501;Ramirez Inc;14/04/2021;;;;;;
460;587;06/03/2023;1911;Ramirez Inc;25/12/2020;Arrive;different;;;;
460;630;07/09/2025;1624;Ramirez Inc;09/07/2020;;;;;;
460;646;10/08/2024;1675;Ramirez Inc;22/02/2020;;;;;;
460;823;17/11/2021;3798;Ramirez Inc;23/04/2020;;;;;;
460;847;20/01/2020;4792;Ramirez Inc;20/01/2020;No;wall;;;;
460;867;29/03/2021;175;Ramirez Inc;11/03/2020;Standard;maybe;;;;
460;882;06/01/2025;149;Ramirez Inc;25/03/2020;;;;;;
460;895;23/07/2023;3621;Ramirez Inc;15/01/2020;Eye;husband;;;;
460;927;28/02/2024;1456;Ramirez Inc;02/03/2020;;;;;;
460;979;20/10/2025;2417;Ramirez Inc;08/01/2021;;;;;;
461;46;15/04/2024;2817;Lee;26/01/2021;Authority;artist;;;;
461;119;19/10/2023;4114;Lee;31/03/2020;Although;bring;;;;
461;135;15/12/2021;4914;Lee;29/01/2020;;;;;;
461;143;01/08/2025;785;Lee;12/12/2020;;;;;;
461;169;20/10/2021;3030;Lee;04/07/2021;Through;military;;;;
461;173;02/08/2025;4840;Lee;14/03/2020;;;;;;
461;177;31/12/2025;3021;Lee;21/04/2021;Second;actually;;;;
461;312;22/12/2021;2343;Lee;13/02/2020;;;;;;
461;374;07/07/2022;1784;Lee;31/12/2020;Imagine;like;;;;
461;388;17/09/2024;4575;Lee;25/01/2021;Everyone;him;;;;
461;456;14/02/2024;3114;Lee;03/03/2020;Save;put;;;;
461;498;15/05/2020;2084;Lee;26/04/2020;;;;;;
461;506;05/09/2020;1713;Lee;11/07/2020;;;;;;
461;519;06/09/2020;4675;Lee;06/09/2020;Leader;technology;;;;
461;553;24/07/2024;2895;Lee;20/12/2020;Claim;news;;;;
461;574;03/07/2022;1365;Lee;03/03/2020;Well;explain;;;;
461;622;18/07/2021;1943;Lee;24/04/2020;How;buy;;;;
461;637;29/04/2023;1527;Lee;23/08/2020;;;;;;
461;659;13/04/2024;2901;Lee;20/01/2020;Table;page;;;;
461;719;25/05/2023;3913;Lee;22/04/2022;;;;;;
461;764;28/09/2024;1766;Lee;04/08/2020;Laugh;send;;;;
461;818;31/01/2020;326;Lee;31/01/2020;Though;difficult;;;;
461;852;29/01/2025;2756;Lee;06/12/2020;;;;;;
461;881;20/10/2021;265;Lee;13/12/2020;;;;;;
461;945;15/04/2020;736;Lee;15/04/2020;;;;;;
462;26;12/04/2023;3647;Gonzales-Houston;15/10/2021;Give;consider;;;;
462;30;28/03/2021;2670;Gonzales-Houston;15/03/2020;Conference;product;;;;
462;39;14/10/2021;1435;Gonzales-Houston;27/02/2020;;;;;;
462;160;04/10/2022;1466;Gonzales-Houston;12/06/2020;Style;shoulder;;;;
462;171;25/09/2024;3813;Gonzales-Houston;06/01/2020;;;;;;
462;315;11/06/2023;1277;Gonzales-Houston;09/01/2020;Majority;call;;;;
462;324;12/05/2024;2788;Gonzales-Houston;11/04/2020;Daughter;radio;;;;
462;523;13/04/2022;3872;Gonzales-Houston;19/03/2020;Base;remember;;;;
462;536;12/06/2020;3925;Gonzales-Houston;08/03/2020;Beat;factor;;;;
462;556;14/01/2021;2390;Gonzales-Houston;08/03/2020;;;;;;
462;708;07/04/2020;3723;Gonzales-Houston;07/04/2020;Wife;far;;;;
462;807;11/01/2023;4711;Gonzales-Houston;05/06/2020;;;;;;
462;872;20/11/2022;2912;Gonzales-Houston;01/01/2021;;;;;;
462;928;11/03/2020;3792;Gonzales-Houston;24/01/2020;Wonder;respond;;;;
462;940;26/11/2025;3725;Gonzales-Houston;08/08/2020;Natural;wind;;;;
463;103;03/07/2021;1759;Clark Ltd;24/03/2020;Some;here;;;;
463;120;30/08/2022;898;Clark Ltd;13/03/2021;Follow;democratic;;;;
463;123;20/11/2025;3344;Clark Ltd;28/05/2021;Moment;across;;;;
463;259;01/12/2022;3027;Clark Ltd;20/06/2020;Picture;build;;;;
463;262;05/12/2025;4262;Clark Ltd;01/01/2020;Kind;pick;;;;
463;502;18/08/2024;3868;Clark Ltd;13/10/2020;;;;;;
463;560;04/02/2025;3462;Clark Ltd;16/09/2020;;;;;;
463;628;13/01/2020;2932;Clark Ltd;13/01/2020;Policy;often;;;;
463;643;12/02/2021;4768;Clark Ltd;31/05/2020;Term;example;;;;
463;713;18/01/2025;4441;Clark Ltd;28/02/2020;Drug;talk;;;;
463;873;14/10/2024;3105;Clark Ltd;18/01/2021;Into;ask;;;;
463;874;07/06/2021;1263;Clark Ltd;12/08/2020;Authority;or;;;;
463;914;17/09/2021;2582;Clark Ltd;27/03/2020;School;hope;;;;
463;950;18/04/2020;4305;Clark Ltd;17/03/2020;;;;;;
463;991;16/09/2021;4666;Clark Ltd;23/08/2020;Most;today;;;;
463;999;11/03/2023;2231;Clark Ltd;17/01/2021;Public;late;;;;
464;3;19/01/2026;1754;CArter LLC;24/07/2021;Unit;film;144;important;79;Critica da Arte
464;9;06/07/2024;4243;CArter LLC;03/01/2020;Star;land;144;important;79;Critica da Arte
464;165;16/08/2023;1070;CArter LLC;22/09/2020;;;144;important;79;Critica da Arte
464;188;17/05/2025;4482;CArter LLC;31/12/2020;;;144;important;79;Critica da Arte
464;246;16/05/2021;886;CArter LLC;02/05/2020;Investment;marriage;144;important;79;Critica da Arte
464;269;01/01/2025;2110;CArter LLC;02/03/2020;But;leg;144;important;79;Critica da Arte
464;388;20/08/2023;2977;CArter LLC;25/01/2021;Everyone;him;144;important;79;Critica da Arte
464;421;26/07/2022;2889;CArter LLC;27/03/2020;Top;finally;144;important;79;Critica da Arte
464;556;16/07/2020;1657;CArter LLC;08/03/2020;;;144;important;79;Critica da Arte
464;607;17/02/2024;2469;CArter LLC;06/03/2021;Much;alone;144;important;79;Critica da Arte
464;678;26/05/2020;4750;CArter LLC;26/05/2020;Treatment;once;144;important;79;Critica da Arte
464;818;01/10/2021;1469;CArter LLC;31/01/2020;Though;difficult;144;important;79;Critica da Arte
464;841;26/04/2021;1394;CArter LLC;05/08/2020;Old;investment;144;important;79;Critica da Arte
464;843;23/04/2023;4723;CArter LLC;26/05/2020;Service;sense;144;important;79;Critica da Arte
464;845;22/01/2021;4081;CArter LLC;23/12/2020;They;herself;144;important;79;Critica da Arte
464;951;04/10/2023;370;CArter LLC;11/04/2020;Door;speak;144;important;79;Critica da Arte
464;969;11/02/2026;4050;CArter LLC;10/02/2020;;;144;important;79;Critica da Arte
464;989;26/12/2020;2763;CArter LLC;07/04/2020;Chair;we;144;important;79;Critica da Arte
465;47;10/07/2023;2309;White Inc;27/02/2020;Four;Crime;75;significant;101;Arte Contemporânea
465;76;18/01/2024;1851;White Inc;12/05/2020;Rest;would;75;significant;101;Arte Contemporânea
465;110;05/04/2025;2974;White Inc;27/02/2020;Thus;heavy;75;significant;101;Arte Contemporânea
465;155;10/09/2024;3123;White Inc;08/10/2021;Man;religious;75;significant;101;Arte Contemporânea
465;164;25/09/2024;1750;White Inc;31/01/2020;Evening;guy;75;significant;101;Arte Contemporânea
465;185;09/05/2023;3598;White Inc;06/10/2020;Smile;player;75;significant;101;Arte Contemporânea
465;423;13/11/2021;4308;White Inc;08/10/2020;;;75;significant;101;Arte Contemporânea
465;522;24/06/2024;3758;White Inc;30/01/2020;Laugh;else;75;significant;101;Arte Contemporânea
465;531;04/02/2024;4757;White Inc;24/04/2021;Commercial;relate;75;significant;101;Arte Contemporânea
465;536;11/07/2024;230;White Inc;08/03/2020;Beat;factor;75;significant;101;Arte Contemporânea
465;538;07/02/2023;4757;White Inc;02/12/2020;Particularly;group;75;significant;101;Arte Contemporânea
465;617;25/02/2020;303;White Inc;25/02/2020;;;75;significant;101;Arte Contemporânea
465;729;21/10/2025;151;White Inc;08/12/2021;Store;value;75;significant;101;Arte Contemporânea
465;783;06/06/2020;188;White Inc;06/06/2020;;;75;significant;101;Arte Contemporânea
465;814;22/09/2020;263;White Inc;03/05/2020;;;75;significant;101;Arte Contemporânea
465;814;29/09/2021;2952;White Inc;03/05/2020;;;75;significant;101;Arte Contemporânea
465;848;20/07/2020;520;White Inc;28/04/2020;Piece;particularly;75;significant;101;Arte Contemporânea
465;942;31/03/2024;1583;White Inc;10/01/2020;;;75;significant;101;Arte Contemporânea
466;185;20/07/2024;3794;Hall-Ryan;06/10/2020;Smile;player;;;;
466;203;17/07/2024;3616;Hall-Ryan;29/05/2020;Key;time;;;;
466;241;17/02/2024;600;Hall-Ryan;10/06/2021;Clearly;serious;;;;
466;308;03/04/2021;4969;Hall-Ryan;21/03/2020;Customer;apply;;;;
466;399;09/09/2020;2444;Hall-Ryan;09/09/2020;Home;difficult;;;;
466;474;07/09/2020;4481;Hall-Ryan;07/09/2020;;;;;;
466;485;09/11/2020;2500;Hall-Ryan;31/01/2020;Answer;woman;;;;
466;558;15/04/2024;2585;Hall-Ryan;12/02/2020;Prepare;wish;;;;
466;702;22/02/2020;2998;Hall-Ryan;23/01/2020;He;desCribe;;;;
466;760;28/08/2022;3746;Hall-Ryan;06/04/2020;;;;;;
466;766;29/01/2021;3343;Hall-Ryan;09/04/2020;;;;;;
466;838;01/02/2026;1111;Hall-Ryan;09/02/2020;;;;;;
466;846;07/12/2020;4752;Hall-Ryan;22/01/2020;Can;various;;;;
466;869;29/08/2020;3995;Hall-Ryan;02/03/2020;Require;herself;;;;
466;892;27/05/2025;3698;Hall-Ryan;15/07/2020;;;;;;
466;944;25/07/2020;3455;Hall-Ryan;03/01/2020;Sort;stage;;;;
466;966;17/12/2023;194;Hall-Ryan;14/02/2021;;;;;;
466;996;27/10/2021;2695;Hall-Ryan;13/05/2020;Why;cover;;;;
467;11;25/07/2021;3278;Shields-Mullen;09/06/2021;This;face;;;;
467;90;07/01/2025;4833;Shields-Mullen;26/05/2020;;;;;;
467;156;21/05/2022;483;Shields-Mullen;21/05/2022;Hundred;support;;;;
467;170;11/02/2025;4153;Shields-Mullen;19/01/2020;Wind;top;;;;
467;175;30/11/2023;1126;Shields-Mullen;22/01/2020;;;;;;
467;192;29/08/2022;656;Shields-Mullen;17/10/2020;;;;;;
467;214;27/01/2025;350;Shields-Mullen;26/03/2020;Moment;cut;;;;
467;306;30/11/2024;947;Shields-Mullen;22/04/2020;;;;;;
467;324;24/03/2022;3920;Shields-Mullen;11/04/2020;Daughter;radio;;;;
467;346;18/06/2025;3588;Shields-Mullen;15/07/2020;Yard;member;;;;
467;580;25/12/2023;2577;Shields-Mullen;22/03/2020;Feel;bad;;;;
467;582;20/05/2024;3587;Shields-Mullen;05/08/2020;Adult;mean;;;;
467;706;28/01/2020;206;Shields-Mullen;02/01/2020;Paper;record;;;;
467;839;16/10/2021;1331;Shields-Mullen;21/08/2021;General;growth;;;;
467;860;15/01/2025;1566;Shields-Mullen;07/04/2020;Push;yard;;;;
467;895;02/07/2020;1288;Shields-Mullen;15/01/2020;Eye;husband;;;;
467;973;16/07/2021;3470;Shields-Mullen;01/05/2020;;;;;;
468;28;10/02/2026;321;Kirk-Ward;04/01/2020;What;field;;;;
468;64;12/05/2024;238;Kirk-Ward;06/12/2020;Red;information;;;;
468;123;13/07/2021;316;Kirk-Ward;28/05/2021;Moment;across;;;;
468;131;17/09/2024;3809;Kirk-Ward;02/07/2021;List;perhaps;;;;
468;195;02/10/2024;4179;Kirk-Ward;02/07/2020;;;;;;
468;262;01/03/2022;4397;Kirk-Ward;01/01/2020;Kind;pick;;;;
468;500;08/02/2022;311;Kirk-Ward;31/08/2020;Event;help;;;;
468;527;20/11/2020;208;Kirk-Ward;20/11/2020;Important;available;;;;
468;548;13/08/2025;2857;Kirk-Ward;31/03/2020;;;;;;
468;602;29/07/2023;2595;Kirk-Ward;12/02/2020;;;;;;
468;777;08/10/2024;1271;Kirk-Ward;12/10/2020;;;;;;
468;856;27/10/2021;4181;Kirk-Ward;23/03/2020;Likely;city;;;;
468;969;19/12/2023;1430;Kirk-Ward;10/02/2020;;;;;;
468;989;15/11/2025;2705;Kirk-Ward;07/04/2020;Chair;we;;;;
468;993;08/01/2022;1385;Kirk-Ward;01/11/2020;;;;;;
469;74;01/02/2022;4530;Johnson-Ellis;19/11/2021;Federal;forward;;;;
469;132;29/11/2025;2697;Johnson-Ellis;30/08/2020;;;;;;
469;180;03/04/2023;1712;Johnson-Ellis;18/02/2020;As;beyond;;;;
469;273;31/07/2022;3220;Johnson-Ellis;13/01/2020;Doctor;admit;;;;
469;293;04/11/2022;862;Johnson-Ellis;14/10/2020;;;;;;
469;297;12/08/2023;870;Johnson-Ellis;20/11/2020;;;;;;
469;299;24/11/2025;2766;Johnson-Ellis;01/03/2021;Answer;hard;;;;
469;328;10/09/2020;2595;Johnson-Ellis;03/03/2020;Painting;laugh;;;;
469;380;25/01/2022;4073;Johnson-Ellis;08/09/2020;;;;;;
469;383;21/06/2022;4009;Johnson-Ellis;17/02/2020;Anything;station;;;;
469;597;12/06/2025;922;Johnson-Ellis;13/06/2021;Radio;to;;;;
469;681;13/09/2020;3815;Johnson-Ellis;20/01/2020;Fast;spend;;;;
469;703;09/02/2021;4170;Johnson-Ellis;02/09/2020;Form;fish;;;;
469;785;31/01/2023;2085;Johnson-Ellis;28/05/2020;Entire;close;;;;
469;793;26/10/2025;3156;Johnson-Ellis;05/08/2022;Laugh;far;;;;
469;893;11/10/2021;3694;Johnson-Ellis;08/04/2020;Officer;maintain;;;;
469;899;17/05/2021;2157;Johnson-Ellis;13/03/2020;Fine;hundred;;;;
470;17;23/10/2025;1644;Taylor-Chavez;19/01/2020;;;;;;
470;119;31/03/2020;4133;Taylor-Chavez;31/03/2020;Although;bring;;;;
470;121;11/07/2024;1795;Taylor-Chavez;16/01/2021;Avoid;probably;;;;
470;201;08/04/2023;1234;Taylor-Chavez;18/03/2020;Let;a;;;;
470;228;22/10/2025;630;Taylor-Chavez;24/01/2020;;;;;;
470;264;31/12/2024;3167;Taylor-Chavez;14/12/2020;Sport;case;;;;
470;276;05/02/2022;4692;Taylor-Chavez;08/01/2020;Chair;design;;;;
470;300;15/10/2020;2330;Taylor-Chavez;04/05/2020;;;;;;
470;410;29/11/2020;3607;Taylor-Chavez;10/04/2020;Evening;throughout;;;;
470;418;22/07/2023;1303;Taylor-Chavez;03/05/2021;Method;civil;;;;
470;421;27/03/2020;1022;Taylor-Chavez;27/03/2020;Top;finally;;;;
470;434;06/05/2023;3244;Taylor-Chavez;04/06/2020;Fall;huge;;;;
470;524;28/02/2021;3432;Taylor-Chavez;28/02/2021;Seven;rate;;;;
470;557;14/09/2020;2371;Taylor-Chavez;14/09/2020;Animal;yes;;;;
470;560;18/01/2025;2541;Taylor-Chavez;16/09/2020;;;;;;
470;593;14/07/2024;3082;Taylor-Chavez;27/01/2020;Yet;nothing;;;;
470;616;20/07/2020;1579;Taylor-Chavez;02/01/2020;Clear;reveal;;;;
470;623;21/06/2023;4990;Taylor-Chavez;28/05/2022;;;;;;
470;632;13/08/2020;3258;Taylor-Chavez;11/02/2020;Although;book;;;;
470;736;25/07/2020;3428;Taylor-Chavez;25/07/2020;Among;official;;;;
470;742;04/04/2022;182;Taylor-Chavez;21/05/2020;Computer;range;;;;
470;749;06/10/2023;4958;Taylor-Chavez;04/04/2020;Cup;human;;;;
470;802;26/09/2024;1770;Taylor-Chavez;18/02/2020;Hard;cost;;;;
470;809;11/09/2021;3131;Taylor-Chavez;29/04/2020;;;;;;
470;832;26/11/2025;2454;Taylor-Chavez;08/09/2020;;;;;;
470;888;05/10/2025;3977;Taylor-Chavez;03/04/2020;History;appear;;;;
470;903;26/05/2021;2673;Taylor-Chavez;02/05/2020;Admit;create;;;;
470;917;17/01/2024;4815;Taylor-Chavez;25/05/2020;;;;;;
470;972;31/03/2023;3805;Taylor-Chavez;14/02/2020;;;;;;
471;82;18/11/2020;3740;Price Group;19/03/2020;Physical;simple;;;;
471;82;26/08/2022;2636;Price Group;19/03/2020;Physical;simple;;;;
471;193;11/01/2022;558;Price Group;28/09/2020;;;;;;
471;272;21/02/2022;1808;Price Group;25/04/2020;Glass;outside;;;;
471;356;11/01/2026;753;Price Group;26/09/2020;;;;;;
471;455;27/08/2024;4464;Price Group;23/07/2020;Former;public;;;;
471;475;30/08/2023;930;Price Group;16/10/2020;Young;without;;;;
471;508;26/05/2022;2740;Price Group;12/12/2020;Daughter;board;;;;
471;570;24/05/2022;484;Price Group;05/06/2020;Rather;professional;;;;
471;659;21/01/2026;3264;Price Group;20/01/2020;Table;page;;;;
471;668;11/01/2025;4525;Price Group;17/08/2020;;;;;;
471;672;17/06/2025;1545;Price Group;03/01/2020;Once;yeah;;;;
471;676;05/02/2024;3618;Price Group;11/12/2020;Manage;same;;;;
471;774;14/07/2024;2620;Price Group;13/12/2021;Start;area;;;;
471;796;13/08/2024;4936;Price Group;20/03/2020;;;;;;
471;827;02/12/2023;503;Price Group;03/12/2020;Soldier;throughout;;;;
471;986;10/04/2020;3184;Price Group;10/04/2020;Appear;career;;;;
472;1;21/12/2025;3663;Robinson;02/01/2020;;;;;;
472;46;15/05/2022;4902;Robinson;26/01/2021;Authority;artist;;;;
472;66;03/08/2024;938;Robinson;17/03/2021;Sister;door;;;;
472;75;02/05/2025;4662;Robinson;17/02/2020;Surface;throughout;;;;
472;159;01/11/2021;3058;Robinson;01/11/2021;Help;activity;;;;
472;277;14/08/2024;1243;Robinson;10/11/2020;;;;;;
472;337;30/06/2023;2861;Robinson;22/12/2020;Example;chance;;;;
472;524;20/02/2022;2532;Robinson;28/02/2021;Seven;rate;;;;
472;555;08/01/2023;3530;Robinson;10/02/2020;;;;;;
472;557;07/01/2024;4810;Robinson;14/09/2020;Animal;yes;;;;
472;586;08/02/2020;523;Robinson;08/02/2020;;;;;;
472;726;27/03/2021;1067;Robinson;18/03/2020;Beyond;almost;;;;
472;795;24/06/2024;2716;Robinson;09/03/2021;Room;thought;;;;
472;802;29/05/2024;1004;Robinson;18/02/2020;Hard;cost;;;;
472;913;21/12/2025;360;Robinson;08/07/2020;;;;;;
473;70;17/01/2023;196;Alvarez;15/01/2020;If;set;;;;
473;137;24/01/2021;946;Alvarez;23/06/2020;Within;seat;;;;
473;142;09/12/2020;3068;Alvarez;16/03/2020;Analysis;evidence;;;;
473;147;13/05/2023;1909;Alvarez;24/01/2020;;;;;;
473;182;11/09/2024;1923;Alvarez;27/10/2020;Old;top;;;;
473;186;16/03/2025;2649;Alvarez;09/07/2020;Congress;song;;;;
473;245;18/01/2020;568;Alvarez;08/01/2020;;;;;;
473;250;02/04/2022;3987;Alvarez;18/12/2020;;;;;;
473;297;17/01/2023;2645;Alvarez;20/11/2020;;;;;;
473;349;03/12/2025;815;Alvarez;16/07/2021;;;;;;
473;371;26/01/2022;3918;Alvarez;19/09/2020;South;return;;;;
473;373;23/01/2026;275;Alvarez;22/01/2020;War;foot;;;;
473;499;14/03/2020;2596;Alvarez;14/03/2020;;;;;;
473;532;18/11/2024;4177;Alvarez;23/11/2020;Time;town;;;;
473;572;25/02/2025;920;Alvarez;13/03/2020;Beyond;despite;;;;
473;619;05/07/2022;4992;Alvarez;14/04/2020;;;;;;
473;684;03/03/2023;3229;Alvarez;04/05/2022;Often;material;;;;
473;690;01/03/2024;1524;Alvarez;28/02/2020;South;attention;;;;
473;741;27/09/2021;4027;Alvarez;27/01/2020;Late;I;;;;
473;755;24/11/2025;3515;Alvarez;22/01/2020;Hand;without;;;;
473;780;05/02/2024;3818;Alvarez;21/12/2020;;;;;;
473;818;29/11/2025;4776;Alvarez;31/01/2020;Though;difficult;;;;
473;874;29/09/2022;4863;Alvarez;12/08/2020;Authority;or;;;;
473;884;09/02/2025;698;Alvarez;29/01/2020;Bar;opportunity;;;;
473;889;13/11/2020;3772;Alvarez;23/10/2020;Yard;white;;;;
473;908;12/04/2025;945;Alvarez;19/08/2020;All;during;;;;
473;909;12/12/2021;1088;Alvarez;16/07/2020;At;various;;;;
474;31;16/09/2023;2342;Johnson-Green;31/08/2020;Health;respond;;;;
474;43;28/04/2024;1051;Johnson-Green;01/10/2020;Range;specific;;;;
474;184;25/03/2021;1242;Johnson-Green;25/03/2021;;;;;;
474;262;29/07/2023;3402;Johnson-Green;01/01/2020;Kind;pick;;;;
474;371;24/12/2020;4487;Johnson-Green;19/09/2020;South;return;;;;
474;379;05/05/2020;3380;Johnson-Green;31/01/2020;Learn;husband;;;;
474;422;16/12/2022;3750;Johnson-Green;28/01/2020;Soldier;six;;;;
474;443;12/02/2021;3748;Johnson-Green;01/05/2020;How;such;;;;
474;503;15/02/2026;2394;Johnson-Green;10/09/2020;;;;;;
474;594;05/02/2021;3377;Johnson-Green;26/01/2020;;;;;;
474;692;02/10/2024;1296;Johnson-Green;12/12/2020;Street;walk;;;;
474;761;13/09/2024;3802;Johnson-Green;26/01/2020;Company;age;;;;
474;779;24/07/2024;4109;Johnson-Green;13/02/2020;Whole;street;;;;
474;807;06/05/2021;4931;Johnson-Green;05/06/2020;;;;;;
474;818;24/12/2025;4144;Johnson-Green;31/01/2020;Though;difficult;;;;
474;969;26/02/2024;2752;Johnson-Green;10/02/2020;;;;;;
474;989;04/09/2023;2163;Johnson-Green;07/04/2020;Chair;we;;;;
474;994;08/12/2025;2198;Johnson-Green;16/07/2021;Security;challenge;;;;
475;21;07/02/2021;2972;Mitchell;25/03/2020;;;;;;
475;85;23/03/2024;2038;Mitchell;14/03/2020;Cell;however;;;;
475;116;23/10/2025;2195;Mitchell;31/01/2020;;;;;;
475;135;27/07/2023;4710;Mitchell;29/01/2020;;;;;;
475;198;24/04/2024;3434;Mitchell;15/11/2020;Water;rise;;;;
475;424;14/08/2022;3297;Mitchell;29/01/2020;Item;usually;;;;
475;481;02/09/2024;1021;Mitchell;28/03/2021;;;;;;
475;495;12/01/2026;3784;Mitchell;06/05/2020;Spring;standard;;;;
475;544;18/12/2020;3828;Mitchell;24/09/2020;He;two;;;;
475;547;14/03/2024;103;Mitchell;17/07/2020;President;we;;;;
475;564;08/02/2021;3532;Mitchell;16/08/2020;Contain;force;;;;
475;594;12/08/2021;2231;Mitchell;26/01/2020;;;;;;
475;600;22/04/2024;4929;Mitchell;08/07/2020;;;;;;
475;635;29/10/2024;2729;Mitchell;02/06/2021;;;;;;
475;641;11/06/2023;1453;Mitchell;31/03/2020;Face;spend;;;;
475;675;26/06/2025;971;Mitchell;26/04/2020;Stand;likely;;;;
475;701;27/01/2024;4768;Mitchell;15/11/2020;;;;;;
475;813;07/10/2023;2859;Mitchell;22/09/2020;;;;;;
475;823;23/04/2020;698;Mitchell;23/04/2020;;;;;;
475;827;07/05/2025;3146;Mitchell;03/12/2020;Soldier;throughout;;;;
475;858;14/12/2020;520;Mitchell;09/02/2020;Good;all;;;;
476;83;19/10/2024;2171;Lynch;21/09/2020;Past;offer;;;;
476;158;05/04/2020;1294;Lynch;05/04/2020;;;;;;
476;160;30/05/2023;2921;Lynch;12/06/2020;Style;shoulder;;;;
476;179;15/10/2022;2362;Lynch;18/08/2021;Organization;tree;;;;
476;230;01/09/2023;4158;Lynch;26/07/2020;That;there;;;;
476;265;07/05/2023;1039;Lynch;24/02/2020;Third;girl;;;;
476;300;04/02/2021;2400;Lynch;04/05/2020;;;;;;
476;342;31/10/2024;3779;Lynch;09/09/2020;;;;;;
476;440;06/02/2023;4921;Lynch;16/01/2020;Short;physical;;;;
476;447;14/01/2024;2934;Lynch;05/09/2020;Argue;rock;;;;
476;528;05/09/2021;223;Lynch;23/03/2021;;;;;;
476;528;15/02/2023;2462;Lynch;23/03/2021;;;;;;
476;642;25/01/2024;4036;Lynch;09/01/2020;Realize;financial;;;;
476;656;09/02/2021;3136;Lynch;30/12/2020;Person;yourself;;;;
476;675;24/09/2025;451;Lynch;26/04/2020;Stand;likely;;;;
476;708;14/12/2020;1871;Lynch;07/04/2020;Wife;far;;;;
476;738;17/10/2022;715;Lynch;26/02/2020;Crime;country;;;;
476;746;18/11/2024;2484;Lynch;18/04/2020;;;;;;
476;749;04/04/2020;566;Lynch;04/04/2020;Cup;human;;;;
476;792;26/03/2024;985;Lynch;25/04/2020;;;;;;
476;812;03/08/2021;2894;Lynch;20/03/2020;;;;;;
476;935;11/02/2021;4299;Lynch;13/11/2020;Part;quality;;;;
477;9;29/05/2023;2064;Hampton-Wilson;03/01/2020;Star;land;;;;
477;122;13/04/2020;241;Hampton-Wilson;08/04/2020;Want;wind;;;;
477;190;28/06/2023;3257;Hampton-Wilson;19/10/2020;During;hit;;;;
477;227;18/10/2025;4578;Hampton-Wilson;21/11/2020;Ok;air;;;;
477;228;06/10/2023;1191;Hampton-Wilson;24/01/2020;;;;;;
477;254;05/09/2024;562;Hampton-Wilson;13/12/2021;Human;because;;;;
477;261;11/01/2022;2619;Hampton-Wilson;02/02/2020;;;;;;
477;271;25/04/2022;3763;Hampton-Wilson;10/03/2021;Create;garden;;;;
477;273;14/08/2021;3224;Hampton-Wilson;13/01/2020;Doctor;admit;;;;
477;565;27/08/2023;4161;Hampton-Wilson;09/03/2020;Week;change;;;;
477;602;14/06/2021;4385;Hampton-Wilson;12/02/2020;;;;;;
477;625;14/08/2023;2359;Hampton-Wilson;06/02/2020;Need;a;;;;
477;670;24/06/2025;3721;Hampton-Wilson;01/03/2020;;;;;;
477;679;07/06/2022;3333;Hampton-Wilson;27/04/2020;Word;hard;;;;
477;801;10/08/2022;4951;Hampton-Wilson;08/04/2020;Best;apply;;;;
477;949;15/08/2023;2060;Hampton-Wilson;25/06/2021;Fight;agent;;;;
477;967;24/11/2024;1241;Hampton-Wilson;27/02/2022;Last;enough;;;;
477;981;29/12/2024;569;Hampton-Wilson;09/05/2021;Walk;federal;;;;
478;15;01/04/2021;4331;Hunt Ltd;01/04/2021;;;;;;
478;119;27/12/2025;1514;Hunt Ltd;31/03/2020;Although;bring;;;;
478;149;16/04/2020;488;Hunt Ltd;16/04/2020;Perform;these;;;;
478;225;04/08/2023;4560;Hunt Ltd;30/01/2020;Book;quality;;;;
478;225;09/11/2024;3840;Hunt Ltd;30/01/2020;Book;quality;;;;
478;303;14/01/2024;2370;Hunt Ltd;05/10/2020;;;;;;
478;303;18/10/2020;1099;Hunt Ltd;05/10/2020;;;;;;
478;322;22/01/2023;2377;Hunt Ltd;22/01/2023;;;;;;
478;341;16/07/2024;3845;Hunt Ltd;02/03/2020;;;;;;
478;355;07/02/2026;4315;Hunt Ltd;10/03/2020;Dark;future;;;;
478;363;05/06/2024;2121;Hunt Ltd;20/04/2020;Her;foreign;;;;
478;430;20/03/2024;4101;Hunt Ltd;03/04/2020;Recent;be;;;;
478;462;24/08/2024;1218;Hunt Ltd;09/02/2020;Group;carry;;;;
478;545;15/04/2023;1822;Hunt Ltd;03/03/2020;Yes;plant;;;;
478;563;17/10/2020;2822;Hunt Ltd;18/05/2020;;;;;;
478;682;22/01/2023;4513;Hunt Ltd;21/06/2020;Final;figure;;;;
478;746;20/04/2022;4574;Hunt Ltd;18/04/2020;;;;;;
478;888;02/09/2021;2809;Hunt Ltd;03/04/2020;History;appear;;;;
478;905;15/04/2022;228;Hunt Ltd;19/01/2020;Future;build;;;;
478;907;07/07/2021;1787;Hunt Ltd;22/03/2020;Public;change;;;;
478;924;29/03/2022;4749;Hunt Ltd;01/04/2021;Somebody;offer;;;;
478;937;07/03/2021;4223;Hunt Ltd;05/08/2020;;;;;;
479;36;29/10/2020;608;Smith and Sons;29/10/2020;General;body;162;good;79;Critica da Arte
479;36;29/10/2020;608;Smith and Sons;29/10/2020;General;body;14;how;101;Arte Contemporânea
479;62;03/03/2021;3947;Smith and Sons;20/05/2020;;;162;good;79;Critica da Arte
479;62;03/03/2021;3947;Smith and Sons;20/05/2020;;;14;how;101;Arte Contemporânea
479;63;09/06/2022;1001;Smith and Sons;18/02/2020;;;162;good;79;Critica da Arte
479;63;09/06/2022;1001;Smith and Sons;18/02/2020;;;14;how;101;Arte Contemporânea
479;88;06/10/2021;979;Smith and Sons;31/05/2020;Else;goal;162;good;79;Critica da Arte
479;88;06/10/2021;979;Smith and Sons;31/05/2020;Else;goal;14;how;101;Arte Contemporânea
479;91;18/04/2024;2969;Smith and Sons;25/07/2020;Billion;tend;162;good;79;Critica da Arte
479;91;18/04/2024;2969;Smith and Sons;25/07/2020;Billion;tend;14;how;101;Arte Contemporânea
479;147;25/09/2020;1993;Smith and Sons;24/01/2020;;;162;good;79;Critica da Arte
479;147;25/09/2020;1993;Smith and Sons;24/01/2020;;;14;how;101;Arte Contemporânea
479;291;24/04/2022;4383;Smith and Sons;20/11/2020;Customer;set;162;good;79;Critica da Arte
479;291;24/04/2022;4383;Smith and Sons;20/11/2020;Customer;set;14;how;101;Arte Contemporânea
479;545;07/01/2022;4439;Smith and Sons;03/03/2020;Yes;plant;162;good;79;Critica da Arte
479;545;07/01/2022;4439;Smith and Sons;03/03/2020;Yes;plant;14;how;101;Arte Contemporânea
479;574;19/02/2021;2521;Smith and Sons;03/03/2020;Well;explain;162;good;79;Critica da Arte
479;574;19/02/2021;2521;Smith and Sons;03/03/2020;Well;explain;14;how;101;Arte Contemporânea
479;593;08/05/2020;654;Smith and Sons;27/01/2020;Yet;nothing;162;good;79;Critica da Arte
479;593;08/05/2020;654;Smith and Sons;27/01/2020;Yet;nothing;14;how;101;Arte Contemporânea
479;693;06/10/2022;4730;Smith and Sons;05/03/2021;Nothing;traditional;162;good;79;Critica da Arte
479;693;06/10/2022;4730;Smith and Sons;05/03/2021;Nothing;traditional;14;how;101;Arte Contemporânea
479;699;05/05/2020;3290;Smith and Sons;04/02/2020;;;162;good;79;Critica da Arte
479;699;05/05/2020;3290;Smith and Sons;04/02/2020;;;14;how;101;Arte Contemporânea
480;50;10/10/2022;3556;Adams;01/01/2020;Book;difference;;;;
480;151;16/09/2024;3082;Adams;14/09/2020;Risk;picture;;;;
480;586;29/09/2024;4992;Adams;08/02/2020;;;;;;
480;604;11/07/2022;3023;Adams;11/02/2020;;;;;;
480;637;07/02/2024;3488;Adams;23/08/2020;;;;;;
480;638;23/04/2020;4350;Adams;19/03/2020;My;authority;;;;
480;678;16/03/2025;175;Adams;26/05/2020;Treatment;once;;;;
480;691;26/08/2024;2557;Adams;06/11/2020;Rate;ground;;;;
480;715;13/02/2025;643;Adams;06/07/2020;Walk;ahead;;;;
480;717;28/02/2023;2861;Adams;05/04/2020;Think;future;;;;
480;739;22/12/2021;4088;Adams;01/04/2020;Pull;beautiful;;;;
480;861;03/06/2022;4074;Adams;12/01/2020;Safe;every;;;;
480;912;22/06/2024;4663;Adams;10/09/2020;Cut;young;;;;
480;941;21/12/2021;3642;Adams;29/01/2020;However;require;;;;
480;995;26/10/2022;1722;Adams;16/04/2020;Assume;and;;;;
481;71;21/08/2024;686;Koch-Carr;04/04/2020;Bank;standard;193;kid;101;Arte Contemporânea
481;195;26/11/2022;3415;Koch-Carr;02/07/2020;;;193;kid;101;Arte Contemporânea
481;323;05/05/2022;1909;Koch-Carr;04/01/2020;Long;serve;193;kid;101;Arte Contemporânea
481;365;11/05/2025;630;Koch-Carr;16/01/2021;Order;share;193;kid;101;Arte Contemporânea
481;375;01/09/2025;1186;Koch-Carr;13/01/2020;;;193;kid;101;Arte Contemporânea
481;392;09/10/2024;2635;Koch-Carr;04/01/2021;Budget;because;193;kid;101;Arte Contemporânea
481;403;28/11/2022;3405;Koch-Carr;30/01/2020;Goal;interest;193;kid;101;Arte Contemporânea
481;487;08/06/2025;4195;Koch-Carr;17/07/2020;Become;heavy;193;kid;101;Arte Contemporânea
481;582;15/10/2021;3319;Koch-Carr;05/08/2020;Adult;mean;193;kid;101;Arte Contemporânea
481;656;22/08/2025;2538;Koch-Carr;30/12/2020;Person;yourself;193;kid;101;Arte Contemporânea
481;702;27/02/2020;107;Koch-Carr;23/01/2020;He;desCribe;193;kid;101;Arte Contemporânea
481;714;21/01/2026;4630;Koch-Carr;21/04/2020;Standard;ahead;193;kid;101;Arte Contemporânea
481;729;30/06/2024;3758;Koch-Carr;08/12/2021;Store;value;193;kid;101;Arte Contemporânea
481;730;15/06/2020;104;Koch-Carr;15/06/2020;;;193;kid;101;Arte Contemporânea
481;744;29/01/2020;4585;Koch-Carr;29/01/2020;Radio;like;193;kid;101;Arte Contemporânea
481;812;25/11/2023;4283;Koch-Carr;20/03/2020;;;193;kid;101;Arte Contemporânea
481;887;06/09/2021;4577;Koch-Carr;03/01/2021;Away;bill;193;kid;101;Arte Contemporânea
481;935;17/07/2023;2567;Koch-Carr;13/11/2020;Part;quality;193;kid;101;Arte Contemporânea
482;3;09/04/2023;2164;Roberts-Caldwell;24/07/2021;Unit;film;;;;
482;190;13/03/2025;1152;Roberts-Caldwell;19/10/2020;During;hit;;;;
482;237;11/08/2023;2891;Roberts-Caldwell;02/01/2020;Notice;war;;;;
482;293;08/05/2024;3652;Roberts-Caldwell;14/10/2020;;;;;;
482;365;25/02/2021;454;Roberts-Caldwell;16/01/2021;Order;share;;;;
482;446;04/06/2024;514;Roberts-Caldwell;01/10/2020;Establish;one;;;;
482;472;30/06/2020;4552;Roberts-Caldwell;30/06/2020;Senior;reality;;;;
482;532;05/10/2023;3820;Roberts-Caldwell;23/11/2020;Time;town;;;;
482;561;30/01/2022;1192;Roberts-Caldwell;14/04/2021;;;;;;
482;580;30/07/2023;3000;Roberts-Caldwell;22/03/2020;Feel;bad;;;;
482;675;11/09/2023;1708;Roberts-Caldwell;26/04/2020;Stand;likely;;;;
482;677;21/11/2025;4869;Roberts-Caldwell;26/08/2021;Bit;again;;;;
482;734;20/08/2025;609;Roberts-Caldwell;16/01/2020;Clearly;safe;;;;
482;751;29/03/2025;1066;Roberts-Caldwell;28/04/2020;Report;turn;;;;
482;774;29/09/2024;4097;Roberts-Caldwell;13/12/2021;Start;area;;;;
482;777;08/06/2021;114;Roberts-Caldwell;12/10/2020;;;;;;
482;796;17/01/2025;3726;Roberts-Caldwell;20/03/2020;;;;;;
482;828;18/01/2024;1200;Roberts-Caldwell;27/01/2021;Above;five;;;;
482;887;21/01/2023;4928;Roberts-Caldwell;03/01/2021;Away;bill;;;;
482;911;23/01/2025;1984;Roberts-Caldwell;13/11/2020;Anything;plant;;;;
482;972;01/06/2020;305;Roberts-Caldwell;14/02/2020;;;;;;
482;999;11/11/2022;2940;Roberts-Caldwell;17/01/2021;Public;late;;;;
483;125;30/10/2021;4147;Ayala;10/04/2021;;;;;;
483;258;16/05/2023;1874;Ayala;12/04/2021;Enough;buy;;;;
483;259;04/10/2022;1033;Ayala;20/06/2020;Picture;build;;;;
483;312;13/06/2020;4168;Ayala;13/02/2020;;;;;;
483;543;18/02/2022;2487;Ayala;03/01/2020;Rule;lay;;;;
483;566;01/01/2022;4507;Ayala;17/03/2020;Different;husband;;;;
483;615;22/05/2021;3109;Ayala;16/03/2020;Unit;area;;;;
483;890;16/10/2024;629;Ayala;10/02/2020;Must;technology;;;;
483;981;05/04/2022;3665;Ayala;09/05/2021;Walk;federal;;;;
484;94;18/07/2020;934;Norman Ltd;07/05/2020;Trouble;project;178;training;54;Cultura Urbana
484;110;23/05/2024;2499;Norman Ltd;27/02/2020;Thus;heavy;178;training;54;Cultura Urbana
484;256;15/06/2023;753;Norman Ltd;06/05/2022;Season;writer;178;training;54;Cultura Urbana
484;270;13/03/2020;1446;Norman Ltd;13/03/2020;Product;state;178;training;54;Cultura Urbana
484;285;11/02/2020;2630;Norman Ltd;11/02/2020;Kitchen;two;178;training;54;Cultura Urbana
484;330;20/03/2021;3977;Norman Ltd;07/03/2020;Out;character;178;training;54;Cultura Urbana
484;520;30/04/2025;3629;Norman Ltd;05/12/2020;Green;cultural;178;training;54;Cultura Urbana
484;574;28/05/2022;1113;Norman Ltd;03/03/2020;Well;explain;178;training;54;Cultura Urbana
484;670;12/05/2023;2004;Norman Ltd;01/03/2020;;;178;training;54;Cultura Urbana
484;719;07/01/2025;3981;Norman Ltd;22/04/2022;;;178;training;54;Cultura Urbana
484;777;29/03/2023;2005;Norman Ltd;12/10/2020;;;178;training;54;Cultura Urbana
484;843;01/01/2023;4922;Norman Ltd;26/05/2020;Service;sense;178;training;54;Cultura Urbana
484;869;07/01/2023;4668;Norman Ltd;02/03/2020;Require;herself;178;training;54;Cultura Urbana
484;876;06/12/2025;750;Norman Ltd;12/08/2020;In;ever;178;training;54;Cultura Urbana
484;886;15/10/2020;551;Norman Ltd;15/10/2020;Some;street;178;training;54;Cultura Urbana
484;943;08/07/2021;1959;Norman Ltd;20/03/2020;Culture;goal;178;training;54;Cultura Urbana
485;38;13/07/2025;4908;Gomez Group;06/05/2020;;;;;;
485;70;15/01/2020;175;Gomez Group;15/01/2020;If;set;;;;
485;118;03/02/2024;1853;Gomez Group;17/05/2021;Ever;which;;;;
485;232;02/04/2024;4398;Gomez Group;03/09/2020;;;;;;
485;233;01/09/2021;333;Gomez Group;14/02/2020;Herself;water;;;;
485;271;19/11/2022;1358;Gomez Group;10/03/2021;Create;garden;;;;
485;276;07/03/2020;2942;Gomez Group;08/01/2020;Chair;design;;;;
485;316;13/09/2024;724;Gomez Group;19/06/2020;;;;;;
485;319;18/03/2020;4660;Gomez Group;15/03/2020;Behavior;occur;;;;
485;453;26/05/2023;446;Gomez Group;26/02/2020;Her;beautiful;;;;
485;475;30/12/2023;3508;Gomez Group;16/10/2020;Young;without;;;;
485;553;17/04/2023;3093;Gomez Group;20/12/2020;Claim;news;;;;
485;744;24/09/2020;4798;Gomez Group;29/01/2020;Radio;like;;;;
485;757;19/10/2021;4603;Gomez Group;15/08/2021;;;;;;
485;822;05/10/2023;2876;Gomez Group;09/03/2020;Issue;in;;;;
485;877;31/08/2023;2271;Gomez Group;27/01/2020;Operation;safe;;;;
485;921;16/12/2024;3420;Gomez Group;13/02/2020;Local;often;;;;
485;925;06/07/2025;3047;Gomez Group;15/04/2020;;;;;;
485;953;02/08/2023;4995;Gomez Group;03/09/2020;Involve;interest;;;;
486;39;21/05/2025;4177;Smith;27/02/2020;;;;;;
486;131;20/03/2022;4844;Smith;02/07/2021;List;perhaps;;;;
486;182;01/06/2024;4344;Smith;27/10/2020;Old;top;;;;
486;224;22/01/2021;1350;Smith;12/10/2020;Tonight;brother;;;;
486;313;09/12/2025;2414;Smith;02/05/2021;;;;;;
486;339;24/09/2023;331;Smith;27/03/2020;;;;;;
486;351;21/09/2022;2844;Smith;15/02/2020;Identify;section;;;;
486;368;08/03/2024;4829;Smith;07/01/2020;Any;important;;;;
486;462;06/09/2020;4718;Smith;09/02/2020;Group;carry;;;;
486;492;02/07/2022;2907;Smith;01/04/2020;Staff;treatment;;;;
486;502;03/06/2024;2584;Smith;13/10/2020;;;;;;
486;538;19/09/2024;1353;Smith;02/12/2020;Particularly;group;;;;
486;568;15/11/2025;4213;Smith;06/03/2020;Prepare;great;;;;
486;572;28/01/2021;1026;Smith;13/03/2020;Beyond;despite;;;;
486;588;15/02/2021;140;Smith;21/08/2020;Successful;air;;;;
486;762;10/04/2025;1835;Smith;25/02/2020;Authority;road;;;;
486;821;04/07/2022;4292;Smith;31/07/2020;Dog;decide;;;;
486;847;19/04/2020;912;Smith;20/01/2020;No;wall;;;;
486;854;24/06/2023;3565;Smith;01/02/2022;;;;;;
486;859;09/08/2024;1854;Smith;12/02/2020;Teach;should;;;;
486;872;25/10/2021;1925;Smith;01/01/2021;;;;;;
486;882;17/09/2023;1376;Smith;25/03/2020;;;;;;
486;889;28/07/2022;1619;Smith;23/10/2020;Yard;white;;;;
486;902;11/03/2023;4951;Smith;27/02/2020;Eat;happy;;;;
486;904;13/10/2023;3897;Smith;22/12/2020;Sometimes;mean;;;;
486;925;19/11/2021;4496;Smith;15/04/2020;;;;;;
486;971;06/02/2024;1635;Smith;05/02/2021;;;;;;
487;27;26/09/2025;4523;Summers;12/05/2021;Agree;open;;;;
487;68;30/10/2020;3192;Summers;30/10/2020;Century;soldier;;;;
487;152;14/06/2023;321;Summers;23/07/2020;;;;;;
487;194;19/12/2023;1914;Summers;27/03/2020;Pass;physical;;;;
487;205;10/10/2025;2210;Summers;28/06/2020;;;;;;
487;208;16/08/2021;193;Summers;23/02/2020;;;;;;
487;392;22/05/2023;3018;Summers;04/01/2021;Budget;because;;;;
487;395;21/10/2025;3834;Summers;22/08/2020;Subject;raise;;;;
487;403;14/06/2025;3945;Summers;30/01/2020;Goal;interest;;;;
487;421;09/10/2021;987;Summers;27/03/2020;Top;finally;;;;
487;435;18/04/2024;1137;Summers;21/01/2021;;;;;;
487;458;17/11/2022;4242;Summers;29/04/2020;Decide;morning;;;;
487;516;02/01/2026;1510;Summers;26/03/2021;Worker;own;;;;
487;532;11/07/2024;324;Summers;23/11/2020;Time;town;;;;
487;748;16/05/2023;311;Summers;09/03/2020;People;provide;;;;
487;757;24/06/2025;496;Summers;15/08/2021;;;;;;
487;772;05/06/2023;3289;Summers;02/02/2020;Fish;form;;;;
487;784;21/03/2020;3070;Summers;21/03/2020;Exactly;a;;;;
487;818;06/05/2025;3086;Summers;31/01/2020;Though;difficult;;;;
488;77;13/04/2020;720;Little;29/01/2020;Help;together;;;;
488;110;21/01/2023;3769;Little;27/02/2020;Thus;heavy;;;;
488;127;22/06/2023;3786;Little;14/08/2020;Wait;show;;;;
488;140;05/10/2023;686;Little;11/03/2021;Strategy;cover;;;;
488;149;14/09/2022;1880;Little;16/04/2020;Perform;these;;;;
488;243;01/03/2025;1473;Little;31/01/2020;First;population;;;;
488;456;03/03/2020;4111;Little;03/03/2020;Save;put;;;;
488;491;20/01/2024;271;Little;14/02/2020;Year;ask;;;;
488;678;06/11/2022;870;Little;26/05/2020;Treatment;once;;;;
488;709;23/03/2020;3746;Little;23/03/2020;Improve;fact;;;;
488;736;24/02/2024;4332;Little;25/07/2020;Among;official;;;;
488;927;02/09/2022;1741;Little;02/03/2020;;;;;;
488;951;26/12/2023;4498;Little;11/04/2020;Door;speak;;;;
489;97;04/07/2025;3726;Martin;31/03/2020;Edge;use;;;;
489;146;08/11/2022;3881;Martin;06/11/2021;Choose;vote;;;;
489;163;09/07/2024;1486;Martin;04/03/2020;Treat;majority;;;;
489;175;17/03/2021;4754;Martin;22/01/2020;;;;;;
489;388;20/01/2024;3937;Martin;25/01/2021;Everyone;him;;;;
489;452;02/12/2025;4922;Martin;11/02/2020;Clearly;message;;;;
489;713;09/06/2024;2525;Martin;28/02/2020;Drug;talk;;;;
489;727;17/08/2025;233;Martin;01/08/2020;Allow;peace;;;;
489;753;25/06/2025;446;Martin;17/02/2020;Mr;clearly;;;;
489;763;11/03/2021;1631;Martin;06/12/2020;;;;;;
489;816;06/03/2025;1933;Martin;30/05/2020;They;go;;;;
489;860;25/02/2021;1251;Martin;07/04/2020;Push;yard;;;;
489;871;22/02/2023;1841;Martin;13/04/2021;;;;;;
489;872;16/04/2024;3459;Martin;01/01/2021;;;;;;
489;892;06/10/2023;1850;Martin;15/07/2020;;;;;;
489;925;18/07/2023;3597;Martin;15/04/2020;;;;;;
489;942;21/12/2022;2164;Martin;10/01/2020;;;;;;
489;958;03/07/2022;1717;Martin;29/11/2020;;;;;;
490;13;03/03/2024;3597;Allison-Reed;02/01/2020;;;36;evidence;54;Cultura Urbana
490;95;23/02/2024;4938;Allison-Reed;14/05/2021;Leg;area;36;evidence;54;Cultura Urbana
490;146;06/11/2021;2418;Allison-Reed;06/11/2021;Choose;vote;36;evidence;54;Cultura Urbana
490;149;16/11/2023;2224;Allison-Reed;16/04/2020;Perform;these;36;evidence;54;Cultura Urbana
490;154;09/10/2025;4079;Allison-Reed;28/12/2020;;;36;evidence;54;Cultura Urbana
490;157;11/06/2023;3051;Allison-Reed;03/03/2020;;;36;evidence;54;Cultura Urbana
490;162;23/01/2024;914;Allison-Reed;16/12/2020;;;36;evidence;54;Cultura Urbana
490;180;12/06/2021;446;Allison-Reed;18/02/2020;As;beyond;36;evidence;54;Cultura Urbana
490;259;25/11/2025;3329;Allison-Reed;20/06/2020;Picture;build;36;evidence;54;Cultura Urbana
490;273;13/12/2020;105;Allison-Reed;13/01/2020;Doctor;admit;36;evidence;54;Cultura Urbana
490;287;17/01/2024;223;Allison-Reed;28/05/2020;Budget;understand;36;evidence;54;Cultura Urbana
490;378;08/11/2021;4578;Allison-Reed;23/02/2020;Support;rather;36;evidence;54;Cultura Urbana
490;381;10/11/2023;1572;Allison-Reed;04/02/2020;;;36;evidence;54;Cultura Urbana
490;463;16/05/2021;1815;Allison-Reed;25/03/2020;Money;rate;36;evidence;54;Cultura Urbana
490;572;17/10/2025;4382;Allison-Reed;13/03/2020;Beyond;despite;36;evidence;54;Cultura Urbana
490;663;17/09/2024;4841;Allison-Reed;16/02/2021;Skin;Mrs;36;evidence;54;Cultura Urbana
490;672;18/03/2021;2552;Allison-Reed;03/01/2020;Once;yeah;36;evidence;54;Cultura Urbana
490;699;01/12/2024;4352;Allison-Reed;04/02/2020;;;36;evidence;54;Cultura Urbana
490;742;10/05/2025;905;Allison-Reed;21/05/2020;Computer;range;36;evidence;54;Cultura Urbana
490;840;21/02/2021;4858;Allison-Reed;14/03/2020;Consider;people;36;evidence;54;Cultura Urbana
490;864;03/07/2020;3035;Allison-Reed;03/07/2020;Amount;show;36;evidence;54;Cultura Urbana
490;953;19/03/2025;3099;Allison-Reed;03/09/2020;Involve;interest;36;evidence;54;Cultura Urbana
490;985;18/04/2023;2766;Allison-Reed;25/08/2021;Detail;speech;36;evidence;54;Cultura Urbana
491;101;11/12/2024;3045;Davis-Garrett;12/01/2020;Single;well;8;we;366;Desenvolvimento e Estudos Culturais
491;146;05/02/2024;1205;Davis-Garrett;06/11/2021;Choose;vote;8;we;366;Desenvolvimento e Estudos Culturais
491;158;20/03/2025;1381;Davis-Garrett;05/04/2020;;;8;we;366;Desenvolvimento e Estudos Culturais
491;184;01/01/2024;1270;Davis-Garrett;25/03/2021;;;8;we;366;Desenvolvimento e Estudos Culturais
491;190;11/11/2025;3768;Davis-Garrett;19/10/2020;During;hit;8;we;366;Desenvolvimento e Estudos Culturais
491;217;12/08/2021;1216;Davis-Garrett;14/06/2020;Administration;create;8;we;366;Desenvolvimento e Estudos Culturais
491;226;02/11/2023;1279;Davis-Garrett;30/04/2020;Buy;share;8;we;366;Desenvolvimento e Estudos Culturais
491;281;07/10/2025;1224;Davis-Garrett;03/02/2020;;;8;we;366;Desenvolvimento e Estudos Culturais
491;394;21/12/2021;2485;Davis-Garrett;21/12/2021;My;contain;8;we;366;Desenvolvimento e Estudos Culturais
491;415;04/02/2021;1702;Davis-Garrett;18/05/2020;;;8;we;366;Desenvolvimento e Estudos Culturais
491;443;27/06/2023;2819;Davis-Garrett;01/05/2020;How;such;8;we;366;Desenvolvimento e Estudos Culturais
491;444;22/09/2023;4869;Davis-Garrett;12/03/2020;Development;despite;8;we;366;Desenvolvimento e Estudos Culturais
491;451;03/01/2026;3736;Davis-Garrett;03/03/2020;Sign;face;8;we;366;Desenvolvimento e Estudos Culturais
491;499;03/04/2024;4817;Davis-Garrett;14/03/2020;;;8;we;366;Desenvolvimento e Estudos Culturais
491;512;28/10/2023;3287;Davis-Garrett;17/05/2020;;;8;we;366;Desenvolvimento e Estudos Culturais
491;569;31/07/2022;4683;Davis-Garrett;06/07/2021;Degree;day;8;we;366;Desenvolvimento e Estudos Culturais
491;603;23/09/2024;194;Davis-Garrett;05/06/2020;;;8;we;366;Desenvolvimento e Estudos Culturais
491;648;01/12/2021;4018;Davis-Garrett;13/03/2020;Fish;high;8;we;366;Desenvolvimento e Estudos Culturais
491;675;23/08/2022;2874;Davis-Garrett;26/04/2020;Stand;likely;8;we;366;Desenvolvimento e Estudos Culturais
491;746;06/12/2023;1934;Davis-Garrett;18/04/2020;;;8;we;366;Desenvolvimento e Estudos Culturais
491;763;06/12/2021;911;Davis-Garrett;06/12/2020;;;8;we;366;Desenvolvimento e Estudos Culturais
491;808;30/10/2023;4709;Davis-Garrett;21/03/2020;Ahead;whose;8;we;366;Desenvolvimento e Estudos Culturais
491;821;22/11/2022;3584;Davis-Garrett;31/07/2020;Dog;decide;8;we;366;Desenvolvimento e Estudos Culturais
491;824;13/09/2023;1129;Davis-Garrett;07/12/2020;Hit;less;8;we;366;Desenvolvimento e Estudos Culturais
491;883;26/10/2022;2048;Davis-Garrett;02/02/2020;Process;Crime;8;we;366;Desenvolvimento e Estudos Culturais
491;944;02/06/2023;3832;Davis-Garrett;03/01/2020;Sort;stage;8;we;366;Desenvolvimento e Estudos Culturais
491;950;10/04/2023;2323;Davis-Garrett;17/03/2020;;;8;we;366;Desenvolvimento e Estudos Culturais
492;147;08/08/2020;2100;Porter-Williams;24/01/2020;;;;;;
492;166;11/02/2025;338;Porter-Williams;25/10/2020;Director;feel;;;;
492;199;08/04/2025;4242;Porter-Williams;24/09/2020;Whole;successful;;;;
492;201;02/04/2025;3728;Porter-Williams;18/03/2020;Let;a;;;;
492;268;19/01/2024;4084;Porter-Williams;24/05/2021;;;;;;
492;273;06/01/2024;614;Porter-Williams;13/01/2020;Doctor;admit;;;;
492;296;19/04/2022;2253;Porter-Williams;08/02/2022;Pass;safe;;;;
492;386;07/09/2021;669;Porter-Williams;02/08/2020;Test;nothing;;;;
492;424;15/02/2023;4470;Porter-Williams;29/01/2020;Item;usually;;;;
492;435;04/02/2023;1565;Porter-Williams;21/01/2021;;;;;;
492;528;28/10/2021;164;Porter-Williams;23/03/2021;;;;;;
492;548;05/07/2022;3862;Porter-Williams;31/03/2020;;;;;;
492;597;08/11/2024;3167;Porter-Williams;13/06/2021;Radio;to;;;;
492;669;02/11/2022;2219;Porter-Williams;17/12/2021;;;;;;
492;819;21/01/2023;4345;Porter-Williams;20/11/2020;Former;involve;;;;
492;927;02/08/2024;3550;Porter-Williams;02/03/2020;;;;;;
493;9;05/05/2024;1609;Wilson Inc;03/01/2020;Star;land;88;get;101;Arte Contemporânea
493;42;23/05/2024;920;Wilson Inc;01/10/2020;Light;free;88;get;101;Arte Contemporânea
493;112;28/02/2025;1912;Wilson Inc;30/04/2020;Example;lose;88;get;101;Arte Contemporânea
493;149;25/04/2020;4506;Wilson Inc;16/04/2020;Perform;these;88;get;101;Arte Contemporânea
493;180;20/08/2023;229;Wilson Inc;18/02/2020;As;beyond;88;get;101;Arte Contemporânea
493;200;14/07/2024;2450;Wilson Inc;23/02/2021;Produce;significant;88;get;101;Arte Contemporânea
493;255;22/11/2024;4092;Wilson Inc;19/02/2020;Music;ability;88;get;101;Arte Contemporânea
493;384;01/06/2020;1550;Wilson Inc;29/01/2020;Heavy;win;88;get;101;Arte Contemporânea
493;561;09/05/2024;1459;Wilson Inc;14/04/2021;;;88;get;101;Arte Contemporânea
493;603;05/06/2020;1198;Wilson Inc;05/06/2020;;;88;get;101;Arte Contemporânea
493;652;27/03/2021;661;Wilson Inc;18/02/2020;School;public;88;get;101;Arte Contemporânea
493;704;15/05/2020;3855;Wilson Inc;29/02/2020;Mission;thought;88;get;101;Arte Contemporânea
493;776;03/08/2021;1098;Wilson Inc;06/08/2020;;;88;get;101;Arte Contemporânea
493;812;20/03/2020;2703;Wilson Inc;20/03/2020;;;88;get;101;Arte Contemporânea
493;879;25/06/2021;3107;Wilson Inc;26/04/2020;Interesting;board;88;get;101;Arte Contemporânea
493;912;12/11/2020;3620;Wilson Inc;10/09/2020;Cut;young;88;get;101;Arte Contemporânea
493;916;11/02/2020;2492;Wilson Inc;11/01/2020;Billion;process;88;get;101;Arte Contemporânea
494;60;24/07/2023;1876;Hall LLC;15/02/2020;;;136;would;54;Cultura Urbana
494;175;04/05/2022;1236;Hall LLC;22/01/2020;;;136;would;54;Cultura Urbana
494;221;17/02/2023;1057;Hall LLC;05/06/2020;Move;board;136;would;54;Cultura Urbana
494;478;31/12/2024;4606;Hall LLC;16/03/2020;Common;cold;136;would;54;Cultura Urbana
494;556;17/08/2020;1448;Hall LLC;08/03/2020;;;136;would;54;Cultura Urbana
494;681;31/08/2023;1858;Hall LLC;20/01/2020;Fast;spend;136;would;54;Cultura Urbana
494;708;14/07/2023;1334;Hall LLC;07/04/2020;Wife;far;136;would;54;Cultura Urbana
494;770;29/05/2025;3313;Hall LLC;06/12/2020;Use;reach;136;would;54;Cultura Urbana
494;798;11/08/2021;2166;Hall LLC;11/08/2021;;;136;would;54;Cultura Urbana
494;801;11/03/2025;131;Hall LLC;08/04/2020;Best;apply;136;would;54;Cultura Urbana
494;841;20/05/2022;3705;Hall LLC;05/08/2020;Old;investment;136;would;54;Cultura Urbana
494;947;14/07/2020;454;Hall LLC;13/06/2020;Quite;last;136;would;54;Cultura Urbana
495;27;13/05/2024;3779;Hancock-Ward;12/05/2021;Agree;open;;;;
495;39;04/08/2023;3292;Hancock-Ward;27/02/2020;;;;;;
495;68;23/06/2024;326;Hancock-Ward;30/10/2020;Century;soldier;;;;
495;147;03/10/2025;868;Hancock-Ward;24/01/2020;;;;;;
495;186;09/04/2023;3485;Hancock-Ward;09/07/2020;Congress;song;;;;
495;200;15/10/2021;2118;Hancock-Ward;23/02/2021;Produce;significant;;;;
495;311;06/10/2024;3339;Hancock-Ward;19/01/2020;Relationship;enough;;;;
495;318;17/01/2022;3487;Hancock-Ward;01/07/2020;;;;;;
495;342;09/09/2020;979;Hancock-Ward;09/09/2020;;;;;;
495;343;08/08/2024;2790;Hancock-Ward;12/01/2020;;;;;;
495;383;08/11/2020;4850;Hancock-Ward;17/02/2020;Anything;station;;;;
495;421;05/02/2025;4203;Hancock-Ward;27/03/2020;Top;finally;;;;
495;437;14/01/2022;1821;Hancock-Ward;29/04/2020;;;;;;
495;437;29/04/2020;3654;Hancock-Ward;29/04/2020;;;;;;
495;453;09/03/2025;1056;Hancock-Ward;26/02/2020;Her;beautiful;;;;
495;471;10/08/2021;1514;Hancock-Ward;22/03/2020;Ask;conference;;;;
495;532;15/10/2022;680;Hancock-Ward;23/11/2020;Time;town;;;;
495;536;23/05/2021;2756;Hancock-Ward;08/03/2020;Beat;factor;;;;
495;613;09/02/2022;1579;Hancock-Ward;31/07/2021;Hear;body;;;;
495;614;25/01/2023;3786;Hancock-Ward;10/04/2022;Majority;myself;;;;
495;692;12/12/2020;1716;Hancock-Ward;12/12/2020;Street;walk;;;;
495;849;01/02/2020;1341;Hancock-Ward;01/02/2020;;;;;;
495;853;17/10/2025;1834;Hancock-Ward;17/03/2020;Office;eye;;;;
495;865;12/05/2020;2345;Hancock-Ward;12/05/2020;That;with;;;;
495;969;18/01/2023;2166;Hancock-Ward;10/02/2020;;;;;;
495;994;16/07/2021;1293;Hancock-Ward;16/07/2021;Security;challenge;;;;
496;12;20/01/2023;4553;Bishop;26/08/2020;Early;arrive;;;;
496;29;13/09/2020;3321;Bishop;10/02/2020;;;;;;
496;272;19/08/2025;4117;Bishop;25/04/2020;Glass;outside;;;;
496;323;09/10/2024;1501;Bishop;04/01/2020;Long;serve;;;;
496;371;31/12/2020;3233;Bishop;19/09/2020;South;return;;;;
496;372;03/08/2020;3039;Bishop;18/01/2020;;;;;;
496;406;28/12/2022;349;Bishop;10/11/2020;Fight;sometimes;;;;
496;487;28/11/2020;1676;Bishop;17/07/2020;Become;heavy;;;;
496;550;27/07/2020;3236;Bishop;24/04/2020;;;;;;
496;563;24/12/2023;1873;Bishop;18/05/2020;;;;;;
496;580;23/02/2023;2317;Bishop;22/03/2020;Feel;bad;;;;
496;596;09/08/2025;1847;Bishop;03/10/2022;;;;;;
496;608;30/05/2023;1461;Bishop;15/05/2020;Hard;prepare;;;;
496;618;24/11/2023;3189;Bishop;27/06/2020;;;;;;
496;641;13/02/2022;3388;Bishop;31/03/2020;Face;spend;;;;
496;660;07/07/2025;662;Bishop;10/01/2021;;;;;;
496;664;13/12/2024;4983;Bishop;01/03/2020;Yes;keep;;;;
496;891;09/03/2025;4935;Bishop;25/06/2023;;;;;;
496;955;06/06/2020;1668;Bishop;13/02/2020;;;;;;
497;19;08/08/2025;4581;Carr;13/05/2020;Ever;hope;;;;
497;21;25/03/2020;508;Carr;25/03/2020;;;;;;
497;91;25/07/2020;1037;Carr;25/07/2020;Billion;tend;;;;
497;194;30/01/2026;2183;Carr;27/03/2020;Pass;physical;;;;
497;310;25/12/2021;2990;Carr;03/10/2020;;;;;;
497;333;03/11/2021;117;Carr;28/01/2020;Over;grow;;;;
497;442;15/08/2025;3556;Carr;29/08/2020;;;;;;
497;499;18/07/2020;2024;Carr;14/03/2020;;;;;;
497;569;13/06/2022;2774;Carr;06/07/2021;Degree;day;;;;
497;591;24/07/2022;2543;Carr;23/02/2022;;;;;;
497;601;04/05/2023;491;Carr;07/02/2022;Everybody;world;;;;
497;606;26/12/2020;1643;Carr;26/12/2020;;;;;;
497;610;13/08/2022;4573;Carr;16/07/2020;;;;;;
497;683;26/02/2024;2306;Carr;08/01/2020;Away;wind;;;;
497;779;10/02/2026;854;Carr;13/02/2020;Whole;street;;;;
498;28;03/07/2025;4880;Monroe;04/01/2020;What;field;;;;
498;32;17/08/2023;432;Monroe;20/01/2022;Event;continue;;;;
498;55;11/07/2025;3683;Monroe;15/04/2020;;;;;;
498;89;09/03/2021;2478;Monroe;08/04/2020;Involve;term;;;;
498;91;27/02/2022;646;Monroe;25/07/2020;Billion;tend;;;;
498;233;21/12/2021;4834;Monroe;14/02/2020;Herself;water;;;;
498;236;02/04/2022;4004;Monroe;26/01/2020;;;;;;
498;239;11/08/2020;1246;Monroe;14/02/2020;;;;;;
498;250;25/12/2021;615;Monroe;18/12/2020;;;;;;
498;293;18/04/2024;376;Monroe;14/10/2020;;;;;;
498;372;18/01/2020;3829;Monroe;18/01/2020;;;;;;
498;387;30/03/2024;1133;Monroe;24/09/2020;Teacher;contain;;;;
498;403;26/04/2025;1478;Monroe;30/01/2020;Goal;interest;;;;
498;439;10/09/2021;1085;Monroe;06/01/2020;Financial;east;;;;
498;488;24/07/2020;2086;Monroe;24/07/2020;Street;its;;;;
498;496;29/12/2023;2396;Monroe;11/03/2020;;;;;;
498;555;01/12/2023;4640;Monroe;10/02/2020;;;;;;
498;658;24/06/2024;2744;Monroe;25/06/2021;Decide;job;;;;
498;661;24/03/2022;4674;Monroe;27/01/2020;Power;cut;;;;
498;673;18/03/2022;1136;Monroe;18/08/2021;If;need;;;;
498;723;21/01/2024;4818;Monroe;05/02/2020;Take;above;;;;
498;751;28/04/2020;3214;Monroe;28/04/2020;Report;turn;;;;
498;792;08/11/2024;3189;Monroe;25/04/2020;;;;;;
498;827;12/10/2022;4794;Monroe;03/12/2020;Soldier;throughout;;;;
498;852;28/07/2022;2074;Monroe;06/12/2020;;;;;;
499;7;16/01/2022;4685;Hubbard;27/01/2020;Hair;relate;;;;
499;8;22/03/2024;4025;Hubbard;22/03/2020;White;build;;;;
499;64;10/03/2024;1071;Hubbard;06/12/2020;Red;information;;;;
499;184;05/01/2022;1854;Hubbard;25/03/2021;;;;;;
499;185;06/10/2020;1142;Hubbard;06/10/2020;Smile;player;;;;
499;204;12/03/2021;3450;Hubbard;12/03/2021;Significant;ten;;;;
499;219;14/12/2024;2599;Hubbard;20/01/2020;;;;;;
499;317;26/09/2024;2954;Hubbard;10/11/2021;Surface;bit;;;;
499;336;26/12/2022;2485;Hubbard;08/01/2020;History;decide;;;;
499;411;04/11/2020;3947;Hubbard;28/07/2020;Board;ground;;;;
499;468;24/11/2021;4429;Hubbard;08/08/2020;;;;;;
499;857;05/01/2026;1250;Hubbard;06/03/2020;Operation;close;;;;
499;999;09/07/2022;3707;Hubbard;17/01/2021;Public;late;;;;
500;29;29/11/2022;3613;Mckinney Ltd;10/02/2020;;;194;year;101;Arte Contemporânea
500;270;02/05/2023;3279;Mckinney Ltd;13/03/2020;Product;state;194;year;101;Arte Contemporânea
500;295;10/11/2022;4602;Mckinney Ltd;13/12/2020;;;194;year;101;Arte Contemporânea
500;421;31/03/2021;2406;Mckinney Ltd;27/03/2020;Top;finally;194;year;101;Arte Contemporânea
500;438;02/09/2020;4267;Mckinney Ltd;13/01/2020;West;language;194;year;101;Arte Contemporânea
500;551;03/03/2020;1098;Mckinney Ltd;03/03/2020;Data;Republican;194;year;101;Arte Contemporânea
500;570;08/10/2023;2564;Mckinney Ltd;05/06/2020;Rather;professional;194;year;101;Arte Contemporânea
500;676;18/06/2024;4899;Mckinney Ltd;11/12/2020;Manage;same;194;year;101;Arte Contemporânea
500;679;28/06/2023;2478;Mckinney Ltd;27/04/2020;Word;hard;194;year;101;Arte Contemporânea
500;704;09/02/2024;514;Mckinney Ltd;29/02/2020;Mission;thought;194;year;101;Arte Contemporânea
500;737;23/06/2022;2985;Mckinney Ltd;12/02/2020;Sound;and;194;year;101;Arte Contemporânea
500;767;23/09/2025;2752;Mckinney Ltd;09/09/2020;Artist;wait;194;year;101;Arte Contemporânea
500;919;27/02/2021;2670;Mckinney Ltd;04/06/2020;Low;word;194;year;101;Arte Contemporânea
500;933;18/01/2024;262;Mckinney Ltd;21/08/2020;Party;success;194;year;101;Arte Contemporânea
500;968;09/02/2025;4186;Mckinney Ltd;10/10/2020;Deep;tonight;194;year;101;Arte Contemporânea
500;969;22/07/2021;233;Mckinney Ltd;10/02/2020;;;194;year;101;Arte Contemporânea
